<?xml version="1.0" encoding="UTF-8"?>
<gpx xmlns="http://www.topografix.com/GPX/1/1" xmlns:xsi="http://www.w3.org/2001/XMLSchema-instance" version="1.1" creator="Trace de Trail" xsi:schemaLocation="http://www.topografix.com/GPX/1/1 http://www.topografix.com/GPX/1/1/gpx.xsd">
  <metadata>
    <name>Grand Raid du Finistere 2026 - GRF56</name>
    <desc>Parcours créé sur Trace de Trail</desc>
    <link href="https://tracedetrail.fr/fr/trace/322969">
      <text>Cartographie du parcours</text>
    </link>
    <time>2026-06-23T11:07:54+00:00</time>
  </metadata>
  <wpt lat="48.27534" lon="-4.59106">
    <ele>4</ele>
    <type>depart</type>
  </wpt>
  <wpt lat="48.21003" lon="-4.3681">
    <ele>15</ele>
    <type>arrivee</type>
  </wpt>
  <wpt lat="48.24028" lon="-4.54567">
    <ele>6</ele>
    <type>ravitoliquide</type>
  </wpt>
  <wpt lat="48.22577" lon="-4.50425">
    <ele>5</ele>
    <type>ravitoliquide</type>
  </wpt>
  <wpt lat="48.23497" lon="-4.42829">
    <ele>3</ele>
    <type>ravitoliquide</type>
  </wpt>
  <trk>
    <name>Grand Raid du Finistere 2026 - GRF56 sur TraceDeTrail.fr</name>
    <src>Trace de Trail</src>
    <trkseg>
      <trkpt lat="48.27534" lon="-4.59106">
        <ele>4</ele>
        <time>2026-06-23T11:07:54+00:00</time>
      </trkpt>
      <trkpt lat="48.27521" lon="-4.59143">
        <ele>4</ele>
        <time>2026-06-23T11:07:57+00:00</time>
      </trkpt>
      <trkpt lat="48.275" lon="-4.59202">
        <ele>4</ele>
        <time>2026-06-23T11:08:00+00:00</time>
      </trkpt>
      <trkpt lat="48.27504" lon="-4.59245">
        <ele>4</ele>
        <time>2026-06-23T11:08:03+00:00</time>
      </trkpt>
      <trkpt lat="48.2751" lon="-4.59317">
        <ele>4</ele>
        <time>2026-06-23T11:08:06+00:00</time>
      </trkpt>
      <trkpt lat="48.27521" lon="-4.59353">
        <ele>4</ele>
        <time>2026-06-23T11:08:09+00:00</time>
      </trkpt>
      <trkpt lat="48.27536" lon="-4.59402">
        <ele>4</ele>
        <time>2026-06-23T11:08:12+00:00</time>
      </trkpt>
      <trkpt lat="48.27553" lon="-4.59454">
        <ele>4</ele>
        <time>2026-06-23T11:08:15+00:00</time>
      </trkpt>
      <trkpt lat="48.27576" lon="-4.59475">
        <ele>4</ele>
        <time>2026-06-23T11:08:18+00:00</time>
      </trkpt>
      <trkpt lat="48.27599" lon="-4.595">
        <ele>4</ele>
        <time>2026-06-23T11:08:21+00:00</time>
      </trkpt>
      <trkpt lat="48.27637" lon="-4.59541">
        <ele>4</ele>
        <time>2026-06-23T11:08:24+00:00</time>
      </trkpt>
      <trkpt lat="48.27655" lon="-4.59553">
        <ele>4</ele>
        <time>2026-06-23T11:08:27+00:00</time>
      </trkpt>
      <trkpt lat="48.27691" lon="-4.59591">
        <ele>4</ele>
        <time>2026-06-23T11:08:30+00:00</time>
      </trkpt>
      <trkpt lat="48.277" lon="-4.59606">
        <ele>4</ele>
        <time>2026-06-23T11:08:33+00:00</time>
      </trkpt>
      <trkpt lat="48.27714" lon="-4.5962">
        <ele>4</ele>
        <time>2026-06-23T11:08:36+00:00</time>
      </trkpt>
      <trkpt lat="48.2773" lon="-4.59635">
        <ele>4</ele>
        <time>2026-06-23T11:08:39+00:00</time>
      </trkpt>
      <trkpt lat="48.27763" lon="-4.59663">
        <ele>4</ele>
        <time>2026-06-23T11:08:42+00:00</time>
      </trkpt>
      <trkpt lat="48.27792" lon="-4.59685">
        <ele>4</ele>
        <time>2026-06-23T11:08:45+00:00</time>
      </trkpt>
      <trkpt lat="48.27816" lon="-4.59701">
        <ele>4</ele>
        <time>2026-06-23T11:08:48+00:00</time>
      </trkpt>
      <trkpt lat="48.27853" lon="-4.59725">
        <ele>4</ele>
        <time>2026-06-23T11:08:51+00:00</time>
      </trkpt>
      <trkpt lat="48.27876" lon="-4.59741">
        <ele>4</ele>
        <time>2026-06-23T11:08:54+00:00</time>
      </trkpt>
      <trkpt lat="48.27908" lon="-4.59762">
        <ele>5</ele>
        <time>2026-06-23T11:08:57+00:00</time>
      </trkpt>
      <trkpt lat="48.27923" lon="-4.59765">
        <ele>4</ele>
        <time>2026-06-23T11:09:00+00:00</time>
      </trkpt>
      <trkpt lat="48.27923" lon="-4.59771">
        <ele>5</ele>
        <time>2026-06-23T11:09:03+00:00</time>
      </trkpt>
      <trkpt lat="48.27945" lon="-4.59801">
        <ele>7</ele>
        <time>2026-06-23T11:09:06+00:00</time>
      </trkpt>
      <trkpt lat="48.27987" lon="-4.5986">
        <ele>6</ele>
        <time>2026-06-23T11:09:09+00:00</time>
      </trkpt>
      <trkpt lat="48.28022" lon="-4.59894">
        <ele>5</ele>
        <time>2026-06-23T11:09:12+00:00</time>
      </trkpt>
      <trkpt lat="48.28026" lon="-4.59891">
        <ele>5</ele>
        <time>2026-06-23T11:09:15+00:00</time>
      </trkpt>
      <trkpt lat="48.28031" lon="-4.59898">
        <ele>5</ele>
        <time>2026-06-23T11:09:18+00:00</time>
      </trkpt>
      <trkpt lat="48.28057" lon="-4.59898">
        <ele>5</ele>
        <time>2026-06-23T11:09:21+00:00</time>
      </trkpt>
      <trkpt lat="48.28078" lon="-4.59884">
        <ele>4</ele>
        <time>2026-06-23T11:09:24+00:00</time>
      </trkpt>
      <trkpt lat="48.281" lon="-4.59861">
        <ele>4</ele>
        <time>2026-06-23T11:09:27+00:00</time>
      </trkpt>
      <trkpt lat="48.28135" lon="-4.59824">
        <ele>4</ele>
        <time>2026-06-23T11:09:30+00:00</time>
      </trkpt>
      <trkpt lat="48.28135" lon="-4.59781">
        <ele>4</ele>
        <time>2026-06-23T11:09:33+00:00</time>
      </trkpt>
      <trkpt lat="48.28135" lon="-4.59703">
        <ele>5</ele>
        <time>2026-06-23T11:09:36+00:00</time>
      </trkpt>
      <trkpt lat="48.28128" lon="-4.59649">
        <ele>5</ele>
        <time>2026-06-23T11:09:39+00:00</time>
      </trkpt>
      <trkpt lat="48.28122" lon="-4.59594">
        <ele>3</ele>
        <time>2026-06-23T11:09:42+00:00</time>
      </trkpt>
      <trkpt lat="48.28115" lon="-4.5954">
        <ele>2</ele>
        <time>2026-06-23T11:09:45+00:00</time>
      </trkpt>
      <trkpt lat="48.28109" lon="-4.59485">
        <ele>2</ele>
        <time>2026-06-23T11:09:48+00:00</time>
      </trkpt>
      <trkpt lat="48.28099" lon="-4.59398">
        <ele>3</ele>
        <time>2026-06-23T11:09:51+00:00</time>
      </trkpt>
      <trkpt lat="48.28077" lon="-4.59357">
        <ele>4</ele>
        <time>2026-06-23T11:09:54+00:00</time>
      </trkpt>
      <trkpt lat="48.28056" lon="-4.59316">
        <ele>4</ele>
        <time>2026-06-23T11:09:57+00:00</time>
      </trkpt>
      <trkpt lat="48.28035" lon="-4.59275">
        <ele>4</ele>
        <time>2026-06-23T11:10:00+00:00</time>
      </trkpt>
      <trkpt lat="48.28007" lon="-4.59222">
        <ele>4</ele>
        <time>2026-06-23T11:10:03+00:00</time>
      </trkpt>
      <trkpt lat="48.27981" lon="-4.59175">
        <ele>5</ele>
        <time>2026-06-23T11:10:06+00:00</time>
      </trkpt>
      <trkpt lat="48.27988" lon="-4.5914">
        <ele>5</ele>
        <time>2026-06-23T11:10:09+00:00</time>
      </trkpt>
      <trkpt lat="48.28006" lon="-4.59129">
        <ele>5</ele>
        <time>2026-06-23T11:10:12+00:00</time>
      </trkpt>
      <trkpt lat="48.28023" lon="-4.5913">
        <ele>5</ele>
        <time>2026-06-23T11:10:15+00:00</time>
      </trkpt>
      <trkpt lat="48.28032" lon="-4.59155">
        <ele>5</ele>
        <time>2026-06-23T11:10:18+00:00</time>
      </trkpt>
      <trkpt lat="48.28042" lon="-4.59187">
        <ele>5</ele>
        <time>2026-06-23T11:10:21+00:00</time>
      </trkpt>
      <trkpt lat="48.28052" lon="-4.59222">
        <ele>5</ele>
        <time>2026-06-23T11:10:24+00:00</time>
      </trkpt>
      <trkpt lat="48.2806" lon="-4.59266">
        <ele>4</ele>
        <time>2026-06-23T11:10:27+00:00</time>
      </trkpt>
      <trkpt lat="48.28074" lon="-4.59351">
        <ele>4</ele>
        <time>2026-06-23T11:10:30+00:00</time>
      </trkpt>
      <trkpt lat="48.28099" lon="-4.59398">
        <ele>4</ele>
        <time>2026-06-23T11:10:33+00:00</time>
      </trkpt>
      <trkpt lat="48.28105" lon="-4.59455">
        <ele>4</ele>
        <time>2026-06-23T11:10:36+00:00</time>
      </trkpt>
      <trkpt lat="48.28112" lon="-4.59513">
        <ele>4</ele>
        <time>2026-06-23T11:10:39+00:00</time>
      </trkpt>
      <trkpt lat="48.28118" lon="-4.59571">
        <ele>3</ele>
        <time>2026-06-23T11:10:42+00:00</time>
      </trkpt>
      <trkpt lat="48.28125" lon="-4.59628">
        <ele>3</ele>
        <time>2026-06-23T11:10:45+00:00</time>
      </trkpt>
      <trkpt lat="48.28131" lon="-4.59686">
        <ele>3</ele>
        <time>2026-06-23T11:10:48+00:00</time>
      </trkpt>
      <trkpt lat="48.28138" lon="-4.59743">
        <ele>3</ele>
        <time>2026-06-23T11:10:51+00:00</time>
      </trkpt>
      <trkpt lat="48.28148" lon="-4.5983">
        <ele>5</ele>
        <time>2026-06-23T11:10:54+00:00</time>
      </trkpt>
      <trkpt lat="48.28156" lon="-4.59866">
        <ele>5</ele>
        <time>2026-06-23T11:10:57+00:00</time>
      </trkpt>
      <trkpt lat="48.28165" lon="-4.59901">
        <ele>6</ele>
        <time>2026-06-23T11:11:00+00:00</time>
      </trkpt>
      <trkpt lat="48.28173" lon="-4.59937">
        <ele>7</ele>
        <time>2026-06-23T11:11:03+00:00</time>
      </trkpt>
      <trkpt lat="48.2818" lon="-4.59951">
        <ele>9</ele>
        <time>2026-06-23T11:11:06+00:00</time>
      </trkpt>
      <trkpt lat="48.28188" lon="-4.59989">
        <ele>9</ele>
        <time>2026-06-23T11:11:09+00:00</time>
      </trkpt>
      <trkpt lat="48.28197" lon="-4.60027">
        <ele>11</ele>
        <time>2026-06-23T11:11:12+00:00</time>
      </trkpt>
      <trkpt lat="48.28206" lon="-4.6007">
        <ele>14</ele>
        <time>2026-06-23T11:11:15+00:00</time>
      </trkpt>
      <trkpt lat="48.28215" lon="-4.60093">
        <ele>16</ele>
        <time>2026-06-23T11:11:18+00:00</time>
      </trkpt>
      <trkpt lat="48.28226" lon="-4.60102">
        <ele>18</ele>
        <time>2026-06-23T11:11:21+00:00</time>
      </trkpt>
      <trkpt lat="48.28253" lon="-4.60146">
        <ele>21</ele>
        <time>2026-06-23T11:11:24+00:00</time>
      </trkpt>
      <trkpt lat="48.28252" lon="-4.60184">
        <ele>25</ele>
        <time>2026-06-23T11:11:27+00:00</time>
      </trkpt>
      <trkpt lat="48.2825" lon="-4.60231">
        <ele>28</ele>
        <time>2026-06-23T11:11:30+00:00</time>
      </trkpt>
      <trkpt lat="48.28252" lon="-4.60262">
        <ele>31</ele>
        <time>2026-06-23T11:11:33+00:00</time>
      </trkpt>
      <trkpt lat="48.28278" lon="-4.60261">
        <ele>33</ele>
        <time>2026-06-23T11:11:36+00:00</time>
      </trkpt>
      <trkpt lat="48.28316" lon="-4.60259">
        <ele>32</ele>
        <time>2026-06-23T11:11:39+00:00</time>
      </trkpt>
      <trkpt lat="48.28318" lon="-4.60224">
        <ele>32</ele>
        <time>2026-06-23T11:11:42+00:00</time>
      </trkpt>
      <trkpt lat="48.2833" lon="-4.60203">
        <ele>30</ele>
        <time>2026-06-23T11:11:45+00:00</time>
      </trkpt>
      <trkpt lat="48.28369" lon="-4.60182">
        <ele>29</ele>
        <time>2026-06-23T11:11:48+00:00</time>
      </trkpt>
      <trkpt lat="48.2837" lon="-4.60175">
        <ele>25</ele>
        <time>2026-06-23T11:11:51+00:00</time>
      </trkpt>
      <trkpt lat="48.28377" lon="-4.60179">
        <ele>25</ele>
        <time>2026-06-23T11:11:54+00:00</time>
      </trkpt>
      <trkpt lat="48.28385" lon="-4.60179">
        <ele>27</ele>
        <time>2026-06-23T11:11:57+00:00</time>
      </trkpt>
      <trkpt lat="48.28394" lon="-4.60175">
        <ele>27</ele>
        <time>2026-06-23T11:12:00+00:00</time>
      </trkpt>
      <trkpt lat="48.28405" lon="-4.60175">
        <ele>27</ele>
        <time>2026-06-23T11:12:03+00:00</time>
      </trkpt>
      <trkpt lat="48.2843" lon="-4.60182">
        <ele>31</ele>
        <time>2026-06-23T11:12:06+00:00</time>
      </trkpt>
      <trkpt lat="48.28454" lon="-4.60181">
        <ele>33</ele>
        <time>2026-06-23T11:12:09+00:00</time>
      </trkpt>
      <trkpt lat="48.28483" lon="-4.60179">
        <ele>33</ele>
        <time>2026-06-23T11:12:12+00:00</time>
      </trkpt>
      <trkpt lat="48.28489" lon="-4.60183">
        <ele>36</ele>
        <time>2026-06-23T11:12:15+00:00</time>
      </trkpt>
      <trkpt lat="48.28505" lon="-4.60182">
        <ele>33</ele>
        <time>2026-06-23T11:12:18+00:00</time>
      </trkpt>
      <trkpt lat="48.2853" lon="-4.60166">
        <ele>33</ele>
        <time>2026-06-23T11:12:21+00:00</time>
      </trkpt>
      <trkpt lat="48.2857" lon="-4.60142">
        <ele>33</ele>
        <time>2026-06-23T11:12:24+00:00</time>
      </trkpt>
      <trkpt lat="48.28577" lon="-4.60151">
        <ele>37</ele>
        <time>2026-06-23T11:12:27+00:00</time>
      </trkpt>
      <trkpt lat="48.28592" lon="-4.60161">
        <ele>34</ele>
        <time>2026-06-23T11:12:30+00:00</time>
      </trkpt>
      <trkpt lat="48.28604" lon="-4.60154">
        <ele>36</ele>
        <time>2026-06-23T11:12:33+00:00</time>
      </trkpt>
      <trkpt lat="48.28609" lon="-4.60147">
        <ele>35</ele>
        <time>2026-06-23T11:12:36+00:00</time>
      </trkpt>
      <trkpt lat="48.28623" lon="-4.60142">
        <ele>42</ele>
        <time>2026-06-23T11:12:39+00:00</time>
      </trkpt>
      <trkpt lat="48.28629" lon="-4.60144">
        <ele>42</ele>
        <time>2026-06-23T11:12:42+00:00</time>
      </trkpt>
      <trkpt lat="48.28635" lon="-4.60151">
        <ele>42</ele>
        <time>2026-06-23T11:12:45+00:00</time>
      </trkpt>
      <trkpt lat="48.28638" lon="-4.60161">
        <ele>43</ele>
        <time>2026-06-23T11:12:48+00:00</time>
      </trkpt>
      <trkpt lat="48.28643" lon="-4.60192">
        <ele>42</ele>
        <time>2026-06-23T11:12:51+00:00</time>
      </trkpt>
      <trkpt lat="48.28638" lon="-4.60232">
        <ele>43</ele>
        <time>2026-06-23T11:12:54+00:00</time>
      </trkpt>
      <trkpt lat="48.2863" lon="-4.60292">
        <ele>48</ele>
        <time>2026-06-23T11:12:57+00:00</time>
      </trkpt>
      <trkpt lat="48.28631" lon="-4.60313">
        <ele>49</ele>
        <time>2026-06-23T11:13:00+00:00</time>
      </trkpt>
      <trkpt lat="48.28626" lon="-4.60343">
        <ele>51</ele>
        <time>2026-06-23T11:13:03+00:00</time>
      </trkpt>
      <trkpt lat="48.28629" lon="-4.60386">
        <ele>53</ele>
        <time>2026-06-23T11:13:06+00:00</time>
      </trkpt>
      <trkpt lat="48.28639" lon="-4.60447">
        <ele>56</ele>
        <time>2026-06-23T11:13:09+00:00</time>
      </trkpt>
      <trkpt lat="48.28636" lon="-4.60461">
        <ele>56</ele>
        <time>2026-06-23T11:13:12+00:00</time>
      </trkpt>
      <trkpt lat="48.28637" lon="-4.60468">
        <ele>56</ele>
        <time>2026-06-23T11:13:15+00:00</time>
      </trkpt>
      <trkpt lat="48.28634" lon="-4.60477">
        <ele>56</ele>
        <time>2026-06-23T11:13:18+00:00</time>
      </trkpt>
      <trkpt lat="48.28611" lon="-4.60506">
        <ele>56</ele>
        <time>2026-06-23T11:13:21+00:00</time>
      </trkpt>
      <trkpt lat="48.28597" lon="-4.60534">
        <ele>56</ele>
        <time>2026-06-23T11:13:24+00:00</time>
      </trkpt>
      <trkpt lat="48.28581" lon="-4.60564">
        <ele>56</ele>
        <time>2026-06-23T11:13:27+00:00</time>
      </trkpt>
      <trkpt lat="48.28564" lon="-4.60601">
        <ele>56</ele>
        <time>2026-06-23T11:13:30+00:00</time>
      </trkpt>
      <trkpt lat="48.2858" lon="-4.60635">
        <ele>56</ele>
        <time>2026-06-23T11:13:33+00:00</time>
      </trkpt>
      <trkpt lat="48.28571" lon="-4.60645">
        <ele>55</ele>
        <time>2026-06-23T11:13:36+00:00</time>
      </trkpt>
      <trkpt lat="48.28549" lon="-4.60649">
        <ele>56</ele>
        <time>2026-06-23T11:13:39+00:00</time>
      </trkpt>
      <trkpt lat="48.28538" lon="-4.60649">
        <ele>56</ele>
        <time>2026-06-23T11:13:42+00:00</time>
      </trkpt>
      <trkpt lat="48.28529" lon="-4.60644">
        <ele>56</ele>
        <time>2026-06-23T11:13:45+00:00</time>
      </trkpt>
      <trkpt lat="48.28523" lon="-4.60646">
        <ele>56</ele>
        <time>2026-06-23T11:13:48+00:00</time>
      </trkpt>
      <trkpt lat="48.28514" lon="-4.60653">
        <ele>55</ele>
        <time>2026-06-23T11:13:51+00:00</time>
      </trkpt>
      <trkpt lat="48.28496" lon="-4.6066">
        <ele>55</ele>
        <time>2026-06-23T11:13:54+00:00</time>
      </trkpt>
      <trkpt lat="48.28473" lon="-4.6067">
        <ele>54</ele>
        <time>2026-06-23T11:13:57+00:00</time>
      </trkpt>
      <trkpt lat="48.28442" lon="-4.6069">
        <ele>53</ele>
        <time>2026-06-23T11:14:00+00:00</time>
      </trkpt>
      <trkpt lat="48.28421" lon="-4.60693">
        <ele>53</ele>
        <time>2026-06-23T11:14:03+00:00</time>
      </trkpt>
      <trkpt lat="48.28409" lon="-4.60698">
        <ele>53</ele>
        <time>2026-06-23T11:14:06+00:00</time>
      </trkpt>
      <trkpt lat="48.28393" lon="-4.60708">
        <ele>54</ele>
        <time>2026-06-23T11:14:09+00:00</time>
      </trkpt>
      <trkpt lat="48.28375" lon="-4.60719">
        <ele>54</ele>
        <time>2026-06-23T11:14:12+00:00</time>
      </trkpt>
      <trkpt lat="48.28351" lon="-4.60738">
        <ele>54</ele>
        <time>2026-06-23T11:14:15+00:00</time>
      </trkpt>
      <trkpt lat="48.2833" lon="-4.6075">
        <ele>53</ele>
        <time>2026-06-23T11:14:18+00:00</time>
      </trkpt>
      <trkpt lat="48.28313" lon="-4.6081">
        <ele>53</ele>
        <time>2026-06-23T11:14:21+00:00</time>
      </trkpt>
      <trkpt lat="48.28296" lon="-4.60836">
        <ele>53</ele>
        <time>2026-06-23T11:14:24+00:00</time>
      </trkpt>
      <trkpt lat="48.28276" lon="-4.60865">
        <ele>53</ele>
        <time>2026-06-23T11:14:27+00:00</time>
      </trkpt>
      <trkpt lat="48.28244" lon="-4.60895">
        <ele>54</ele>
        <time>2026-06-23T11:14:30+00:00</time>
      </trkpt>
      <trkpt lat="48.28211" lon="-4.60924">
        <ele>54</ele>
        <time>2026-06-23T11:14:33+00:00</time>
      </trkpt>
      <trkpt lat="48.28178" lon="-4.60954">
        <ele>54</ele>
        <time>2026-06-23T11:14:36+00:00</time>
      </trkpt>
      <trkpt lat="48.28145" lon="-4.60984">
        <ele>54</ele>
        <time>2026-06-23T11:14:39+00:00</time>
      </trkpt>
      <trkpt lat="48.28113" lon="-4.61013">
        <ele>54</ele>
        <time>2026-06-23T11:14:42+00:00</time>
      </trkpt>
      <trkpt lat="48.28056" lon="-4.61065">
        <ele>53</ele>
        <time>2026-06-23T11:14:45+00:00</time>
      </trkpt>
      <trkpt lat="48.28029" lon="-4.61064">
        <ele>54</ele>
        <time>2026-06-23T11:14:48+00:00</time>
      </trkpt>
      <trkpt lat="48.27988" lon="-4.61062">
        <ele>54</ele>
        <time>2026-06-23T11:14:51+00:00</time>
      </trkpt>
      <trkpt lat="48.2797" lon="-4.61083">
        <ele>54</ele>
        <time>2026-06-23T11:14:54+00:00</time>
      </trkpt>
      <trkpt lat="48.27948" lon="-4.61127">
        <ele>52</ele>
        <time>2026-06-23T11:14:57+00:00</time>
      </trkpt>
      <trkpt lat="48.27938" lon="-4.6116">
        <ele>46</ele>
        <time>2026-06-23T11:15:00+00:00</time>
      </trkpt>
      <trkpt lat="48.27931" lon="-4.61162">
        <ele>46</ele>
        <time>2026-06-23T11:15:03+00:00</time>
      </trkpt>
      <trkpt lat="48.27927" lon="-4.61172">
        <ele>46</ele>
        <time>2026-06-23T11:15:06+00:00</time>
      </trkpt>
      <trkpt lat="48.27923" lon="-4.61193">
        <ele>43</ele>
        <time>2026-06-23T11:15:09+00:00</time>
      </trkpt>
      <trkpt lat="48.27907" lon="-4.61233">
        <ele>37</ele>
        <time>2026-06-23T11:15:12+00:00</time>
      </trkpt>
      <trkpt lat="48.27898" lon="-4.61263">
        <ele>35</ele>
        <time>2026-06-23T11:15:15+00:00</time>
      </trkpt>
      <trkpt lat="48.27896" lon="-4.61311">
        <ele>29</ele>
        <time>2026-06-23T11:15:18+00:00</time>
      </trkpt>
      <trkpt lat="48.27895" lon="-4.61353">
        <ele>26</ele>
        <time>2026-06-23T11:15:21+00:00</time>
      </trkpt>
      <trkpt lat="48.27893" lon="-4.61425">
        <ele>23</ele>
        <time>2026-06-23T11:15:24+00:00</time>
      </trkpt>
      <trkpt lat="48.27898" lon="-4.61472">
        <ele>22</ele>
        <time>2026-06-23T11:15:27+00:00</time>
      </trkpt>
      <trkpt lat="48.27902" lon="-4.61518">
        <ele>21</ele>
        <time>2026-06-23T11:15:30+00:00</time>
      </trkpt>
      <trkpt lat="48.27909" lon="-4.61581">
        <ele>21</ele>
        <time>2026-06-23T11:15:33+00:00</time>
      </trkpt>
      <trkpt lat="48.27908" lon="-4.6159">
        <ele>21</ele>
        <time>2026-06-23T11:15:36+00:00</time>
      </trkpt>
      <trkpt lat="48.27875" lon="-4.61608">
        <ele>21</ele>
        <time>2026-06-23T11:15:39+00:00</time>
      </trkpt>
      <trkpt lat="48.27842" lon="-4.61625">
        <ele>20</ele>
        <time>2026-06-23T11:15:42+00:00</time>
      </trkpt>
      <trkpt lat="48.27809" lon="-4.61643">
        <ele>19</ele>
        <time>2026-06-23T11:15:45+00:00</time>
      </trkpt>
      <trkpt lat="48.27775" lon="-4.61661">
        <ele>17</ele>
        <time>2026-06-23T11:15:48+00:00</time>
      </trkpt>
      <trkpt lat="48.27734" lon="-4.61683">
        <ele>15</ele>
        <time>2026-06-23T11:15:51+00:00</time>
      </trkpt>
      <trkpt lat="48.27719" lon="-4.61693">
        <ele>14</ele>
        <time>2026-06-23T11:15:54+00:00</time>
      </trkpt>
      <trkpt lat="48.27697" lon="-4.61701">
        <ele>13</ele>
        <time>2026-06-23T11:15:57+00:00</time>
      </trkpt>
      <trkpt lat="48.27683" lon="-4.61695">
        <ele>12</ele>
        <time>2026-06-23T11:16:00+00:00</time>
      </trkpt>
      <trkpt lat="48.27666" lon="-4.61679">
        <ele>11</ele>
        <time>2026-06-23T11:16:03+00:00</time>
      </trkpt>
      <trkpt lat="48.27645" lon="-4.61645">
        <ele>11</ele>
        <time>2026-06-23T11:16:06+00:00</time>
      </trkpt>
      <trkpt lat="48.27622" lon="-4.61626">
        <ele>11</ele>
        <time>2026-06-23T11:16:09+00:00</time>
      </trkpt>
      <trkpt lat="48.27589" lon="-4.61599">
        <ele>11</ele>
        <time>2026-06-23T11:16:12+00:00</time>
      </trkpt>
      <trkpt lat="48.27567" lon="-4.61592">
        <ele>11</ele>
        <time>2026-06-23T11:16:15+00:00</time>
      </trkpt>
      <trkpt lat="48.27552" lon="-4.61594">
        <ele>11</ele>
        <time>2026-06-23T11:16:18+00:00</time>
      </trkpt>
      <trkpt lat="48.27532" lon="-4.61587">
        <ele>11</ele>
        <time>2026-06-23T11:16:21+00:00</time>
      </trkpt>
      <trkpt lat="48.27527" lon="-4.61575">
        <ele>11</ele>
        <time>2026-06-23T11:16:24+00:00</time>
      </trkpt>
      <trkpt lat="48.27502" lon="-4.61578">
        <ele>11</ele>
        <time>2026-06-23T11:16:27+00:00</time>
      </trkpt>
      <trkpt lat="48.27486" lon="-4.61573">
        <ele>10</ele>
        <time>2026-06-23T11:16:30+00:00</time>
      </trkpt>
      <trkpt lat="48.27467" lon="-4.61562">
        <ele>8</ele>
        <time>2026-06-23T11:16:33+00:00</time>
      </trkpt>
      <trkpt lat="48.2744" lon="-4.61545">
        <ele>9</ele>
        <time>2026-06-23T11:16:36+00:00</time>
      </trkpt>
      <trkpt lat="48.27411" lon="-4.61524">
        <ele>11</ele>
        <time>2026-06-23T11:16:39+00:00</time>
      </trkpt>
      <trkpt lat="48.27371" lon="-4.61514">
        <ele>13</ele>
        <time>2026-06-23T11:16:42+00:00</time>
      </trkpt>
      <trkpt lat="48.27352" lon="-4.61496">
        <ele>16</ele>
        <time>2026-06-23T11:16:45+00:00</time>
      </trkpt>
      <trkpt lat="48.27326" lon="-4.61491">
        <ele>19</ele>
        <time>2026-06-23T11:16:48+00:00</time>
      </trkpt>
      <trkpt lat="48.27287" lon="-4.61484">
        <ele>21</ele>
        <time>2026-06-23T11:16:51+00:00</time>
      </trkpt>
      <trkpt lat="48.27276" lon="-4.61477">
        <ele>26</ele>
        <time>2026-06-23T11:16:54+00:00</time>
      </trkpt>
      <trkpt lat="48.27252" lon="-4.61474">
        <ele>29</ele>
        <time>2026-06-23T11:16:57+00:00</time>
      </trkpt>
      <trkpt lat="48.27235" lon="-4.61477">
        <ele>33</ele>
        <time>2026-06-23T11:17:00+00:00</time>
      </trkpt>
      <trkpt lat="48.27209" lon="-4.61484">
        <ele>44</ele>
        <time>2026-06-23T11:17:03+00:00</time>
      </trkpt>
      <trkpt lat="48.27183" lon="-4.61493">
        <ele>49</ele>
        <time>2026-06-23T11:17:06+00:00</time>
      </trkpt>
      <trkpt lat="48.27175" lon="-4.61493">
        <ele>50</ele>
        <time>2026-06-23T11:17:09+00:00</time>
      </trkpt>
      <trkpt lat="48.27166" lon="-4.61481">
        <ele>51</ele>
        <time>2026-06-23T11:17:12+00:00</time>
      </trkpt>
      <trkpt lat="48.27144" lon="-4.61484">
        <ele>52</ele>
        <time>2026-06-23T11:17:15+00:00</time>
      </trkpt>
      <trkpt lat="48.27132" lon="-4.61474">
        <ele>55</ele>
        <time>2026-06-23T11:17:18+00:00</time>
      </trkpt>
      <trkpt lat="48.27112" lon="-4.61476">
        <ele>54</ele>
        <time>2026-06-23T11:17:21+00:00</time>
      </trkpt>
      <trkpt lat="48.27096" lon="-4.61475">
        <ele>56</ele>
        <time>2026-06-23T11:17:24+00:00</time>
      </trkpt>
      <trkpt lat="48.27082" lon="-4.61486">
        <ele>56</ele>
        <time>2026-06-23T11:17:27+00:00</time>
      </trkpt>
      <trkpt lat="48.27069" lon="-4.61481">
        <ele>57</ele>
        <time>2026-06-23T11:17:30+00:00</time>
      </trkpt>
      <trkpt lat="48.27057" lon="-4.61486">
        <ele>56</ele>
        <time>2026-06-23T11:17:33+00:00</time>
      </trkpt>
      <trkpt lat="48.2705" lon="-4.61496">
        <ele>56</ele>
        <time>2026-06-23T11:17:36+00:00</time>
      </trkpt>
      <trkpt lat="48.27034" lon="-4.61507">
        <ele>56</ele>
        <time>2026-06-23T11:17:39+00:00</time>
      </trkpt>
      <trkpt lat="48.27007" lon="-4.61538">
        <ele>55</ele>
        <time>2026-06-23T11:17:42+00:00</time>
      </trkpt>
      <trkpt lat="48.26993" lon="-4.61544">
        <ele>53</ele>
        <time>2026-06-23T11:17:45+00:00</time>
      </trkpt>
      <trkpt lat="48.26973" lon="-4.61538">
        <ele>54</ele>
        <time>2026-06-23T11:17:48+00:00</time>
      </trkpt>
      <trkpt lat="48.26957" lon="-4.61545">
        <ele>54</ele>
        <time>2026-06-23T11:17:51+00:00</time>
      </trkpt>
      <trkpt lat="48.26949" lon="-4.61552">
        <ele>54</ele>
        <time>2026-06-23T11:17:54+00:00</time>
      </trkpt>
      <trkpt lat="48.26932" lon="-4.61556">
        <ele>54</ele>
        <time>2026-06-23T11:17:57+00:00</time>
      </trkpt>
      <trkpt lat="48.26908" lon="-4.61565">
        <ele>54</ele>
        <time>2026-06-23T11:18:00+00:00</time>
      </trkpt>
      <trkpt lat="48.26886" lon="-4.61572">
        <ele>54</ele>
        <time>2026-06-23T11:18:03+00:00</time>
      </trkpt>
      <trkpt lat="48.26863" lon="-4.61578">
        <ele>53</ele>
        <time>2026-06-23T11:18:06+00:00</time>
      </trkpt>
      <trkpt lat="48.2686" lon="-4.61578">
        <ele>53</ele>
        <time>2026-06-23T11:18:09+00:00</time>
      </trkpt>
      <trkpt lat="48.26828" lon="-4.61569">
        <ele>51</ele>
        <time>2026-06-23T11:18:12+00:00</time>
      </trkpt>
      <trkpt lat="48.26793" lon="-4.61545">
        <ele>49</ele>
        <time>2026-06-23T11:18:15+00:00</time>
      </trkpt>
      <trkpt lat="48.26784" lon="-4.61549">
        <ele>48</ele>
        <time>2026-06-23T11:18:18+00:00</time>
      </trkpt>
      <trkpt lat="48.26762" lon="-4.6155">
        <ele>48</ele>
        <time>2026-06-23T11:18:21+00:00</time>
      </trkpt>
      <trkpt lat="48.26741" lon="-4.61561">
        <ele>48</ele>
        <time>2026-06-23T11:18:24+00:00</time>
      </trkpt>
      <trkpt lat="48.26719" lon="-4.61571">
        <ele>48</ele>
        <time>2026-06-23T11:18:27+00:00</time>
      </trkpt>
      <trkpt lat="48.26715" lon="-4.61602">
        <ele>49</ele>
        <time>2026-06-23T11:18:30+00:00</time>
      </trkpt>
      <trkpt lat="48.26697" lon="-4.61613">
        <ele>50</ele>
        <time>2026-06-23T11:18:33+00:00</time>
      </trkpt>
      <trkpt lat="48.26674" lon="-4.61634">
        <ele>50</ele>
        <time>2026-06-23T11:18:36+00:00</time>
      </trkpt>
      <trkpt lat="48.26662" lon="-4.61639">
        <ele>50</ele>
        <time>2026-06-23T11:18:39+00:00</time>
      </trkpt>
      <trkpt lat="48.2665" lon="-4.6165">
        <ele>50</ele>
        <time>2026-06-23T11:18:42+00:00</time>
      </trkpt>
      <trkpt lat="48.26633" lon="-4.61667">
        <ele>50</ele>
        <time>2026-06-23T11:18:45+00:00</time>
      </trkpt>
      <trkpt lat="48.26616" lon="-4.61699">
        <ele>51</ele>
        <time>2026-06-23T11:18:48+00:00</time>
      </trkpt>
      <trkpt lat="48.26595" lon="-4.61707">
        <ele>52</ele>
        <time>2026-06-23T11:18:51+00:00</time>
      </trkpt>
      <trkpt lat="48.26576" lon="-4.6173">
        <ele>53</ele>
        <time>2026-06-23T11:18:54+00:00</time>
      </trkpt>
      <trkpt lat="48.26555" lon="-4.61756">
        <ele>54</ele>
        <time>2026-06-23T11:18:57+00:00</time>
      </trkpt>
      <trkpt lat="48.2655" lon="-4.61758">
        <ele>54</ele>
        <time>2026-06-23T11:19:00+00:00</time>
      </trkpt>
      <trkpt lat="48.26546" lon="-4.61765">
        <ele>55</ele>
        <time>2026-06-23T11:19:03+00:00</time>
      </trkpt>
      <trkpt lat="48.2654" lon="-4.61765">
        <ele>55</ele>
        <time>2026-06-23T11:19:06+00:00</time>
      </trkpt>
      <trkpt lat="48.2653" lon="-4.6177">
        <ele>55</ele>
        <time>2026-06-23T11:19:09+00:00</time>
      </trkpt>
      <trkpt lat="48.26523" lon="-4.61768">
        <ele>55</ele>
        <time>2026-06-23T11:19:12+00:00</time>
      </trkpt>
      <trkpt lat="48.26519" lon="-4.61772">
        <ele>55</ele>
        <time>2026-06-23T11:19:15+00:00</time>
      </trkpt>
      <trkpt lat="48.2651" lon="-4.61775">
        <ele>55</ele>
        <time>2026-06-23T11:19:18+00:00</time>
      </trkpt>
      <trkpt lat="48.265" lon="-4.61782">
        <ele>55</ele>
        <time>2026-06-23T11:19:21+00:00</time>
      </trkpt>
      <trkpt lat="48.26483" lon="-4.61803">
        <ele>55</ele>
        <time>2026-06-23T11:19:24+00:00</time>
      </trkpt>
      <trkpt lat="48.26456" lon="-4.6182">
        <ele>54</ele>
        <time>2026-06-23T11:19:27+00:00</time>
      </trkpt>
      <trkpt lat="48.26407" lon="-4.6185">
        <ele>53</ele>
        <time>2026-06-23T11:19:30+00:00</time>
      </trkpt>
      <trkpt lat="48.26385" lon="-4.61859">
        <ele>53</ele>
        <time>2026-06-23T11:19:33+00:00</time>
      </trkpt>
      <trkpt lat="48.26364" lon="-4.61874">
        <ele>51</ele>
        <time>2026-06-23T11:19:36+00:00</time>
      </trkpt>
      <trkpt lat="48.26342" lon="-4.61901">
        <ele>51</ele>
        <time>2026-06-23T11:19:39+00:00</time>
      </trkpt>
      <trkpt lat="48.26321" lon="-4.61917">
        <ele>52</ele>
        <time>2026-06-23T11:19:42+00:00</time>
      </trkpt>
      <trkpt lat="48.26315" lon="-4.61923">
        <ele>53</ele>
        <time>2026-06-23T11:19:45+00:00</time>
      </trkpt>
      <trkpt lat="48.26307" lon="-4.61937">
        <ele>52</ele>
        <time>2026-06-23T11:19:48+00:00</time>
      </trkpt>
      <trkpt lat="48.26305" lon="-4.61958">
        <ele>53</ele>
        <time>2026-06-23T11:19:51+00:00</time>
      </trkpt>
      <trkpt lat="48.26299" lon="-4.61962">
        <ele>53</ele>
        <time>2026-06-23T11:19:54+00:00</time>
      </trkpt>
      <trkpt lat="48.26285" lon="-4.61967">
        <ele>53</ele>
        <time>2026-06-23T11:19:57+00:00</time>
      </trkpt>
      <trkpt lat="48.26273" lon="-4.61984">
        <ele>53</ele>
        <time>2026-06-23T11:20:00+00:00</time>
      </trkpt>
      <trkpt lat="48.2626" lon="-4.61995">
        <ele>55</ele>
        <time>2026-06-23T11:20:03+00:00</time>
      </trkpt>
      <trkpt lat="48.26247" lon="-4.62023">
        <ele>56</ele>
        <time>2026-06-23T11:20:06+00:00</time>
      </trkpt>
      <trkpt lat="48.26239" lon="-4.62054">
        <ele>56</ele>
        <time>2026-06-23T11:20:09+00:00</time>
      </trkpt>
      <trkpt lat="48.26224" lon="-4.62075">
        <ele>56</ele>
        <time>2026-06-23T11:20:12+00:00</time>
      </trkpt>
      <trkpt lat="48.26202" lon="-4.6208">
        <ele>58</ele>
        <time>2026-06-23T11:20:15+00:00</time>
      </trkpt>
      <trkpt lat="48.26176" lon="-4.6211">
        <ele>59</ele>
        <time>2026-06-23T11:20:18+00:00</time>
      </trkpt>
      <trkpt lat="48.26163" lon="-4.6212">
        <ele>59</ele>
        <time>2026-06-23T11:20:21+00:00</time>
      </trkpt>
      <trkpt lat="48.26149" lon="-4.62133">
        <ele>59</ele>
        <time>2026-06-23T11:20:24+00:00</time>
      </trkpt>
      <trkpt lat="48.26134" lon="-4.62148">
        <ele>59</ele>
        <time>2026-06-23T11:20:27+00:00</time>
      </trkpt>
      <trkpt lat="48.26103" lon="-4.62157">
        <ele>59</ele>
        <time>2026-06-23T11:20:30+00:00</time>
      </trkpt>
      <trkpt lat="48.26073" lon="-4.62162">
        <ele>59</ele>
        <time>2026-06-23T11:20:33+00:00</time>
      </trkpt>
      <trkpt lat="48.26048" lon="-4.62169">
        <ele>59</ele>
        <time>2026-06-23T11:20:36+00:00</time>
      </trkpt>
      <trkpt lat="48.26025" lon="-4.6217">
        <ele>59</ele>
        <time>2026-06-23T11:20:39+00:00</time>
      </trkpt>
      <trkpt lat="48.26002" lon="-4.6217">
        <ele>58</ele>
        <time>2026-06-23T11:20:42+00:00</time>
      </trkpt>
      <trkpt lat="48.25976" lon="-4.62197">
        <ele>54</ele>
        <time>2026-06-23T11:20:45+00:00</time>
      </trkpt>
      <trkpt lat="48.2597" lon="-4.62207">
        <ele>54</ele>
        <time>2026-06-23T11:20:48+00:00</time>
      </trkpt>
      <trkpt lat="48.25949" lon="-4.62216">
        <ele>54</ele>
        <time>2026-06-23T11:20:51+00:00</time>
      </trkpt>
      <trkpt lat="48.25937" lon="-4.62223">
        <ele>54</ele>
        <time>2026-06-23T11:20:54+00:00</time>
      </trkpt>
      <trkpt lat="48.25929" lon="-4.62235">
        <ele>54</ele>
        <time>2026-06-23T11:20:57+00:00</time>
      </trkpt>
      <trkpt lat="48.25923" lon="-4.62246">
        <ele>53</ele>
        <time>2026-06-23T11:21:00+00:00</time>
      </trkpt>
      <trkpt lat="48.2591" lon="-4.62289">
        <ele>56</ele>
        <time>2026-06-23T11:21:03+00:00</time>
      </trkpt>
      <trkpt lat="48.25886" lon="-4.62326">
        <ele>58</ele>
        <time>2026-06-23T11:21:06+00:00</time>
      </trkpt>
      <trkpt lat="48.25865" lon="-4.62322">
        <ele>55</ele>
        <time>2026-06-23T11:21:09+00:00</time>
      </trkpt>
      <trkpt lat="48.25851" lon="-4.6231">
        <ele>58</ele>
        <time>2026-06-23T11:21:12+00:00</time>
      </trkpt>
      <trkpt lat="48.25838" lon="-4.62295">
        <ele>54</ele>
        <time>2026-06-23T11:21:15+00:00</time>
      </trkpt>
      <trkpt lat="48.25824" lon="-4.62277">
        <ele>54</ele>
        <time>2026-06-23T11:21:18+00:00</time>
      </trkpt>
      <trkpt lat="48.25789" lon="-4.62249">
        <ele>53</ele>
        <time>2026-06-23T11:21:21+00:00</time>
      </trkpt>
      <trkpt lat="48.25775" lon="-4.62244">
        <ele>52</ele>
        <time>2026-06-23T11:21:24+00:00</time>
      </trkpt>
      <trkpt lat="48.25765" lon="-4.62246">
        <ele>53</ele>
        <time>2026-06-23T11:21:27+00:00</time>
      </trkpt>
      <trkpt lat="48.25751" lon="-4.62253">
        <ele>55</ele>
        <time>2026-06-23T11:21:30+00:00</time>
      </trkpt>
      <trkpt lat="48.25737" lon="-4.62266">
        <ele>58</ele>
        <time>2026-06-23T11:21:33+00:00</time>
      </trkpt>
      <trkpt lat="48.25722" lon="-4.62279">
        <ele>57</ele>
        <time>2026-06-23T11:21:36+00:00</time>
      </trkpt>
      <trkpt lat="48.25709" lon="-4.62289">
        <ele>59</ele>
        <time>2026-06-23T11:21:39+00:00</time>
      </trkpt>
      <trkpt lat="48.25702" lon="-4.62265">
        <ele>57</ele>
        <time>2026-06-23T11:21:42+00:00</time>
      </trkpt>
      <trkpt lat="48.25696" lon="-4.62235">
        <ele>55</ele>
        <time>2026-06-23T11:21:45+00:00</time>
      </trkpt>
      <trkpt lat="48.25689" lon="-4.62214">
        <ele>55</ele>
        <time>2026-06-23T11:21:48+00:00</time>
      </trkpt>
      <trkpt lat="48.2568" lon="-4.62197">
        <ele>56</ele>
        <time>2026-06-23T11:21:51+00:00</time>
      </trkpt>
      <trkpt lat="48.25664" lon="-4.62185">
        <ele>55</ele>
        <time>2026-06-23T11:21:54+00:00</time>
      </trkpt>
      <trkpt lat="48.25646" lon="-4.62181">
        <ele>57</ele>
        <time>2026-06-23T11:21:57+00:00</time>
      </trkpt>
      <trkpt lat="48.25621" lon="-4.62176">
        <ele>61</ele>
        <time>2026-06-23T11:22:00+00:00</time>
      </trkpt>
      <trkpt lat="48.25607" lon="-4.62161">
        <ele>62</ele>
        <time>2026-06-23T11:22:03+00:00</time>
      </trkpt>
      <trkpt lat="48.25617" lon="-4.62144">
        <ele>61</ele>
        <time>2026-06-23T11:22:06+00:00</time>
      </trkpt>
      <trkpt lat="48.25629" lon="-4.62125">
        <ele>61</ele>
        <time>2026-06-23T11:22:09+00:00</time>
      </trkpt>
      <trkpt lat="48.2565" lon="-4.62106">
        <ele>59</ele>
        <time>2026-06-23T11:22:12+00:00</time>
      </trkpt>
      <trkpt lat="48.25676" lon="-4.62084">
        <ele>56</ele>
        <time>2026-06-23T11:22:15+00:00</time>
      </trkpt>
      <trkpt lat="48.25698" lon="-4.62062">
        <ele>55</ele>
        <time>2026-06-23T11:22:18+00:00</time>
      </trkpt>
      <trkpt lat="48.25729" lon="-4.62066">
        <ele>54</ele>
        <time>2026-06-23T11:22:21+00:00</time>
      </trkpt>
      <trkpt lat="48.25751" lon="-4.62056">
        <ele>50</ele>
        <time>2026-06-23T11:22:24+00:00</time>
      </trkpt>
      <trkpt lat="48.25774" lon="-4.62045">
        <ele>49</ele>
        <time>2026-06-23T11:22:27+00:00</time>
      </trkpt>
      <trkpt lat="48.25801" lon="-4.62035">
        <ele>49</ele>
        <time>2026-06-23T11:22:30+00:00</time>
      </trkpt>
      <trkpt lat="48.25845" lon="-4.62019">
        <ele>50</ele>
        <time>2026-06-23T11:22:33+00:00</time>
      </trkpt>
      <trkpt lat="48.25861" lon="-4.62021">
        <ele>52</ele>
        <time>2026-06-23T11:22:36+00:00</time>
      </trkpt>
      <trkpt lat="48.25884" lon="-4.62012">
        <ele>50</ele>
        <time>2026-06-23T11:22:39+00:00</time>
      </trkpt>
      <trkpt lat="48.25914" lon="-4.6201">
        <ele>51</ele>
        <time>2026-06-23T11:22:42+00:00</time>
      </trkpt>
      <trkpt lat="48.25973" lon="-4.62005">
        <ele>48</ele>
        <time>2026-06-23T11:22:45+00:00</time>
      </trkpt>
      <trkpt lat="48.25981" lon="-4.61995">
        <ele>48</ele>
        <time>2026-06-23T11:22:48+00:00</time>
      </trkpt>
      <trkpt lat="48.25997" lon="-4.61986">
        <ele>46</ele>
        <time>2026-06-23T11:22:51+00:00</time>
      </trkpt>
      <trkpt lat="48.26014" lon="-4.61977">
        <ele>45</ele>
        <time>2026-06-23T11:22:54+00:00</time>
      </trkpt>
      <trkpt lat="48.26039" lon="-4.61959">
        <ele>43</ele>
        <time>2026-06-23T11:22:57+00:00</time>
      </trkpt>
      <trkpt lat="48.26078" lon="-4.6193">
        <ele>42</ele>
        <time>2026-06-23T11:23:00+00:00</time>
      </trkpt>
      <trkpt lat="48.26087" lon="-4.61913">
        <ele>42</ele>
        <time>2026-06-23T11:23:03+00:00</time>
      </trkpt>
      <trkpt lat="48.26102" lon="-4.61897">
        <ele>42</ele>
        <time>2026-06-23T11:23:06+00:00</time>
      </trkpt>
      <trkpt lat="48.26115" lon="-4.61865">
        <ele>41</ele>
        <time>2026-06-23T11:23:09+00:00</time>
      </trkpt>
      <trkpt lat="48.26141" lon="-4.61824">
        <ele>40</ele>
        <time>2026-06-23T11:23:12+00:00</time>
      </trkpt>
      <trkpt lat="48.26151" lon="-4.61777">
        <ele>34</ele>
        <time>2026-06-23T11:23:15+00:00</time>
      </trkpt>
      <trkpt lat="48.26151" lon="-4.61765">
        <ele>33</ele>
        <time>2026-06-23T11:23:18+00:00</time>
      </trkpt>
      <trkpt lat="48.2616" lon="-4.61737">
        <ele>27</ele>
        <time>2026-06-23T11:23:21+00:00</time>
      </trkpt>
      <trkpt lat="48.26163" lon="-4.61693">
        <ele>25</ele>
        <time>2026-06-23T11:23:24+00:00</time>
      </trkpt>
      <trkpt lat="48.26177" lon="-4.6166">
        <ele>25</ele>
        <time>2026-06-23T11:23:27+00:00</time>
      </trkpt>
      <trkpt lat="48.26174" lon="-4.61648">
        <ele>23</ele>
        <time>2026-06-23T11:23:30+00:00</time>
      </trkpt>
      <trkpt lat="48.26178" lon="-4.61613">
        <ele>19</ele>
        <time>2026-06-23T11:23:33+00:00</time>
      </trkpt>
      <trkpt lat="48.26181" lon="-4.61547">
        <ele>18</ele>
        <time>2026-06-23T11:23:36+00:00</time>
      </trkpt>
      <trkpt lat="48.26187" lon="-4.61535">
        <ele>16</ele>
        <time>2026-06-23T11:23:39+00:00</time>
      </trkpt>
      <trkpt lat="48.262" lon="-4.61519">
        <ele>18</ele>
        <time>2026-06-23T11:23:42+00:00</time>
      </trkpt>
      <trkpt lat="48.26204" lon="-4.61511">
        <ele>18</ele>
        <time>2026-06-23T11:23:45+00:00</time>
      </trkpt>
      <trkpt lat="48.26197" lon="-4.61496">
        <ele>16</ele>
        <time>2026-06-23T11:23:48+00:00</time>
      </trkpt>
      <trkpt lat="48.26197" lon="-4.61472">
        <ele>15</ele>
        <time>2026-06-23T11:23:51+00:00</time>
      </trkpt>
      <trkpt lat="48.26203" lon="-4.61442">
        <ele>15</ele>
        <time>2026-06-23T11:23:54+00:00</time>
      </trkpt>
      <trkpt lat="48.26213" lon="-4.61412">
        <ele>14</ele>
        <time>2026-06-23T11:23:57+00:00</time>
      </trkpt>
      <trkpt lat="48.26213" lon="-4.61402">
        <ele>14</ele>
        <time>2026-06-23T11:24:00+00:00</time>
      </trkpt>
      <trkpt lat="48.26219" lon="-4.61372">
        <ele>12</ele>
        <time>2026-06-23T11:24:03+00:00</time>
      </trkpt>
      <trkpt lat="48.26226" lon="-4.61336">
        <ele>10</ele>
        <time>2026-06-23T11:24:06+00:00</time>
      </trkpt>
      <trkpt lat="48.26227" lon="-4.6131">
        <ele>7</ele>
        <time>2026-06-23T11:24:09+00:00</time>
      </trkpt>
      <trkpt lat="48.26226" lon="-4.61289">
        <ele>6</ele>
        <time>2026-06-23T11:24:12+00:00</time>
      </trkpt>
      <trkpt lat="48.26225" lon="-4.61268">
        <ele>6</ele>
        <time>2026-06-23T11:24:15+00:00</time>
      </trkpt>
      <trkpt lat="48.26227" lon="-4.61259">
        <ele>6</ele>
        <time>2026-06-23T11:24:18+00:00</time>
      </trkpt>
      <trkpt lat="48.2623" lon="-4.61257">
        <ele>6</ele>
        <time>2026-06-23T11:24:21+00:00</time>
      </trkpt>
      <trkpt lat="48.26227" lon="-4.61245">
        <ele>5</ele>
        <time>2026-06-23T11:24:24+00:00</time>
      </trkpt>
      <trkpt lat="48.26233" lon="-4.61242">
        <ele>7</ele>
        <time>2026-06-23T11:24:27+00:00</time>
      </trkpt>
      <trkpt lat="48.26233" lon="-4.61228">
        <ele>6</ele>
        <time>2026-06-23T11:24:30+00:00</time>
      </trkpt>
      <trkpt lat="48.2623" lon="-4.61221">
        <ele>5</ele>
        <time>2026-06-23T11:24:33+00:00</time>
      </trkpt>
      <trkpt lat="48.2622" lon="-4.61188">
        <ele>8</ele>
        <time>2026-06-23T11:24:36+00:00</time>
      </trkpt>
      <trkpt lat="48.26208" lon="-4.61148">
        <ele>14</ele>
        <time>2026-06-23T11:24:39+00:00</time>
      </trkpt>
      <trkpt lat="48.26209" lon="-4.61107">
        <ele>15</ele>
        <time>2026-06-23T11:24:42+00:00</time>
      </trkpt>
      <trkpt lat="48.26203" lon="-4.61071">
        <ele>11</ele>
        <time>2026-06-23T11:24:45+00:00</time>
      </trkpt>
      <trkpt lat="48.26197" lon="-4.61059">
        <ele>4</ele>
        <time>2026-06-23T11:24:48+00:00</time>
      </trkpt>
      <trkpt lat="48.2618" lon="-4.61043">
        <ele>14</ele>
        <time>2026-06-23T11:24:51+00:00</time>
      </trkpt>
      <trkpt lat="48.26173" lon="-4.61019">
        <ele>19</ele>
        <time>2026-06-23T11:24:54+00:00</time>
      </trkpt>
      <trkpt lat="48.26172" lon="-4.61008">
        <ele>18</ele>
        <time>2026-06-23T11:24:57+00:00</time>
      </trkpt>
      <trkpt lat="48.26179" lon="-4.60996">
        <ele>15</ele>
        <time>2026-06-23T11:25:00+00:00</time>
      </trkpt>
      <trkpt lat="48.26183" lon="-4.60982">
        <ele>21</ele>
        <time>2026-06-23T11:25:03+00:00</time>
      </trkpt>
      <trkpt lat="48.26182" lon="-4.60965">
        <ele>19</ele>
        <time>2026-06-23T11:25:06+00:00</time>
      </trkpt>
      <trkpt lat="48.26176" lon="-4.60938">
        <ele>24</ele>
        <time>2026-06-23T11:25:09+00:00</time>
      </trkpt>
      <trkpt lat="48.2617" lon="-4.60907">
        <ele>29</ele>
        <time>2026-06-23T11:25:12+00:00</time>
      </trkpt>
      <trkpt lat="48.26166" lon="-4.60872">
        <ele>33</ele>
        <time>2026-06-23T11:25:15+00:00</time>
      </trkpt>
      <trkpt lat="48.26161" lon="-4.60832">
        <ele>35</ele>
        <time>2026-06-23T11:25:18+00:00</time>
      </trkpt>
      <trkpt lat="48.26165" lon="-4.60799">
        <ele>36</ele>
        <time>2026-06-23T11:25:21+00:00</time>
      </trkpt>
      <trkpt lat="48.26155" lon="-4.60771">
        <ele>37</ele>
        <time>2026-06-23T11:25:24+00:00</time>
      </trkpt>
      <trkpt lat="48.26156" lon="-4.60752">
        <ele>38</ele>
        <time>2026-06-23T11:25:27+00:00</time>
      </trkpt>
      <trkpt lat="48.26152" lon="-4.60726">
        <ele>37</ele>
        <time>2026-06-23T11:25:30+00:00</time>
      </trkpt>
      <trkpt lat="48.26145" lon="-4.60691">
        <ele>38</ele>
        <time>2026-06-23T11:25:33+00:00</time>
      </trkpt>
      <trkpt lat="48.26136" lon="-4.60649">
        <ele>39</ele>
        <time>2026-06-23T11:25:36+00:00</time>
      </trkpt>
      <trkpt lat="48.26136" lon="-4.60593">
        <ele>39</ele>
        <time>2026-06-23T11:25:39+00:00</time>
      </trkpt>
      <trkpt lat="48.26137" lon="-4.60536">
        <ele>37</ele>
        <time>2026-06-23T11:25:42+00:00</time>
      </trkpt>
      <trkpt lat="48.26137" lon="-4.6048">
        <ele>37</ele>
        <time>2026-06-23T11:25:45+00:00</time>
      </trkpt>
      <trkpt lat="48.26138" lon="-4.60423">
        <ele>35</ele>
        <time>2026-06-23T11:25:48+00:00</time>
      </trkpt>
      <trkpt lat="48.26138" lon="-4.60385">
        <ele>34</ele>
        <time>2026-06-23T11:25:51+00:00</time>
      </trkpt>
      <trkpt lat="48.26138" lon="-4.60333">
        <ele>31</ele>
        <time>2026-06-23T11:25:54+00:00</time>
      </trkpt>
      <trkpt lat="48.26139" lon="-4.60298">
        <ele>31</ele>
        <time>2026-06-23T11:25:57+00:00</time>
      </trkpt>
      <trkpt lat="48.26145" lon="-4.6029">
        <ele>31</ele>
        <time>2026-06-23T11:26:00+00:00</time>
      </trkpt>
      <trkpt lat="48.26148" lon="-4.60271">
        <ele>31</ele>
        <time>2026-06-23T11:26:03+00:00</time>
      </trkpt>
      <trkpt lat="48.26154" lon="-4.60268">
        <ele>31</ele>
        <time>2026-06-23T11:26:06+00:00</time>
      </trkpt>
      <trkpt lat="48.26152" lon="-4.60231">
        <ele>30</ele>
        <time>2026-06-23T11:26:09+00:00</time>
      </trkpt>
      <trkpt lat="48.26132" lon="-4.60182">
        <ele>29</ele>
        <time>2026-06-23T11:26:12+00:00</time>
      </trkpt>
      <trkpt lat="48.26126" lon="-4.60177">
        <ele>29</ele>
        <time>2026-06-23T11:26:15+00:00</time>
      </trkpt>
      <trkpt lat="48.26119" lon="-4.60177">
        <ele>29</ele>
        <time>2026-06-23T11:26:18+00:00</time>
      </trkpt>
      <trkpt lat="48.261" lon="-4.60188">
        <ele>30</ele>
        <time>2026-06-23T11:26:21+00:00</time>
      </trkpt>
      <trkpt lat="48.26074" lon="-4.60203">
        <ele>31</ele>
        <time>2026-06-23T11:26:24+00:00</time>
      </trkpt>
      <trkpt lat="48.26044" lon="-4.60212">
        <ele>36</ele>
        <time>2026-06-23T11:26:27+00:00</time>
      </trkpt>
      <trkpt lat="48.26037" lon="-4.60212">
        <ele>37</ele>
        <time>2026-06-23T11:26:30+00:00</time>
      </trkpt>
      <trkpt lat="48.26019" lon="-4.60192">
        <ele>37</ele>
        <time>2026-06-23T11:26:33+00:00</time>
      </trkpt>
      <trkpt lat="48.25997" lon="-4.60177">
        <ele>42</ele>
        <time>2026-06-23T11:26:36+00:00</time>
      </trkpt>
      <trkpt lat="48.25984" lon="-4.60175">
        <ele>42</ele>
        <time>2026-06-23T11:26:39+00:00</time>
      </trkpt>
      <trkpt lat="48.25956" lon="-4.60161">
        <ele>44</ele>
        <time>2026-06-23T11:26:42+00:00</time>
      </trkpt>
      <trkpt lat="48.25938" lon="-4.60135">
        <ele>46</ele>
        <time>2026-06-23T11:26:45+00:00</time>
      </trkpt>
      <trkpt lat="48.25926" lon="-4.60123">
        <ele>47</ele>
        <time>2026-06-23T11:26:48+00:00</time>
      </trkpt>
      <trkpt lat="48.25897" lon="-4.60111">
        <ele>54</ele>
        <time>2026-06-23T11:26:51+00:00</time>
      </trkpt>
      <trkpt lat="48.25885" lon="-4.60102">
        <ele>56</ele>
        <time>2026-06-23T11:26:54+00:00</time>
      </trkpt>
      <trkpt lat="48.2587" lon="-4.60076">
        <ele>58</ele>
        <time>2026-06-23T11:26:57+00:00</time>
      </trkpt>
      <trkpt lat="48.25844" lon="-4.60032">
        <ele>58</ele>
        <time>2026-06-23T11:27:00+00:00</time>
      </trkpt>
      <trkpt lat="48.25825" lon="-4.60012">
        <ele>58</ele>
        <time>2026-06-23T11:27:03+00:00</time>
      </trkpt>
      <trkpt lat="48.25804" lon="-4.59991">
        <ele>60</ele>
        <time>2026-06-23T11:27:06+00:00</time>
      </trkpt>
      <trkpt lat="48.25798" lon="-4.59987">
        <ele>61</ele>
        <time>2026-06-23T11:27:09+00:00</time>
      </trkpt>
      <trkpt lat="48.25793" lon="-4.59985">
        <ele>61</ele>
        <time>2026-06-23T11:27:12+00:00</time>
      </trkpt>
      <trkpt lat="48.25777" lon="-4.59953">
        <ele>62</ele>
        <time>2026-06-23T11:27:15+00:00</time>
      </trkpt>
      <trkpt lat="48.25761" lon="-4.59921">
        <ele>62</ele>
        <time>2026-06-23T11:27:18+00:00</time>
      </trkpt>
      <trkpt lat="48.25743" lon="-4.59884">
        <ele>62</ele>
        <time>2026-06-23T11:27:21+00:00</time>
      </trkpt>
      <trkpt lat="48.25732" lon="-4.59846">
        <ele>62</ele>
        <time>2026-06-23T11:27:24+00:00</time>
      </trkpt>
      <trkpt lat="48.25714" lon="-4.59782">
        <ele>61</ele>
        <time>2026-06-23T11:27:27+00:00</time>
      </trkpt>
      <trkpt lat="48.25703" lon="-4.59727">
        <ele>60</ele>
        <time>2026-06-23T11:27:30+00:00</time>
      </trkpt>
      <trkpt lat="48.25689" lon="-4.59677">
        <ele>58</ele>
        <time>2026-06-23T11:27:33+00:00</time>
      </trkpt>
      <trkpt lat="48.25665" lon="-4.59621">
        <ele>57</ele>
        <time>2026-06-23T11:27:36+00:00</time>
      </trkpt>
      <trkpt lat="48.2564" lon="-4.59579">
        <ele>57</ele>
        <time>2026-06-23T11:27:39+00:00</time>
      </trkpt>
      <trkpt lat="48.25614" lon="-4.5956">
        <ele>57</ele>
        <time>2026-06-23T11:27:42+00:00</time>
      </trkpt>
      <trkpt lat="48.25566" lon="-4.59525">
        <ele>57</ele>
        <time>2026-06-23T11:27:45+00:00</time>
      </trkpt>
      <trkpt lat="48.25553" lon="-4.59513">
        <ele>58</ele>
        <time>2026-06-23T11:27:48+00:00</time>
      </trkpt>
      <trkpt lat="48.2554" lon="-4.59497">
        <ele>56</ele>
        <time>2026-06-23T11:27:51+00:00</time>
      </trkpt>
      <trkpt lat="48.25526" lon="-4.59478">
        <ele>56</ele>
        <time>2026-06-23T11:27:54+00:00</time>
      </trkpt>
      <trkpt lat="48.25512" lon="-4.59466">
        <ele>56</ele>
        <time>2026-06-23T11:27:57+00:00</time>
      </trkpt>
      <trkpt lat="48.25489" lon="-4.59466">
        <ele>59</ele>
        <time>2026-06-23T11:28:00+00:00</time>
      </trkpt>
      <trkpt lat="48.25466" lon="-4.59469">
        <ele>59</ele>
        <time>2026-06-23T11:28:03+00:00</time>
      </trkpt>
      <trkpt lat="48.2544" lon="-4.59473">
        <ele>60</ele>
        <time>2026-06-23T11:28:06+00:00</time>
      </trkpt>
      <trkpt lat="48.25397" lon="-4.59471">
        <ele>61</ele>
        <time>2026-06-23T11:28:09+00:00</time>
      </trkpt>
      <trkpt lat="48.25372" lon="-4.59476">
        <ele>62</ele>
        <time>2026-06-23T11:28:12+00:00</time>
      </trkpt>
      <trkpt lat="48.25339" lon="-4.59483">
        <ele>63</ele>
        <time>2026-06-23T11:28:15+00:00</time>
      </trkpt>
      <trkpt lat="48.2532" lon="-4.59478">
        <ele>63</ele>
        <time>2026-06-23T11:28:18+00:00</time>
      </trkpt>
      <trkpt lat="48.25307" lon="-4.59464">
        <ele>64</ele>
        <time>2026-06-23T11:28:21+00:00</time>
      </trkpt>
      <trkpt lat="48.253" lon="-4.59443">
        <ele>63</ele>
        <time>2026-06-23T11:28:24+00:00</time>
      </trkpt>
      <trkpt lat="48.25299" lon="-4.59431">
        <ele>63</ele>
        <time>2026-06-23T11:28:27+00:00</time>
      </trkpt>
      <trkpt lat="48.25304" lon="-4.59403">
        <ele>63</ele>
        <time>2026-06-23T11:28:30+00:00</time>
      </trkpt>
      <trkpt lat="48.2532" lon="-4.59368">
        <ele>61</ele>
        <time>2026-06-23T11:28:33+00:00</time>
      </trkpt>
      <trkpt lat="48.25334" lon="-4.59339">
        <ele>60</ele>
        <time>2026-06-23T11:28:36+00:00</time>
      </trkpt>
      <trkpt lat="48.25349" lon="-4.59307">
        <ele>58</ele>
        <time>2026-06-23T11:28:39+00:00</time>
      </trkpt>
      <trkpt lat="48.25362" lon="-4.59276">
        <ele>57</ele>
        <time>2026-06-23T11:28:42+00:00</time>
      </trkpt>
      <trkpt lat="48.25379" lon="-4.59236">
        <ele>56</ele>
        <time>2026-06-23T11:28:45+00:00</time>
      </trkpt>
      <trkpt lat="48.25388" lon="-4.59206">
        <ele>55</ele>
        <time>2026-06-23T11:28:48+00:00</time>
      </trkpt>
      <trkpt lat="48.25395" lon="-4.59166">
        <ele>54</ele>
        <time>2026-06-23T11:28:51+00:00</time>
      </trkpt>
      <trkpt lat="48.25396" lon="-4.59152">
        <ele>54</ele>
        <time>2026-06-23T11:28:54+00:00</time>
      </trkpt>
      <trkpt lat="48.25396" lon="-4.59114">
        <ele>54</ele>
        <time>2026-06-23T11:28:57+00:00</time>
      </trkpt>
      <trkpt lat="48.25395" lon="-4.5908">
        <ele>54</ele>
        <time>2026-06-23T11:29:00+00:00</time>
      </trkpt>
      <trkpt lat="48.25395" lon="-4.59046">
        <ele>53</ele>
        <time>2026-06-23T11:29:03+00:00</time>
      </trkpt>
      <trkpt lat="48.25397" lon="-4.59004">
        <ele>53</ele>
        <time>2026-06-23T11:29:06+00:00</time>
      </trkpt>
      <trkpt lat="48.25402" lon="-4.58976">
        <ele>53</ele>
        <time>2026-06-23T11:29:09+00:00</time>
      </trkpt>
      <trkpt lat="48.25419" lon="-4.58916">
        <ele>53</ele>
        <time>2026-06-23T11:29:12+00:00</time>
      </trkpt>
      <trkpt lat="48.25423" lon="-4.58894">
        <ele>53</ele>
        <time>2026-06-23T11:29:15+00:00</time>
      </trkpt>
      <trkpt lat="48.25424" lon="-4.58868">
        <ele>53</ele>
        <time>2026-06-23T11:29:18+00:00</time>
      </trkpt>
      <trkpt lat="48.25421" lon="-4.58821">
        <ele>54</ele>
        <time>2026-06-23T11:29:21+00:00</time>
      </trkpt>
      <trkpt lat="48.25421" lon="-4.58785">
        <ele>54</ele>
        <time>2026-06-23T11:29:24+00:00</time>
      </trkpt>
      <trkpt lat="48.2542" lon="-4.58744">
        <ele>54</ele>
        <time>2026-06-23T11:29:27+00:00</time>
      </trkpt>
      <trkpt lat="48.25409" lon="-4.5871">
        <ele>51</ele>
        <time>2026-06-23T11:29:30+00:00</time>
      </trkpt>
      <trkpt lat="48.25394" lon="-4.58667">
        <ele>50</ele>
        <time>2026-06-23T11:29:33+00:00</time>
      </trkpt>
      <trkpt lat="48.25392" lon="-4.58652">
        <ele>48</ele>
        <time>2026-06-23T11:29:36+00:00</time>
      </trkpt>
      <trkpt lat="48.25391" lon="-4.58626">
        <ele>51</ele>
        <time>2026-06-23T11:29:39+00:00</time>
      </trkpt>
      <trkpt lat="48.25393" lon="-4.58603">
        <ele>51</ele>
        <time>2026-06-23T11:29:42+00:00</time>
      </trkpt>
      <trkpt lat="48.25388" lon="-4.58561">
        <ele>53</ele>
        <time>2026-06-23T11:29:45+00:00</time>
      </trkpt>
      <trkpt lat="48.25383" lon="-4.58519">
        <ele>55</ele>
        <time>2026-06-23T11:29:48+00:00</time>
      </trkpt>
      <trkpt lat="48.25375" lon="-4.58448">
        <ele>57</ele>
        <time>2026-06-23T11:29:51+00:00</time>
      </trkpt>
      <trkpt lat="48.25367" lon="-4.5841">
        <ele>57</ele>
        <time>2026-06-23T11:29:54+00:00</time>
      </trkpt>
      <trkpt lat="48.25356" lon="-4.58356">
        <ele>57</ele>
        <time>2026-06-23T11:29:57+00:00</time>
      </trkpt>
      <trkpt lat="48.25349" lon="-4.58335">
        <ele>58</ele>
        <time>2026-06-23T11:30:00+00:00</time>
      </trkpt>
      <trkpt lat="48.25335" lon="-4.58313">
        <ele>59</ele>
        <time>2026-06-23T11:30:03+00:00</time>
      </trkpt>
      <trkpt lat="48.25315" lon="-4.5828">
        <ele>60</ele>
        <time>2026-06-23T11:30:06+00:00</time>
      </trkpt>
      <trkpt lat="48.25294" lon="-4.58257">
        <ele>60</ele>
        <time>2026-06-23T11:30:09+00:00</time>
      </trkpt>
      <trkpt lat="48.25263" lon="-4.58223">
        <ele>59</ele>
        <time>2026-06-23T11:30:12+00:00</time>
      </trkpt>
      <trkpt lat="48.25246" lon="-4.58192">
        <ele>58</ele>
        <time>2026-06-23T11:30:15+00:00</time>
      </trkpt>
      <trkpt lat="48.25244" lon="-4.58181">
        <ele>58</ele>
        <time>2026-06-23T11:30:18+00:00</time>
      </trkpt>
      <trkpt lat="48.25248" lon="-4.58148">
        <ele>57</ele>
        <time>2026-06-23T11:30:21+00:00</time>
      </trkpt>
      <trkpt lat="48.2525" lon="-4.5811">
        <ele>55</ele>
        <time>2026-06-23T11:30:24+00:00</time>
      </trkpt>
      <trkpt lat="48.25256" lon="-4.58091">
        <ele>55</ele>
        <time>2026-06-23T11:30:27+00:00</time>
      </trkpt>
      <trkpt lat="48.25276" lon="-4.58061">
        <ele>54</ele>
        <time>2026-06-23T11:30:30+00:00</time>
      </trkpt>
      <trkpt lat="48.25296" lon="-4.58032">
        <ele>54</ele>
        <time>2026-06-23T11:30:33+00:00</time>
      </trkpt>
      <trkpt lat="48.25327" lon="-4.57986">
        <ele>53</ele>
        <time>2026-06-23T11:30:36+00:00</time>
      </trkpt>
      <trkpt lat="48.25344" lon="-4.57957">
        <ele>52</ele>
        <time>2026-06-23T11:30:39+00:00</time>
      </trkpt>
      <trkpt lat="48.25366" lon="-4.57918">
        <ele>51</ele>
        <time>2026-06-23T11:30:42+00:00</time>
      </trkpt>
      <trkpt lat="48.25388" lon="-4.57893">
        <ele>51</ele>
        <time>2026-06-23T11:30:45+00:00</time>
      </trkpt>
      <trkpt lat="48.25423" lon="-4.57854">
        <ele>52</ele>
        <time>2026-06-23T11:30:48+00:00</time>
      </trkpt>
      <trkpt lat="48.25446" lon="-4.57824">
        <ele>52</ele>
        <time>2026-06-23T11:30:51+00:00</time>
      </trkpt>
      <trkpt lat="48.2548" lon="-4.57786">
        <ele>52</ele>
        <time>2026-06-23T11:30:54+00:00</time>
      </trkpt>
      <trkpt lat="48.25501" lon="-4.57756">
        <ele>52</ele>
        <time>2026-06-23T11:30:57+00:00</time>
      </trkpt>
      <trkpt lat="48.25523" lon="-4.57718">
        <ele>49</ele>
        <time>2026-06-23T11:31:00+00:00</time>
      </trkpt>
      <trkpt lat="48.25536" lon="-4.57686">
        <ele>47</ele>
        <time>2026-06-23T11:31:03+00:00</time>
      </trkpt>
      <trkpt lat="48.25554" lon="-4.57643">
        <ele>46</ele>
        <time>2026-06-23T11:31:06+00:00</time>
      </trkpt>
      <trkpt lat="48.25565" lon="-4.5761">
        <ele>46</ele>
        <time>2026-06-23T11:31:09+00:00</time>
      </trkpt>
      <trkpt lat="48.25571" lon="-4.57573">
        <ele>45</ele>
        <time>2026-06-23T11:31:12+00:00</time>
      </trkpt>
      <trkpt lat="48.25577" lon="-4.57514">
        <ele>45</ele>
        <time>2026-06-23T11:31:15+00:00</time>
      </trkpt>
      <trkpt lat="48.25583" lon="-4.57499">
        <ele>46</ele>
        <time>2026-06-23T11:31:18+00:00</time>
      </trkpt>
      <trkpt lat="48.25568" lon="-4.57481">
        <ele>44</ele>
        <time>2026-06-23T11:31:21+00:00</time>
      </trkpt>
      <trkpt lat="48.25552" lon="-4.57457">
        <ele>44</ele>
        <time>2026-06-23T11:31:24+00:00</time>
      </trkpt>
      <trkpt lat="48.25537" lon="-4.57432">
        <ele>41</ele>
        <time>2026-06-23T11:31:27+00:00</time>
      </trkpt>
      <trkpt lat="48.25524" lon="-4.5739">
        <ele>41</ele>
        <time>2026-06-23T11:31:30+00:00</time>
      </trkpt>
      <trkpt lat="48.255" lon="-4.57343">
        <ele>41</ele>
        <time>2026-06-23T11:31:33+00:00</time>
      </trkpt>
      <trkpt lat="48.2549" lon="-4.57306">
        <ele>41</ele>
        <time>2026-06-23T11:31:36+00:00</time>
      </trkpt>
      <trkpt lat="48.25477" lon="-4.57253">
        <ele>42</ele>
        <time>2026-06-23T11:31:39+00:00</time>
      </trkpt>
      <trkpt lat="48.25472" lon="-4.57212">
        <ele>42</ele>
        <time>2026-06-23T11:31:42+00:00</time>
      </trkpt>
      <trkpt lat="48.25465" lon="-4.57146">
        <ele>42</ele>
        <time>2026-06-23T11:31:45+00:00</time>
      </trkpt>
      <trkpt lat="48.2547" lon="-4.57108">
        <ele>42</ele>
        <time>2026-06-23T11:31:48+00:00</time>
      </trkpt>
      <trkpt lat="48.25478" lon="-4.57075">
        <ele>44</ele>
        <time>2026-06-23T11:31:51+00:00</time>
      </trkpt>
      <trkpt lat="48.25486" lon="-4.5704">
        <ele>45</ele>
        <time>2026-06-23T11:31:54+00:00</time>
      </trkpt>
      <trkpt lat="48.25498" lon="-4.57003">
        <ele>45</ele>
        <time>2026-06-23T11:31:57+00:00</time>
      </trkpt>
      <trkpt lat="48.25512" lon="-4.56972">
        <ele>47</ele>
        <time>2026-06-23T11:32:00+00:00</time>
      </trkpt>
      <trkpt lat="48.2553" lon="-4.56932">
        <ele>47</ele>
        <time>2026-06-23T11:32:03+00:00</time>
      </trkpt>
      <trkpt lat="48.2555" lon="-4.569">
        <ele>46</ele>
        <time>2026-06-23T11:32:06+00:00</time>
      </trkpt>
      <trkpt lat="48.25568" lon="-4.56846">
        <ele>46</ele>
        <time>2026-06-23T11:32:09+00:00</time>
      </trkpt>
      <trkpt lat="48.25576" lon="-4.56815">
        <ele>45</ele>
        <time>2026-06-23T11:32:12+00:00</time>
      </trkpt>
      <trkpt lat="48.25579" lon="-4.56796">
        <ele>44</ele>
        <time>2026-06-23T11:32:15+00:00</time>
      </trkpt>
      <trkpt lat="48.2558" lon="-4.56768">
        <ele>43</ele>
        <time>2026-06-23T11:32:18+00:00</time>
      </trkpt>
      <trkpt lat="48.25581" lon="-4.56733">
        <ele>42</ele>
        <time>2026-06-23T11:32:21+00:00</time>
      </trkpt>
      <trkpt lat="48.25579" lon="-4.567">
        <ele>40</ele>
        <time>2026-06-23T11:32:24+00:00</time>
      </trkpt>
      <trkpt lat="48.25572" lon="-4.56658">
        <ele>37</ele>
        <time>2026-06-23T11:32:27+00:00</time>
      </trkpt>
      <trkpt lat="48.25575" lon="-4.56602">
        <ele>35</ele>
        <time>2026-06-23T11:32:30+00:00</time>
      </trkpt>
      <trkpt lat="48.25573" lon="-4.56573">
        <ele>33</ele>
        <time>2026-06-23T11:32:33+00:00</time>
      </trkpt>
      <trkpt lat="48.25582" lon="-4.56541">
        <ele>32</ele>
        <time>2026-06-23T11:32:36+00:00</time>
      </trkpt>
      <trkpt lat="48.25597" lon="-4.56515">
        <ele>31</ele>
        <time>2026-06-23T11:32:39+00:00</time>
      </trkpt>
      <trkpt lat="48.25607" lon="-4.56476">
        <ele>29</ele>
        <time>2026-06-23T11:32:42+00:00</time>
      </trkpt>
      <trkpt lat="48.25624" lon="-4.56414">
        <ele>26</ele>
        <time>2026-06-23T11:32:45+00:00</time>
      </trkpt>
      <trkpt lat="48.25624" lon="-4.56381">
        <ele>24</ele>
        <time>2026-06-23T11:32:48+00:00</time>
      </trkpt>
      <trkpt lat="48.25634" lon="-4.56327">
        <ele>18</ele>
        <time>2026-06-23T11:32:51+00:00</time>
      </trkpt>
      <trkpt lat="48.25648" lon="-4.56304">
        <ele>17</ele>
        <time>2026-06-23T11:32:54+00:00</time>
      </trkpt>
      <trkpt lat="48.25653" lon="-4.5629">
        <ele>16</ele>
        <time>2026-06-23T11:32:57+00:00</time>
      </trkpt>
      <trkpt lat="48.25675" lon="-4.56261">
        <ele>16</ele>
        <time>2026-06-23T11:33:00+00:00</time>
      </trkpt>
      <trkpt lat="48.25686" lon="-4.56196">
        <ele>13</ele>
        <time>2026-06-23T11:33:03+00:00</time>
      </trkpt>
      <trkpt lat="48.25689" lon="-4.56186">
        <ele>11</ele>
        <time>2026-06-23T11:33:06+00:00</time>
      </trkpt>
      <trkpt lat="48.25707" lon="-4.56155">
        <ele>9</ele>
        <time>2026-06-23T11:33:09+00:00</time>
      </trkpt>
      <trkpt lat="48.25742" lon="-4.56093">
        <ele>8</ele>
        <time>2026-06-23T11:33:12+00:00</time>
      </trkpt>
      <trkpt lat="48.25751" lon="-4.56095">
        <ele>8</ele>
        <time>2026-06-23T11:33:15+00:00</time>
      </trkpt>
      <trkpt lat="48.25757" lon="-4.56093">
        <ele>8</ele>
        <time>2026-06-23T11:33:18+00:00</time>
      </trkpt>
      <trkpt lat="48.25772" lon="-4.56081">
        <ele>8</ele>
        <time>2026-06-23T11:33:21+00:00</time>
      </trkpt>
      <trkpt lat="48.25809" lon="-4.56097">
        <ele>7</ele>
        <time>2026-06-23T11:33:24+00:00</time>
      </trkpt>
      <trkpt lat="48.25832" lon="-4.56105">
        <ele>7</ele>
        <time>2026-06-23T11:33:27+00:00</time>
      </trkpt>
      <trkpt lat="48.2586" lon="-4.56115">
        <ele>6</ele>
        <time>2026-06-23T11:33:30+00:00</time>
      </trkpt>
      <trkpt lat="48.25867" lon="-4.56093">
        <ele>3</ele>
        <time>2026-06-23T11:33:33+00:00</time>
      </trkpt>
      <trkpt lat="48.2588" lon="-4.56082">
        <ele>3</ele>
        <time>2026-06-23T11:33:36+00:00</time>
      </trkpt>
      <trkpt lat="48.25898" lon="-4.5605">
        <ele>3</ele>
        <time>2026-06-23T11:33:39+00:00</time>
      </trkpt>
      <trkpt lat="48.25922" lon="-4.5601">
        <ele>4</ele>
        <time>2026-06-23T11:33:42+00:00</time>
      </trkpt>
      <trkpt lat="48.2593" lon="-4.55962">
        <ele>4</ele>
        <time>2026-06-23T11:33:45+00:00</time>
      </trkpt>
      <trkpt lat="48.25927" lon="-4.55912">
        <ele>5</ele>
        <time>2026-06-23T11:33:48+00:00</time>
      </trkpt>
      <trkpt lat="48.25923" lon="-4.55905">
        <ele>5</ele>
        <time>2026-06-23T11:33:51+00:00</time>
      </trkpt>
      <trkpt lat="48.25921" lon="-4.55879">
        <ele>5</ele>
        <time>2026-06-23T11:33:54+00:00</time>
      </trkpt>
      <trkpt lat="48.25918" lon="-4.55849">
        <ele>5</ele>
        <time>2026-06-23T11:33:57+00:00</time>
      </trkpt>
      <trkpt lat="48.25907" lon="-4.55785">
        <ele>5</ele>
        <time>2026-06-23T11:34:00+00:00</time>
      </trkpt>
      <trkpt lat="48.25899" lon="-4.55755">
        <ele>4</ele>
        <time>2026-06-23T11:34:03+00:00</time>
      </trkpt>
      <trkpt lat="48.25885" lon="-4.55717">
        <ele>4</ele>
        <time>2026-06-23T11:34:06+00:00</time>
      </trkpt>
      <trkpt lat="48.25874" lon="-4.55685">
        <ele>5</ele>
        <time>2026-06-23T11:34:09+00:00</time>
      </trkpt>
      <trkpt lat="48.25861" lon="-4.55647">
        <ele>5</ele>
        <time>2026-06-23T11:34:12+00:00</time>
      </trkpt>
      <trkpt lat="48.25849" lon="-4.55617">
        <ele>5</ele>
        <time>2026-06-23T11:34:15+00:00</time>
      </trkpt>
      <trkpt lat="48.25835" lon="-4.55582">
        <ele>5</ele>
        <time>2026-06-23T11:34:18+00:00</time>
      </trkpt>
      <trkpt lat="48.25819" lon="-4.55567">
        <ele>5</ele>
        <time>2026-06-23T11:34:21+00:00</time>
      </trkpt>
      <trkpt lat="48.2581" lon="-4.55553">
        <ele>4</ele>
        <time>2026-06-23T11:34:24+00:00</time>
      </trkpt>
      <trkpt lat="48.258" lon="-4.55527">
        <ele>7</ele>
        <time>2026-06-23T11:34:27+00:00</time>
      </trkpt>
      <trkpt lat="48.25797" lon="-4.55513">
        <ele>13</ele>
        <time>2026-06-23T11:34:30+00:00</time>
      </trkpt>
      <trkpt lat="48.25797" lon="-4.55499">
        <ele>18</ele>
        <time>2026-06-23T11:34:33+00:00</time>
      </trkpt>
      <trkpt lat="48.25791" lon="-4.55494">
        <ele>18</ele>
        <time>2026-06-23T11:34:36+00:00</time>
      </trkpt>
      <trkpt lat="48.25766" lon="-4.5548">
        <ele>26</ele>
        <time>2026-06-23T11:34:39+00:00</time>
      </trkpt>
      <trkpt lat="48.25747" lon="-4.55459">
        <ele>30</ele>
        <time>2026-06-23T11:34:42+00:00</time>
      </trkpt>
      <trkpt lat="48.25723" lon="-4.55422">
        <ele>23</ele>
        <time>2026-06-23T11:34:45+00:00</time>
      </trkpt>
      <trkpt lat="48.25714" lon="-4.55393">
        <ele>22</ele>
        <time>2026-06-23T11:34:48+00:00</time>
      </trkpt>
      <trkpt lat="48.25699" lon="-4.55356">
        <ele>22</ele>
        <time>2026-06-23T11:34:51+00:00</time>
      </trkpt>
      <trkpt lat="48.25686" lon="-4.55328">
        <ele>27</ele>
        <time>2026-06-23T11:34:54+00:00</time>
      </trkpt>
      <trkpt lat="48.25677" lon="-4.55316">
        <ele>32</ele>
        <time>2026-06-23T11:34:57+00:00</time>
      </trkpt>
      <trkpt lat="48.25668" lon="-4.55297">
        <ele>27</ele>
        <time>2026-06-23T11:35:00+00:00</time>
      </trkpt>
      <trkpt lat="48.25657" lon="-4.55283">
        <ele>22</ele>
        <time>2026-06-23T11:35:03+00:00</time>
      </trkpt>
      <trkpt lat="48.25642" lon="-4.5527">
        <ele>26</ele>
        <time>2026-06-23T11:35:06+00:00</time>
      </trkpt>
      <trkpt lat="48.25626" lon="-4.55255">
        <ele>26</ele>
        <time>2026-06-23T11:35:09+00:00</time>
      </trkpt>
      <trkpt lat="48.25611" lon="-4.55236">
        <ele>36</ele>
        <time>2026-06-23T11:35:12+00:00</time>
      </trkpt>
      <trkpt lat="48.25605" lon="-4.55227">
        <ele>30</ele>
        <time>2026-06-23T11:35:15+00:00</time>
      </trkpt>
      <trkpt lat="48.25602" lon="-4.55213">
        <ele>36</ele>
        <time>2026-06-23T11:35:18+00:00</time>
      </trkpt>
      <trkpt lat="48.25583" lon="-4.5518">
        <ele>33</ele>
        <time>2026-06-23T11:35:21+00:00</time>
      </trkpt>
      <trkpt lat="48.2558" lon="-4.55166">
        <ele>28</ele>
        <time>2026-06-23T11:35:24+00:00</time>
      </trkpt>
      <trkpt lat="48.25575" lon="-4.55124">
        <ele>34</ele>
        <time>2026-06-23T11:35:27+00:00</time>
      </trkpt>
      <trkpt lat="48.2557" lon="-4.55083">
        <ele>34</ele>
        <time>2026-06-23T11:35:30+00:00</time>
      </trkpt>
      <trkpt lat="48.25564" lon="-4.5503">
        <ele>34</ele>
        <time>2026-06-23T11:35:33+00:00</time>
      </trkpt>
      <trkpt lat="48.25565" lon="-4.55004">
        <ele>32</ele>
        <time>2026-06-23T11:35:36+00:00</time>
      </trkpt>
      <trkpt lat="48.25558" lon="-4.54976">
        <ele>31</ele>
        <time>2026-06-23T11:35:39+00:00</time>
      </trkpt>
      <trkpt lat="48.25548" lon="-4.54934">
        <ele>31</ele>
        <time>2026-06-23T11:35:42+00:00</time>
      </trkpt>
      <trkpt lat="48.25543" lon="-4.54927">
        <ele>28</ele>
        <time>2026-06-23T11:35:45+00:00</time>
      </trkpt>
      <trkpt lat="48.25542" lon="-4.54917">
        <ele>29</ele>
        <time>2026-06-23T11:35:48+00:00</time>
      </trkpt>
      <trkpt lat="48.25551" lon="-4.54894">
        <ele>31</ele>
        <time>2026-06-23T11:35:51+00:00</time>
      </trkpt>
      <trkpt lat="48.25554" lon="-4.54861">
        <ele>29</ele>
        <time>2026-06-23T11:35:54+00:00</time>
      </trkpt>
      <trkpt lat="48.25541" lon="-4.54814">
        <ele>26</ele>
        <time>2026-06-23T11:35:57+00:00</time>
      </trkpt>
      <trkpt lat="48.25535" lon="-4.54781">
        <ele>21</ele>
        <time>2026-06-23T11:36:00+00:00</time>
      </trkpt>
      <trkpt lat="48.25529" lon="-4.54745">
        <ele>20</ele>
        <time>2026-06-23T11:36:03+00:00</time>
      </trkpt>
      <trkpt lat="48.25526" lon="-4.54739">
        <ele>18</ele>
        <time>2026-06-23T11:36:06+00:00</time>
      </trkpt>
      <trkpt lat="48.25515" lon="-4.54726">
        <ele>19</ele>
        <time>2026-06-23T11:36:09+00:00</time>
      </trkpt>
      <trkpt lat="48.255" lon="-4.5472">
        <ele>17</ele>
        <time>2026-06-23T11:36:12+00:00</time>
      </trkpt>
      <trkpt lat="48.25485" lon="-4.54729">
        <ele>16</ele>
        <time>2026-06-23T11:36:15+00:00</time>
      </trkpt>
      <trkpt lat="48.2547" lon="-4.54739">
        <ele>12</ele>
        <time>2026-06-23T11:36:18+00:00</time>
      </trkpt>
      <trkpt lat="48.25462" lon="-4.54751">
        <ele>10</ele>
        <time>2026-06-23T11:36:21+00:00</time>
      </trkpt>
      <trkpt lat="48.25455" lon="-4.54755">
        <ele>9</ele>
        <time>2026-06-23T11:36:24+00:00</time>
      </trkpt>
      <trkpt lat="48.25427" lon="-4.54767">
        <ele>8</ele>
        <time>2026-06-23T11:36:27+00:00</time>
      </trkpt>
      <trkpt lat="48.25422" lon="-4.54767">
        <ele>8</ele>
        <time>2026-06-23T11:36:30+00:00</time>
      </trkpt>
      <trkpt lat="48.25415" lon="-4.54765">
        <ele>7</ele>
        <time>2026-06-23T11:36:33+00:00</time>
      </trkpt>
      <trkpt lat="48.25402" lon="-4.54755">
        <ele>8</ele>
        <time>2026-06-23T11:36:36+00:00</time>
      </trkpt>
      <trkpt lat="48.2538" lon="-4.54741">
        <ele>8</ele>
        <time>2026-06-23T11:36:39+00:00</time>
      </trkpt>
      <trkpt lat="48.25355" lon="-4.54725">
        <ele>8</ele>
        <time>2026-06-23T11:36:42+00:00</time>
      </trkpt>
      <trkpt lat="48.25319" lon="-4.54697">
        <ele>8</ele>
        <time>2026-06-23T11:36:45+00:00</time>
      </trkpt>
      <trkpt lat="48.25301" lon="-4.54672">
        <ele>8</ele>
        <time>2026-06-23T11:36:48+00:00</time>
      </trkpt>
      <trkpt lat="48.25271" lon="-4.54636">
        <ele>9</ele>
        <time>2026-06-23T11:36:51+00:00</time>
      </trkpt>
      <trkpt lat="48.25254" lon="-4.54624">
        <ele>9</ele>
        <time>2026-06-23T11:36:54+00:00</time>
      </trkpt>
      <trkpt lat="48.25235" lon="-4.54605">
        <ele>9</ele>
        <time>2026-06-23T11:36:57+00:00</time>
      </trkpt>
      <trkpt lat="48.25217" lon="-4.54593">
        <ele>9</ele>
        <time>2026-06-23T11:37:00+00:00</time>
      </trkpt>
      <trkpt lat="48.25191" lon="-4.54572">
        <ele>9</ele>
        <time>2026-06-23T11:37:03+00:00</time>
      </trkpt>
      <trkpt lat="48.25177" lon="-4.54557">
        <ele>10</ele>
        <time>2026-06-23T11:37:06+00:00</time>
      </trkpt>
      <trkpt lat="48.2516" lon="-4.54545">
        <ele>9</ele>
        <time>2026-06-23T11:37:09+00:00</time>
      </trkpt>
      <trkpt lat="48.25136" lon="-4.54528">
        <ele>9</ele>
        <time>2026-06-23T11:37:12+00:00</time>
      </trkpt>
      <trkpt lat="48.25113" lon="-4.54515">
        <ele>9</ele>
        <time>2026-06-23T11:37:15+00:00</time>
      </trkpt>
      <trkpt lat="48.25085" lon="-4.545">
        <ele>9</ele>
        <time>2026-06-23T11:37:18+00:00</time>
      </trkpt>
      <trkpt lat="48.25056" lon="-4.54479">
        <ele>9</ele>
        <time>2026-06-23T11:37:21+00:00</time>
      </trkpt>
      <trkpt lat="48.25036" lon="-4.54457">
        <ele>9</ele>
        <time>2026-06-23T11:37:24+00:00</time>
      </trkpt>
      <trkpt lat="48.25005" lon="-4.54429">
        <ele>8</ele>
        <time>2026-06-23T11:37:27+00:00</time>
      </trkpt>
      <trkpt lat="48.25" lon="-4.54419">
        <ele>9</ele>
        <time>2026-06-23T11:37:30+00:00</time>
      </trkpt>
      <trkpt lat="48.24998" lon="-4.54401">
        <ele>8</ele>
        <time>2026-06-23T11:37:33+00:00</time>
      </trkpt>
      <trkpt lat="48.25001" lon="-4.54394">
        <ele>9</ele>
        <time>2026-06-23T11:37:36+00:00</time>
      </trkpt>
      <trkpt lat="48.25" lon="-4.5438">
        <ele>8</ele>
        <time>2026-06-23T11:37:39+00:00</time>
      </trkpt>
      <trkpt lat="48.24993" lon="-4.54368">
        <ele>7</ele>
        <time>2026-06-23T11:37:42+00:00</time>
      </trkpt>
      <trkpt lat="48.24981" lon="-4.54356">
        <ele>6</ele>
        <time>2026-06-23T11:37:45+00:00</time>
      </trkpt>
      <trkpt lat="48.24966" lon="-4.54326">
        <ele>6</ele>
        <time>2026-06-23T11:37:48+00:00</time>
      </trkpt>
      <trkpt lat="48.24965" lon="-4.54325">
        <ele>6</ele>
        <time>2026-06-23T11:37:51+00:00</time>
      </trkpt>
      <trkpt lat="48.24961" lon="-4.54341">
        <ele>5</ele>
        <time>2026-06-23T11:37:54+00:00</time>
      </trkpt>
      <trkpt lat="48.24953" lon="-4.54347">
        <ele>6</ele>
        <time>2026-06-23T11:37:57+00:00</time>
      </trkpt>
      <trkpt lat="48.24944" lon="-4.54347">
        <ele>5</ele>
        <time>2026-06-23T11:38:00+00:00</time>
      </trkpt>
      <trkpt lat="48.24934" lon="-4.54336">
        <ele>5</ele>
        <time>2026-06-23T11:38:03+00:00</time>
      </trkpt>
      <trkpt lat="48.24911" lon="-4.54328">
        <ele>5</ele>
        <time>2026-06-23T11:38:06+00:00</time>
      </trkpt>
      <trkpt lat="48.24887" lon="-4.54319">
        <ele>5</ele>
        <time>2026-06-23T11:38:09+00:00</time>
      </trkpt>
      <trkpt lat="48.24878" lon="-4.54313">
        <ele>5</ele>
        <time>2026-06-23T11:38:12+00:00</time>
      </trkpt>
      <trkpt lat="48.24861" lon="-4.54309">
        <ele>5</ele>
        <time>2026-06-23T11:38:15+00:00</time>
      </trkpt>
      <trkpt lat="48.24837" lon="-4.54316">
        <ele>6</ele>
        <time>2026-06-23T11:38:18+00:00</time>
      </trkpt>
      <trkpt lat="48.24809" lon="-4.54324">
        <ele>6</ele>
        <time>2026-06-23T11:38:21+00:00</time>
      </trkpt>
      <trkpt lat="48.2477" lon="-4.54331">
        <ele>6</ele>
        <time>2026-06-23T11:38:24+00:00</time>
      </trkpt>
      <trkpt lat="48.24755" lon="-4.54328">
        <ele>6</ele>
        <time>2026-06-23T11:38:27+00:00</time>
      </trkpt>
      <trkpt lat="48.24736" lon="-4.54314">
        <ele>6</ele>
        <time>2026-06-23T11:38:30+00:00</time>
      </trkpt>
      <trkpt lat="48.24709" lon="-4.54293">
        <ele>6</ele>
        <time>2026-06-23T11:38:33+00:00</time>
      </trkpt>
      <trkpt lat="48.2468" lon="-4.54286">
        <ele>6</ele>
        <time>2026-06-23T11:38:36+00:00</time>
      </trkpt>
      <trkpt lat="48.24625" lon="-4.54272">
        <ele>6</ele>
        <time>2026-06-23T11:38:39+00:00</time>
      </trkpt>
      <trkpt lat="48.24605" lon="-4.54277">
        <ele>6</ele>
        <time>2026-06-23T11:38:42+00:00</time>
      </trkpt>
      <trkpt lat="48.24577" lon="-4.54291">
        <ele>6</ele>
        <time>2026-06-23T11:38:45+00:00</time>
      </trkpt>
      <trkpt lat="48.24555" lon="-4.543">
        <ele>7</ele>
        <time>2026-06-23T11:38:48+00:00</time>
      </trkpt>
      <trkpt lat="48.2453" lon="-4.54302">
        <ele>7</ele>
        <time>2026-06-23T11:38:51+00:00</time>
      </trkpt>
      <trkpt lat="48.24505" lon="-4.54308">
        <ele>7</ele>
        <time>2026-06-23T11:38:54+00:00</time>
      </trkpt>
      <trkpt lat="48.24471" lon="-4.54317">
        <ele>7</ele>
        <time>2026-06-23T11:38:57+00:00</time>
      </trkpt>
      <trkpt lat="48.24442" lon="-4.54341">
        <ele>7</ele>
        <time>2026-06-23T11:39:00+00:00</time>
      </trkpt>
      <trkpt lat="48.24418" lon="-4.54344">
        <ele>7</ele>
        <time>2026-06-23T11:39:03+00:00</time>
      </trkpt>
      <trkpt lat="48.24389" lon="-4.54347">
        <ele>7</ele>
        <time>2026-06-23T11:39:06+00:00</time>
      </trkpt>
      <trkpt lat="48.24377" lon="-4.54352">
        <ele>7</ele>
        <time>2026-06-23T11:39:09+00:00</time>
      </trkpt>
      <trkpt lat="48.24353" lon="-4.54353">
        <ele>8</ele>
        <time>2026-06-23T11:39:12+00:00</time>
      </trkpt>
      <trkpt lat="48.24339" lon="-4.54347">
        <ele>8</ele>
        <time>2026-06-23T11:39:15+00:00</time>
      </trkpt>
      <trkpt lat="48.24325" lon="-4.54331">
        <ele>9</ele>
        <time>2026-06-23T11:39:18+00:00</time>
      </trkpt>
      <trkpt lat="48.2431" lon="-4.54321">
        <ele>8</ele>
        <time>2026-06-23T11:39:21+00:00</time>
      </trkpt>
      <trkpt lat="48.24295" lon="-4.54317">
        <ele>9</ele>
        <time>2026-06-23T11:39:24+00:00</time>
      </trkpt>
      <trkpt lat="48.24278" lon="-4.54312">
        <ele>9</ele>
        <time>2026-06-23T11:39:27+00:00</time>
      </trkpt>
      <trkpt lat="48.24249" lon="-4.54307">
        <ele>9</ele>
        <time>2026-06-23T11:39:30+00:00</time>
      </trkpt>
      <trkpt lat="48.24241" lon="-4.54303">
        <ele>9</ele>
        <time>2026-06-23T11:39:33+00:00</time>
      </trkpt>
      <trkpt lat="48.24219" lon="-4.54331">
        <ele>7</ele>
        <time>2026-06-23T11:39:36+00:00</time>
      </trkpt>
      <trkpt lat="48.24195" lon="-4.54349">
        <ele>7</ele>
        <time>2026-06-23T11:39:39+00:00</time>
      </trkpt>
      <trkpt lat="48.24168" lon="-4.54381">
        <ele>7</ele>
        <time>2026-06-23T11:39:42+00:00</time>
      </trkpt>
      <trkpt lat="48.24157" lon="-4.54403">
        <ele>6</ele>
        <time>2026-06-23T11:39:45+00:00</time>
      </trkpt>
      <trkpt lat="48.2415" lon="-4.5441">
        <ele>7</ele>
        <time>2026-06-23T11:39:48+00:00</time>
      </trkpt>
      <trkpt lat="48.24141" lon="-4.54413">
        <ele>7</ele>
        <time>2026-06-23T11:39:51+00:00</time>
      </trkpt>
      <trkpt lat="48.24127" lon="-4.54422">
        <ele>6</ele>
        <time>2026-06-23T11:39:54+00:00</time>
      </trkpt>
      <trkpt lat="48.24096" lon="-4.54458">
        <ele>6</ele>
        <time>2026-06-23T11:39:57+00:00</time>
      </trkpt>
      <trkpt lat="48.24077" lon="-4.54485">
        <ele>5</ele>
        <time>2026-06-23T11:40:00+00:00</time>
      </trkpt>
      <trkpt lat="48.24051" lon="-4.54521">
        <ele>5</ele>
        <time>2026-06-23T11:40:03+00:00</time>
      </trkpt>
      <trkpt lat="48.24041" lon="-4.5453">
        <ele>4</ele>
        <time>2026-06-23T11:40:06+00:00</time>
      </trkpt>
      <trkpt lat="48.24036" lon="-4.54544">
        <ele>5</ele>
        <time>2026-06-23T11:40:09+00:00</time>
      </trkpt>
      <trkpt lat="48.24034" lon="-4.54557">
        <ele>5</ele>
        <time>2026-06-23T11:40:12+00:00</time>
      </trkpt>
      <trkpt lat="48.24032" lon="-4.54565">
        <ele>4</ele>
        <time>2026-06-23T11:40:15+00:00</time>
      </trkpt>
      <trkpt lat="48.24028" lon="-4.5457">
        <ele>6</ele>
        <time>2026-06-23T11:40:18+00:00</time>
      </trkpt>
      <trkpt lat="48.24019" lon="-4.54565">
        <ele>13</ele>
        <time>2026-06-23T11:40:21+00:00</time>
      </trkpt>
      <trkpt lat="48.24018" lon="-4.5457">
        <ele>13</ele>
        <time>2026-06-23T11:40:24+00:00</time>
      </trkpt>
      <trkpt lat="48.2402" lon="-4.54575">
        <ele>13</ele>
        <time>2026-06-23T11:40:27+00:00</time>
      </trkpt>
      <trkpt lat="48.24012" lon="-4.54586">
        <ele>13</ele>
        <time>2026-06-23T11:40:30+00:00</time>
      </trkpt>
      <trkpt lat="48.24011" lon="-4.54593">
        <ele>14</ele>
        <time>2026-06-23T11:40:33+00:00</time>
      </trkpt>
      <trkpt lat="48.24016" lon="-4.546">
        <ele>13</ele>
        <time>2026-06-23T11:40:36+00:00</time>
      </trkpt>
      <trkpt lat="48.24017" lon="-4.5461">
        <ele>14</ele>
        <time>2026-06-23T11:40:39+00:00</time>
      </trkpt>
      <trkpt lat="48.24009" lon="-4.54636">
        <ele>16</ele>
        <time>2026-06-23T11:40:42+00:00</time>
      </trkpt>
      <trkpt lat="48.23998" lon="-4.54652">
        <ele>17</ele>
        <time>2026-06-23T11:40:45+00:00</time>
      </trkpt>
      <trkpt lat="48.23998" lon="-4.54677">
        <ele>18</ele>
        <time>2026-06-23T11:40:48+00:00</time>
      </trkpt>
      <trkpt lat="48.23997" lon="-4.54706">
        <ele>18</ele>
        <time>2026-06-23T11:40:51+00:00</time>
      </trkpt>
      <trkpt lat="48.24007" lon="-4.5474">
        <ele>18</ele>
        <time>2026-06-23T11:40:54+00:00</time>
      </trkpt>
      <trkpt lat="48.24018" lon="-4.54779">
        <ele>18</ele>
        <time>2026-06-23T11:40:57+00:00</time>
      </trkpt>
      <trkpt lat="48.2402" lon="-4.54793">
        <ele>19</ele>
        <time>2026-06-23T11:41:00+00:00</time>
      </trkpt>
      <trkpt lat="48.2402" lon="-4.54809">
        <ele>19</ele>
        <time>2026-06-23T11:41:03+00:00</time>
      </trkpt>
      <trkpt lat="48.24018" lon="-4.54821">
        <ele>19</ele>
        <time>2026-06-23T11:41:06+00:00</time>
      </trkpt>
      <trkpt lat="48.24006" lon="-4.54845">
        <ele>20</ele>
        <time>2026-06-23T11:41:09+00:00</time>
      </trkpt>
      <trkpt lat="48.23994" lon="-4.5487">
        <ele>21</ele>
        <time>2026-06-23T11:41:12+00:00</time>
      </trkpt>
      <trkpt lat="48.23983" lon="-4.54898">
        <ele>26</ele>
        <time>2026-06-23T11:41:15+00:00</time>
      </trkpt>
      <trkpt lat="48.23967" lon="-4.54882">
        <ele>31</ele>
        <time>2026-06-23T11:41:18+00:00</time>
      </trkpt>
      <trkpt lat="48.23958" lon="-4.54877">
        <ele>34</ele>
        <time>2026-06-23T11:41:21+00:00</time>
      </trkpt>
      <trkpt lat="48.23942" lon="-4.54898">
        <ele>36</ele>
        <time>2026-06-23T11:41:24+00:00</time>
      </trkpt>
      <trkpt lat="48.23935" lon="-4.54941">
        <ele>39</ele>
        <time>2026-06-23T11:41:27+00:00</time>
      </trkpt>
      <trkpt lat="48.23938" lon="-4.54981">
        <ele>39</ele>
        <time>2026-06-23T11:41:30+00:00</time>
      </trkpt>
      <trkpt lat="48.23942" lon="-4.5504">
        <ele>38</ele>
        <time>2026-06-23T11:41:33+00:00</time>
      </trkpt>
      <trkpt lat="48.23938" lon="-4.55044">
        <ele>39</ele>
        <time>2026-06-23T11:41:36+00:00</time>
      </trkpt>
      <trkpt lat="48.2394" lon="-4.55051">
        <ele>40</ele>
        <time>2026-06-23T11:41:39+00:00</time>
      </trkpt>
      <trkpt lat="48.23946" lon="-4.55058">
        <ele>38</ele>
        <time>2026-06-23T11:41:42+00:00</time>
      </trkpt>
      <trkpt lat="48.23952" lon="-4.55084">
        <ele>38</ele>
        <time>2026-06-23T11:41:45+00:00</time>
      </trkpt>
      <trkpt lat="48.23951" lon="-4.55101">
        <ele>38</ele>
        <time>2026-06-23T11:41:48+00:00</time>
      </trkpt>
      <trkpt lat="48.23957" lon="-4.55131">
        <ele>39</ele>
        <time>2026-06-23T11:41:51+00:00</time>
      </trkpt>
      <trkpt lat="48.23959" lon="-4.55189">
        <ele>39</ele>
        <time>2026-06-23T11:41:54+00:00</time>
      </trkpt>
      <trkpt lat="48.23956" lon="-4.55217">
        <ele>39</ele>
        <time>2026-06-23T11:41:57+00:00</time>
      </trkpt>
      <trkpt lat="48.23946" lon="-4.55255">
        <ele>40</ele>
        <time>2026-06-23T11:42:00+00:00</time>
      </trkpt>
      <trkpt lat="48.23927" lon="-4.55295">
        <ele>40</ele>
        <time>2026-06-23T11:42:03+00:00</time>
      </trkpt>
      <trkpt lat="48.23918" lon="-4.55351">
        <ele>42</ele>
        <time>2026-06-23T11:42:06+00:00</time>
      </trkpt>
      <trkpt lat="48.23908" lon="-4.55389">
        <ele>42</ele>
        <time>2026-06-23T11:42:09+00:00</time>
      </trkpt>
      <trkpt lat="48.23895" lon="-4.55419">
        <ele>42</ele>
        <time>2026-06-23T11:42:12+00:00</time>
      </trkpt>
      <trkpt lat="48.23871" lon="-4.55457">
        <ele>42</ele>
        <time>2026-06-23T11:42:15+00:00</time>
      </trkpt>
      <trkpt lat="48.23845" lon="-4.55511">
        <ele>45</ele>
        <time>2026-06-23T11:42:18+00:00</time>
      </trkpt>
      <trkpt lat="48.23827" lon="-4.55544">
        <ele>45</ele>
        <time>2026-06-23T11:42:21+00:00</time>
      </trkpt>
      <trkpt lat="48.23798" lon="-4.55599">
        <ele>42</ele>
        <time>2026-06-23T11:42:24+00:00</time>
      </trkpt>
      <trkpt lat="48.23791" lon="-4.55602">
        <ele>45</ele>
        <time>2026-06-23T11:42:27+00:00</time>
      </trkpt>
      <trkpt lat="48.23787" lon="-4.556">
        <ele>44</ele>
        <time>2026-06-23T11:42:30+00:00</time>
      </trkpt>
      <trkpt lat="48.23782" lon="-4.55605">
        <ele>44</ele>
        <time>2026-06-23T11:42:33+00:00</time>
      </trkpt>
      <trkpt lat="48.23779" lon="-4.55614">
        <ele>39</ele>
        <time>2026-06-23T11:42:36+00:00</time>
      </trkpt>
      <trkpt lat="48.23774" lon="-4.55616">
        <ele>39</ele>
        <time>2026-06-23T11:42:39+00:00</time>
      </trkpt>
      <trkpt lat="48.23768" lon="-4.55623">
        <ele>38</ele>
        <time>2026-06-23T11:42:42+00:00</time>
      </trkpt>
      <trkpt lat="48.23748" lon="-4.55654">
        <ele>33</ele>
        <time>2026-06-23T11:42:45+00:00</time>
      </trkpt>
      <trkpt lat="48.23732" lon="-4.55684">
        <ele>29</ele>
        <time>2026-06-23T11:42:48+00:00</time>
      </trkpt>
      <trkpt lat="48.2371" lon="-4.55724">
        <ele>26</ele>
        <time>2026-06-23T11:42:51+00:00</time>
      </trkpt>
      <trkpt lat="48.23688" lon="-4.55752">
        <ele>24</ele>
        <time>2026-06-23T11:42:54+00:00</time>
      </trkpt>
      <trkpt lat="48.23683" lon="-4.55769">
        <ele>22</ele>
        <time>2026-06-23T11:42:57+00:00</time>
      </trkpt>
      <trkpt lat="48.23675" lon="-4.55811">
        <ele>20</ele>
        <time>2026-06-23T11:43:00+00:00</time>
      </trkpt>
      <trkpt lat="48.23662" lon="-4.55856">
        <ele>17</ele>
        <time>2026-06-23T11:43:03+00:00</time>
      </trkpt>
      <trkpt lat="48.23651" lon="-4.55884">
        <ele>15</ele>
        <time>2026-06-23T11:43:06+00:00</time>
      </trkpt>
      <trkpt lat="48.23636" lon="-4.5591">
        <ele>13</ele>
        <time>2026-06-23T11:43:09+00:00</time>
      </trkpt>
      <trkpt lat="48.23635" lon="-4.55917">
        <ele>11</ele>
        <time>2026-06-23T11:43:12+00:00</time>
      </trkpt>
      <trkpt lat="48.23638" lon="-4.55924">
        <ele>11</ele>
        <time>2026-06-23T11:43:15+00:00</time>
      </trkpt>
      <trkpt lat="48.23634" lon="-4.55928">
        <ele>11</ele>
        <time>2026-06-23T11:43:18+00:00</time>
      </trkpt>
      <trkpt lat="48.23623" lon="-4.55926">
        <ele>14</ele>
        <time>2026-06-23T11:43:21+00:00</time>
      </trkpt>
      <trkpt lat="48.2362" lon="-4.55938">
        <ele>12</ele>
        <time>2026-06-23T11:43:24+00:00</time>
      </trkpt>
      <trkpt lat="48.236" lon="-4.55959">
        <ele>14</ele>
        <time>2026-06-23T11:43:27+00:00</time>
      </trkpt>
      <trkpt lat="48.23592" lon="-4.55978">
        <ele>15</ele>
        <time>2026-06-23T11:43:30+00:00</time>
      </trkpt>
      <trkpt lat="48.23583" lon="-4.56017">
        <ele>13</ele>
        <time>2026-06-23T11:43:33+00:00</time>
      </trkpt>
      <trkpt lat="48.23573" lon="-4.56039">
        <ele>14</ele>
        <time>2026-06-23T11:43:36+00:00</time>
      </trkpt>
      <trkpt lat="48.23565" lon="-4.56064">
        <ele>13</ele>
        <time>2026-06-23T11:43:39+00:00</time>
      </trkpt>
      <trkpt lat="48.23565" lon="-4.56097">
        <ele>13</ele>
        <time>2026-06-23T11:43:42+00:00</time>
      </trkpt>
      <trkpt lat="48.23554" lon="-4.56114">
        <ele>15</ele>
        <time>2026-06-23T11:43:45+00:00</time>
      </trkpt>
      <trkpt lat="48.23551" lon="-4.56132">
        <ele>17</ele>
        <time>2026-06-23T11:43:48+00:00</time>
      </trkpt>
      <trkpt lat="48.23557" lon="-4.56179">
        <ele>20</ele>
        <time>2026-06-23T11:43:51+00:00</time>
      </trkpt>
      <trkpt lat="48.23567" lon="-4.56189">
        <ele>20</ele>
        <time>2026-06-23T11:43:54+00:00</time>
      </trkpt>
      <trkpt lat="48.23571" lon="-4.56205">
        <ele>20</ele>
        <time>2026-06-23T11:43:57+00:00</time>
      </trkpt>
      <trkpt lat="48.23571" lon="-4.56231">
        <ele>20</ele>
        <time>2026-06-23T11:44:00+00:00</time>
      </trkpt>
      <trkpt lat="48.23568" lon="-4.56253">
        <ele>22</ele>
        <time>2026-06-23T11:44:03+00:00</time>
      </trkpt>
      <trkpt lat="48.23564" lon="-4.56275">
        <ele>22</ele>
        <time>2026-06-23T11:44:06+00:00</time>
      </trkpt>
      <trkpt lat="48.23558" lon="-4.56304">
        <ele>23</ele>
        <time>2026-06-23T11:44:09+00:00</time>
      </trkpt>
      <trkpt lat="48.2356" lon="-4.56341">
        <ele>23</ele>
        <time>2026-06-23T11:44:12+00:00</time>
      </trkpt>
      <trkpt lat="48.23568" lon="-4.56355">
        <ele>24</ele>
        <time>2026-06-23T11:44:15+00:00</time>
      </trkpt>
      <trkpt lat="48.23577" lon="-4.56379">
        <ele>23</ele>
        <time>2026-06-23T11:44:18+00:00</time>
      </trkpt>
      <trkpt lat="48.23567" lon="-4.56433">
        <ele>25</ele>
        <time>2026-06-23T11:44:21+00:00</time>
      </trkpt>
      <trkpt lat="48.23572" lon="-4.56449">
        <ele>27</ele>
        <time>2026-06-23T11:44:24+00:00</time>
      </trkpt>
      <trkpt lat="48.23593" lon="-4.5647">
        <ele>25</ele>
        <time>2026-06-23T11:44:27+00:00</time>
      </trkpt>
      <trkpt lat="48.236" lon="-4.56473">
        <ele>27</ele>
        <time>2026-06-23T11:44:30+00:00</time>
      </trkpt>
      <trkpt lat="48.2363" lon="-4.56489">
        <ele>25</ele>
        <time>2026-06-23T11:44:33+00:00</time>
      </trkpt>
      <trkpt lat="48.23635" lon="-4.56498">
        <ele>26</ele>
        <time>2026-06-23T11:44:36+00:00</time>
      </trkpt>
      <trkpt lat="48.23641" lon="-4.56517">
        <ele>28</ele>
        <time>2026-06-23T11:44:39+00:00</time>
      </trkpt>
      <trkpt lat="48.23659" lon="-4.56539">
        <ele>31</ele>
        <time>2026-06-23T11:44:42+00:00</time>
      </trkpt>
      <trkpt lat="48.23678" lon="-4.56562">
        <ele>36</ele>
        <time>2026-06-23T11:44:45+00:00</time>
      </trkpt>
      <trkpt lat="48.23675" lon="-4.56582">
        <ele>36</ele>
        <time>2026-06-23T11:44:48+00:00</time>
      </trkpt>
      <trkpt lat="48.23672" lon="-4.56584">
        <ele>36</ele>
        <time>2026-06-23T11:44:51+00:00</time>
      </trkpt>
      <trkpt lat="48.23658" lon="-4.56583">
        <ele>40</ele>
        <time>2026-06-23T11:44:54+00:00</time>
      </trkpt>
      <trkpt lat="48.23635" lon="-4.56599">
        <ele>38</ele>
        <time>2026-06-23T11:44:57+00:00</time>
      </trkpt>
      <trkpt lat="48.23621" lon="-4.56602">
        <ele>42</ele>
        <time>2026-06-23T11:45:00+00:00</time>
      </trkpt>
      <trkpt lat="48.23598" lon="-4.56593">
        <ele>37</ele>
        <time>2026-06-23T11:45:03+00:00</time>
      </trkpt>
      <trkpt lat="48.23558" lon="-4.56578">
        <ele>34</ele>
        <time>2026-06-23T11:45:06+00:00</time>
      </trkpt>
      <trkpt lat="48.23546" lon="-4.56578">
        <ele>33</ele>
        <time>2026-06-23T11:45:09+00:00</time>
      </trkpt>
      <trkpt lat="48.23531" lon="-4.56581">
        <ele>34</ele>
        <time>2026-06-23T11:45:12+00:00</time>
      </trkpt>
      <trkpt lat="48.23511" lon="-4.56597">
        <ele>35</ele>
        <time>2026-06-23T11:45:15+00:00</time>
      </trkpt>
      <trkpt lat="48.23487" lon="-4.5661">
        <ele>38</ele>
        <time>2026-06-23T11:45:18+00:00</time>
      </trkpt>
      <trkpt lat="48.2348" lon="-4.5666">
        <ele>40</ele>
        <time>2026-06-23T11:45:21+00:00</time>
      </trkpt>
      <trkpt lat="48.23471" lon="-4.56704">
        <ele>40</ele>
        <time>2026-06-23T11:45:24+00:00</time>
      </trkpt>
      <trkpt lat="48.23468" lon="-4.56745">
        <ele>43</ele>
        <time>2026-06-23T11:45:27+00:00</time>
      </trkpt>
      <trkpt lat="48.23469" lon="-4.56773">
        <ele>44</ele>
        <time>2026-06-23T11:45:30+00:00</time>
      </trkpt>
      <trkpt lat="48.2346" lon="-4.56813">
        <ele>47</ele>
        <time>2026-06-23T11:45:33+00:00</time>
      </trkpt>
      <trkpt lat="48.23453" lon="-4.56857">
        <ele>48</ele>
        <time>2026-06-23T11:45:36+00:00</time>
      </trkpt>
      <trkpt lat="48.23464" lon="-4.56893">
        <ele>48</ele>
        <time>2026-06-23T11:45:39+00:00</time>
      </trkpt>
      <trkpt lat="48.23479" lon="-4.56942">
        <ele>47</ele>
        <time>2026-06-23T11:45:42+00:00</time>
      </trkpt>
      <trkpt lat="48.23482" lon="-4.56972">
        <ele>46</ele>
        <time>2026-06-23T11:45:45+00:00</time>
      </trkpt>
      <trkpt lat="48.23482" lon="-4.56991">
        <ele>45</ele>
        <time>2026-06-23T11:45:48+00:00</time>
      </trkpt>
      <trkpt lat="48.23473" lon="-4.57015">
        <ele>46</ele>
        <time>2026-06-23T11:45:51+00:00</time>
      </trkpt>
      <trkpt lat="48.23472" lon="-4.57013">
        <ele>46</ele>
        <time>2026-06-23T11:45:54+00:00</time>
      </trkpt>
      <trkpt lat="48.23472" lon="-4.57014">
        <ele>46</ele>
        <time>2026-06-23T11:45:57+00:00</time>
      </trkpt>
      <trkpt lat="48.23468" lon="-4.57003">
        <ele>47</ele>
        <time>2026-06-23T11:46:00+00:00</time>
      </trkpt>
      <trkpt lat="48.23439" lon="-4.56998">
        <ele>51</ele>
        <time>2026-06-23T11:46:03+00:00</time>
      </trkpt>
      <trkpt lat="48.23415" lon="-4.57003">
        <ele>52</ele>
        <time>2026-06-23T11:46:06+00:00</time>
      </trkpt>
      <trkpt lat="48.23389" lon="-4.57009">
        <ele>52</ele>
        <time>2026-06-23T11:46:09+00:00</time>
      </trkpt>
      <trkpt lat="48.23375" lon="-4.57022">
        <ele>52</ele>
        <time>2026-06-23T11:46:12+00:00</time>
      </trkpt>
      <trkpt lat="48.2337" lon="-4.57022">
        <ele>52</ele>
        <time>2026-06-23T11:46:15+00:00</time>
      </trkpt>
      <trkpt lat="48.23362" lon="-4.57015">
        <ele>55</ele>
        <time>2026-06-23T11:46:18+00:00</time>
      </trkpt>
      <trkpt lat="48.23357" lon="-4.57022">
        <ele>55</ele>
        <time>2026-06-23T11:46:21+00:00</time>
      </trkpt>
      <trkpt lat="48.23349" lon="-4.57026">
        <ele>58</ele>
        <time>2026-06-23T11:46:24+00:00</time>
      </trkpt>
      <trkpt lat="48.23341" lon="-4.57026">
        <ele>58</ele>
        <time>2026-06-23T11:46:27+00:00</time>
      </trkpt>
      <trkpt lat="48.23331" lon="-4.57019">
        <ele>60</ele>
        <time>2026-06-23T11:46:30+00:00</time>
      </trkpt>
      <trkpt lat="48.23302" lon="-4.57017">
        <ele>60</ele>
        <time>2026-06-23T11:46:33+00:00</time>
      </trkpt>
      <trkpt lat="48.2329" lon="-4.57022">
        <ele>61</ele>
        <time>2026-06-23T11:46:36+00:00</time>
      </trkpt>
      <trkpt lat="48.23284" lon="-4.57021">
        <ele>59</ele>
        <time>2026-06-23T11:46:39+00:00</time>
      </trkpt>
      <trkpt lat="48.23269" lon="-4.57033">
        <ele>59</ele>
        <time>2026-06-23T11:46:42+00:00</time>
      </trkpt>
      <trkpt lat="48.23264" lon="-4.57036">
        <ele>59</ele>
        <time>2026-06-23T11:46:45+00:00</time>
      </trkpt>
      <trkpt lat="48.2326" lon="-4.57033">
        <ele>59</ele>
        <time>2026-06-23T11:46:48+00:00</time>
      </trkpt>
      <trkpt lat="48.23255" lon="-4.57019">
        <ele>61</ele>
        <time>2026-06-23T11:46:51+00:00</time>
      </trkpt>
      <trkpt lat="48.23252" lon="-4.5699">
        <ele>62</ele>
        <time>2026-06-23T11:46:54+00:00</time>
      </trkpt>
      <trkpt lat="48.23247" lon="-4.56949">
        <ele>61</ele>
        <time>2026-06-23T11:46:57+00:00</time>
      </trkpt>
      <trkpt lat="48.2325" lon="-4.56886">
        <ele>61</ele>
        <time>2026-06-23T11:47:00+00:00</time>
      </trkpt>
      <trkpt lat="48.23272" lon="-4.56855">
        <ele>59</ele>
        <time>2026-06-23T11:47:03+00:00</time>
      </trkpt>
      <trkpt lat="48.2329" lon="-4.56825">
        <ele>56</ele>
        <time>2026-06-23T11:47:06+00:00</time>
      </trkpt>
      <trkpt lat="48.23298" lon="-4.56785">
        <ele>54</ele>
        <time>2026-06-23T11:47:09+00:00</time>
      </trkpt>
      <trkpt lat="48.23299" lon="-4.56745">
        <ele>52</ele>
        <time>2026-06-23T11:47:12+00:00</time>
      </trkpt>
      <trkpt lat="48.23304" lon="-4.56714">
        <ele>51</ele>
        <time>2026-06-23T11:47:15+00:00</time>
      </trkpt>
      <trkpt lat="48.23305" lon="-4.56695">
        <ele>50</ele>
        <time>2026-06-23T11:47:18+00:00</time>
      </trkpt>
      <trkpt lat="48.23302" lon="-4.5666">
        <ele>49</ele>
        <time>2026-06-23T11:47:21+00:00</time>
      </trkpt>
      <trkpt lat="48.23322" lon="-4.56616">
        <ele>48</ele>
        <time>2026-06-23T11:47:24+00:00</time>
      </trkpt>
      <trkpt lat="48.23327" lon="-4.56562">
        <ele>45</ele>
        <time>2026-06-23T11:47:27+00:00</time>
      </trkpt>
      <trkpt lat="48.23333" lon="-4.56534">
        <ele>45</ele>
        <time>2026-06-23T11:47:30+00:00</time>
      </trkpt>
      <trkpt lat="48.23337" lon="-4.56522">
        <ele>44</ele>
        <time>2026-06-23T11:47:33+00:00</time>
      </trkpt>
      <trkpt lat="48.23352" lon="-4.56503">
        <ele>45</ele>
        <time>2026-06-23T11:47:36+00:00</time>
      </trkpt>
      <trkpt lat="48.23351" lon="-4.5647">
        <ele>42</ele>
        <time>2026-06-23T11:47:39+00:00</time>
      </trkpt>
      <trkpt lat="48.23354" lon="-4.56441">
        <ele>40</ele>
        <time>2026-06-23T11:47:42+00:00</time>
      </trkpt>
      <trkpt lat="48.23354" lon="-4.56426">
        <ele>38</ele>
        <time>2026-06-23T11:47:45+00:00</time>
      </trkpt>
      <trkpt lat="48.23359" lon="-4.56406">
        <ele>36</ele>
        <time>2026-06-23T11:47:48+00:00</time>
      </trkpt>
      <trkpt lat="48.23345" lon="-4.56376">
        <ele>34</ele>
        <time>2026-06-23T11:47:51+00:00</time>
      </trkpt>
      <trkpt lat="48.23327" lon="-4.56339">
        <ele>32</ele>
        <time>2026-06-23T11:47:54+00:00</time>
      </trkpt>
      <trkpt lat="48.23313" lon="-4.56335">
        <ele>32</ele>
        <time>2026-06-23T11:47:57+00:00</time>
      </trkpt>
      <trkpt lat="48.23305" lon="-4.56329">
        <ele>32</ele>
        <time>2026-06-23T11:48:00+00:00</time>
      </trkpt>
      <trkpt lat="48.23287" lon="-4.56327">
        <ele>32</ele>
        <time>2026-06-23T11:48:03+00:00</time>
      </trkpt>
      <trkpt lat="48.23263" lon="-4.5632">
        <ele>32</ele>
        <time>2026-06-23T11:48:06+00:00</time>
      </trkpt>
      <trkpt lat="48.23227" lon="-4.56299">
        <ele>32</ele>
        <time>2026-06-23T11:48:09+00:00</time>
      </trkpt>
      <trkpt lat="48.23213" lon="-4.56289">
        <ele>32</ele>
        <time>2026-06-23T11:48:12+00:00</time>
      </trkpt>
      <trkpt lat="48.23195" lon="-4.56278">
        <ele>26</ele>
        <time>2026-06-23T11:48:15+00:00</time>
      </trkpt>
      <trkpt lat="48.23189" lon="-4.56278">
        <ele>31</ele>
        <time>2026-06-23T11:48:18+00:00</time>
      </trkpt>
      <trkpt lat="48.2317" lon="-4.5628">
        <ele>21</ele>
        <time>2026-06-23T11:48:21+00:00</time>
      </trkpt>
      <trkpt lat="48.23152" lon="-4.56277">
        <ele>19</ele>
        <time>2026-06-23T11:48:24+00:00</time>
      </trkpt>
      <trkpt lat="48.23137" lon="-4.5625">
        <ele>20</ele>
        <time>2026-06-23T11:48:27+00:00</time>
      </trkpt>
      <trkpt lat="48.23123" lon="-4.56243">
        <ele>22</ele>
        <time>2026-06-23T11:48:30+00:00</time>
      </trkpt>
      <trkpt lat="48.23107" lon="-4.56231">
        <ele>22</ele>
        <time>2026-06-23T11:48:33+00:00</time>
      </trkpt>
      <trkpt lat="48.23083" lon="-4.56203">
        <ele>23</ele>
        <time>2026-06-23T11:48:36+00:00</time>
      </trkpt>
      <trkpt lat="48.23075" lon="-4.56186">
        <ele>30</ele>
        <time>2026-06-23T11:48:39+00:00</time>
      </trkpt>
      <trkpt lat="48.23071" lon="-4.56182">
        <ele>30</ele>
        <time>2026-06-23T11:48:42+00:00</time>
      </trkpt>
      <trkpt lat="48.23065" lon="-4.56151">
        <ele>33</ele>
        <time>2026-06-23T11:48:45+00:00</time>
      </trkpt>
      <trkpt lat="48.23066" lon="-4.56135">
        <ele>34</ele>
        <time>2026-06-23T11:48:48+00:00</time>
      </trkpt>
      <trkpt lat="48.23072" lon="-4.56115">
        <ele>37</ele>
        <time>2026-06-23T11:48:51+00:00</time>
      </trkpt>
      <trkpt lat="48.23073" lon="-4.56084">
        <ele>37</ele>
        <time>2026-06-23T11:48:54+00:00</time>
      </trkpt>
      <trkpt lat="48.23066" lon="-4.56076">
        <ele>39</ele>
        <time>2026-06-23T11:48:57+00:00</time>
      </trkpt>
      <trkpt lat="48.23048" lon="-4.56065">
        <ele>38</ele>
        <time>2026-06-23T11:49:00+00:00</time>
      </trkpt>
      <trkpt lat="48.23029" lon="-4.56053">
        <ele>44</ele>
        <time>2026-06-23T11:49:03+00:00</time>
      </trkpt>
      <trkpt lat="48.23004" lon="-4.56046">
        <ele>48</ele>
        <time>2026-06-23T11:49:06+00:00</time>
      </trkpt>
      <trkpt lat="48.22991" lon="-4.56053">
        <ele>48</ele>
        <time>2026-06-23T11:49:09+00:00</time>
      </trkpt>
      <trkpt lat="48.22984" lon="-4.5605">
        <ele>48</ele>
        <time>2026-06-23T11:49:12+00:00</time>
      </trkpt>
      <trkpt lat="48.22977" lon="-4.56046">
        <ele>47</ele>
        <time>2026-06-23T11:49:15+00:00</time>
      </trkpt>
      <trkpt lat="48.22973" lon="-4.56034">
        <ele>48</ele>
        <time>2026-06-23T11:49:18+00:00</time>
      </trkpt>
      <trkpt lat="48.22961" lon="-4.56015">
        <ele>49</ele>
        <time>2026-06-23T11:49:21+00:00</time>
      </trkpt>
      <trkpt lat="48.22953" lon="-4.56012">
        <ele>47</ele>
        <time>2026-06-23T11:49:24+00:00</time>
      </trkpt>
      <trkpt lat="48.2294" lon="-4.55992">
        <ele>51</ele>
        <time>2026-06-23T11:49:27+00:00</time>
      </trkpt>
      <trkpt lat="48.22935" lon="-4.55978">
        <ele>53</ele>
        <time>2026-06-23T11:49:30+00:00</time>
      </trkpt>
      <trkpt lat="48.22923" lon="-4.55961">
        <ele>55</ele>
        <time>2026-06-23T11:49:33+00:00</time>
      </trkpt>
      <trkpt lat="48.22906" lon="-4.55945">
        <ele>57</ele>
        <time>2026-06-23T11:49:36+00:00</time>
      </trkpt>
      <trkpt lat="48.22893" lon="-4.5593">
        <ele>58</ele>
        <time>2026-06-23T11:49:39+00:00</time>
      </trkpt>
      <trkpt lat="48.22876" lon="-4.55927">
        <ele>58</ele>
        <time>2026-06-23T11:49:42+00:00</time>
      </trkpt>
      <trkpt lat="48.22857" lon="-4.55924">
        <ele>58</ele>
        <time>2026-06-23T11:49:45+00:00</time>
      </trkpt>
      <trkpt lat="48.22846" lon="-4.55924">
        <ele>59</ele>
        <time>2026-06-23T11:49:48+00:00</time>
      </trkpt>
      <trkpt lat="48.22832" lon="-4.55928">
        <ele>59</ele>
        <time>2026-06-23T11:49:51+00:00</time>
      </trkpt>
      <trkpt lat="48.22803" lon="-4.55931">
        <ele>59</ele>
        <time>2026-06-23T11:49:54+00:00</time>
      </trkpt>
      <trkpt lat="48.22782" lon="-4.55938">
        <ele>58</ele>
        <time>2026-06-23T11:49:57+00:00</time>
      </trkpt>
      <trkpt lat="48.2275" lon="-4.55956">
        <ele>57</ele>
        <time>2026-06-23T11:50:00+00:00</time>
      </trkpt>
      <trkpt lat="48.22724" lon="-4.55957">
        <ele>57</ele>
        <time>2026-06-23T11:50:03+00:00</time>
      </trkpt>
      <trkpt lat="48.22691" lon="-4.55959">
        <ele>56</ele>
        <time>2026-06-23T11:50:06+00:00</time>
      </trkpt>
      <trkpt lat="48.22667" lon="-4.55956">
        <ele>52</ele>
        <time>2026-06-23T11:50:09+00:00</time>
      </trkpt>
      <trkpt lat="48.22637" lon="-4.55952">
        <ele>42</ele>
        <time>2026-06-23T11:50:12+00:00</time>
      </trkpt>
      <trkpt lat="48.22631" lon="-4.55949">
        <ele>47</ele>
        <time>2026-06-23T11:50:15+00:00</time>
      </trkpt>
      <trkpt lat="48.22612" lon="-4.55936">
        <ele>41</ele>
        <time>2026-06-23T11:50:18+00:00</time>
      </trkpt>
      <trkpt lat="48.22591" lon="-4.5592">
        <ele>38</ele>
        <time>2026-06-23T11:50:21+00:00</time>
      </trkpt>
      <trkpt lat="48.22564" lon="-4.55888">
        <ele>25</ele>
        <time>2026-06-23T11:50:24+00:00</time>
      </trkpt>
      <trkpt lat="48.22547" lon="-4.55865">
        <ele>19</ele>
        <time>2026-06-23T11:50:27+00:00</time>
      </trkpt>
      <trkpt lat="48.22528" lon="-4.55839">
        <ele>12</ele>
        <time>2026-06-23T11:50:30+00:00</time>
      </trkpt>
      <trkpt lat="48.22514" lon="-4.55849">
        <ele>10</ele>
        <time>2026-06-23T11:50:33+00:00</time>
      </trkpt>
      <trkpt lat="48.22508" lon="-4.55856">
        <ele>11</ele>
        <time>2026-06-23T11:50:36+00:00</time>
      </trkpt>
      <trkpt lat="48.22502" lon="-4.55849">
        <ele>7</ele>
        <time>2026-06-23T11:50:39+00:00</time>
      </trkpt>
      <trkpt lat="48.22495" lon="-4.55849">
        <ele>9</ele>
        <time>2026-06-23T11:50:42+00:00</time>
      </trkpt>
      <trkpt lat="48.22494" lon="-4.55837">
        <ele>11</ele>
        <time>2026-06-23T11:50:45+00:00</time>
      </trkpt>
      <trkpt lat="48.22496" lon="-4.55825">
        <ele>13</ele>
        <time>2026-06-23T11:50:48+00:00</time>
      </trkpt>
      <trkpt lat="48.22506" lon="-4.55799">
        <ele>14</ele>
        <time>2026-06-23T11:50:51+00:00</time>
      </trkpt>
      <trkpt lat="48.22504" lon="-4.55792">
        <ele>14</ele>
        <time>2026-06-23T11:50:54+00:00</time>
      </trkpt>
      <trkpt lat="48.22492" lon="-4.55799">
        <ele>15</ele>
        <time>2026-06-23T11:50:57+00:00</time>
      </trkpt>
      <trkpt lat="48.22477" lon="-4.55813">
        <ele>11</ele>
        <time>2026-06-23T11:51:00+00:00</time>
      </trkpt>
      <trkpt lat="48.22457" lon="-4.5583">
        <ele>16</ele>
        <time>2026-06-23T11:51:03+00:00</time>
      </trkpt>
      <trkpt lat="48.22452" lon="-4.55827">
        <ele>16</ele>
        <time>2026-06-23T11:51:06+00:00</time>
      </trkpt>
      <trkpt lat="48.2246" lon="-4.55795">
        <ele>21</ele>
        <time>2026-06-23T11:51:09+00:00</time>
      </trkpt>
      <trkpt lat="48.2247" lon="-4.55753">
        <ele>25</ele>
        <time>2026-06-23T11:51:12+00:00</time>
      </trkpt>
      <trkpt lat="48.22474" lon="-4.55688">
        <ele>29</ele>
        <time>2026-06-23T11:51:15+00:00</time>
      </trkpt>
      <trkpt lat="48.22472" lon="-4.55642">
        <ele>31</ele>
        <time>2026-06-23T11:51:18+00:00</time>
      </trkpt>
      <trkpt lat="48.22465" lon="-4.55619">
        <ele>33</ele>
        <time>2026-06-23T11:51:21+00:00</time>
      </trkpt>
      <trkpt lat="48.22458" lon="-4.55639">
        <ele>35</ele>
        <time>2026-06-23T11:51:24+00:00</time>
      </trkpt>
      <trkpt lat="48.22451" lon="-4.5566">
        <ele>36</ele>
        <time>2026-06-23T11:51:27+00:00</time>
      </trkpt>
      <trkpt lat="48.22433" lon="-4.55685">
        <ele>39</ele>
        <time>2026-06-23T11:51:30+00:00</time>
      </trkpt>
      <trkpt lat="48.2241" lon="-4.55717">
        <ele>41</ele>
        <time>2026-06-23T11:51:33+00:00</time>
      </trkpt>
      <trkpt lat="48.22383" lon="-4.55716">
        <ele>43</ele>
        <time>2026-06-23T11:51:36+00:00</time>
      </trkpt>
      <trkpt lat="48.2236" lon="-4.55719">
        <ele>44</ele>
        <time>2026-06-23T11:51:39+00:00</time>
      </trkpt>
      <trkpt lat="48.22337" lon="-4.55713">
        <ele>44</ele>
        <time>2026-06-23T11:51:42+00:00</time>
      </trkpt>
      <trkpt lat="48.22324" lon="-4.5569">
        <ele>44</ele>
        <time>2026-06-23T11:51:45+00:00</time>
      </trkpt>
      <trkpt lat="48.22299" lon="-4.55674">
        <ele>45</ele>
        <time>2026-06-23T11:51:48+00:00</time>
      </trkpt>
      <trkpt lat="48.2226" lon="-4.55649">
        <ele>45</ele>
        <time>2026-06-23T11:51:51+00:00</time>
      </trkpt>
      <trkpt lat="48.22249" lon="-4.55683">
        <ele>45</ele>
        <time>2026-06-23T11:51:54+00:00</time>
      </trkpt>
      <trkpt lat="48.22236" lon="-4.55724">
        <ele>42</ele>
        <time>2026-06-23T11:51:57+00:00</time>
      </trkpt>
      <trkpt lat="48.22231" lon="-4.55727">
        <ele>42</ele>
        <time>2026-06-23T11:52:00+00:00</time>
      </trkpt>
      <trkpt lat="48.22223" lon="-4.55712">
        <ele>42</ele>
        <time>2026-06-23T11:52:03+00:00</time>
      </trkpt>
      <trkpt lat="48.22201" lon="-4.55698">
        <ele>48</ele>
        <time>2026-06-23T11:52:06+00:00</time>
      </trkpt>
      <trkpt lat="48.22163" lon="-4.55721">
        <ele>53</ele>
        <time>2026-06-23T11:52:09+00:00</time>
      </trkpt>
      <trkpt lat="48.2214" lon="-4.55748">
        <ele>56</ele>
        <time>2026-06-23T11:52:12+00:00</time>
      </trkpt>
      <trkpt lat="48.22114" lon="-4.55766">
        <ele>56</ele>
        <time>2026-06-23T11:52:15+00:00</time>
      </trkpt>
      <trkpt lat="48.22098" lon="-4.55785">
        <ele>56</ele>
        <time>2026-06-23T11:52:18+00:00</time>
      </trkpt>
      <trkpt lat="48.22087" lon="-4.55804">
        <ele>59</ele>
        <time>2026-06-23T11:52:21+00:00</time>
      </trkpt>
      <trkpt lat="48.22085" lon="-4.55837">
        <ele>57</ele>
        <time>2026-06-23T11:52:24+00:00</time>
      </trkpt>
      <trkpt lat="48.22087" lon="-4.55846">
        <ele>56</ele>
        <time>2026-06-23T11:52:27+00:00</time>
      </trkpt>
      <trkpt lat="48.22081" lon="-4.55853">
        <ele>55</ele>
        <time>2026-06-23T11:52:30+00:00</time>
      </trkpt>
      <trkpt lat="48.22065" lon="-4.55853">
        <ele>57</ele>
        <time>2026-06-23T11:52:33+00:00</time>
      </trkpt>
      <trkpt lat="48.22056" lon="-4.55856">
        <ele>57</ele>
        <time>2026-06-23T11:52:36+00:00</time>
      </trkpt>
      <trkpt lat="48.22048" lon="-4.55853">
        <ele>57</ele>
        <time>2026-06-23T11:52:39+00:00</time>
      </trkpt>
      <trkpt lat="48.22038" lon="-4.55858">
        <ele>57</ele>
        <time>2026-06-23T11:52:42+00:00</time>
      </trkpt>
      <trkpt lat="48.22028" lon="-4.55856">
        <ele>58</ele>
        <time>2026-06-23T11:52:45+00:00</time>
      </trkpt>
      <trkpt lat="48.22018" lon="-4.55858">
        <ele>58</ele>
        <time>2026-06-23T11:52:48+00:00</time>
      </trkpt>
      <trkpt lat="48.21989" lon="-4.55874">
        <ele>59</ele>
        <time>2026-06-23T11:52:51+00:00</time>
      </trkpt>
      <trkpt lat="48.21977" lon="-4.55865">
        <ele>60</ele>
        <time>2026-06-23T11:52:54+00:00</time>
      </trkpt>
      <trkpt lat="48.21964" lon="-4.55865">
        <ele>58</ele>
        <time>2026-06-23T11:52:57+00:00</time>
      </trkpt>
      <trkpt lat="48.21944" lon="-4.55853">
        <ele>58</ele>
        <time>2026-06-23T11:53:00+00:00</time>
      </trkpt>
      <trkpt lat="48.2193" lon="-4.55851">
        <ele>52</ele>
        <time>2026-06-23T11:53:03+00:00</time>
      </trkpt>
      <trkpt lat="48.21922" lon="-4.55844">
        <ele>55</ele>
        <time>2026-06-23T11:53:06+00:00</time>
      </trkpt>
      <trkpt lat="48.21912" lon="-4.55844">
        <ele>55</ele>
        <time>2026-06-23T11:53:09+00:00</time>
      </trkpt>
      <trkpt lat="48.21895" lon="-4.55846">
        <ele>55</ele>
        <time>2026-06-23T11:53:12+00:00</time>
      </trkpt>
      <trkpt lat="48.2188" lon="-4.55842">
        <ele>49</ele>
        <time>2026-06-23T11:53:15+00:00</time>
      </trkpt>
      <trkpt lat="48.21868" lon="-4.55827">
        <ele>53</ele>
        <time>2026-06-23T11:53:18+00:00</time>
      </trkpt>
      <trkpt lat="48.21855" lon="-4.55832">
        <ele>46</ele>
        <time>2026-06-23T11:53:21+00:00</time>
      </trkpt>
      <trkpt lat="48.21841" lon="-4.55823">
        <ele>51</ele>
        <time>2026-06-23T11:53:24+00:00</time>
      </trkpt>
      <trkpt lat="48.21826" lon="-4.5583">
        <ele>50</ele>
        <time>2026-06-23T11:53:27+00:00</time>
      </trkpt>
      <trkpt lat="48.21815" lon="-4.55823">
        <ele>53</ele>
        <time>2026-06-23T11:53:30+00:00</time>
      </trkpt>
      <trkpt lat="48.21802" lon="-4.55818">
        <ele>55</ele>
        <time>2026-06-23T11:53:33+00:00</time>
      </trkpt>
      <trkpt lat="48.21777" lon="-4.55797">
        <ele>53</ele>
        <time>2026-06-23T11:53:36+00:00</time>
      </trkpt>
      <trkpt lat="48.21773" lon="-4.55792">
        <ele>55</ele>
        <time>2026-06-23T11:53:39+00:00</time>
      </trkpt>
      <trkpt lat="48.21766" lon="-4.5579">
        <ele>53</ele>
        <time>2026-06-23T11:53:42+00:00</time>
      </trkpt>
      <trkpt lat="48.21755" lon="-4.55783">
        <ele>53</ele>
        <time>2026-06-23T11:53:45+00:00</time>
      </trkpt>
      <trkpt lat="48.21745" lon="-4.55757">
        <ele>53</ele>
        <time>2026-06-23T11:53:48+00:00</time>
      </trkpt>
      <trkpt lat="48.2174" lon="-4.55738">
        <ele>50</ele>
        <time>2026-06-23T11:53:51+00:00</time>
      </trkpt>
      <trkpt lat="48.21739" lon="-4.55727">
        <ele>53</ele>
        <time>2026-06-23T11:53:54+00:00</time>
      </trkpt>
      <trkpt lat="48.21735" lon="-4.55715">
        <ele>51</ele>
        <time>2026-06-23T11:53:57+00:00</time>
      </trkpt>
      <trkpt lat="48.21728" lon="-4.55668">
        <ele>52</ele>
        <time>2026-06-23T11:54:00+00:00</time>
      </trkpt>
      <trkpt lat="48.21716" lon="-4.55637">
        <ele>52</ele>
        <time>2026-06-23T11:54:03+00:00</time>
      </trkpt>
      <trkpt lat="48.21702" lon="-4.55602">
        <ele>52</ele>
        <time>2026-06-23T11:54:06+00:00</time>
      </trkpt>
      <trkpt lat="48.21667" lon="-4.55562">
        <ele>53</ele>
        <time>2026-06-23T11:54:09+00:00</time>
      </trkpt>
      <trkpt lat="48.2166" lon="-4.5556">
        <ele>53</ele>
        <time>2026-06-23T11:54:12+00:00</time>
      </trkpt>
      <trkpt lat="48.21638" lon="-4.55565">
        <ele>54</ele>
        <time>2026-06-23T11:54:15+00:00</time>
      </trkpt>
      <trkpt lat="48.2161" lon="-4.55572">
        <ele>54</ele>
        <time>2026-06-23T11:54:18+00:00</time>
      </trkpt>
      <trkpt lat="48.21601" lon="-4.55575">
        <ele>55</ele>
        <time>2026-06-23T11:54:21+00:00</time>
      </trkpt>
      <trkpt lat="48.21591" lon="-4.55586">
        <ele>54</ele>
        <time>2026-06-23T11:54:24+00:00</time>
      </trkpt>
      <trkpt lat="48.21569" lon="-4.55616">
        <ele>53</ele>
        <time>2026-06-23T11:54:27+00:00</time>
      </trkpt>
      <trkpt lat="48.21533" lon="-4.55644">
        <ele>52</ele>
        <time>2026-06-23T11:54:30+00:00</time>
      </trkpt>
      <trkpt lat="48.21516" lon="-4.55637">
        <ele>52</ele>
        <time>2026-06-23T11:54:33+00:00</time>
      </trkpt>
      <trkpt lat="48.21503" lon="-4.55639">
        <ele>50</ele>
        <time>2026-06-23T11:54:36+00:00</time>
      </trkpt>
      <trkpt lat="48.21489" lon="-4.55647">
        <ele>45</ele>
        <time>2026-06-23T11:54:39+00:00</time>
      </trkpt>
      <trkpt lat="48.21473" lon="-4.55642">
        <ele>42</ele>
        <time>2026-06-23T11:54:42+00:00</time>
      </trkpt>
      <trkpt lat="48.21445" lon="-4.55616">
        <ele>35</ele>
        <time>2026-06-23T11:54:45+00:00</time>
      </trkpt>
      <trkpt lat="48.21427" lon="-4.55609">
        <ele>31</ele>
        <time>2026-06-23T11:54:48+00:00</time>
      </trkpt>
      <trkpt lat="48.21408" lon="-4.55605">
        <ele>30</ele>
        <time>2026-06-23T11:54:51+00:00</time>
      </trkpt>
      <trkpt lat="48.21391" lon="-4.55604">
        <ele>27</ele>
        <time>2026-06-23T11:54:54+00:00</time>
      </trkpt>
      <trkpt lat="48.21379" lon="-4.55581">
        <ele>29</ele>
        <time>2026-06-23T11:54:57+00:00</time>
      </trkpt>
      <trkpt lat="48.21362" lon="-4.55548">
        <ele>29</ele>
        <time>2026-06-23T11:55:00+00:00</time>
      </trkpt>
      <trkpt lat="48.21349" lon="-4.5552">
        <ele>22</ele>
        <time>2026-06-23T11:55:03+00:00</time>
      </trkpt>
      <trkpt lat="48.2133" lon="-4.55477">
        <ele>22</ele>
        <time>2026-06-23T11:55:06+00:00</time>
      </trkpt>
      <trkpt lat="48.21318" lon="-4.55446">
        <ele>22</ele>
        <time>2026-06-23T11:55:09+00:00</time>
      </trkpt>
      <trkpt lat="48.21304" lon="-4.55412">
        <ele>21</ele>
        <time>2026-06-23T11:55:12+00:00</time>
      </trkpt>
      <trkpt lat="48.21298" lon="-4.55405">
        <ele>17</ele>
        <time>2026-06-23T11:55:15+00:00</time>
      </trkpt>
      <trkpt lat="48.21283" lon="-4.55377">
        <ele>18</ele>
        <time>2026-06-23T11:55:18+00:00</time>
      </trkpt>
      <trkpt lat="48.21265" lon="-4.55333">
        <ele>17</ele>
        <time>2026-06-23T11:55:21+00:00</time>
      </trkpt>
      <trkpt lat="48.21262" lon="-4.55328">
        <ele>17</ele>
        <time>2026-06-23T11:55:24+00:00</time>
      </trkpt>
      <trkpt lat="48.21248" lon="-4.55297">
        <ele>15</ele>
        <time>2026-06-23T11:55:27+00:00</time>
      </trkpt>
      <trkpt lat="48.2124" lon="-4.5529">
        <ele>12</ele>
        <time>2026-06-23T11:55:30+00:00</time>
      </trkpt>
      <trkpt lat="48.21233" lon="-4.55288">
        <ele>13</ele>
        <time>2026-06-23T11:55:33+00:00</time>
      </trkpt>
      <trkpt lat="48.21223" lon="-4.55276">
        <ele>14</ele>
        <time>2026-06-23T11:55:36+00:00</time>
      </trkpt>
      <trkpt lat="48.2121" lon="-4.55271">
        <ele>12</ele>
        <time>2026-06-23T11:55:39+00:00</time>
      </trkpt>
      <trkpt lat="48.21201" lon="-4.55262">
        <ele>12</ele>
        <time>2026-06-23T11:55:42+00:00</time>
      </trkpt>
      <trkpt lat="48.21176" lon="-4.55255">
        <ele>9</ele>
        <time>2026-06-23T11:55:45+00:00</time>
      </trkpt>
      <trkpt lat="48.2117" lon="-4.5525">
        <ele>9</ele>
        <time>2026-06-23T11:55:48+00:00</time>
      </trkpt>
      <trkpt lat="48.21158" lon="-4.55231">
        <ele>9</ele>
        <time>2026-06-23T11:55:51+00:00</time>
      </trkpt>
      <trkpt lat="48.21155" lon="-4.55233">
        <ele>9</ele>
        <time>2026-06-23T11:55:54+00:00</time>
      </trkpt>
      <trkpt lat="48.21149" lon="-4.55224">
        <ele>6</ele>
        <time>2026-06-23T11:55:57+00:00</time>
      </trkpt>
      <trkpt lat="48.21136" lon="-4.55222">
        <ele>6</ele>
        <time>2026-06-23T11:56:00+00:00</time>
      </trkpt>
      <trkpt lat="48.21128" lon="-4.55213">
        <ele>6</ele>
        <time>2026-06-23T11:56:03+00:00</time>
      </trkpt>
      <trkpt lat="48.21125" lon="-4.55206">
        <ele>6</ele>
        <time>2026-06-23T11:56:06+00:00</time>
      </trkpt>
      <trkpt lat="48.21121" lon="-4.55205">
        <ele>6</ele>
        <time>2026-06-23T11:56:09+00:00</time>
      </trkpt>
      <trkpt lat="48.2112" lon="-4.55208">
        <ele>7</ele>
        <time>2026-06-23T11:56:12+00:00</time>
      </trkpt>
      <trkpt lat="48.21107" lon="-4.55189">
        <ele>7</ele>
        <time>2026-06-23T11:56:15+00:00</time>
      </trkpt>
      <trkpt lat="48.21094" lon="-4.55182">
        <ele>10</ele>
        <time>2026-06-23T11:56:18+00:00</time>
      </trkpt>
      <trkpt lat="48.21074" lon="-4.55163">
        <ele>8</ele>
        <time>2026-06-23T11:56:21+00:00</time>
      </trkpt>
      <trkpt lat="48.21049" lon="-4.55152">
        <ele>8</ele>
        <time>2026-06-23T11:56:24+00:00</time>
      </trkpt>
      <trkpt lat="48.2103" lon="-4.55152">
        <ele>8</ele>
        <time>2026-06-23T11:56:27+00:00</time>
      </trkpt>
      <trkpt lat="48.21007" lon="-4.55157">
        <ele>9</ele>
        <time>2026-06-23T11:56:30+00:00</time>
      </trkpt>
      <trkpt lat="48.20981" lon="-4.55163">
        <ele>11</ele>
        <time>2026-06-23T11:56:33+00:00</time>
      </trkpt>
      <trkpt lat="48.20958" lon="-4.55166">
        <ele>12</ele>
        <time>2026-06-23T11:56:36+00:00</time>
      </trkpt>
      <trkpt lat="48.20946" lon="-4.55166">
        <ele>13</ele>
        <time>2026-06-23T11:56:39+00:00</time>
      </trkpt>
      <trkpt lat="48.20926" lon="-4.55152">
        <ele>12</ele>
        <time>2026-06-23T11:56:42+00:00</time>
      </trkpt>
      <trkpt lat="48.20918" lon="-4.55149">
        <ele>14</ele>
        <time>2026-06-23T11:56:45+00:00</time>
      </trkpt>
      <trkpt lat="48.20907" lon="-4.55156">
        <ele>14</ele>
        <time>2026-06-23T11:56:48+00:00</time>
      </trkpt>
      <trkpt lat="48.20895" lon="-4.55149">
        <ele>16</ele>
        <time>2026-06-23T11:56:51+00:00</time>
      </trkpt>
      <trkpt lat="48.20878" lon="-4.55145">
        <ele>17</ele>
        <time>2026-06-23T11:56:54+00:00</time>
      </trkpt>
      <trkpt lat="48.20862" lon="-4.55159">
        <ele>21</ele>
        <time>2026-06-23T11:56:57+00:00</time>
      </trkpt>
      <trkpt lat="48.20861" lon="-4.55166">
        <ele>20</ele>
        <time>2026-06-23T11:57:00+00:00</time>
      </trkpt>
      <trkpt lat="48.20858" lon="-4.55168">
        <ele>20</ele>
        <time>2026-06-23T11:57:03+00:00</time>
      </trkpt>
      <trkpt lat="48.20835" lon="-4.55168">
        <ele>21</ele>
        <time>2026-06-23T11:57:06+00:00</time>
      </trkpt>
      <trkpt lat="48.20821" lon="-4.55194">
        <ele>21</ele>
        <time>2026-06-23T11:57:09+00:00</time>
      </trkpt>
      <trkpt lat="48.20817" lon="-4.55206">
        <ele>22</ele>
        <time>2026-06-23T11:57:12+00:00</time>
      </trkpt>
      <trkpt lat="48.20809" lon="-4.55213">
        <ele>22</ele>
        <time>2026-06-23T11:57:15+00:00</time>
      </trkpt>
      <trkpt lat="48.20789" lon="-4.55222">
        <ele>22</ele>
        <time>2026-06-23T11:57:18+00:00</time>
      </trkpt>
      <trkpt lat="48.20775" lon="-4.55233">
        <ele>23</ele>
        <time>2026-06-23T11:57:21+00:00</time>
      </trkpt>
      <trkpt lat="48.2077" lon="-4.55246">
        <ele>22</ele>
        <time>2026-06-23T11:57:24+00:00</time>
      </trkpt>
      <trkpt lat="48.20764" lon="-4.55253">
        <ele>21</ele>
        <time>2026-06-23T11:57:27+00:00</time>
      </trkpt>
      <trkpt lat="48.20756" lon="-4.5526">
        <ele>21</ele>
        <time>2026-06-23T11:57:30+00:00</time>
      </trkpt>
      <trkpt lat="48.20744" lon="-4.55275">
        <ele>21</ele>
        <time>2026-06-23T11:57:33+00:00</time>
      </trkpt>
      <trkpt lat="48.2073" lon="-4.55291">
        <ele>20</ele>
        <time>2026-06-23T11:57:36+00:00</time>
      </trkpt>
      <trkpt lat="48.20724" lon="-4.55307">
        <ele>19</ele>
        <time>2026-06-23T11:57:39+00:00</time>
      </trkpt>
      <trkpt lat="48.20716" lon="-4.55318">
        <ele>19</ele>
        <time>2026-06-23T11:57:42+00:00</time>
      </trkpt>
      <trkpt lat="48.20709" lon="-4.55321">
        <ele>19</ele>
        <time>2026-06-23T11:57:45+00:00</time>
      </trkpt>
      <trkpt lat="48.20675" lon="-4.55318">
        <ele>19</ele>
        <time>2026-06-23T11:57:48+00:00</time>
      </trkpt>
      <trkpt lat="48.20665" lon="-4.55316">
        <ele>14</ele>
        <time>2026-06-23T11:57:51+00:00</time>
      </trkpt>
      <trkpt lat="48.20664" lon="-4.55307">
        <ele>13</ele>
        <time>2026-06-23T11:57:54+00:00</time>
      </trkpt>
      <trkpt lat="48.20669" lon="-4.55295">
        <ele>14</ele>
        <time>2026-06-23T11:57:57+00:00</time>
      </trkpt>
      <trkpt lat="48.20666" lon="-4.55286">
        <ele>15</ele>
        <time>2026-06-23T11:58:00+00:00</time>
      </trkpt>
      <trkpt lat="48.20661" lon="-4.55281">
        <ele>15</ele>
        <time>2026-06-23T11:58:03+00:00</time>
      </trkpt>
      <trkpt lat="48.20658" lon="-4.55264">
        <ele>12</ele>
        <time>2026-06-23T11:58:06+00:00</time>
      </trkpt>
      <trkpt lat="48.20647" lon="-4.55246">
        <ele>14</ele>
        <time>2026-06-23T11:58:09+00:00</time>
      </trkpt>
      <trkpt lat="48.20628" lon="-4.55234">
        <ele>11</ele>
        <time>2026-06-23T11:58:12+00:00</time>
      </trkpt>
      <trkpt lat="48.20612" lon="-4.55232">
        <ele>9</ele>
        <time>2026-06-23T11:58:15+00:00</time>
      </trkpt>
      <trkpt lat="48.20607" lon="-4.55227">
        <ele>11</ele>
        <time>2026-06-23T11:58:18+00:00</time>
      </trkpt>
      <trkpt lat="48.20584" lon="-4.55218">
        <ele>12</ele>
        <time>2026-06-23T11:58:21+00:00</time>
      </trkpt>
      <trkpt lat="48.20571" lon="-4.55203">
        <ele>13</ele>
        <time>2026-06-23T11:58:24+00:00</time>
      </trkpt>
      <trkpt lat="48.20569" lon="-4.55206">
        <ele>12</ele>
        <time>2026-06-23T11:58:27+00:00</time>
      </trkpt>
      <trkpt lat="48.20566" lon="-4.55201">
        <ele>13</ele>
        <time>2026-06-23T11:58:30+00:00</time>
      </trkpt>
      <trkpt lat="48.20548" lon="-4.55206">
        <ele>12</ele>
        <time>2026-06-23T11:58:33+00:00</time>
      </trkpt>
      <trkpt lat="48.20536" lon="-4.55203">
        <ele>12</ele>
        <time>2026-06-23T11:58:36+00:00</time>
      </trkpt>
      <trkpt lat="48.2053" lon="-4.5521">
        <ele>12</ele>
        <time>2026-06-23T11:58:39+00:00</time>
      </trkpt>
      <trkpt lat="48.20523" lon="-4.55212">
        <ele>12</ele>
        <time>2026-06-23T11:58:42+00:00</time>
      </trkpt>
      <trkpt lat="48.20517" lon="-4.55215">
        <ele>12</ele>
        <time>2026-06-23T11:58:45+00:00</time>
      </trkpt>
      <trkpt lat="48.20513" lon="-4.55215">
        <ele>12</ele>
        <time>2026-06-23T11:58:48+00:00</time>
      </trkpt>
      <trkpt lat="48.20497" lon="-4.55203">
        <ele>14</ele>
        <time>2026-06-23T11:58:51+00:00</time>
      </trkpt>
      <trkpt lat="48.20486" lon="-4.55201">
        <ele>15</ele>
        <time>2026-06-23T11:58:54+00:00</time>
      </trkpt>
      <trkpt lat="48.20471" lon="-4.55192">
        <ele>15</ele>
        <time>2026-06-23T11:58:57+00:00</time>
      </trkpt>
      <trkpt lat="48.20457" lon="-4.55189">
        <ele>17</ele>
        <time>2026-06-23T11:59:00+00:00</time>
      </trkpt>
      <trkpt lat="48.20429" lon="-4.55171">
        <ele>18</ele>
        <time>2026-06-23T11:59:03+00:00</time>
      </trkpt>
      <trkpt lat="48.20423" lon="-4.55154">
        <ele>20</ele>
        <time>2026-06-23T11:59:06+00:00</time>
      </trkpt>
      <trkpt lat="48.20423" lon="-4.5514">
        <ele>21</ele>
        <time>2026-06-23T11:59:09+00:00</time>
      </trkpt>
      <trkpt lat="48.20396" lon="-4.55124">
        <ele>21</ele>
        <time>2026-06-23T11:59:12+00:00</time>
      </trkpt>
      <trkpt lat="48.20364" lon="-4.55116">
        <ele>22</ele>
        <time>2026-06-23T11:59:15+00:00</time>
      </trkpt>
      <trkpt lat="48.20345" lon="-4.55105">
        <ele>22</ele>
        <time>2026-06-23T11:59:18+00:00</time>
      </trkpt>
      <trkpt lat="48.2033" lon="-4.55091">
        <ele>23</ele>
        <time>2026-06-23T11:59:21+00:00</time>
      </trkpt>
      <trkpt lat="48.20321" lon="-4.5508">
        <ele>21</ele>
        <time>2026-06-23T11:59:24+00:00</time>
      </trkpt>
      <trkpt lat="48.20315" lon="-4.55129">
        <ele>20</ele>
        <time>2026-06-23T11:59:27+00:00</time>
      </trkpt>
      <trkpt lat="48.20315" lon="-4.55159">
        <ele>14</ele>
        <time>2026-06-23T11:59:30+00:00</time>
      </trkpt>
      <trkpt lat="48.20296" lon="-4.55161">
        <ele>14</ele>
        <time>2026-06-23T11:59:33+00:00</time>
      </trkpt>
      <trkpt lat="48.20267" lon="-4.55142">
        <ele>14</ele>
        <time>2026-06-23T11:59:36+00:00</time>
      </trkpt>
      <trkpt lat="48.20262" lon="-4.55145">
        <ele>14</ele>
        <time>2026-06-23T11:59:39+00:00</time>
      </trkpt>
      <trkpt lat="48.20254" lon="-4.55137">
        <ele>14</ele>
        <time>2026-06-23T11:59:42+00:00</time>
      </trkpt>
      <trkpt lat="48.20239" lon="-4.55142">
        <ele>11</ele>
        <time>2026-06-23T11:59:45+00:00</time>
      </trkpt>
      <trkpt lat="48.20234" lon="-4.55145">
        <ele>11</ele>
        <time>2026-06-23T11:59:48+00:00</time>
      </trkpt>
      <trkpt lat="48.2022" lon="-4.55145">
        <ele>10</ele>
        <time>2026-06-23T11:59:51+00:00</time>
      </trkpt>
      <trkpt lat="48.20213" lon="-4.55146">
        <ele>10</ele>
        <time>2026-06-23T11:59:54+00:00</time>
      </trkpt>
      <trkpt lat="48.20193" lon="-4.55138">
        <ele>10</ele>
        <time>2026-06-23T11:59:57+00:00</time>
      </trkpt>
      <trkpt lat="48.20178" lon="-4.55128">
        <ele>10</ele>
        <time>2026-06-23T12:00:00+00:00</time>
      </trkpt>
      <trkpt lat="48.20163" lon="-4.55123">
        <ele>10</ele>
        <time>2026-06-23T12:00:03+00:00</time>
      </trkpt>
      <trkpt lat="48.20148" lon="-4.55117">
        <ele>11</ele>
        <time>2026-06-23T12:00:06+00:00</time>
      </trkpt>
      <trkpt lat="48.20136" lon="-4.55117">
        <ele>10</ele>
        <time>2026-06-23T12:00:09+00:00</time>
      </trkpt>
      <trkpt lat="48.20115" lon="-4.55114">
        <ele>9</ele>
        <time>2026-06-23T12:00:12+00:00</time>
      </trkpt>
      <trkpt lat="48.20097" lon="-4.55102">
        <ele>9</ele>
        <time>2026-06-23T12:00:15+00:00</time>
      </trkpt>
      <trkpt lat="48.20089" lon="-4.551">
        <ele>10</ele>
        <time>2026-06-23T12:00:18+00:00</time>
      </trkpt>
      <trkpt lat="48.20082" lon="-4.55095">
        <ele>9</ele>
        <time>2026-06-23T12:00:21+00:00</time>
      </trkpt>
      <trkpt lat="48.20071" lon="-4.55081">
        <ele>9</ele>
        <time>2026-06-23T12:00:24+00:00</time>
      </trkpt>
      <trkpt lat="48.20064" lon="-4.55086">
        <ele>7</ele>
        <time>2026-06-23T12:00:27+00:00</time>
      </trkpt>
      <trkpt lat="48.20044" lon="-4.55091">
        <ele>9</ele>
        <time>2026-06-23T12:00:30+00:00</time>
      </trkpt>
      <trkpt lat="48.20048" lon="-4.55071">
        <ele>7</ele>
        <time>2026-06-23T12:00:33+00:00</time>
      </trkpt>
      <trkpt lat="48.20042" lon="-4.55068">
        <ele>8</ele>
        <time>2026-06-23T12:00:36+00:00</time>
      </trkpt>
      <trkpt lat="48.20034" lon="-4.55067">
        <ele>7</ele>
        <time>2026-06-23T12:00:39+00:00</time>
      </trkpt>
      <trkpt lat="48.20026" lon="-4.55058">
        <ele>8</ele>
        <time>2026-06-23T12:00:42+00:00</time>
      </trkpt>
      <trkpt lat="48.20015" lon="-4.5505">
        <ele>8</ele>
        <time>2026-06-23T12:00:45+00:00</time>
      </trkpt>
      <trkpt lat="48.20009" lon="-4.55047">
        <ele>8</ele>
        <time>2026-06-23T12:00:48+00:00</time>
      </trkpt>
      <trkpt lat="48.19988" lon="-4.55044">
        <ele>9</ele>
        <time>2026-06-23T12:00:51+00:00</time>
      </trkpt>
      <trkpt lat="48.1997" lon="-4.55044">
        <ele>9</ele>
        <time>2026-06-23T12:00:54+00:00</time>
      </trkpt>
      <trkpt lat="48.19948" lon="-4.55035">
        <ele>9</ele>
        <time>2026-06-23T12:00:57+00:00</time>
      </trkpt>
      <trkpt lat="48.19925" lon="-4.55027">
        <ele>9</ele>
        <time>2026-06-23T12:01:00+00:00</time>
      </trkpt>
      <trkpt lat="48.19898" lon="-4.55018">
        <ele>11</ele>
        <time>2026-06-23T12:01:03+00:00</time>
      </trkpt>
      <trkpt lat="48.19864" lon="-4.55027">
        <ele>13</ele>
        <time>2026-06-23T12:01:06+00:00</time>
      </trkpt>
      <trkpt lat="48.19824" lon="-4.55032">
        <ele>14</ele>
        <time>2026-06-23T12:01:09+00:00</time>
      </trkpt>
      <trkpt lat="48.19812" lon="-4.5503">
        <ele>14</ele>
        <time>2026-06-23T12:01:12+00:00</time>
      </trkpt>
      <trkpt lat="48.1978" lon="-4.5502">
        <ele>17</ele>
        <time>2026-06-23T12:01:15+00:00</time>
      </trkpt>
      <trkpt lat="48.1976" lon="-4.55018">
        <ele>17</ele>
        <time>2026-06-23T12:01:18+00:00</time>
      </trkpt>
      <trkpt lat="48.19737" lon="-4.55004">
        <ele>17</ele>
        <time>2026-06-23T12:01:21+00:00</time>
      </trkpt>
      <trkpt lat="48.1972" lon="-4.54999">
        <ele>18</ele>
        <time>2026-06-23T12:01:24+00:00</time>
      </trkpt>
      <trkpt lat="48.19707" lon="-4.54991">
        <ele>17</ele>
        <time>2026-06-23T12:01:27+00:00</time>
      </trkpt>
      <trkpt lat="48.19694" lon="-4.54983">
        <ele>18</ele>
        <time>2026-06-23T12:01:30+00:00</time>
      </trkpt>
      <trkpt lat="48.19686" lon="-4.54983">
        <ele>21</ele>
        <time>2026-06-23T12:01:33+00:00</time>
      </trkpt>
      <trkpt lat="48.19668" lon="-4.54974">
        <ele>19</ele>
        <time>2026-06-23T12:01:36+00:00</time>
      </trkpt>
      <trkpt lat="48.1965" lon="-4.54964">
        <ele>19</ele>
        <time>2026-06-23T12:01:39+00:00</time>
      </trkpt>
      <trkpt lat="48.19628" lon="-4.54945">
        <ele>20</ele>
        <time>2026-06-23T12:01:42+00:00</time>
      </trkpt>
      <trkpt lat="48.19617" lon="-4.54941">
        <ele>20</ele>
        <time>2026-06-23T12:01:45+00:00</time>
      </trkpt>
      <trkpt lat="48.19593" lon="-4.54938">
        <ele>25</ele>
        <time>2026-06-23T12:01:48+00:00</time>
      </trkpt>
      <trkpt lat="48.19577" lon="-4.54943">
        <ele>26</ele>
        <time>2026-06-23T12:01:51+00:00</time>
      </trkpt>
      <trkpt lat="48.19561" lon="-4.54941">
        <ele>26</ele>
        <time>2026-06-23T12:01:54+00:00</time>
      </trkpt>
      <trkpt lat="48.19549" lon="-4.54929">
        <ele>28</ele>
        <time>2026-06-23T12:01:57+00:00</time>
      </trkpt>
      <trkpt lat="48.19537" lon="-4.54924">
        <ele>28</ele>
        <time>2026-06-23T12:02:00+00:00</time>
      </trkpt>
      <trkpt lat="48.19515" lon="-4.54927">
        <ele>30</ele>
        <time>2026-06-23T12:02:03+00:00</time>
      </trkpt>
      <trkpt lat="48.19492" lon="-4.54929">
        <ele>30</ele>
        <time>2026-06-23T12:02:06+00:00</time>
      </trkpt>
      <trkpt lat="48.19481" lon="-4.54929">
        <ele>30</ele>
        <time>2026-06-23T12:02:09+00:00</time>
      </trkpt>
      <trkpt lat="48.19477" lon="-4.54924">
        <ele>29</ele>
        <time>2026-06-23T12:02:12+00:00</time>
      </trkpt>
      <trkpt lat="48.19462" lon="-4.54922">
        <ele>30</ele>
        <time>2026-06-23T12:02:15+00:00</time>
      </trkpt>
      <trkpt lat="48.1944" lon="-4.54908">
        <ele>31</ele>
        <time>2026-06-23T12:02:18+00:00</time>
      </trkpt>
      <trkpt lat="48.19429" lon="-4.54905">
        <ele>37</ele>
        <time>2026-06-23T12:02:21+00:00</time>
      </trkpt>
      <trkpt lat="48.19421" lon="-4.5491">
        <ele>32</ele>
        <time>2026-06-23T12:02:24+00:00</time>
      </trkpt>
      <trkpt lat="48.19403" lon="-4.54905">
        <ele>40</ele>
        <time>2026-06-23T12:02:27+00:00</time>
      </trkpt>
      <trkpt lat="48.1939" lon="-4.54896">
        <ele>42</ele>
        <time>2026-06-23T12:02:30+00:00</time>
      </trkpt>
      <trkpt lat="48.19386" lon="-4.54891">
        <ele>42</ele>
        <time>2026-06-23T12:02:33+00:00</time>
      </trkpt>
      <trkpt lat="48.19383" lon="-4.54884">
        <ele>43</ele>
        <time>2026-06-23T12:02:36+00:00</time>
      </trkpt>
      <trkpt lat="48.19385" lon="-4.54868">
        <ele>44</ele>
        <time>2026-06-23T12:02:39+00:00</time>
      </trkpt>
      <trkpt lat="48.19383" lon="-4.54861">
        <ele>42</ele>
        <time>2026-06-23T12:02:42+00:00</time>
      </trkpt>
      <trkpt lat="48.19379" lon="-4.54858">
        <ele>43</ele>
        <time>2026-06-23T12:02:45+00:00</time>
      </trkpt>
      <trkpt lat="48.1936" lon="-4.54873">
        <ele>42</ele>
        <time>2026-06-23T12:02:48+00:00</time>
      </trkpt>
      <trkpt lat="48.19323" lon="-4.54887">
        <ele>40</ele>
        <time>2026-06-23T12:02:51+00:00</time>
      </trkpt>
      <trkpt lat="48.19301" lon="-4.54882">
        <ele>39</ele>
        <time>2026-06-23T12:02:54+00:00</time>
      </trkpt>
      <trkpt lat="48.19276" lon="-4.5487">
        <ele>39</ele>
        <time>2026-06-23T12:02:57+00:00</time>
      </trkpt>
      <trkpt lat="48.19242" lon="-4.54854">
        <ele>39</ele>
        <time>2026-06-23T12:03:00+00:00</time>
      </trkpt>
      <trkpt lat="48.19233" lon="-4.54854">
        <ele>41</ele>
        <time>2026-06-23T12:03:03+00:00</time>
      </trkpt>
      <trkpt lat="48.19224" lon="-4.54865">
        <ele>44</ele>
        <time>2026-06-23T12:03:06+00:00</time>
      </trkpt>
      <trkpt lat="48.19223" lon="-4.549">
        <ele>45</ele>
        <time>2026-06-23T12:03:09+00:00</time>
      </trkpt>
      <trkpt lat="48.19221" lon="-4.54938">
        <ele>45</ele>
        <time>2026-06-23T12:03:12+00:00</time>
      </trkpt>
      <trkpt lat="48.19219" lon="-4.54955">
        <ele>46</ele>
        <time>2026-06-23T12:03:15+00:00</time>
      </trkpt>
      <trkpt lat="48.1921" lon="-4.54976">
        <ele>43</ele>
        <time>2026-06-23T12:03:18+00:00</time>
      </trkpt>
      <trkpt lat="48.1919" lon="-4.54994">
        <ele>43</ele>
        <time>2026-06-23T12:03:21+00:00</time>
      </trkpt>
      <trkpt lat="48.19169" lon="-4.55013">
        <ele>46</ele>
        <time>2026-06-23T12:03:24+00:00</time>
      </trkpt>
      <trkpt lat="48.19159" lon="-4.5502">
        <ele>45</ele>
        <time>2026-06-23T12:03:27+00:00</time>
      </trkpt>
      <trkpt lat="48.19142" lon="-4.55027">
        <ele>47</ele>
        <time>2026-06-23T12:03:30+00:00</time>
      </trkpt>
      <trkpt lat="48.1913" lon="-4.55037">
        <ele>48</ele>
        <time>2026-06-23T12:03:33+00:00</time>
      </trkpt>
      <trkpt lat="48.19117" lon="-4.55056">
        <ele>49</ele>
        <time>2026-06-23T12:03:36+00:00</time>
      </trkpt>
      <trkpt lat="48.19104" lon="-4.55098">
        <ele>49</ele>
        <time>2026-06-23T12:03:39+00:00</time>
      </trkpt>
      <trkpt lat="48.19102" lon="-4.55126">
        <ele>47</ele>
        <time>2026-06-23T12:03:42+00:00</time>
      </trkpt>
      <trkpt lat="48.19096" lon="-4.55154">
        <ele>47</ele>
        <time>2026-06-23T12:03:45+00:00</time>
      </trkpt>
      <trkpt lat="48.19087" lon="-4.5518">
        <ele>45</ele>
        <time>2026-06-23T12:03:48+00:00</time>
      </trkpt>
      <trkpt lat="48.19075" lon="-4.55196">
        <ele>45</ele>
        <time>2026-06-23T12:03:51+00:00</time>
      </trkpt>
      <trkpt lat="48.19058" lon="-4.55205">
        <ele>45</ele>
        <time>2026-06-23T12:03:54+00:00</time>
      </trkpt>
      <trkpt lat="48.19038" lon="-4.55217">
        <ele>44</ele>
        <time>2026-06-23T12:03:57+00:00</time>
      </trkpt>
      <trkpt lat="48.19021" lon="-4.55217">
        <ele>43</ele>
        <time>2026-06-23T12:04:00+00:00</time>
      </trkpt>
      <trkpt lat="48.19003" lon="-4.55213">
        <ele>43</ele>
        <time>2026-06-23T12:04:03+00:00</time>
      </trkpt>
      <trkpt lat="48.18995" lon="-4.55199">
        <ele>42</ele>
        <time>2026-06-23T12:04:06+00:00</time>
      </trkpt>
      <trkpt lat="48.18992" lon="-4.55174">
        <ele>42</ele>
        <time>2026-06-23T12:04:09+00:00</time>
      </trkpt>
      <trkpt lat="48.1899" lon="-4.55149">
        <ele>35</ele>
        <time>2026-06-23T12:04:12+00:00</time>
      </trkpt>
      <trkpt lat="48.18984" lon="-4.55124">
        <ele>40</ele>
        <time>2026-06-23T12:04:15+00:00</time>
      </trkpt>
      <trkpt lat="48.18978" lon="-4.55084">
        <ele>40</ele>
        <time>2026-06-23T12:04:18+00:00</time>
      </trkpt>
      <trkpt lat="48.18973" lon="-4.55063">
        <ele>42</ele>
        <time>2026-06-23T12:04:21+00:00</time>
      </trkpt>
      <trkpt lat="48.18965" lon="-4.55046">
        <ele>41</ele>
        <time>2026-06-23T12:04:24+00:00</time>
      </trkpt>
      <trkpt lat="48.18954" lon="-4.55015">
        <ele>47</ele>
        <time>2026-06-23T12:04:27+00:00</time>
      </trkpt>
      <trkpt lat="48.18943" lon="-4.5498">
        <ele>50</ele>
        <time>2026-06-23T12:04:30+00:00</time>
      </trkpt>
      <trkpt lat="48.18929" lon="-4.54953">
        <ele>51</ele>
        <time>2026-06-23T12:04:33+00:00</time>
      </trkpt>
      <trkpt lat="48.18915" lon="-4.54924">
        <ele>55</ele>
        <time>2026-06-23T12:04:36+00:00</time>
      </trkpt>
      <trkpt lat="48.18893" lon="-4.54889">
        <ele>63</ele>
        <time>2026-06-23T12:04:39+00:00</time>
      </trkpt>
      <trkpt lat="48.18889" lon="-4.54875">
        <ele>65</ele>
        <time>2026-06-23T12:04:42+00:00</time>
      </trkpt>
      <trkpt lat="48.18881" lon="-4.54866">
        <ele>67</ele>
        <time>2026-06-23T12:04:45+00:00</time>
      </trkpt>
      <trkpt lat="48.18879" lon="-4.54848">
        <ele>73</ele>
        <time>2026-06-23T12:04:48+00:00</time>
      </trkpt>
      <trkpt lat="48.18872" lon="-4.54851">
        <ele>71</ele>
        <time>2026-06-23T12:04:51+00:00</time>
      </trkpt>
      <trkpt lat="48.18861" lon="-4.54882">
        <ele>73</ele>
        <time>2026-06-23T12:04:54+00:00</time>
      </trkpt>
      <trkpt lat="48.18844" lon="-4.54908">
        <ele>73</ele>
        <time>2026-06-23T12:04:57+00:00</time>
      </trkpt>
      <trkpt lat="48.18826" lon="-4.54936">
        <ele>71</ele>
        <time>2026-06-23T12:05:00+00:00</time>
      </trkpt>
      <trkpt lat="48.18803" lon="-4.54941">
        <ele>72</ele>
        <time>2026-06-23T12:05:03+00:00</time>
      </trkpt>
      <trkpt lat="48.18794" lon="-4.54934">
        <ele>73</ele>
        <time>2026-06-23T12:05:06+00:00</time>
      </trkpt>
      <trkpt lat="48.18785" lon="-4.54941">
        <ele>72</ele>
        <time>2026-06-23T12:05:09+00:00</time>
      </trkpt>
      <trkpt lat="48.18767" lon="-4.5495">
        <ele>72</ele>
        <time>2026-06-23T12:05:12+00:00</time>
      </trkpt>
      <trkpt lat="48.18762" lon="-4.5495">
        <ele>72</ele>
        <time>2026-06-23T12:05:15+00:00</time>
      </trkpt>
      <trkpt lat="48.18737" lon="-4.54941">
        <ele>72</ele>
        <time>2026-06-23T12:05:18+00:00</time>
      </trkpt>
      <trkpt lat="48.18707" lon="-4.54943">
        <ele>77</ele>
        <time>2026-06-23T12:05:21+00:00</time>
      </trkpt>
      <trkpt lat="48.18689" lon="-4.54962">
        <ele>77</ele>
        <time>2026-06-23T12:05:24+00:00</time>
      </trkpt>
      <trkpt lat="48.1866" lon="-4.54999">
        <ele>76</ele>
        <time>2026-06-23T12:05:27+00:00</time>
      </trkpt>
      <trkpt lat="48.18637" lon="-4.55018">
        <ele>77</ele>
        <time>2026-06-23T12:05:30+00:00</time>
      </trkpt>
      <trkpt lat="48.18628" lon="-4.55023">
        <ele>78</ele>
        <time>2026-06-23T12:05:33+00:00</time>
      </trkpt>
      <trkpt lat="48.18622" lon="-4.5503">
        <ele>74</ele>
        <time>2026-06-23T12:05:36+00:00</time>
      </trkpt>
      <trkpt lat="48.18607" lon="-4.55037">
        <ele>79</ele>
        <time>2026-06-23T12:05:39+00:00</time>
      </trkpt>
      <trkpt lat="48.1859" lon="-4.55058">
        <ele>78</ele>
        <time>2026-06-23T12:05:42+00:00</time>
      </trkpt>
      <trkpt lat="48.18582" lon="-4.55072">
        <ele>79</ele>
        <time>2026-06-23T12:05:45+00:00</time>
      </trkpt>
      <trkpt lat="48.18573" lon="-4.551">
        <ele>78</ele>
        <time>2026-06-23T12:05:48+00:00</time>
      </trkpt>
      <trkpt lat="48.1856" lon="-4.55131">
        <ele>78</ele>
        <time>2026-06-23T12:05:51+00:00</time>
      </trkpt>
      <trkpt lat="48.18556" lon="-4.55144">
        <ele>79</ele>
        <time>2026-06-23T12:05:54+00:00</time>
      </trkpt>
      <trkpt lat="48.18536" lon="-4.55168">
        <ele>78</ele>
        <time>2026-06-23T12:05:57+00:00</time>
      </trkpt>
      <trkpt lat="48.18511" lon="-4.55186">
        <ele>72</ele>
        <time>2026-06-23T12:06:00+00:00</time>
      </trkpt>
      <trkpt lat="48.18489" lon="-4.5517">
        <ele>73</ele>
        <time>2026-06-23T12:06:03+00:00</time>
      </trkpt>
      <trkpt lat="48.18465" lon="-4.55152">
        <ele>74</ele>
        <time>2026-06-23T12:06:06+00:00</time>
      </trkpt>
      <trkpt lat="48.18433" lon="-4.55138">
        <ele>76</ele>
        <time>2026-06-23T12:06:09+00:00</time>
      </trkpt>
      <trkpt lat="48.18425" lon="-4.55133">
        <ele>75</ele>
        <time>2026-06-23T12:06:12+00:00</time>
      </trkpt>
      <trkpt lat="48.18414" lon="-4.55119">
        <ele>79</ele>
        <time>2026-06-23T12:06:15+00:00</time>
      </trkpt>
      <trkpt lat="48.1841" lon="-4.55117">
        <ele>79</ele>
        <time>2026-06-23T12:06:18+00:00</time>
      </trkpt>
      <trkpt lat="48.18392" lon="-4.55116">
        <ele>79</ele>
        <time>2026-06-23T12:06:21+00:00</time>
      </trkpt>
      <trkpt lat="48.18387" lon="-4.55105">
        <ele>81</ele>
        <time>2026-06-23T12:06:24+00:00</time>
      </trkpt>
      <trkpt lat="48.18373" lon="-4.55091">
        <ele>83</ele>
        <time>2026-06-23T12:06:27+00:00</time>
      </trkpt>
      <trkpt lat="48.18361" lon="-4.55068">
        <ele>84</ele>
        <time>2026-06-23T12:06:30+00:00</time>
      </trkpt>
      <trkpt lat="48.18354" lon="-4.55056">
        <ele>83</ele>
        <time>2026-06-23T12:06:33+00:00</time>
      </trkpt>
      <trkpt lat="48.18343" lon="-4.5502">
        <ele>84</ele>
        <time>2026-06-23T12:06:36+00:00</time>
      </trkpt>
      <trkpt lat="48.18327" lon="-4.54984">
        <ele>84</ele>
        <time>2026-06-23T12:06:39+00:00</time>
      </trkpt>
      <trkpt lat="48.18298" lon="-4.54917">
        <ele>84</ele>
        <time>2026-06-23T12:06:42+00:00</time>
      </trkpt>
      <trkpt lat="48.18289" lon="-4.54886">
        <ele>85</ele>
        <time>2026-06-23T12:06:45+00:00</time>
      </trkpt>
      <trkpt lat="48.18273" lon="-4.54863">
        <ele>85</ele>
        <time>2026-06-23T12:06:48+00:00</time>
      </trkpt>
      <trkpt lat="48.18256" lon="-4.54839">
        <ele>85</ele>
        <time>2026-06-23T12:06:51+00:00</time>
      </trkpt>
      <trkpt lat="48.18232" lon="-4.54807">
        <ele>85</ele>
        <time>2026-06-23T12:06:54+00:00</time>
      </trkpt>
      <trkpt lat="48.18229" lon="-4.54793">
        <ele>84</ele>
        <time>2026-06-23T12:06:57+00:00</time>
      </trkpt>
      <trkpt lat="48.18216" lon="-4.54762">
        <ele>85</ele>
        <time>2026-06-23T12:07:00+00:00</time>
      </trkpt>
      <trkpt lat="48.18209" lon="-4.54776">
        <ele>84</ele>
        <time>2026-06-23T12:07:03+00:00</time>
      </trkpt>
      <trkpt lat="48.18193" lon="-4.54793">
        <ele>80</ele>
        <time>2026-06-23T12:07:06+00:00</time>
      </trkpt>
      <trkpt lat="48.18192" lon="-4.548">
        <ele>79</ele>
        <time>2026-06-23T12:07:09+00:00</time>
      </trkpt>
      <trkpt lat="48.18176" lon="-4.54833">
        <ele>73</ele>
        <time>2026-06-23T12:07:12+00:00</time>
      </trkpt>
      <trkpt lat="48.18169" lon="-4.54851">
        <ele>68</ele>
        <time>2026-06-23T12:07:15+00:00</time>
      </trkpt>
      <trkpt lat="48.18145" lon="-4.54861">
        <ele>73</ele>
        <time>2026-06-23T12:07:18+00:00</time>
      </trkpt>
      <trkpt lat="48.1814" lon="-4.54856">
        <ele>74</ele>
        <time>2026-06-23T12:07:21+00:00</time>
      </trkpt>
      <trkpt lat="48.18127" lon="-4.54863">
        <ele>71</ele>
        <time>2026-06-23T12:07:24+00:00</time>
      </trkpt>
      <trkpt lat="48.18125" lon="-4.5487">
        <ele>72</ele>
        <time>2026-06-23T12:07:27+00:00</time>
      </trkpt>
      <trkpt lat="48.18124" lon="-4.54884">
        <ele>71</ele>
        <time>2026-06-23T12:07:30+00:00</time>
      </trkpt>
      <trkpt lat="48.18108" lon="-4.54912">
        <ele>69</ele>
        <time>2026-06-23T12:07:33+00:00</time>
      </trkpt>
      <trkpt lat="48.18102" lon="-4.54934">
        <ele>66</ele>
        <time>2026-06-23T12:07:36+00:00</time>
      </trkpt>
      <trkpt lat="48.18083" lon="-4.54966">
        <ele>63</ele>
        <time>2026-06-23T12:07:39+00:00</time>
      </trkpt>
      <trkpt lat="48.18072" lon="-4.55011">
        <ele>59</ele>
        <time>2026-06-23T12:07:42+00:00</time>
      </trkpt>
      <trkpt lat="48.18057" lon="-4.5503">
        <ele>53</ele>
        <time>2026-06-23T12:07:45+00:00</time>
      </trkpt>
      <trkpt lat="48.18053" lon="-4.55044">
        <ele>52</ele>
        <time>2026-06-23T12:07:48+00:00</time>
      </trkpt>
      <trkpt lat="48.18043" lon="-4.55058">
        <ele>53</ele>
        <time>2026-06-23T12:07:51+00:00</time>
      </trkpt>
      <trkpt lat="48.18037" lon="-4.55063">
        <ele>55</ele>
        <time>2026-06-23T12:07:54+00:00</time>
      </trkpt>
      <trkpt lat="48.18029" lon="-4.55114">
        <ele>62</ele>
        <time>2026-06-23T12:07:57+00:00</time>
      </trkpt>
      <trkpt lat="48.18024" lon="-4.55117">
        <ele>62</ele>
        <time>2026-06-23T12:08:00+00:00</time>
      </trkpt>
      <trkpt lat="48.18007" lon="-4.55114">
        <ele>71</ele>
        <time>2026-06-23T12:08:03+00:00</time>
      </trkpt>
      <trkpt lat="48.17995" lon="-4.55124">
        <ele>73</ele>
        <time>2026-06-23T12:08:06+00:00</time>
      </trkpt>
      <trkpt lat="48.1798" lon="-4.55144">
        <ele>74</ele>
        <time>2026-06-23T12:08:09+00:00</time>
      </trkpt>
      <trkpt lat="48.17967" lon="-4.55154">
        <ele>75</ele>
        <time>2026-06-23T12:08:12+00:00</time>
      </trkpt>
      <trkpt lat="48.17944" lon="-4.55163">
        <ele>76</ele>
        <time>2026-06-23T12:08:15+00:00</time>
      </trkpt>
      <trkpt lat="48.17931" lon="-4.55173">
        <ele>76</ele>
        <time>2026-06-23T12:08:18+00:00</time>
      </trkpt>
      <trkpt lat="48.17914" lon="-4.55176">
        <ele>78</ele>
        <time>2026-06-23T12:08:21+00:00</time>
      </trkpt>
      <trkpt lat="48.17895" lon="-4.55179">
        <ele>81</ele>
        <time>2026-06-23T12:08:24+00:00</time>
      </trkpt>
      <trkpt lat="48.17886" lon="-4.55187">
        <ele>82</ele>
        <time>2026-06-23T12:08:27+00:00</time>
      </trkpt>
      <trkpt lat="48.17868" lon="-4.55213">
        <ele>83</ele>
        <time>2026-06-23T12:08:30+00:00</time>
      </trkpt>
      <trkpt lat="48.17857" lon="-4.55232">
        <ele>83</ele>
        <time>2026-06-23T12:08:33+00:00</time>
      </trkpt>
      <trkpt lat="48.17848" lon="-4.55267">
        <ele>84</ele>
        <time>2026-06-23T12:08:36+00:00</time>
      </trkpt>
      <trkpt lat="48.17839" lon="-4.55281">
        <ele>85</ele>
        <time>2026-06-23T12:08:39+00:00</time>
      </trkpt>
      <trkpt lat="48.17832" lon="-4.55283">
        <ele>85</ele>
        <time>2026-06-23T12:08:42+00:00</time>
      </trkpt>
      <trkpt lat="48.17814" lon="-4.55316">
        <ele>87</ele>
        <time>2026-06-23T12:08:45+00:00</time>
      </trkpt>
      <trkpt lat="48.178" lon="-4.55343">
        <ele>88</ele>
        <time>2026-06-23T12:08:48+00:00</time>
      </trkpt>
      <trkpt lat="48.17785" lon="-4.55372">
        <ele>89</ele>
        <time>2026-06-23T12:08:51+00:00</time>
      </trkpt>
      <trkpt lat="48.1778" lon="-4.55386">
        <ele>91</ele>
        <time>2026-06-23T12:08:54+00:00</time>
      </trkpt>
      <trkpt lat="48.1777" lon="-4.55398">
        <ele>92</ele>
        <time>2026-06-23T12:08:57+00:00</time>
      </trkpt>
      <trkpt lat="48.17758" lon="-4.5541">
        <ele>93</ele>
        <time>2026-06-23T12:09:00+00:00</time>
      </trkpt>
      <trkpt lat="48.17749" lon="-4.55422">
        <ele>93</ele>
        <time>2026-06-23T12:09:03+00:00</time>
      </trkpt>
      <trkpt lat="48.1774" lon="-4.55431">
        <ele>93</ele>
        <time>2026-06-23T12:09:06+00:00</time>
      </trkpt>
      <trkpt lat="48.1774" lon="-4.5545">
        <ele>93</ele>
        <time>2026-06-23T12:09:09+00:00</time>
      </trkpt>
      <trkpt lat="48.17748" lon="-4.55487">
        <ele>92</ele>
        <time>2026-06-23T12:09:12+00:00</time>
      </trkpt>
      <trkpt lat="48.17747" lon="-4.55504">
        <ele>92</ele>
        <time>2026-06-23T12:09:15+00:00</time>
      </trkpt>
      <trkpt lat="48.1774" lon="-4.5553">
        <ele>92</ele>
        <time>2026-06-23T12:09:18+00:00</time>
      </trkpt>
      <trkpt lat="48.17732" lon="-4.5556">
        <ele>91</ele>
        <time>2026-06-23T12:09:21+00:00</time>
      </trkpt>
      <trkpt lat="48.17717" lon="-4.55592">
        <ele>91</ele>
        <time>2026-06-23T12:09:24+00:00</time>
      </trkpt>
      <trkpt lat="48.17696" lon="-4.55635">
        <ele>90</ele>
        <time>2026-06-23T12:09:27+00:00</time>
      </trkpt>
      <trkpt lat="48.17683" lon="-4.5567">
        <ele>90</ele>
        <time>2026-06-23T12:09:30+00:00</time>
      </trkpt>
      <trkpt lat="48.17664" lon="-4.55696">
        <ele>91</ele>
        <time>2026-06-23T12:09:33+00:00</time>
      </trkpt>
      <trkpt lat="48.17651" lon="-4.55722">
        <ele>91</ele>
        <time>2026-06-23T12:09:36+00:00</time>
      </trkpt>
      <trkpt lat="48.17639" lon="-4.55736">
        <ele>92</ele>
        <time>2026-06-23T12:09:39+00:00</time>
      </trkpt>
      <trkpt lat="48.17633" lon="-4.5574">
        <ele>91</ele>
        <time>2026-06-23T12:09:42+00:00</time>
      </trkpt>
      <trkpt lat="48.1763" lon="-4.55745">
        <ele>92</ele>
        <time>2026-06-23T12:09:45+00:00</time>
      </trkpt>
      <trkpt lat="48.17625" lon="-4.55764">
        <ele>91</ele>
        <time>2026-06-23T12:09:48+00:00</time>
      </trkpt>
      <trkpt lat="48.17626" lon="-4.55766">
        <ele>91</ele>
        <time>2026-06-23T12:09:51+00:00</time>
      </trkpt>
      <trkpt lat="48.17619" lon="-4.55773">
        <ele>90</ele>
        <time>2026-06-23T12:09:54+00:00</time>
      </trkpt>
      <trkpt lat="48.1761" lon="-4.5579">
        <ele>90</ele>
        <time>2026-06-23T12:09:57+00:00</time>
      </trkpt>
      <trkpt lat="48.17606" lon="-4.55788">
        <ele>89</ele>
        <time>2026-06-23T12:10:00+00:00</time>
      </trkpt>
      <trkpt lat="48.17593" lon="-4.55775">
        <ele>90</ele>
        <time>2026-06-23T12:10:03+00:00</time>
      </trkpt>
      <trkpt lat="48.17586" lon="-4.55769">
        <ele>88</ele>
        <time>2026-06-23T12:10:06+00:00</time>
      </trkpt>
      <trkpt lat="48.17578" lon="-4.55736">
        <ele>90</ele>
        <time>2026-06-23T12:10:09+00:00</time>
      </trkpt>
      <trkpt lat="48.17572" lon="-4.55722">
        <ele>89</ele>
        <time>2026-06-23T12:10:12+00:00</time>
      </trkpt>
      <trkpt lat="48.17572" lon="-4.55708">
        <ele>90</ele>
        <time>2026-06-23T12:10:15+00:00</time>
      </trkpt>
      <trkpt lat="48.17561" lon="-4.55687">
        <ele>86</ele>
        <time>2026-06-23T12:10:18+00:00</time>
      </trkpt>
      <trkpt lat="48.17553" lon="-4.55668">
        <ele>84</ele>
        <time>2026-06-23T12:10:21+00:00</time>
      </trkpt>
      <trkpt lat="48.17546" lon="-4.55661">
        <ele>82</ele>
        <time>2026-06-23T12:10:24+00:00</time>
      </trkpt>
      <trkpt lat="48.17543" lon="-4.55654">
        <ele>83</ele>
        <time>2026-06-23T12:10:27+00:00</time>
      </trkpt>
      <trkpt lat="48.17519" lon="-4.55633">
        <ele>83</ele>
        <time>2026-06-23T12:10:30+00:00</time>
      </trkpt>
      <trkpt lat="48.1751" lon="-4.55628">
        <ele>83</ele>
        <time>2026-06-23T12:10:33+00:00</time>
      </trkpt>
      <trkpt lat="48.17498" lon="-4.55613">
        <ele>83</ele>
        <time>2026-06-23T12:10:36+00:00</time>
      </trkpt>
      <trkpt lat="48.1749" lon="-4.55605">
        <ele>83</ele>
        <time>2026-06-23T12:10:39+00:00</time>
      </trkpt>
      <trkpt lat="48.17463" lon="-4.5559">
        <ele>79</ele>
        <time>2026-06-23T12:10:42+00:00</time>
      </trkpt>
      <trkpt lat="48.1745" lon="-4.55588">
        <ele>76</ele>
        <time>2026-06-23T12:10:45+00:00</time>
      </trkpt>
      <trkpt lat="48.17448" lon="-4.55583">
        <ele>76</ele>
        <time>2026-06-23T12:10:48+00:00</time>
      </trkpt>
      <trkpt lat="48.17439" lon="-4.55581">
        <ele>74</ele>
        <time>2026-06-23T12:10:51+00:00</time>
      </trkpt>
      <trkpt lat="48.17426" lon="-4.55583">
        <ele>71</ele>
        <time>2026-06-23T12:10:54+00:00</time>
      </trkpt>
      <trkpt lat="48.17414" lon="-4.55572">
        <ele>67</ele>
        <time>2026-06-23T12:10:57+00:00</time>
      </trkpt>
      <trkpt lat="48.17392" lon="-4.55565">
        <ele>63</ele>
        <time>2026-06-23T12:11:00+00:00</time>
      </trkpt>
      <trkpt lat="48.17378" lon="-4.55567">
        <ele>62</ele>
        <time>2026-06-23T12:11:03+00:00</time>
      </trkpt>
      <trkpt lat="48.17369" lon="-4.55572">
        <ele>65</ele>
        <time>2026-06-23T12:11:06+00:00</time>
      </trkpt>
      <trkpt lat="48.17356" lon="-4.55576">
        <ele>69</ele>
        <time>2026-06-23T12:11:09+00:00</time>
      </trkpt>
      <trkpt lat="48.17347" lon="-4.55583">
        <ele>68</ele>
        <time>2026-06-23T12:11:12+00:00</time>
      </trkpt>
      <trkpt lat="48.17316" lon="-4.55593">
        <ele>74</ele>
        <time>2026-06-23T12:11:15+00:00</time>
      </trkpt>
      <trkpt lat="48.17312" lon="-4.55588">
        <ele>75</ele>
        <time>2026-06-23T12:11:18+00:00</time>
      </trkpt>
      <trkpt lat="48.17298" lon="-4.55582">
        <ele>85</ele>
        <time>2026-06-23T12:11:21+00:00</time>
      </trkpt>
      <trkpt lat="48.17292" lon="-4.55588">
        <ele>85</ele>
        <time>2026-06-23T12:11:24+00:00</time>
      </trkpt>
      <trkpt lat="48.17285" lon="-4.55614">
        <ele>86</ele>
        <time>2026-06-23T12:11:27+00:00</time>
      </trkpt>
      <trkpt lat="48.17282" lon="-4.55635">
        <ele>85</ele>
        <time>2026-06-23T12:11:30+00:00</time>
      </trkpt>
      <trkpt lat="48.17266" lon="-4.55647">
        <ele>86</ele>
        <time>2026-06-23T12:11:33+00:00</time>
      </trkpt>
      <trkpt lat="48.17243" lon="-4.55649">
        <ele>86</ele>
        <time>2026-06-23T12:11:36+00:00</time>
      </trkpt>
      <trkpt lat="48.17217" lon="-4.55647">
        <ele>84</ele>
        <time>2026-06-23T12:11:39+00:00</time>
      </trkpt>
      <trkpt lat="48.17187" lon="-4.55642">
        <ele>85</ele>
        <time>2026-06-23T12:11:42+00:00</time>
      </trkpt>
      <trkpt lat="48.17176" lon="-4.55647">
        <ele>85</ele>
        <time>2026-06-23T12:11:45+00:00</time>
      </trkpt>
      <trkpt lat="48.17157" lon="-4.55647">
        <ele>86</ele>
        <time>2026-06-23T12:11:48+00:00</time>
      </trkpt>
      <trkpt lat="48.17132" lon="-4.55636">
        <ele>88</ele>
        <time>2026-06-23T12:11:51+00:00</time>
      </trkpt>
      <trkpt lat="48.17097" lon="-4.55621">
        <ele>88</ele>
        <time>2026-06-23T12:11:54+00:00</time>
      </trkpt>
      <trkpt lat="48.17063" lon="-4.55609">
        <ele>85</ele>
        <time>2026-06-23T12:11:57+00:00</time>
      </trkpt>
      <trkpt lat="48.17059" lon="-4.55599">
        <ele>89</ele>
        <time>2026-06-23T12:12:00+00:00</time>
      </trkpt>
      <trkpt lat="48.17052" lon="-4.55593">
        <ele>89</ele>
        <time>2026-06-23T12:12:03+00:00</time>
      </trkpt>
      <trkpt lat="48.17038" lon="-4.55562">
        <ele>87</ele>
        <time>2026-06-23T12:12:06+00:00</time>
      </trkpt>
      <trkpt lat="48.17036" lon="-4.55534">
        <ele>90</ele>
        <time>2026-06-23T12:12:09+00:00</time>
      </trkpt>
      <trkpt lat="48.1702" lon="-4.55503">
        <ele>91</ele>
        <time>2026-06-23T12:12:12+00:00</time>
      </trkpt>
      <trkpt lat="48.16997" lon="-4.55459">
        <ele>91</ele>
        <time>2026-06-23T12:12:15+00:00</time>
      </trkpt>
      <trkpt lat="48.1699" lon="-4.55424">
        <ele>92</ele>
        <time>2026-06-23T12:12:18+00:00</time>
      </trkpt>
      <trkpt lat="48.16981" lon="-4.55383">
        <ele>90</ele>
        <time>2026-06-23T12:12:21+00:00</time>
      </trkpt>
      <trkpt lat="48.16954" lon="-4.55375">
        <ele>89</ele>
        <time>2026-06-23T12:12:24+00:00</time>
      </trkpt>
      <trkpt lat="48.16912" lon="-4.55363">
        <ele>87</ele>
        <time>2026-06-23T12:12:27+00:00</time>
      </trkpt>
      <trkpt lat="48.16904" lon="-4.55329">
        <ele>85</ele>
        <time>2026-06-23T12:12:30+00:00</time>
      </trkpt>
      <trkpt lat="48.16896" lon="-4.55291">
        <ele>86</ele>
        <time>2026-06-23T12:12:33+00:00</time>
      </trkpt>
      <trkpt lat="48.16901" lon="-4.55249">
        <ele>87</ele>
        <time>2026-06-23T12:12:36+00:00</time>
      </trkpt>
      <trkpt lat="48.16909" lon="-4.55179">
        <ele>90</ele>
        <time>2026-06-23T12:12:39+00:00</time>
      </trkpt>
      <trkpt lat="48.16911" lon="-4.55145">
        <ele>92</ele>
        <time>2026-06-23T12:12:42+00:00</time>
      </trkpt>
      <trkpt lat="48.16912" lon="-4.55111">
        <ele>92</ele>
        <time>2026-06-23T12:12:45+00:00</time>
      </trkpt>
      <trkpt lat="48.16919" lon="-4.55072">
        <ele>91</ele>
        <time>2026-06-23T12:12:48+00:00</time>
      </trkpt>
      <trkpt lat="48.16928" lon="-4.55017">
        <ele>91</ele>
        <time>2026-06-23T12:12:51+00:00</time>
      </trkpt>
      <trkpt lat="48.16927" lon="-4.54952">
        <ele>91</ele>
        <time>2026-06-23T12:12:54+00:00</time>
      </trkpt>
      <trkpt lat="48.16923" lon="-4.54919">
        <ele>90</ele>
        <time>2026-06-23T12:12:57+00:00</time>
      </trkpt>
      <trkpt lat="48.16919" lon="-4.54884">
        <ele>89</ele>
        <time>2026-06-23T12:13:00+00:00</time>
      </trkpt>
      <trkpt lat="48.16933" lon="-4.54828">
        <ele>88</ele>
        <time>2026-06-23T12:13:03+00:00</time>
      </trkpt>
      <trkpt lat="48.16944" lon="-4.54767">
        <ele>88</ele>
        <time>2026-06-23T12:13:06+00:00</time>
      </trkpt>
      <trkpt lat="48.16946" lon="-4.54731">
        <ele>86</ele>
        <time>2026-06-23T12:13:09+00:00</time>
      </trkpt>
      <trkpt lat="48.16949" lon="-4.54687">
        <ele>85</ele>
        <time>2026-06-23T12:13:12+00:00</time>
      </trkpt>
      <trkpt lat="48.16955" lon="-4.5465">
        <ele>85</ele>
        <time>2026-06-23T12:13:15+00:00</time>
      </trkpt>
      <trkpt lat="48.16965" lon="-4.54615">
        <ele>85</ele>
        <time>2026-06-23T12:13:18+00:00</time>
      </trkpt>
      <trkpt lat="48.16969" lon="-4.54605">
        <ele>83</ele>
        <time>2026-06-23T12:13:21+00:00</time>
      </trkpt>
      <trkpt lat="48.16976" lon="-4.54599">
        <ele>85</ele>
        <time>2026-06-23T12:13:24+00:00</time>
      </trkpt>
      <trkpt lat="48.16992" lon="-4.54596">
        <ele>88</ele>
        <time>2026-06-23T12:13:27+00:00</time>
      </trkpt>
      <trkpt lat="48.17004" lon="-4.54599">
        <ele>90</ele>
        <time>2026-06-23T12:13:30+00:00</time>
      </trkpt>
      <trkpt lat="48.17012" lon="-4.54565">
        <ele>89</ele>
        <time>2026-06-23T12:13:33+00:00</time>
      </trkpt>
      <trkpt lat="48.17014" lon="-4.5453">
        <ele>90</ele>
        <time>2026-06-23T12:13:36+00:00</time>
      </trkpt>
      <trkpt lat="48.17008" lon="-4.54496">
        <ele>90</ele>
        <time>2026-06-23T12:13:39+00:00</time>
      </trkpt>
      <trkpt lat="48.17008" lon="-4.54458">
        <ele>90</ele>
        <time>2026-06-23T12:13:42+00:00</time>
      </trkpt>
      <trkpt lat="48.17009" lon="-4.5441">
        <ele>89</ele>
        <time>2026-06-23T12:13:45+00:00</time>
      </trkpt>
      <trkpt lat="48.17003" lon="-4.54378">
        <ele>88</ele>
        <time>2026-06-23T12:13:48+00:00</time>
      </trkpt>
      <trkpt lat="48.1699" lon="-4.54352">
        <ele>86</ele>
        <time>2026-06-23T12:13:51+00:00</time>
      </trkpt>
      <trkpt lat="48.16978" lon="-4.54319">
        <ele>84</ele>
        <time>2026-06-23T12:13:54+00:00</time>
      </trkpt>
      <trkpt lat="48.16977" lon="-4.54311">
        <ele>84</ele>
        <time>2026-06-23T12:13:57+00:00</time>
      </trkpt>
      <trkpt lat="48.16979" lon="-4.54301">
        <ele>82</ele>
        <time>2026-06-23T12:14:00+00:00</time>
      </trkpt>
      <trkpt lat="48.16992" lon="-4.54286">
        <ele>83</ele>
        <time>2026-06-23T12:14:03+00:00</time>
      </trkpt>
      <trkpt lat="48.17005" lon="-4.5427">
        <ele>83</ele>
        <time>2026-06-23T12:14:06+00:00</time>
      </trkpt>
      <trkpt lat="48.17014" lon="-4.54263">
        <ele>83</ele>
        <time>2026-06-23T12:14:09+00:00</time>
      </trkpt>
      <trkpt lat="48.17038" lon="-4.5423">
        <ele>83</ele>
        <time>2026-06-23T12:14:12+00:00</time>
      </trkpt>
      <trkpt lat="48.17041" lon="-4.54192">
        <ele>82</ele>
        <time>2026-06-23T12:14:15+00:00</time>
      </trkpt>
      <trkpt lat="48.17045" lon="-4.54141">
        <ele>80</ele>
        <time>2026-06-23T12:14:18+00:00</time>
      </trkpt>
      <trkpt lat="48.17049" lon="-4.54119">
        <ele>73</ele>
        <time>2026-06-23T12:14:21+00:00</time>
      </trkpt>
      <trkpt lat="48.17055" lon="-4.54101">
        <ele>79</ele>
        <time>2026-06-23T12:14:24+00:00</time>
      </trkpt>
      <trkpt lat="48.17057" lon="-4.54087">
        <ele>77</ele>
        <time>2026-06-23T12:14:27+00:00</time>
      </trkpt>
      <trkpt lat="48.17064" lon="-4.5408">
        <ele>79</ele>
        <time>2026-06-23T12:14:30+00:00</time>
      </trkpt>
      <trkpt lat="48.17066" lon="-4.54073">
        <ele>77</ele>
        <time>2026-06-23T12:14:33+00:00</time>
      </trkpt>
      <trkpt lat="48.17075" lon="-4.54059">
        <ele>76</ele>
        <time>2026-06-23T12:14:36+00:00</time>
      </trkpt>
      <trkpt lat="48.17086" lon="-4.54052">
        <ele>71</ele>
        <time>2026-06-23T12:14:39+00:00</time>
      </trkpt>
      <trkpt lat="48.17102" lon="-4.5407">
        <ele>74</ele>
        <time>2026-06-23T12:14:42+00:00</time>
      </trkpt>
      <trkpt lat="48.17122" lon="-4.54101">
        <ele>71</ele>
        <time>2026-06-23T12:14:45+00:00</time>
      </trkpt>
      <trkpt lat="48.17147" lon="-4.54124">
        <ele>71</ele>
        <time>2026-06-23T12:14:48+00:00</time>
      </trkpt>
      <trkpt lat="48.17152" lon="-4.54134">
        <ele>71</ele>
        <time>2026-06-23T12:14:51+00:00</time>
      </trkpt>
      <trkpt lat="48.17162" lon="-4.54143">
        <ele>71</ele>
        <time>2026-06-23T12:14:54+00:00</time>
      </trkpt>
      <trkpt lat="48.17184" lon="-4.54183">
        <ele>67</ele>
        <time>2026-06-23T12:14:57+00:00</time>
      </trkpt>
      <trkpt lat="48.17196" lon="-4.54216">
        <ele>65</ele>
        <time>2026-06-23T12:15:00+00:00</time>
      </trkpt>
      <trkpt lat="48.17205" lon="-4.54234">
        <ele>63</ele>
        <time>2026-06-23T12:15:03+00:00</time>
      </trkpt>
      <trkpt lat="48.17207" lon="-4.54237">
        <ele>63</ele>
        <time>2026-06-23T12:15:06+00:00</time>
      </trkpt>
      <trkpt lat="48.17209" lon="-4.54234">
        <ele>63</ele>
        <time>2026-06-23T12:15:09+00:00</time>
      </trkpt>
      <trkpt lat="48.17206" lon="-4.5422">
        <ele>62</ele>
        <time>2026-06-23T12:15:12+00:00</time>
      </trkpt>
      <trkpt lat="48.17208" lon="-4.54216">
        <ele>61</ele>
        <time>2026-06-23T12:15:15+00:00</time>
      </trkpt>
      <trkpt lat="48.1721" lon="-4.54218">
        <ele>61</ele>
        <time>2026-06-23T12:15:18+00:00</time>
      </trkpt>
      <trkpt lat="48.17223" lon="-4.54256">
        <ele>58</ele>
        <time>2026-06-23T12:15:21+00:00</time>
      </trkpt>
      <trkpt lat="48.17247" lon="-4.54293">
        <ele>55</ele>
        <time>2026-06-23T12:15:24+00:00</time>
      </trkpt>
      <trkpt lat="48.17276" lon="-4.54319">
        <ele>54</ele>
        <time>2026-06-23T12:15:27+00:00</time>
      </trkpt>
      <trkpt lat="48.17285" lon="-4.54324">
        <ele>54</ele>
        <time>2026-06-23T12:15:30+00:00</time>
      </trkpt>
      <trkpt lat="48.17295" lon="-4.54326">
        <ele>54</ele>
        <time>2026-06-23T12:15:33+00:00</time>
      </trkpt>
      <trkpt lat="48.17326" lon="-4.54317">
        <ele>55</ele>
        <time>2026-06-23T12:15:36+00:00</time>
      </trkpt>
      <trkpt lat="48.17337" lon="-4.54305">
        <ele>54</ele>
        <time>2026-06-23T12:15:39+00:00</time>
      </trkpt>
      <trkpt lat="48.17346" lon="-4.54298">
        <ele>55</ele>
        <time>2026-06-23T12:15:42+00:00</time>
      </trkpt>
      <trkpt lat="48.17364" lon="-4.5429">
        <ele>63</ele>
        <time>2026-06-23T12:15:45+00:00</time>
      </trkpt>
      <trkpt lat="48.17395" lon="-4.54281">
        <ele>67</ele>
        <time>2026-06-23T12:15:48+00:00</time>
      </trkpt>
      <trkpt lat="48.17422" lon="-4.54278">
        <ele>71</ele>
        <time>2026-06-23T12:15:51+00:00</time>
      </trkpt>
      <trkpt lat="48.17465" lon="-4.54273">
        <ele>73</ele>
        <time>2026-06-23T12:15:54+00:00</time>
      </trkpt>
      <trkpt lat="48.17471" lon="-4.5427">
        <ele>78</ele>
        <time>2026-06-23T12:15:57+00:00</time>
      </trkpt>
      <trkpt lat="48.17479" lon="-4.54253">
        <ele>70</ele>
        <time>2026-06-23T12:16:00+00:00</time>
      </trkpt>
      <trkpt lat="48.1748" lon="-4.54237">
        <ele>67</ele>
        <time>2026-06-23T12:16:03+00:00</time>
      </trkpt>
      <trkpt lat="48.17483" lon="-4.54223">
        <ele>68</ele>
        <time>2026-06-23T12:16:06+00:00</time>
      </trkpt>
      <trkpt lat="48.17509" lon="-4.5419">
        <ele>66</ele>
        <time>2026-06-23T12:16:09+00:00</time>
      </trkpt>
      <trkpt lat="48.17532" lon="-4.54175">
        <ele>66</ele>
        <time>2026-06-23T12:16:12+00:00</time>
      </trkpt>
      <trkpt lat="48.1756" lon="-4.54157">
        <ele>66</ele>
        <time>2026-06-23T12:16:15+00:00</time>
      </trkpt>
      <trkpt lat="48.17579" lon="-4.54143">
        <ele>65</ele>
        <time>2026-06-23T12:16:18+00:00</time>
      </trkpt>
      <trkpt lat="48.17587" lon="-4.54129">
        <ele>61</ele>
        <time>2026-06-23T12:16:21+00:00</time>
      </trkpt>
      <trkpt lat="48.17609" lon="-4.54105">
        <ele>65</ele>
        <time>2026-06-23T12:16:24+00:00</time>
      </trkpt>
      <trkpt lat="48.17616" lon="-4.54091">
        <ele>65</ele>
        <time>2026-06-23T12:16:27+00:00</time>
      </trkpt>
      <trkpt lat="48.17641" lon="-4.54061">
        <ele>65</ele>
        <time>2026-06-23T12:16:30+00:00</time>
      </trkpt>
      <trkpt lat="48.17659" lon="-4.5403">
        <ele>64</ele>
        <time>2026-06-23T12:16:33+00:00</time>
      </trkpt>
      <trkpt lat="48.17661" lon="-4.54007">
        <ele>64</ele>
        <time>2026-06-23T12:16:36+00:00</time>
      </trkpt>
      <trkpt lat="48.1767" lon="-4.53993">
        <ele>64</ele>
        <time>2026-06-23T12:16:39+00:00</time>
      </trkpt>
      <trkpt lat="48.17669" lon="-4.53983">
        <ele>62</ele>
        <time>2026-06-23T12:16:42+00:00</time>
      </trkpt>
      <trkpt lat="48.17677" lon="-4.53986">
        <ele>65</ele>
        <time>2026-06-23T12:16:45+00:00</time>
      </trkpt>
      <trkpt lat="48.17692" lon="-4.53995">
        <ele>62</ele>
        <time>2026-06-23T12:16:48+00:00</time>
      </trkpt>
      <trkpt lat="48.17714" lon="-4.54002">
        <ele>61</ele>
        <time>2026-06-23T12:16:51+00:00</time>
      </trkpt>
      <trkpt lat="48.17733" lon="-4.54016">
        <ele>56</ele>
        <time>2026-06-23T12:16:54+00:00</time>
      </trkpt>
      <trkpt lat="48.17755" lon="-4.54028">
        <ele>51</ele>
        <time>2026-06-23T12:16:57+00:00</time>
      </trkpt>
      <trkpt lat="48.17769" lon="-4.54049">
        <ele>51</ele>
        <time>2026-06-23T12:17:00+00:00</time>
      </trkpt>
      <trkpt lat="48.17772" lon="-4.54049">
        <ele>47</ele>
        <time>2026-06-23T12:17:03+00:00</time>
      </trkpt>
      <trkpt lat="48.17796" lon="-4.54087">
        <ele>49</ele>
        <time>2026-06-23T12:17:06+00:00</time>
      </trkpt>
      <trkpt lat="48.17815" lon="-4.54098">
        <ele>48</ele>
        <time>2026-06-23T12:17:09+00:00</time>
      </trkpt>
      <trkpt lat="48.17823" lon="-4.54094">
        <ele>46</ele>
        <time>2026-06-23T12:17:12+00:00</time>
      </trkpt>
      <trkpt lat="48.17836" lon="-4.54115">
        <ele>48</ele>
        <time>2026-06-23T12:17:15+00:00</time>
      </trkpt>
      <trkpt lat="48.17839" lon="-4.54138">
        <ele>51</ele>
        <time>2026-06-23T12:17:18+00:00</time>
      </trkpt>
      <trkpt lat="48.17845" lon="-4.54141">
        <ele>47</ele>
        <time>2026-06-23T12:17:21+00:00</time>
      </trkpt>
      <trkpt lat="48.1785" lon="-4.5415">
        <ele>48</ele>
        <time>2026-06-23T12:17:24+00:00</time>
      </trkpt>
      <trkpt lat="48.17855" lon="-4.54155">
        <ele>47</ele>
        <time>2026-06-23T12:17:27+00:00</time>
      </trkpt>
      <trkpt lat="48.17859" lon="-4.54152">
        <ele>47</ele>
        <time>2026-06-23T12:17:30+00:00</time>
      </trkpt>
      <trkpt lat="48.17865" lon="-4.54143">
        <ele>44</ele>
        <time>2026-06-23T12:17:33+00:00</time>
      </trkpt>
      <trkpt lat="48.17886" lon="-4.54138">
        <ele>46</ele>
        <time>2026-06-23T12:17:36+00:00</time>
      </trkpt>
      <trkpt lat="48.17911" lon="-4.54136">
        <ele>46</ele>
        <time>2026-06-23T12:17:39+00:00</time>
      </trkpt>
      <trkpt lat="48.17924" lon="-4.54143">
        <ele>46</ele>
        <time>2026-06-23T12:17:42+00:00</time>
      </trkpt>
      <trkpt lat="48.17948" lon="-4.54145">
        <ele>46</ele>
        <time>2026-06-23T12:17:45+00:00</time>
      </trkpt>
      <trkpt lat="48.17969" lon="-4.54141">
        <ele>49</ele>
        <time>2026-06-23T12:17:48+00:00</time>
      </trkpt>
      <trkpt lat="48.17981" lon="-4.54145">
        <ele>52</ele>
        <time>2026-06-23T12:17:51+00:00</time>
      </trkpt>
      <trkpt lat="48.17991" lon="-4.54145">
        <ele>53</ele>
        <time>2026-06-23T12:17:54+00:00</time>
      </trkpt>
      <trkpt lat="48.17998" lon="-4.54141">
        <ele>53</ele>
        <time>2026-06-23T12:17:57+00:00</time>
      </trkpt>
      <trkpt lat="48.18006" lon="-4.54148">
        <ele>54</ele>
        <time>2026-06-23T12:18:00+00:00</time>
      </trkpt>
      <trkpt lat="48.1802" lon="-4.54138">
        <ele>54</ele>
        <time>2026-06-23T12:18:03+00:00</time>
      </trkpt>
      <trkpt lat="48.1804" lon="-4.54134">
        <ele>56</ele>
        <time>2026-06-23T12:18:06+00:00</time>
      </trkpt>
      <trkpt lat="48.18055" lon="-4.54136">
        <ele>57</ele>
        <time>2026-06-23T12:18:09+00:00</time>
      </trkpt>
      <trkpt lat="48.18074" lon="-4.54136">
        <ele>59</ele>
        <time>2026-06-23T12:18:12+00:00</time>
      </trkpt>
      <trkpt lat="48.18082" lon="-4.54134">
        <ele>63</ele>
        <time>2026-06-23T12:18:15+00:00</time>
      </trkpt>
      <trkpt lat="48.18105" lon="-4.5411">
        <ele>58</ele>
        <time>2026-06-23T12:18:18+00:00</time>
      </trkpt>
      <trkpt lat="48.1813" lon="-4.54073">
        <ele>57</ele>
        <time>2026-06-23T12:18:21+00:00</time>
      </trkpt>
      <trkpt lat="48.18138" lon="-4.54049">
        <ele>49</ele>
        <time>2026-06-23T12:18:24+00:00</time>
      </trkpt>
      <trkpt lat="48.18138" lon="-4.54026">
        <ele>50</ele>
        <time>2026-06-23T12:18:27+00:00</time>
      </trkpt>
      <trkpt lat="48.18139" lon="-4.54">
        <ele>39</ele>
        <time>2026-06-23T12:18:30+00:00</time>
      </trkpt>
      <trkpt lat="48.18144" lon="-4.53981">
        <ele>48</ele>
        <time>2026-06-23T12:18:33+00:00</time>
      </trkpt>
      <trkpt lat="48.1815" lon="-4.53962">
        <ele>28</ele>
        <time>2026-06-23T12:18:36+00:00</time>
      </trkpt>
      <trkpt lat="48.18157" lon="-4.53951">
        <ele>48</ele>
        <time>2026-06-23T12:18:39+00:00</time>
      </trkpt>
      <trkpt lat="48.18179" lon="-4.5392">
        <ele>48</ele>
        <time>2026-06-23T12:18:42+00:00</time>
      </trkpt>
      <trkpt lat="48.18188" lon="-4.53873">
        <ele>46</ele>
        <time>2026-06-23T12:18:45+00:00</time>
      </trkpt>
      <trkpt lat="48.18196" lon="-4.53852">
        <ele>44</ele>
        <time>2026-06-23T12:18:48+00:00</time>
      </trkpt>
      <trkpt lat="48.18202" lon="-4.53843">
        <ele>50</ele>
        <time>2026-06-23T12:18:51+00:00</time>
      </trkpt>
      <trkpt lat="48.18232" lon="-4.53823">
        <ele>52</ele>
        <time>2026-06-23T12:18:54+00:00</time>
      </trkpt>
      <trkpt lat="48.18247" lon="-4.53817">
        <ele>52</ele>
        <time>2026-06-23T12:18:57+00:00</time>
      </trkpt>
      <trkpt lat="48.1826" lon="-4.53819">
        <ele>54</ele>
        <time>2026-06-23T12:19:00+00:00</time>
      </trkpt>
      <trkpt lat="48.18273" lon="-4.53824">
        <ele>65</ele>
        <time>2026-06-23T12:19:03+00:00</time>
      </trkpt>
      <trkpt lat="48.18288" lon="-4.53824">
        <ele>55</ele>
        <time>2026-06-23T12:19:06+00:00</time>
      </trkpt>
      <trkpt lat="48.18294" lon="-4.53823">
        <ele>67</ele>
        <time>2026-06-23T12:19:09+00:00</time>
      </trkpt>
      <trkpt lat="48.18306" lon="-4.53803">
        <ele>57</ele>
        <time>2026-06-23T12:19:12+00:00</time>
      </trkpt>
      <trkpt lat="48.18322" lon="-4.53786">
        <ele>59</ele>
        <time>2026-06-23T12:19:15+00:00</time>
      </trkpt>
      <trkpt lat="48.18344" lon="-4.53749">
        <ele>61</ele>
        <time>2026-06-23T12:19:18+00:00</time>
      </trkpt>
      <trkpt lat="48.18353" lon="-4.53746">
        <ele>65</ele>
        <time>2026-06-23T12:19:21+00:00</time>
      </trkpt>
      <trkpt lat="48.18357" lon="-4.53749">
        <ele>65</ele>
        <time>2026-06-23T12:19:24+00:00</time>
      </trkpt>
      <trkpt lat="48.18364" lon="-4.53737">
        <ele>67</ele>
        <time>2026-06-23T12:19:27+00:00</time>
      </trkpt>
      <trkpt lat="48.18374" lon="-4.53728">
        <ele>69</ele>
        <time>2026-06-23T12:19:30+00:00</time>
      </trkpt>
      <trkpt lat="48.18385" lon="-4.53721">
        <ele>72</ele>
        <time>2026-06-23T12:19:33+00:00</time>
      </trkpt>
      <trkpt lat="48.18393" lon="-4.53718">
        <ele>76</ele>
        <time>2026-06-23T12:19:36+00:00</time>
      </trkpt>
      <trkpt lat="48.18401" lon="-4.53711">
        <ele>80</ele>
        <time>2026-06-23T12:19:39+00:00</time>
      </trkpt>
      <trkpt lat="48.18403" lon="-4.53702">
        <ele>75</ele>
        <time>2026-06-23T12:19:42+00:00</time>
      </trkpt>
      <trkpt lat="48.184" lon="-4.53676">
        <ele>70</ele>
        <time>2026-06-23T12:19:45+00:00</time>
      </trkpt>
      <trkpt lat="48.18401" lon="-4.53667">
        <ele>76</ele>
        <time>2026-06-23T12:19:48+00:00</time>
      </trkpt>
      <trkpt lat="48.18397" lon="-4.5362">
        <ele>72</ele>
        <time>2026-06-23T12:19:51+00:00</time>
      </trkpt>
      <trkpt lat="48.18392" lon="-4.5361">
        <ele>77</ele>
        <time>2026-06-23T12:19:54+00:00</time>
      </trkpt>
      <trkpt lat="48.18387" lon="-4.53606">
        <ele>71</ele>
        <time>2026-06-23T12:19:57+00:00</time>
      </trkpt>
      <trkpt lat="48.1838" lon="-4.53582">
        <ele>73</ele>
        <time>2026-06-23T12:20:00+00:00</time>
      </trkpt>
      <trkpt lat="48.18376" lon="-4.53561">
        <ele>72</ele>
        <time>2026-06-23T12:20:03+00:00</time>
      </trkpt>
      <trkpt lat="48.18379" lon="-4.53545">
        <ele>75</ele>
        <time>2026-06-23T12:20:06+00:00</time>
      </trkpt>
      <trkpt lat="48.18394" lon="-4.53519">
        <ele>79</ele>
        <time>2026-06-23T12:20:09+00:00</time>
      </trkpt>
      <trkpt lat="48.18409" lon="-4.53491">
        <ele>80</ele>
        <time>2026-06-23T12:20:12+00:00</time>
      </trkpt>
      <trkpt lat="48.1843" lon="-4.53441">
        <ele>79</ele>
        <time>2026-06-23T12:20:15+00:00</time>
      </trkpt>
      <trkpt lat="48.18439" lon="-4.53409">
        <ele>79</ele>
        <time>2026-06-23T12:20:18+00:00</time>
      </trkpt>
      <trkpt lat="48.18449" lon="-4.53373">
        <ele>79</ele>
        <time>2026-06-23T12:20:21+00:00</time>
      </trkpt>
      <trkpt lat="48.18462" lon="-4.53346">
        <ele>82</ele>
        <time>2026-06-23T12:20:24+00:00</time>
      </trkpt>
      <trkpt lat="48.18476" lon="-4.53319">
        <ele>85</ele>
        <time>2026-06-23T12:20:27+00:00</time>
      </trkpt>
      <trkpt lat="48.18499" lon="-4.53285">
        <ele>86</ele>
        <time>2026-06-23T12:20:30+00:00</time>
      </trkpt>
      <trkpt lat="48.18522" lon="-4.53251">
        <ele>89</ele>
        <time>2026-06-23T12:20:33+00:00</time>
      </trkpt>
      <trkpt lat="48.18556" lon="-4.532">
        <ele>89</ele>
        <time>2026-06-23T12:20:36+00:00</time>
      </trkpt>
      <trkpt lat="48.1856" lon="-4.53164">
        <ele>85</ele>
        <time>2026-06-23T12:20:39+00:00</time>
      </trkpt>
      <trkpt lat="48.18564" lon="-4.53122">
        <ele>86</ele>
        <time>2026-06-23T12:20:42+00:00</time>
      </trkpt>
      <trkpt lat="48.18581" lon="-4.53122">
        <ele>88</ele>
        <time>2026-06-23T12:20:45+00:00</time>
      </trkpt>
      <trkpt lat="48.18599" lon="-4.53104">
        <ele>88</ele>
        <time>2026-06-23T12:20:48+00:00</time>
      </trkpt>
      <trkpt lat="48.18612" lon="-4.53086">
        <ele>89</ele>
        <time>2026-06-23T12:20:51+00:00</time>
      </trkpt>
      <trkpt lat="48.18615" lon="-4.53073">
        <ele>88</ele>
        <time>2026-06-23T12:20:54+00:00</time>
      </trkpt>
      <trkpt lat="48.18621" lon="-4.53068">
        <ele>89</ele>
        <time>2026-06-23T12:20:57+00:00</time>
      </trkpt>
      <trkpt lat="48.18629" lon="-4.5307">
        <ele>90</ele>
        <time>2026-06-23T12:21:00+00:00</time>
      </trkpt>
      <trkpt lat="48.18638" lon="-4.53052">
        <ele>92</ele>
        <time>2026-06-23T12:21:03+00:00</time>
      </trkpt>
      <trkpt lat="48.18647" lon="-4.53033">
        <ele>92</ele>
        <time>2026-06-23T12:21:06+00:00</time>
      </trkpt>
      <trkpt lat="48.18674" lon="-4.52986">
        <ele>92</ele>
        <time>2026-06-23T12:21:09+00:00</time>
      </trkpt>
      <trkpt lat="48.18676" lon="-4.52951">
        <ele>92</ele>
        <time>2026-06-23T12:21:12+00:00</time>
      </trkpt>
      <trkpt lat="48.18679" lon="-4.52911">
        <ele>93</ele>
        <time>2026-06-23T12:21:15+00:00</time>
      </trkpt>
      <trkpt lat="48.18689" lon="-4.52895">
        <ele>91</ele>
        <time>2026-06-23T12:21:18+00:00</time>
      </trkpt>
      <trkpt lat="48.18701" lon="-4.52885">
        <ele>92</ele>
        <time>2026-06-23T12:21:21+00:00</time>
      </trkpt>
      <trkpt lat="48.18701" lon="-4.5286">
        <ele>93</ele>
        <time>2026-06-23T12:21:24+00:00</time>
      </trkpt>
      <trkpt lat="48.18714" lon="-4.52838">
        <ele>92</ele>
        <time>2026-06-23T12:21:27+00:00</time>
      </trkpt>
      <trkpt lat="48.18732" lon="-4.52806">
        <ele>91</ele>
        <time>2026-06-23T12:21:30+00:00</time>
      </trkpt>
      <trkpt lat="48.18739" lon="-4.52782">
        <ele>87</ele>
        <time>2026-06-23T12:21:33+00:00</time>
      </trkpt>
      <trkpt lat="48.18753" lon="-4.52764">
        <ele>88</ele>
        <time>2026-06-23T12:21:36+00:00</time>
      </trkpt>
      <trkpt lat="48.18773" lon="-4.52738">
        <ele>85</ele>
        <time>2026-06-23T12:21:39+00:00</time>
      </trkpt>
      <trkpt lat="48.18794" lon="-4.52721">
        <ele>82</ele>
        <time>2026-06-23T12:21:42+00:00</time>
      </trkpt>
      <trkpt lat="48.18794" lon="-4.52714">
        <ele>79</ele>
        <time>2026-06-23T12:21:45+00:00</time>
      </trkpt>
      <trkpt lat="48.18806" lon="-4.52693">
        <ele>73</ele>
        <time>2026-06-23T12:21:48+00:00</time>
      </trkpt>
      <trkpt lat="48.18816" lon="-4.52686">
        <ele>72</ele>
        <time>2026-06-23T12:21:51+00:00</time>
      </trkpt>
      <trkpt lat="48.18825" lon="-4.52684">
        <ele>72</ele>
        <time>2026-06-23T12:21:54+00:00</time>
      </trkpt>
      <trkpt lat="48.18832" lon="-4.52677">
        <ele>67</ele>
        <time>2026-06-23T12:21:57+00:00</time>
      </trkpt>
      <trkpt lat="48.18842" lon="-4.52674">
        <ele>70</ele>
        <time>2026-06-23T12:22:00+00:00</time>
      </trkpt>
      <trkpt lat="48.18856" lon="-4.52677">
        <ele>66</ele>
        <time>2026-06-23T12:22:03+00:00</time>
      </trkpt>
      <trkpt lat="48.18865" lon="-4.52684">
        <ele>70</ele>
        <time>2026-06-23T12:22:06+00:00</time>
      </trkpt>
      <trkpt lat="48.1888" lon="-4.52707">
        <ele>70</ele>
        <time>2026-06-23T12:22:09+00:00</time>
      </trkpt>
      <trkpt lat="48.18885" lon="-4.52709">
        <ele>71</ele>
        <time>2026-06-23T12:22:12+00:00</time>
      </trkpt>
      <trkpt lat="48.18896" lon="-4.52705">
        <ele>70</ele>
        <time>2026-06-23T12:22:15+00:00</time>
      </trkpt>
      <trkpt lat="48.18896" lon="-4.52702">
        <ele>70</ele>
        <time>2026-06-23T12:22:18+00:00</time>
      </trkpt>
      <trkpt lat="48.18894" lon="-4.527">
        <ele>70</ele>
        <time>2026-06-23T12:22:21+00:00</time>
      </trkpt>
      <trkpt lat="48.18897" lon="-4.52698">
        <ele>68</ele>
        <time>2026-06-23T12:22:24+00:00</time>
      </trkpt>
      <trkpt lat="48.18892" lon="-4.52698">
        <ele>68</ele>
        <time>2026-06-23T12:22:27+00:00</time>
      </trkpt>
      <trkpt lat="48.18899" lon="-4.52681">
        <ele>72</ele>
        <time>2026-06-23T12:22:30+00:00</time>
      </trkpt>
      <trkpt lat="48.18922" lon="-4.52681">
        <ele>75</ele>
        <time>2026-06-23T12:22:33+00:00</time>
      </trkpt>
      <trkpt lat="48.18936" lon="-4.52672">
        <ele>83</ele>
        <time>2026-06-23T12:22:36+00:00</time>
      </trkpt>
      <trkpt lat="48.18953" lon="-4.52656">
        <ele>92</ele>
        <time>2026-06-23T12:22:39+00:00</time>
      </trkpt>
      <trkpt lat="48.18976" lon="-4.52634">
        <ele>95</ele>
        <time>2026-06-23T12:22:42+00:00</time>
      </trkpt>
      <trkpt lat="48.18988" lon="-4.52611">
        <ele>97</ele>
        <time>2026-06-23T12:22:45+00:00</time>
      </trkpt>
      <trkpt lat="48.19004" lon="-4.52562">
        <ele>97</ele>
        <time>2026-06-23T12:22:48+00:00</time>
      </trkpt>
      <trkpt lat="48.19011" lon="-4.52545">
        <ele>99</ele>
        <time>2026-06-23T12:22:51+00:00</time>
      </trkpt>
      <trkpt lat="48.19018" lon="-4.52522">
        <ele>96</ele>
        <time>2026-06-23T12:22:54+00:00</time>
      </trkpt>
      <trkpt lat="48.19019" lon="-4.5251">
        <ele>98</ele>
        <time>2026-06-23T12:22:57+00:00</time>
      </trkpt>
      <trkpt lat="48.19035" lon="-4.52483">
        <ele>96</ele>
        <time>2026-06-23T12:23:00+00:00</time>
      </trkpt>
      <trkpt lat="48.19059" lon="-4.5244">
        <ele>94</ele>
        <time>2026-06-23T12:23:03+00:00</time>
      </trkpt>
      <trkpt lat="48.19065" lon="-4.5244">
        <ele>94</ele>
        <time>2026-06-23T12:23:06+00:00</time>
      </trkpt>
      <trkpt lat="48.19072" lon="-4.52447">
        <ele>93</ele>
        <time>2026-06-23T12:23:09+00:00</time>
      </trkpt>
      <trkpt lat="48.19075" lon="-4.52444">
        <ele>93</ele>
        <time>2026-06-23T12:23:12+00:00</time>
      </trkpt>
      <trkpt lat="48.19092" lon="-4.52442">
        <ele>93</ele>
        <time>2026-06-23T12:23:15+00:00</time>
      </trkpt>
      <trkpt lat="48.19116" lon="-4.52435">
        <ele>92</ele>
        <time>2026-06-23T12:23:18+00:00</time>
      </trkpt>
      <trkpt lat="48.19141" lon="-4.52427">
        <ele>90</ele>
        <time>2026-06-23T12:23:21+00:00</time>
      </trkpt>
      <trkpt lat="48.19168" lon="-4.52419">
        <ele>90</ele>
        <time>2026-06-23T12:23:24+00:00</time>
      </trkpt>
      <trkpt lat="48.19189" lon="-4.52397">
        <ele>91</ele>
        <time>2026-06-23T12:23:27+00:00</time>
      </trkpt>
      <trkpt lat="48.19203" lon="-4.52388">
        <ele>93</ele>
        <time>2026-06-23T12:23:30+00:00</time>
      </trkpt>
      <trkpt lat="48.19219" lon="-4.52372">
        <ele>93</ele>
        <time>2026-06-23T12:23:33+00:00</time>
      </trkpt>
      <trkpt lat="48.19251" lon="-4.52332">
        <ele>93</ele>
        <time>2026-06-23T12:23:36+00:00</time>
      </trkpt>
      <trkpt lat="48.19263" lon="-4.52322">
        <ele>94</ele>
        <time>2026-06-23T12:23:39+00:00</time>
      </trkpt>
      <trkpt lat="48.19268" lon="-4.52322">
        <ele>94</ele>
        <time>2026-06-23T12:23:42+00:00</time>
      </trkpt>
      <trkpt lat="48.19272" lon="-4.52318">
        <ele>93</ele>
        <time>2026-06-23T12:23:45+00:00</time>
      </trkpt>
      <trkpt lat="48.19279" lon="-4.5232">
        <ele>94</ele>
        <time>2026-06-23T12:23:48+00:00</time>
      </trkpt>
      <trkpt lat="48.19297" lon="-4.52338">
        <ele>94</ele>
        <time>2026-06-23T12:23:51+00:00</time>
      </trkpt>
      <trkpt lat="48.19321" lon="-4.52362">
        <ele>94</ele>
        <time>2026-06-23T12:23:54+00:00</time>
      </trkpt>
      <trkpt lat="48.19365" lon="-4.52367">
        <ele>91</ele>
        <time>2026-06-23T12:23:57+00:00</time>
      </trkpt>
      <trkpt lat="48.19405" lon="-4.52367">
        <ele>91</ele>
        <time>2026-06-23T12:24:00+00:00</time>
      </trkpt>
      <trkpt lat="48.19411" lon="-4.52365">
        <ele>91</ele>
        <time>2026-06-23T12:24:03+00:00</time>
      </trkpt>
      <trkpt lat="48.19431" lon="-4.52367">
        <ele>91</ele>
        <time>2026-06-23T12:24:06+00:00</time>
      </trkpt>
      <trkpt lat="48.19452" lon="-4.52369">
        <ele>93</ele>
        <time>2026-06-23T12:24:09+00:00</time>
      </trkpt>
      <trkpt lat="48.19463" lon="-4.52369">
        <ele>93</ele>
        <time>2026-06-23T12:24:12+00:00</time>
      </trkpt>
      <trkpt lat="48.19473" lon="-4.52365">
        <ele>94</ele>
        <time>2026-06-23T12:24:15+00:00</time>
      </trkpt>
      <trkpt lat="48.19496" lon="-4.52365">
        <ele>95</ele>
        <time>2026-06-23T12:24:18+00:00</time>
      </trkpt>
      <trkpt lat="48.19503" lon="-4.52358">
        <ele>94</ele>
        <time>2026-06-23T12:24:21+00:00</time>
      </trkpt>
      <trkpt lat="48.19517" lon="-4.52358">
        <ele>95</ele>
        <time>2026-06-23T12:24:24+00:00</time>
      </trkpt>
      <trkpt lat="48.19561" lon="-4.52346">
        <ele>95</ele>
        <time>2026-06-23T12:24:27+00:00</time>
      </trkpt>
      <trkpt lat="48.1958" lon="-4.52313">
        <ele>94</ele>
        <time>2026-06-23T12:24:30+00:00</time>
      </trkpt>
      <trkpt lat="48.19595" lon="-4.52292">
        <ele>93</ele>
        <time>2026-06-23T12:24:33+00:00</time>
      </trkpt>
      <trkpt lat="48.19613" lon="-4.52252">
        <ele>91</ele>
        <time>2026-06-23T12:24:36+00:00</time>
      </trkpt>
      <trkpt lat="48.19636" lon="-4.52224">
        <ele>87</ele>
        <time>2026-06-23T12:24:39+00:00</time>
      </trkpt>
      <trkpt lat="48.19651" lon="-4.52184">
        <ele>86</ele>
        <time>2026-06-23T12:24:42+00:00</time>
      </trkpt>
      <trkpt lat="48.19657" lon="-4.52179">
        <ele>81</ele>
        <time>2026-06-23T12:24:45+00:00</time>
      </trkpt>
      <trkpt lat="48.19673" lon="-4.5215">
        <ele>85</ele>
        <time>2026-06-23T12:24:48+00:00</time>
      </trkpt>
      <trkpt lat="48.19698" lon="-4.52102">
        <ele>84</ele>
        <time>2026-06-23T12:24:51+00:00</time>
      </trkpt>
      <trkpt lat="48.197" lon="-4.52092">
        <ele>81</ele>
        <time>2026-06-23T12:24:54+00:00</time>
      </trkpt>
      <trkpt lat="48.19707" lon="-4.52088">
        <ele>84</ele>
        <time>2026-06-23T12:24:57+00:00</time>
      </trkpt>
      <trkpt lat="48.19714" lon="-4.52064">
        <ele>84</ele>
        <time>2026-06-23T12:25:00+00:00</time>
      </trkpt>
      <trkpt lat="48.19723" lon="-4.52037">
        <ele>87</ele>
        <time>2026-06-23T12:25:03+00:00</time>
      </trkpt>
      <trkpt lat="48.19731" lon="-4.52038">
        <ele>88</ele>
        <time>2026-06-23T12:25:06+00:00</time>
      </trkpt>
      <trkpt lat="48.19742" lon="-4.52053">
        <ele>87</ele>
        <time>2026-06-23T12:25:09+00:00</time>
      </trkpt>
      <trkpt lat="48.19758" lon="-4.52062">
        <ele>89</ele>
        <time>2026-06-23T12:25:12+00:00</time>
      </trkpt>
      <trkpt lat="48.19765" lon="-4.52064">
        <ele>88</ele>
        <time>2026-06-23T12:25:15+00:00</time>
      </trkpt>
      <trkpt lat="48.19771" lon="-4.52064">
        <ele>87</ele>
        <time>2026-06-23T12:25:18+00:00</time>
      </trkpt>
      <trkpt lat="48.19791" lon="-4.52055">
        <ele>88</ele>
        <time>2026-06-23T12:25:21+00:00</time>
      </trkpt>
      <trkpt lat="48.19808" lon="-4.52034">
        <ele>88</ele>
        <time>2026-06-23T12:25:24+00:00</time>
      </trkpt>
      <trkpt lat="48.19819" lon="-4.52034">
        <ele>88</ele>
        <time>2026-06-23T12:25:27+00:00</time>
      </trkpt>
      <trkpt lat="48.1984" lon="-4.52029">
        <ele>88</ele>
        <time>2026-06-23T12:25:30+00:00</time>
      </trkpt>
      <trkpt lat="48.19864" lon="-4.52015">
        <ele>90</ele>
        <time>2026-06-23T12:25:33+00:00</time>
      </trkpt>
      <trkpt lat="48.19879" lon="-4.52015">
        <ele>91</ele>
        <time>2026-06-23T12:25:36+00:00</time>
      </trkpt>
      <trkpt lat="48.19886" lon="-4.52013">
        <ele>90</ele>
        <time>2026-06-23T12:25:39+00:00</time>
      </trkpt>
      <trkpt lat="48.1991" lon="-4.51999">
        <ele>90</ele>
        <time>2026-06-23T12:25:42+00:00</time>
      </trkpt>
      <trkpt lat="48.19937" lon="-4.51974">
        <ele>88</ele>
        <time>2026-06-23T12:25:45+00:00</time>
      </trkpt>
      <trkpt lat="48.19949" lon="-4.51942">
        <ele>90</ele>
        <time>2026-06-23T12:25:48+00:00</time>
      </trkpt>
      <trkpt lat="48.19953" lon="-4.51935">
        <ele>89</ele>
        <time>2026-06-23T12:25:51+00:00</time>
      </trkpt>
      <trkpt lat="48.19961" lon="-4.51909">
        <ele>89</ele>
        <time>2026-06-23T12:25:54+00:00</time>
      </trkpt>
      <trkpt lat="48.19968" lon="-4.51869">
        <ele>89</ele>
        <time>2026-06-23T12:25:57+00:00</time>
      </trkpt>
      <trkpt lat="48.1998" lon="-4.51802">
        <ele>89</ele>
        <time>2026-06-23T12:26:00+00:00</time>
      </trkpt>
      <trkpt lat="48.19977" lon="-4.51766">
        <ele>87</ele>
        <time>2026-06-23T12:26:03+00:00</time>
      </trkpt>
      <trkpt lat="48.19979" lon="-4.51759">
        <ele>84</ele>
        <time>2026-06-23T12:26:06+00:00</time>
      </trkpt>
      <trkpt lat="48.20006" lon="-4.51729">
        <ele>87</ele>
        <time>2026-06-23T12:26:09+00:00</time>
      </trkpt>
      <trkpt lat="48.2001" lon="-4.51726">
        <ele>87</ele>
        <time>2026-06-23T12:26:12+00:00</time>
      </trkpt>
      <trkpt lat="48.20017" lon="-4.51729">
        <ele>89</ele>
        <time>2026-06-23T12:26:15+00:00</time>
      </trkpt>
      <trkpt lat="48.20023" lon="-4.51726">
        <ele>81</ele>
        <time>2026-06-23T12:26:18+00:00</time>
      </trkpt>
      <trkpt lat="48.20032" lon="-4.51679">
        <ele>75</ele>
        <time>2026-06-23T12:26:21+00:00</time>
      </trkpt>
      <trkpt lat="48.20042" lon="-4.51648">
        <ele>68</ele>
        <time>2026-06-23T12:26:24+00:00</time>
      </trkpt>
      <trkpt lat="48.20054" lon="-4.51613">
        <ele>64</ele>
        <time>2026-06-23T12:26:27+00:00</time>
      </trkpt>
      <trkpt lat="48.20075" lon="-4.51592">
        <ele>65</ele>
        <time>2026-06-23T12:26:30+00:00</time>
      </trkpt>
      <trkpt lat="48.20102" lon="-4.51565">
        <ele>67</ele>
        <time>2026-06-23T12:26:33+00:00</time>
      </trkpt>
      <trkpt lat="48.20136" lon="-4.51538">
        <ele>64</ele>
        <time>2026-06-23T12:26:36+00:00</time>
      </trkpt>
      <trkpt lat="48.20142" lon="-4.51497">
        <ele>62</ele>
        <time>2026-06-23T12:26:39+00:00</time>
      </trkpt>
      <trkpt lat="48.20146" lon="-4.51463">
        <ele>54</ele>
        <time>2026-06-23T12:26:42+00:00</time>
      </trkpt>
      <trkpt lat="48.20151" lon="-4.51427">
        <ele>49</ele>
        <time>2026-06-23T12:26:45+00:00</time>
      </trkpt>
      <trkpt lat="48.20182" lon="-4.51458">
        <ele>47</ele>
        <time>2026-06-23T12:26:48+00:00</time>
      </trkpt>
      <trkpt lat="48.20213" lon="-4.51476">
        <ele>45</ele>
        <time>2026-06-23T12:26:51+00:00</time>
      </trkpt>
      <trkpt lat="48.20244" lon="-4.51494">
        <ele>44</ele>
        <time>2026-06-23T12:26:54+00:00</time>
      </trkpt>
      <trkpt lat="48.20303" lon="-4.51528">
        <ele>44</ele>
        <time>2026-06-23T12:26:57+00:00</time>
      </trkpt>
      <trkpt lat="48.20327" lon="-4.51541">
        <ele>48</ele>
        <time>2026-06-23T12:27:00+00:00</time>
      </trkpt>
      <trkpt lat="48.20358" lon="-4.51557">
        <ele>48</ele>
        <time>2026-06-23T12:27:03+00:00</time>
      </trkpt>
      <trkpt lat="48.20375" lon="-4.51582">
        <ele>53</ele>
        <time>2026-06-23T12:27:06+00:00</time>
      </trkpt>
      <trkpt lat="48.204" lon="-4.51592">
        <ele>58</ele>
        <time>2026-06-23T12:27:09+00:00</time>
      </trkpt>
      <trkpt lat="48.20434" lon="-4.51605">
        <ele>60</ele>
        <time>2026-06-23T12:27:12+00:00</time>
      </trkpt>
      <trkpt lat="48.20454" lon="-4.51614">
        <ele>64</ele>
        <time>2026-06-23T12:27:15+00:00</time>
      </trkpt>
      <trkpt lat="48.20471" lon="-4.51629">
        <ele>66</ele>
        <time>2026-06-23T12:27:18+00:00</time>
      </trkpt>
      <trkpt lat="48.20499" lon="-4.51615">
        <ele>67</ele>
        <time>2026-06-23T12:27:21+00:00</time>
      </trkpt>
      <trkpt lat="48.20526" lon="-4.51615">
        <ele>68</ele>
        <time>2026-06-23T12:27:24+00:00</time>
      </trkpt>
      <trkpt lat="48.20569" lon="-4.51615">
        <ele>68</ele>
        <time>2026-06-23T12:27:27+00:00</time>
      </trkpt>
      <trkpt lat="48.20588" lon="-4.51595">
        <ele>67</ele>
        <time>2026-06-23T12:27:30+00:00</time>
      </trkpt>
      <trkpt lat="48.20607" lon="-4.51576">
        <ele>64</ele>
        <time>2026-06-23T12:27:33+00:00</time>
      </trkpt>
      <trkpt lat="48.20637" lon="-4.51539">
        <ele>60</ele>
        <time>2026-06-23T12:27:36+00:00</time>
      </trkpt>
      <trkpt lat="48.20649" lon="-4.515">
        <ele>48</ele>
        <time>2026-06-23T12:27:39+00:00</time>
      </trkpt>
      <trkpt lat="48.20672" lon="-4.51462">
        <ele>42</ele>
        <time>2026-06-23T12:27:42+00:00</time>
      </trkpt>
      <trkpt lat="48.20681" lon="-4.5143">
        <ele>29</ele>
        <time>2026-06-23T12:27:45+00:00</time>
      </trkpt>
      <trkpt lat="48.20691" lon="-4.51394">
        <ele>27</ele>
        <time>2026-06-23T12:27:48+00:00</time>
      </trkpt>
      <trkpt lat="48.20718" lon="-4.51383">
        <ele>30</ele>
        <time>2026-06-23T12:27:51+00:00</time>
      </trkpt>
      <trkpt lat="48.20728" lon="-4.51403">
        <ele>30</ele>
        <time>2026-06-23T12:27:54+00:00</time>
      </trkpt>
      <trkpt lat="48.20737" lon="-4.51398">
        <ele>33</ele>
        <time>2026-06-23T12:27:57+00:00</time>
      </trkpt>
      <trkpt lat="48.20745" lon="-4.514">
        <ele>36</ele>
        <time>2026-06-23T12:28:00+00:00</time>
      </trkpt>
      <trkpt lat="48.20753" lon="-4.51386">
        <ele>48</ele>
        <time>2026-06-23T12:28:03+00:00</time>
      </trkpt>
      <trkpt lat="48.20764" lon="-4.51375">
        <ele>53</ele>
        <time>2026-06-23T12:28:06+00:00</time>
      </trkpt>
      <trkpt lat="48.20777" lon="-4.51375">
        <ele>57</ele>
        <time>2026-06-23T12:28:09+00:00</time>
      </trkpt>
      <trkpt lat="48.20782" lon="-4.51379">
        <ele>59</ele>
        <time>2026-06-23T12:28:12+00:00</time>
      </trkpt>
      <trkpt lat="48.20788" lon="-4.51377">
        <ele>59</ele>
        <time>2026-06-23T12:28:15+00:00</time>
      </trkpt>
      <trkpt lat="48.20808" lon="-4.51379">
        <ele>62</ele>
        <time>2026-06-23T12:28:18+00:00</time>
      </trkpt>
      <trkpt lat="48.20832" lon="-4.51382">
        <ele>68</ele>
        <time>2026-06-23T12:28:21+00:00</time>
      </trkpt>
      <trkpt lat="48.20845" lon="-4.51378">
        <ele>68</ele>
        <time>2026-06-23T12:28:24+00:00</time>
      </trkpt>
      <trkpt lat="48.20852" lon="-4.5137">
        <ele>68</ele>
        <time>2026-06-23T12:28:27+00:00</time>
      </trkpt>
      <trkpt lat="48.20862" lon="-4.51363">
        <ele>70</ele>
        <time>2026-06-23T12:28:30+00:00</time>
      </trkpt>
      <trkpt lat="48.2087" lon="-4.51349">
        <ele>68</ele>
        <time>2026-06-23T12:28:33+00:00</time>
      </trkpt>
      <trkpt lat="48.20875" lon="-4.51335">
        <ele>72</ele>
        <time>2026-06-23T12:28:36+00:00</time>
      </trkpt>
      <trkpt lat="48.2089" lon="-4.51316">
        <ele>71</ele>
        <time>2026-06-23T12:28:39+00:00</time>
      </trkpt>
      <trkpt lat="48.20909" lon="-4.51288">
        <ele>74</ele>
        <time>2026-06-23T12:28:42+00:00</time>
      </trkpt>
      <trkpt lat="48.20914" lon="-4.51272">
        <ele>76</ele>
        <time>2026-06-23T12:28:45+00:00</time>
      </trkpt>
      <trkpt lat="48.20919" lon="-4.51269">
        <ele>76</ele>
        <time>2026-06-23T12:28:48+00:00</time>
      </trkpt>
      <trkpt lat="48.20928" lon="-4.51257">
        <ele>78</ele>
        <time>2026-06-23T12:28:51+00:00</time>
      </trkpt>
      <trkpt lat="48.20951" lon="-4.51253">
        <ele>82</ele>
        <time>2026-06-23T12:28:54+00:00</time>
      </trkpt>
      <trkpt lat="48.20974" lon="-4.51248">
        <ele>83</ele>
        <time>2026-06-23T12:28:57+00:00</time>
      </trkpt>
      <trkpt lat="48.20997" lon="-4.51241">
        <ele>83</ele>
        <time>2026-06-23T12:29:00+00:00</time>
      </trkpt>
      <trkpt lat="48.21041" lon="-4.51236">
        <ele>85</ele>
        <time>2026-06-23T12:29:03+00:00</time>
      </trkpt>
      <trkpt lat="48.21071" lon="-4.51222">
        <ele>85</ele>
        <time>2026-06-23T12:29:06+00:00</time>
      </trkpt>
      <trkpt lat="48.21084" lon="-4.51213">
        <ele>85</ele>
        <time>2026-06-23T12:29:09+00:00</time>
      </trkpt>
      <trkpt lat="48.21103" lon="-4.51206">
        <ele>85</ele>
        <time>2026-06-23T12:29:12+00:00</time>
      </trkpt>
      <trkpt lat="48.21109" lon="-4.51199">
        <ele>84</ele>
        <time>2026-06-23T12:29:15+00:00</time>
      </trkpt>
      <trkpt lat="48.2113" lon="-4.51188">
        <ele>85</ele>
        <time>2026-06-23T12:29:18+00:00</time>
      </trkpt>
      <trkpt lat="48.21157" lon="-4.51173">
        <ele>85</ele>
        <time>2026-06-23T12:29:21+00:00</time>
      </trkpt>
      <trkpt lat="48.21179" lon="-4.51152">
        <ele>83</ele>
        <time>2026-06-23T12:29:24+00:00</time>
      </trkpt>
      <trkpt lat="48.21199" lon="-4.51138">
        <ele>82</ele>
        <time>2026-06-23T12:29:27+00:00</time>
      </trkpt>
      <trkpt lat="48.21225" lon="-4.5111">
        <ele>81</ele>
        <time>2026-06-23T12:29:30+00:00</time>
      </trkpt>
      <trkpt lat="48.21249" lon="-4.51085">
        <ele>81</ele>
        <time>2026-06-23T12:29:33+00:00</time>
      </trkpt>
      <trkpt lat="48.21291" lon="-4.51041">
        <ele>81</ele>
        <time>2026-06-23T12:29:36+00:00</time>
      </trkpt>
      <trkpt lat="48.21315" lon="-4.51006">
        <ele>83</ele>
        <time>2026-06-23T12:29:39+00:00</time>
      </trkpt>
      <trkpt lat="48.2132" lon="-4.5099">
        <ele>83</ele>
        <time>2026-06-23T12:29:42+00:00</time>
      </trkpt>
      <trkpt lat="48.21332" lon="-4.50965">
        <ele>84</ele>
        <time>2026-06-23T12:29:45+00:00</time>
      </trkpt>
      <trkpt lat="48.21347" lon="-4.50933">
        <ele>84</ele>
        <time>2026-06-23T12:29:48+00:00</time>
      </trkpt>
      <trkpt lat="48.21361" lon="-4.5091">
        <ele>88</ele>
        <time>2026-06-23T12:29:51+00:00</time>
      </trkpt>
      <trkpt lat="48.21376" lon="-4.50865">
        <ele>90</ele>
        <time>2026-06-23T12:29:54+00:00</time>
      </trkpt>
      <trkpt lat="48.21381" lon="-4.5084">
        <ele>92</ele>
        <time>2026-06-23T12:29:57+00:00</time>
      </trkpt>
      <trkpt lat="48.21388" lon="-4.50837">
        <ele>91</ele>
        <time>2026-06-23T12:30:00+00:00</time>
      </trkpt>
      <trkpt lat="48.21391" lon="-4.50844">
        <ele>92</ele>
        <time>2026-06-23T12:30:03+00:00</time>
      </trkpt>
      <trkpt lat="48.21397" lon="-4.5084">
        <ele>92</ele>
        <time>2026-06-23T12:30:06+00:00</time>
      </trkpt>
      <trkpt lat="48.21413" lon="-4.50811">
        <ele>91</ele>
        <time>2026-06-23T12:30:09+00:00</time>
      </trkpt>
      <trkpt lat="48.21432" lon="-4.50804">
        <ele>91</ele>
        <time>2026-06-23T12:30:12+00:00</time>
      </trkpt>
      <trkpt lat="48.21442" lon="-4.50788">
        <ele>92</ele>
        <time>2026-06-23T12:30:15+00:00</time>
      </trkpt>
      <trkpt lat="48.21447" lon="-4.50767">
        <ele>89</ele>
        <time>2026-06-23T12:30:18+00:00</time>
      </trkpt>
      <trkpt lat="48.21459" lon="-4.50746">
        <ele>90</ele>
        <time>2026-06-23T12:30:21+00:00</time>
      </trkpt>
      <trkpt lat="48.21471" lon="-4.50732">
        <ele>91</ele>
        <time>2026-06-23T12:30:24+00:00</time>
      </trkpt>
      <trkpt lat="48.21487" lon="-4.5072">
        <ele>90</ele>
        <time>2026-06-23T12:30:27+00:00</time>
      </trkpt>
      <trkpt lat="48.215" lon="-4.50698">
        <ele>90</ele>
        <time>2026-06-23T12:30:30+00:00</time>
      </trkpt>
      <trkpt lat="48.21509" lon="-4.50689">
        <ele>88</ele>
        <time>2026-06-23T12:30:33+00:00</time>
      </trkpt>
      <trkpt lat="48.21515" lon="-4.50678">
        <ele>87</ele>
        <time>2026-06-23T12:30:36+00:00</time>
      </trkpt>
      <trkpt lat="48.21519" lon="-4.50664">
        <ele>81</ele>
        <time>2026-06-23T12:30:39+00:00</time>
      </trkpt>
      <trkpt lat="48.21531" lon="-4.50638">
        <ele>86</ele>
        <time>2026-06-23T12:30:42+00:00</time>
      </trkpt>
      <trkpt lat="48.21532" lon="-4.5063">
        <ele>86</ele>
        <time>2026-06-23T12:30:45+00:00</time>
      </trkpt>
      <trkpt lat="48.21528" lon="-4.50631">
        <ele>84</ele>
        <time>2026-06-23T12:30:48+00:00</time>
      </trkpt>
      <trkpt lat="48.2155" lon="-4.50614">
        <ele>86</ele>
        <time>2026-06-23T12:30:51+00:00</time>
      </trkpt>
      <trkpt lat="48.21562" lon="-4.50597">
        <ele>84</ele>
        <time>2026-06-23T12:30:54+00:00</time>
      </trkpt>
      <trkpt lat="48.21573" lon="-4.50575">
        <ele>85</ele>
        <time>2026-06-23T12:30:57+00:00</time>
      </trkpt>
      <trkpt lat="48.21601" lon="-4.50585">
        <ele>85</ele>
        <time>2026-06-23T12:31:00+00:00</time>
      </trkpt>
      <trkpt lat="48.21625" lon="-4.5062">
        <ele>85</ele>
        <time>2026-06-23T12:31:03+00:00</time>
      </trkpt>
      <trkpt lat="48.2164" lon="-4.50582">
        <ele>85</ele>
        <time>2026-06-23T12:31:06+00:00</time>
      </trkpt>
      <trkpt lat="48.21652" lon="-4.5055">
        <ele>85</ele>
        <time>2026-06-23T12:31:09+00:00</time>
      </trkpt>
      <trkpt lat="48.21666" lon="-4.50511">
        <ele>85</ele>
        <time>2026-06-23T12:31:12+00:00</time>
      </trkpt>
      <trkpt lat="48.21682" lon="-4.5047">
        <ele>86</ele>
        <time>2026-06-23T12:31:15+00:00</time>
      </trkpt>
      <trkpt lat="48.21698" lon="-4.50429">
        <ele>86</ele>
        <time>2026-06-23T12:31:18+00:00</time>
      </trkpt>
      <trkpt lat="48.2172" lon="-4.50373">
        <ele>86</ele>
        <time>2026-06-23T12:31:21+00:00</time>
      </trkpt>
      <trkpt lat="48.2171" lon="-4.5032">
        <ele>85</ele>
        <time>2026-06-23T12:31:24+00:00</time>
      </trkpt>
      <trkpt lat="48.21711" lon="-4.50285">
        <ele>84</ele>
        <time>2026-06-23T12:31:27+00:00</time>
      </trkpt>
      <trkpt lat="48.21711" lon="-4.50249">
        <ele>83</ele>
        <time>2026-06-23T12:31:30+00:00</time>
      </trkpt>
      <trkpt lat="48.21712" lon="-4.50205">
        <ele>82</ele>
        <time>2026-06-23T12:31:33+00:00</time>
      </trkpt>
      <trkpt lat="48.21712" lon="-4.50167">
        <ele>81</ele>
        <time>2026-06-23T12:31:36+00:00</time>
      </trkpt>
      <trkpt lat="48.21713" lon="-4.50118">
        <ele>81</ele>
        <time>2026-06-23T12:31:39+00:00</time>
      </trkpt>
      <trkpt lat="48.21729" lon="-4.50088">
        <ele>81</ele>
        <time>2026-06-23T12:31:42+00:00</time>
      </trkpt>
      <trkpt lat="48.21737" lon="-4.50053">
        <ele>81</ele>
        <time>2026-06-23T12:31:45+00:00</time>
      </trkpt>
      <trkpt lat="48.21748" lon="-4.50008">
        <ele>81</ele>
        <time>2026-06-23T12:31:48+00:00</time>
      </trkpt>
      <trkpt lat="48.21764" lon="-4.50009">
        <ele>81</ele>
        <time>2026-06-23T12:31:51+00:00</time>
      </trkpt>
      <trkpt lat="48.21772" lon="-4.49969">
        <ele>81</ele>
        <time>2026-06-23T12:31:54+00:00</time>
      </trkpt>
      <trkpt lat="48.21788" lon="-4.49967">
        <ele>81</ele>
        <time>2026-06-23T12:31:57+00:00</time>
      </trkpt>
      <trkpt lat="48.21794" lon="-4.49939">
        <ele>80</ele>
        <time>2026-06-23T12:32:00+00:00</time>
      </trkpt>
      <trkpt lat="48.21814" lon="-4.49929">
        <ele>80</ele>
        <time>2026-06-23T12:32:03+00:00</time>
      </trkpt>
      <trkpt lat="48.21819" lon="-4.49918">
        <ele>80</ele>
        <time>2026-06-23T12:32:06+00:00</time>
      </trkpt>
      <trkpt lat="48.21835" lon="-4.49929">
        <ele>80</ele>
        <time>2026-06-23T12:32:09+00:00</time>
      </trkpt>
      <trkpt lat="48.21851" lon="-4.49905">
        <ele>79</ele>
        <time>2026-06-23T12:32:12+00:00</time>
      </trkpt>
      <trkpt lat="48.21847" lon="-4.49876">
        <ele>79</ele>
        <time>2026-06-23T12:32:15+00:00</time>
      </trkpt>
      <trkpt lat="48.21873" lon="-4.49881">
        <ele>78</ele>
        <time>2026-06-23T12:32:18+00:00</time>
      </trkpt>
      <trkpt lat="48.21907" lon="-4.49887">
        <ele>77</ele>
        <time>2026-06-23T12:32:21+00:00</time>
      </trkpt>
      <trkpt lat="48.21925" lon="-4.4984">
        <ele>76</ele>
        <time>2026-06-23T12:32:24+00:00</time>
      </trkpt>
      <trkpt lat="48.21942" lon="-4.49792">
        <ele>74</ele>
        <time>2026-06-23T12:32:27+00:00</time>
      </trkpt>
      <trkpt lat="48.2196" lon="-4.49745">
        <ele>71</ele>
        <time>2026-06-23T12:32:30+00:00</time>
      </trkpt>
      <trkpt lat="48.21977" lon="-4.49698">
        <ele>69</ele>
        <time>2026-06-23T12:32:33+00:00</time>
      </trkpt>
      <trkpt lat="48.21997" lon="-4.49645">
        <ele>67</ele>
        <time>2026-06-23T12:32:36+00:00</time>
      </trkpt>
      <trkpt lat="48.2198" lon="-4.49626">
        <ele>66</ele>
        <time>2026-06-23T12:32:39+00:00</time>
      </trkpt>
      <trkpt lat="48.2198" lon="-4.49605">
        <ele>62</ele>
        <time>2026-06-23T12:32:42+00:00</time>
      </trkpt>
      <trkpt lat="48.21965" lon="-4.49608">
        <ele>58</ele>
        <time>2026-06-23T12:32:45+00:00</time>
      </trkpt>
      <trkpt lat="48.21962" lon="-4.49606">
        <ele>58</ele>
        <time>2026-06-23T12:32:48+00:00</time>
      </trkpt>
      <trkpt lat="48.21961" lon="-4.49599">
        <ele>56</ele>
        <time>2026-06-23T12:32:51+00:00</time>
      </trkpt>
      <trkpt lat="48.21965" lon="-4.49594">
        <ele>56</ele>
        <time>2026-06-23T12:32:54+00:00</time>
      </trkpt>
      <trkpt lat="48.21965" lon="-4.49589">
        <ele>54</ele>
        <time>2026-06-23T12:32:57+00:00</time>
      </trkpt>
      <trkpt lat="48.21963" lon="-4.49587">
        <ele>54</ele>
        <time>2026-06-23T12:33:00+00:00</time>
      </trkpt>
      <trkpt lat="48.21956" lon="-4.49587">
        <ele>47</ele>
        <time>2026-06-23T12:33:03+00:00</time>
      </trkpt>
      <trkpt lat="48.21954" lon="-4.4958">
        <ele>47</ele>
        <time>2026-06-23T12:33:06+00:00</time>
      </trkpt>
      <trkpt lat="48.21957" lon="-4.49566">
        <ele>49</ele>
        <time>2026-06-23T12:33:09+00:00</time>
      </trkpt>
      <trkpt lat="48.21962" lon="-4.49559">
        <ele>42</ele>
        <time>2026-06-23T12:33:12+00:00</time>
      </trkpt>
      <trkpt lat="48.21991" lon="-4.49542">
        <ele>45</ele>
        <time>2026-06-23T12:33:15+00:00</time>
      </trkpt>
      <trkpt lat="48.2201" lon="-4.49509">
        <ele>41</ele>
        <time>2026-06-23T12:33:18+00:00</time>
      </trkpt>
      <trkpt lat="48.2202" lon="-4.49498">
        <ele>30</ele>
        <time>2026-06-23T12:33:21+00:00</time>
      </trkpt>
      <trkpt lat="48.22029" lon="-4.49502">
        <ele>38</ele>
        <time>2026-06-23T12:33:24+00:00</time>
      </trkpt>
      <trkpt lat="48.22036" lon="-4.49495">
        <ele>37</ele>
        <time>2026-06-23T12:33:27+00:00</time>
      </trkpt>
      <trkpt lat="48.22042" lon="-4.49484">
        <ele>36</ele>
        <time>2026-06-23T12:33:30+00:00</time>
      </trkpt>
      <trkpt lat="48.22051" lon="-4.49474">
        <ele>36</ele>
        <time>2026-06-23T12:33:33+00:00</time>
      </trkpt>
      <trkpt lat="48.22065" lon="-4.49472">
        <ele>33</ele>
        <time>2026-06-23T12:33:36+00:00</time>
      </trkpt>
      <trkpt lat="48.22079" lon="-4.49477">
        <ele>34</ele>
        <time>2026-06-23T12:33:39+00:00</time>
      </trkpt>
      <trkpt lat="48.22093" lon="-4.49486">
        <ele>33</ele>
        <time>2026-06-23T12:33:42+00:00</time>
      </trkpt>
      <trkpt lat="48.22105" lon="-4.49488">
        <ele>34</ele>
        <time>2026-06-23T12:33:45+00:00</time>
      </trkpt>
      <trkpt lat="48.22113" lon="-4.49495">
        <ele>35</ele>
        <time>2026-06-23T12:33:48+00:00</time>
      </trkpt>
      <trkpt lat="48.22124" lon="-4.49491">
        <ele>34</ele>
        <time>2026-06-23T12:33:51+00:00</time>
      </trkpt>
      <trkpt lat="48.22145" lon="-4.49509">
        <ele>34</ele>
        <time>2026-06-23T12:33:54+00:00</time>
      </trkpt>
      <trkpt lat="48.22157" lon="-4.49549">
        <ele>38</ele>
        <time>2026-06-23T12:33:57+00:00</time>
      </trkpt>
      <trkpt lat="48.22165" lon="-4.49586">
        <ele>40</ele>
        <time>2026-06-23T12:34:00+00:00</time>
      </trkpt>
      <trkpt lat="48.22177" lon="-4.49636">
        <ele>39</ele>
        <time>2026-06-23T12:34:03+00:00</time>
      </trkpt>
      <trkpt lat="48.22186" lon="-4.49656">
        <ele>42</ele>
        <time>2026-06-23T12:34:06+00:00</time>
      </trkpt>
      <trkpt lat="48.22203" lon="-4.49672">
        <ele>39</ele>
        <time>2026-06-23T12:34:09+00:00</time>
      </trkpt>
      <trkpt lat="48.22228" lon="-4.49695">
        <ele>34</ele>
        <time>2026-06-23T12:34:12+00:00</time>
      </trkpt>
      <trkpt lat="48.2225" lon="-4.49721">
        <ele>34</ele>
        <time>2026-06-23T12:34:15+00:00</time>
      </trkpt>
      <trkpt lat="48.22263" lon="-4.49744">
        <ele>28</ele>
        <time>2026-06-23T12:34:18+00:00</time>
      </trkpt>
      <trkpt lat="48.22273" lon="-4.49776">
        <ele>26</ele>
        <time>2026-06-23T12:34:21+00:00</time>
      </trkpt>
      <trkpt lat="48.22285" lon="-4.4981">
        <ele>23</ele>
        <time>2026-06-23T12:34:24+00:00</time>
      </trkpt>
      <trkpt lat="48.22289" lon="-4.49848">
        <ele>22</ele>
        <time>2026-06-23T12:34:27+00:00</time>
      </trkpt>
      <trkpt lat="48.22294" lon="-4.49898">
        <ele>20</ele>
        <time>2026-06-23T12:34:30+00:00</time>
      </trkpt>
      <trkpt lat="48.22313" lon="-4.49927">
        <ele>17</ele>
        <time>2026-06-23T12:34:33+00:00</time>
      </trkpt>
      <trkpt lat="48.22327" lon="-4.49942">
        <ele>14</ele>
        <time>2026-06-23T12:34:36+00:00</time>
      </trkpt>
      <trkpt lat="48.22331" lon="-4.49962">
        <ele>14</ele>
        <time>2026-06-23T12:34:39+00:00</time>
      </trkpt>
      <trkpt lat="48.22336" lon="-4.49983">
        <ele>14</ele>
        <time>2026-06-23T12:34:42+00:00</time>
      </trkpt>
      <trkpt lat="48.22342" lon="-4.49988">
        <ele>12</ele>
        <time>2026-06-23T12:34:45+00:00</time>
      </trkpt>
      <trkpt lat="48.22352" lon="-4.50011">
        <ele>9</ele>
        <time>2026-06-23T12:34:48+00:00</time>
      </trkpt>
      <trkpt lat="48.22357" lon="-4.50009">
        <ele>6</ele>
        <time>2026-06-23T12:34:51+00:00</time>
      </trkpt>
      <trkpt lat="48.22361" lon="-4.5004">
        <ele>5</ele>
        <time>2026-06-23T12:34:54+00:00</time>
      </trkpt>
      <trkpt lat="48.22366" lon="-4.50072">
        <ele>5</ele>
        <time>2026-06-23T12:34:57+00:00</time>
      </trkpt>
      <trkpt lat="48.22372" lon="-4.50109">
        <ele>7</ele>
        <time>2026-06-23T12:35:00+00:00</time>
      </trkpt>
      <trkpt lat="48.2238" lon="-4.50155">
        <ele>5</ele>
        <time>2026-06-23T12:35:03+00:00</time>
      </trkpt>
      <trkpt lat="48.22396" lon="-4.50189">
        <ele>4</ele>
        <time>2026-06-23T12:35:06+00:00</time>
      </trkpt>
      <trkpt lat="48.22422" lon="-4.50242">
        <ele>4</ele>
        <time>2026-06-23T12:35:09+00:00</time>
      </trkpt>
      <trkpt lat="48.22446" lon="-4.50281">
        <ele>5</ele>
        <time>2026-06-23T12:35:12+00:00</time>
      </trkpt>
      <trkpt lat="48.22456" lon="-4.50315">
        <ele>5</ele>
        <time>2026-06-23T12:35:15+00:00</time>
      </trkpt>
      <trkpt lat="48.22467" lon="-4.50354">
        <ele>5</ele>
        <time>2026-06-23T12:35:18+00:00</time>
      </trkpt>
      <trkpt lat="48.22486" lon="-4.5038">
        <ele>4</ele>
        <time>2026-06-23T12:35:21+00:00</time>
      </trkpt>
      <trkpt lat="48.22511" lon="-4.50414">
        <ele>4</ele>
        <time>2026-06-23T12:35:24+00:00</time>
      </trkpt>
      <trkpt lat="48.22541" lon="-4.50421">
        <ele>4</ele>
        <time>2026-06-23T12:35:27+00:00</time>
      </trkpt>
      <trkpt lat="48.22577" lon="-4.50425">
        <ele>5</ele>
        <time>2026-06-23T12:35:30+00:00</time>
      </trkpt>
      <trkpt lat="48.22603" lon="-4.504">
        <ele>5</ele>
        <time>2026-06-23T12:35:33+00:00</time>
      </trkpt>
      <trkpt lat="48.22629" lon="-4.50375">
        <ele>4</ele>
        <time>2026-06-23T12:35:36+00:00</time>
      </trkpt>
      <trkpt lat="48.22662" lon="-4.50344">
        <ele>4</ele>
        <time>2026-06-23T12:35:39+00:00</time>
      </trkpt>
      <trkpt lat="48.22689" lon="-4.5033">
        <ele>4</ele>
        <time>2026-06-23T12:35:42+00:00</time>
      </trkpt>
      <trkpt lat="48.22739" lon="-4.50303">
        <ele>4</ele>
        <time>2026-06-23T12:35:45+00:00</time>
      </trkpt>
      <trkpt lat="48.22761" lon="-4.50296">
        <ele>4</ele>
        <time>2026-06-23T12:35:48+00:00</time>
      </trkpt>
      <trkpt lat="48.22785" lon="-4.50288">
        <ele>4</ele>
        <time>2026-06-23T12:35:51+00:00</time>
      </trkpt>
      <trkpt lat="48.22821" lon="-4.50272">
        <ele>4</ele>
        <time>2026-06-23T12:35:54+00:00</time>
      </trkpt>
      <trkpt lat="48.22847" lon="-4.50261">
        <ele>4</ele>
        <time>2026-06-23T12:35:57+00:00</time>
      </trkpt>
      <trkpt lat="48.22887" lon="-4.50244">
        <ele>4</ele>
        <time>2026-06-23T12:36:00+00:00</time>
      </trkpt>
      <trkpt lat="48.2291" lon="-4.50228">
        <ele>4</ele>
        <time>2026-06-23T12:36:03+00:00</time>
      </trkpt>
      <trkpt lat="48.2294" lon="-4.50208">
        <ele>4</ele>
        <time>2026-06-23T12:36:06+00:00</time>
      </trkpt>
      <trkpt lat="48.22974" lon="-4.50187">
        <ele>4</ele>
        <time>2026-06-23T12:36:09+00:00</time>
      </trkpt>
      <trkpt lat="48.23013" lon="-4.50161">
        <ele>5</ele>
        <time>2026-06-23T12:36:12+00:00</time>
      </trkpt>
      <trkpt lat="48.23045" lon="-4.50146">
        <ele>5</ele>
        <time>2026-06-23T12:36:15+00:00</time>
      </trkpt>
      <trkpt lat="48.23071" lon="-4.50122">
        <ele>5</ele>
        <time>2026-06-23T12:36:18+00:00</time>
      </trkpt>
      <trkpt lat="48.23104" lon="-4.50109">
        <ele>6</ele>
        <time>2026-06-23T12:36:21+00:00</time>
      </trkpt>
      <trkpt lat="48.23125" lon="-4.50083">
        <ele>6</ele>
        <time>2026-06-23T12:36:24+00:00</time>
      </trkpt>
      <trkpt lat="48.2314" lon="-4.50068">
        <ele>5</ele>
        <time>2026-06-23T12:36:27+00:00</time>
      </trkpt>
      <trkpt lat="48.23167" lon="-4.50033">
        <ele>5</ele>
        <time>2026-06-23T12:36:30+00:00</time>
      </trkpt>
      <trkpt lat="48.23193" lon="-4.49997">
        <ele>5</ele>
        <time>2026-06-23T12:36:33+00:00</time>
      </trkpt>
      <trkpt lat="48.23216" lon="-4.49966">
        <ele>5</ele>
        <time>2026-06-23T12:36:36+00:00</time>
      </trkpt>
      <trkpt lat="48.2324" lon="-4.49935">
        <ele>5</ele>
        <time>2026-06-23T12:36:39+00:00</time>
      </trkpt>
      <trkpt lat="48.2327" lon="-4.49896">
        <ele>5</ele>
        <time>2026-06-23T12:36:42+00:00</time>
      </trkpt>
      <trkpt lat="48.23276" lon="-4.49902">
        <ele>7</ele>
        <time>2026-06-23T12:36:45+00:00</time>
      </trkpt>
      <trkpt lat="48.2329" lon="-4.49882">
        <ele>5</ele>
        <time>2026-06-23T12:36:48+00:00</time>
      </trkpt>
      <trkpt lat="48.23304" lon="-4.49861">
        <ele>6</ele>
        <time>2026-06-23T12:36:51+00:00</time>
      </trkpt>
      <trkpt lat="48.23324" lon="-4.49844">
        <ele>6</ele>
        <time>2026-06-23T12:36:54+00:00</time>
      </trkpt>
      <trkpt lat="48.23327" lon="-4.49838">
        <ele>6</ele>
        <time>2026-06-23T12:36:57+00:00</time>
      </trkpt>
      <trkpt lat="48.23333" lon="-4.49834">
        <ele>6</ele>
        <time>2026-06-23T12:37:00+00:00</time>
      </trkpt>
      <trkpt lat="48.23335" lon="-4.49821">
        <ele>6</ele>
        <time>2026-06-23T12:37:03+00:00</time>
      </trkpt>
      <trkpt lat="48.23351" lon="-4.49784">
        <ele>5</ele>
        <time>2026-06-23T12:37:06+00:00</time>
      </trkpt>
      <trkpt lat="48.23374" lon="-4.49744">
        <ele>4</ele>
        <time>2026-06-23T12:37:09+00:00</time>
      </trkpt>
      <trkpt lat="48.23385" lon="-4.49746">
        <ele>4</ele>
        <time>2026-06-23T12:37:12+00:00</time>
      </trkpt>
      <trkpt lat="48.23398" lon="-4.4974">
        <ele>4</ele>
        <time>2026-06-23T12:37:15+00:00</time>
      </trkpt>
      <trkpt lat="48.23412" lon="-4.4973">
        <ele>4</ele>
        <time>2026-06-23T12:37:18+00:00</time>
      </trkpt>
      <trkpt lat="48.23419" lon="-4.49715">
        <ele>4</ele>
        <time>2026-06-23T12:37:21+00:00</time>
      </trkpt>
      <trkpt lat="48.2344" lon="-4.49685">
        <ele>4</ele>
        <time>2026-06-23T12:37:24+00:00</time>
      </trkpt>
      <trkpt lat="48.2346" lon="-4.49664">
        <ele>5</ele>
        <time>2026-06-23T12:37:27+00:00</time>
      </trkpt>
      <trkpt lat="48.23466" lon="-4.4966">
        <ele>5</ele>
        <time>2026-06-23T12:37:30+00:00</time>
      </trkpt>
      <trkpt lat="48.23491" lon="-4.49667">
        <ele>8</ele>
        <time>2026-06-23T12:37:33+00:00</time>
      </trkpt>
      <trkpt lat="48.23506" lon="-4.49667">
        <ele>9</ele>
        <time>2026-06-23T12:37:36+00:00</time>
      </trkpt>
      <trkpt lat="48.23524" lon="-4.49655">
        <ele>11</ele>
        <time>2026-06-23T12:37:39+00:00</time>
      </trkpt>
      <trkpt lat="48.2354" lon="-4.49634">
        <ele>14</ele>
        <time>2026-06-23T12:37:42+00:00</time>
      </trkpt>
      <trkpt lat="48.23546" lon="-4.49617">
        <ele>16</ele>
        <time>2026-06-23T12:37:45+00:00</time>
      </trkpt>
      <trkpt lat="48.23557" lon="-4.49578">
        <ele>19</ele>
        <time>2026-06-23T12:37:48+00:00</time>
      </trkpt>
      <trkpt lat="48.23569" lon="-4.4954">
        <ele>21</ele>
        <time>2026-06-23T12:37:51+00:00</time>
      </trkpt>
      <trkpt lat="48.23585" lon="-4.49483">
        <ele>23</ele>
        <time>2026-06-23T12:37:54+00:00</time>
      </trkpt>
      <trkpt lat="48.23595" lon="-4.49449">
        <ele>24</ele>
        <time>2026-06-23T12:37:57+00:00</time>
      </trkpt>
      <trkpt lat="48.23606" lon="-4.49409">
        <ele>25</ele>
        <time>2026-06-23T12:38:00+00:00</time>
      </trkpt>
      <trkpt lat="48.23622" lon="-4.49357">
        <ele>25</ele>
        <time>2026-06-23T12:38:03+00:00</time>
      </trkpt>
      <trkpt lat="48.23635" lon="-4.49312">
        <ele>25</ele>
        <time>2026-06-23T12:38:06+00:00</time>
      </trkpt>
      <trkpt lat="48.23648" lon="-4.49267">
        <ele>23</ele>
        <time>2026-06-23T12:38:09+00:00</time>
      </trkpt>
      <trkpt lat="48.23669" lon="-4.49194">
        <ele>21</ele>
        <time>2026-06-23T12:38:12+00:00</time>
      </trkpt>
      <trkpt lat="48.23684" lon="-4.49145">
        <ele>20</ele>
        <time>2026-06-23T12:38:15+00:00</time>
      </trkpt>
      <trkpt lat="48.23698" lon="-4.49096">
        <ele>20</ele>
        <time>2026-06-23T12:38:18+00:00</time>
      </trkpt>
      <trkpt lat="48.23713" lon="-4.49048">
        <ele>20</ele>
        <time>2026-06-23T12:38:21+00:00</time>
      </trkpt>
      <trkpt lat="48.23724" lon="-4.49011">
        <ele>21</ele>
        <time>2026-06-23T12:38:24+00:00</time>
      </trkpt>
      <trkpt lat="48.23741" lon="-4.48955">
        <ele>24</ele>
        <time>2026-06-23T12:38:27+00:00</time>
      </trkpt>
      <trkpt lat="48.23755" lon="-4.48906">
        <ele>27</ele>
        <time>2026-06-23T12:38:30+00:00</time>
      </trkpt>
      <trkpt lat="48.23769" lon="-4.48857">
        <ele>30</ele>
        <time>2026-06-23T12:38:33+00:00</time>
      </trkpt>
      <trkpt lat="48.23783" lon="-4.48808">
        <ele>34</ele>
        <time>2026-06-23T12:38:36+00:00</time>
      </trkpt>
      <trkpt lat="48.2381" lon="-4.48715">
        <ele>41</ele>
        <time>2026-06-23T12:38:39+00:00</time>
      </trkpt>
      <trkpt lat="48.2381" lon="-4.48714">
        <ele>41</ele>
        <time>2026-06-23T12:38:42+00:00</time>
      </trkpt>
      <trkpt lat="48.23788" lon="-4.48686">
        <ele>42</ele>
        <time>2026-06-23T12:38:45+00:00</time>
      </trkpt>
      <trkpt lat="48.23745" lon="-4.48632">
        <ele>44</ele>
        <time>2026-06-23T12:38:48+00:00</time>
      </trkpt>
      <trkpt lat="48.23731" lon="-4.48618">
        <ele>45</ele>
        <time>2026-06-23T12:38:51+00:00</time>
      </trkpt>
      <trkpt lat="48.2371" lon="-4.48608">
        <ele>47</ele>
        <time>2026-06-23T12:38:54+00:00</time>
      </trkpt>
      <trkpt lat="48.23717" lon="-4.4857">
        <ele>49</ele>
        <time>2026-06-23T12:38:57+00:00</time>
      </trkpt>
      <trkpt lat="48.23728" lon="-4.48515">
        <ele>53</ele>
        <time>2026-06-23T12:39:00+00:00</time>
      </trkpt>
      <trkpt lat="48.23735" lon="-4.48469">
        <ele>55</ele>
        <time>2026-06-23T12:39:03+00:00</time>
      </trkpt>
      <trkpt lat="48.23742" lon="-4.48422">
        <ele>57</ele>
        <time>2026-06-23T12:39:06+00:00</time>
      </trkpt>
      <trkpt lat="48.23752" lon="-4.48356">
        <ele>57</ele>
        <time>2026-06-23T12:39:09+00:00</time>
      </trkpt>
      <trkpt lat="48.23732" lon="-4.48367">
        <ele>56</ele>
        <time>2026-06-23T12:39:12+00:00</time>
      </trkpt>
      <trkpt lat="48.23714" lon="-4.48363">
        <ele>56</ele>
        <time>2026-06-23T12:39:15+00:00</time>
      </trkpt>
      <trkpt lat="48.23699" lon="-4.48336">
        <ele>56</ele>
        <time>2026-06-23T12:39:18+00:00</time>
      </trkpt>
      <trkpt lat="48.23689" lon="-4.48325">
        <ele>56</ele>
        <time>2026-06-23T12:39:21+00:00</time>
      </trkpt>
      <trkpt lat="48.23678" lon="-4.48296">
        <ele>57</ele>
        <time>2026-06-23T12:39:24+00:00</time>
      </trkpt>
      <trkpt lat="48.23674" lon="-4.48273">
        <ele>58</ele>
        <time>2026-06-23T12:39:27+00:00</time>
      </trkpt>
      <trkpt lat="48.23677" lon="-4.4824">
        <ele>60</ele>
        <time>2026-06-23T12:39:30+00:00</time>
      </trkpt>
      <trkpt lat="48.23675" lon="-4.48228">
        <ele>66</ele>
        <time>2026-06-23T12:39:33+00:00</time>
      </trkpt>
      <trkpt lat="48.23668" lon="-4.48205">
        <ele>63</ele>
        <time>2026-06-23T12:39:36+00:00</time>
      </trkpt>
      <trkpt lat="48.23668" lon="-4.48186">
        <ele>65</ele>
        <time>2026-06-23T12:39:39+00:00</time>
      </trkpt>
      <trkpt lat="48.23673" lon="-4.48155">
        <ele>66</ele>
        <time>2026-06-23T12:39:42+00:00</time>
      </trkpt>
      <trkpt lat="48.23681" lon="-4.48111">
        <ele>64</ele>
        <time>2026-06-23T12:39:45+00:00</time>
      </trkpt>
      <trkpt lat="48.23681" lon="-4.48088">
        <ele>67</ele>
        <time>2026-06-23T12:39:48+00:00</time>
      </trkpt>
      <trkpt lat="48.23678" lon="-4.48064">
        <ele>64</ele>
        <time>2026-06-23T12:39:51+00:00</time>
      </trkpt>
      <trkpt lat="48.23674" lon="-4.48038">
        <ele>66</ele>
        <time>2026-06-23T12:39:54+00:00</time>
      </trkpt>
      <trkpt lat="48.23664" lon="-4.48005">
        <ele>64</ele>
        <time>2026-06-23T12:39:57+00:00</time>
      </trkpt>
      <trkpt lat="48.23653" lon="-4.47966">
        <ele>66</ele>
        <time>2026-06-23T12:40:00+00:00</time>
      </trkpt>
      <trkpt lat="48.23656" lon="-4.47954">
        <ele>60</ele>
        <time>2026-06-23T12:40:03+00:00</time>
      </trkpt>
      <trkpt lat="48.23662" lon="-4.47949">
        <ele>67</ele>
        <time>2026-06-23T12:40:06+00:00</time>
      </trkpt>
      <trkpt lat="48.23672" lon="-4.47928">
        <ele>69</ele>
        <time>2026-06-23T12:40:09+00:00</time>
      </trkpt>
      <trkpt lat="48.23684" lon="-4.47903">
        <ele>72</ele>
        <time>2026-06-23T12:40:12+00:00</time>
      </trkpt>
      <trkpt lat="48.23698" lon="-4.47891">
        <ele>75</ele>
        <time>2026-06-23T12:40:15+00:00</time>
      </trkpt>
      <trkpt lat="48.23701" lon="-4.47885">
        <ele>74</ele>
        <time>2026-06-23T12:40:18+00:00</time>
      </trkpt>
      <trkpt lat="48.23699" lon="-4.47851">
        <ele>76</ele>
        <time>2026-06-23T12:40:21+00:00</time>
      </trkpt>
      <trkpt lat="48.23697" lon="-4.47817">
        <ele>76</ele>
        <time>2026-06-23T12:40:24+00:00</time>
      </trkpt>
      <trkpt lat="48.23679" lon="-4.47785">
        <ele>76</ele>
        <time>2026-06-23T12:40:27+00:00</time>
      </trkpt>
      <trkpt lat="48.23672" lon="-4.47769">
        <ele>77</ele>
        <time>2026-06-23T12:40:30+00:00</time>
      </trkpt>
      <trkpt lat="48.23669" lon="-4.47754">
        <ele>76</ele>
        <time>2026-06-23T12:40:33+00:00</time>
      </trkpt>
      <trkpt lat="48.23671" lon="-4.47733">
        <ele>78</ele>
        <time>2026-06-23T12:40:36+00:00</time>
      </trkpt>
      <trkpt lat="48.2368" lon="-4.47706">
        <ele>78</ele>
        <time>2026-06-23T12:40:39+00:00</time>
      </trkpt>
      <trkpt lat="48.23683" lon="-4.47691">
        <ele>79</ele>
        <time>2026-06-23T12:40:42+00:00</time>
      </trkpt>
      <trkpt lat="48.23681" lon="-4.47677">
        <ele>78</ele>
        <time>2026-06-23T12:40:45+00:00</time>
      </trkpt>
      <trkpt lat="48.23675" lon="-4.47651">
        <ele>77</ele>
        <time>2026-06-23T12:40:48+00:00</time>
      </trkpt>
      <trkpt lat="48.23675" lon="-4.47644">
        <ele>76</ele>
        <time>2026-06-23T12:40:51+00:00</time>
      </trkpt>
      <trkpt lat="48.23672" lon="-4.47642">
        <ele>76</ele>
        <time>2026-06-23T12:40:54+00:00</time>
      </trkpt>
      <trkpt lat="48.23678" lon="-4.47601">
        <ele>71</ele>
        <time>2026-06-23T12:40:57+00:00</time>
      </trkpt>
      <trkpt lat="48.23687" lon="-4.47562">
        <ele>66</ele>
        <time>2026-06-23T12:41:00+00:00</time>
      </trkpt>
      <trkpt lat="48.23695" lon="-4.4755">
        <ele>66</ele>
        <time>2026-06-23T12:41:03+00:00</time>
      </trkpt>
      <trkpt lat="48.23699" lon="-4.47536">
        <ele>60</ele>
        <time>2026-06-23T12:41:06+00:00</time>
      </trkpt>
      <trkpt lat="48.23709" lon="-4.47487">
        <ele>52</ele>
        <time>2026-06-23T12:41:09+00:00</time>
      </trkpt>
      <trkpt lat="48.23711" lon="-4.47464">
        <ele>54</ele>
        <time>2026-06-23T12:41:12+00:00</time>
      </trkpt>
      <trkpt lat="48.23707" lon="-4.4745">
        <ele>49</ele>
        <time>2026-06-23T12:41:15+00:00</time>
      </trkpt>
      <trkpt lat="48.23687" lon="-4.47412">
        <ele>41</ele>
        <time>2026-06-23T12:41:18+00:00</time>
      </trkpt>
      <trkpt lat="48.23689" lon="-4.47405">
        <ele>30</ele>
        <time>2026-06-23T12:41:21+00:00</time>
      </trkpt>
      <trkpt lat="48.23695" lon="-4.47396">
        <ele>39</ele>
        <time>2026-06-23T12:41:24+00:00</time>
      </trkpt>
      <trkpt lat="48.23701" lon="-4.47379">
        <ele>33</ele>
        <time>2026-06-23T12:41:27+00:00</time>
      </trkpt>
      <trkpt lat="48.23715" lon="-4.47352">
        <ele>31</ele>
        <time>2026-06-23T12:41:30+00:00</time>
      </trkpt>
      <trkpt lat="48.2373" lon="-4.47325">
        <ele>29</ele>
        <time>2026-06-23T12:41:33+00:00</time>
      </trkpt>
      <trkpt lat="48.23746" lon="-4.47299">
        <ele>29</ele>
        <time>2026-06-23T12:41:36+00:00</time>
      </trkpt>
      <trkpt lat="48.23756" lon="-4.47288">
        <ele>28</ele>
        <time>2026-06-23T12:41:39+00:00</time>
      </trkpt>
      <trkpt lat="48.23778" lon="-4.47271">
        <ele>29</ele>
        <time>2026-06-23T12:41:42+00:00</time>
      </trkpt>
      <trkpt lat="48.23784" lon="-4.47264">
        <ele>33</ele>
        <time>2026-06-23T12:41:45+00:00</time>
      </trkpt>
      <trkpt lat="48.23791" lon="-4.4725">
        <ele>28</ele>
        <time>2026-06-23T12:41:48+00:00</time>
      </trkpt>
      <trkpt lat="48.23794" lon="-4.47241">
        <ele>32</ele>
        <time>2026-06-23T12:41:51+00:00</time>
      </trkpt>
      <trkpt lat="48.238" lon="-4.47231">
        <ele>31</ele>
        <time>2026-06-23T12:41:54+00:00</time>
      </trkpt>
      <trkpt lat="48.23808" lon="-4.4721">
        <ele>27</ele>
        <time>2026-06-23T12:41:57+00:00</time>
      </trkpt>
      <trkpt lat="48.23818" lon="-4.47187">
        <ele>26</ele>
        <time>2026-06-23T12:42:00+00:00</time>
      </trkpt>
      <trkpt lat="48.23817" lon="-4.47159">
        <ele>22</ele>
        <time>2026-06-23T12:42:03+00:00</time>
      </trkpt>
      <trkpt lat="48.23808" lon="-4.47145">
        <ele>10</ele>
        <time>2026-06-23T12:42:06+00:00</time>
      </trkpt>
      <trkpt lat="48.23791" lon="-4.47138">
        <ele>18</ele>
        <time>2026-06-23T12:42:09+00:00</time>
      </trkpt>
      <trkpt lat="48.23798" lon="-4.47084">
        <ele>18</ele>
        <time>2026-06-23T12:42:12+00:00</time>
      </trkpt>
      <trkpt lat="48.23802" lon="-4.47072">
        <ele>18</ele>
        <time>2026-06-23T12:42:15+00:00</time>
      </trkpt>
      <trkpt lat="48.23827" lon="-4.47059">
        <ele>14</ele>
        <time>2026-06-23T12:42:18+00:00</time>
      </trkpt>
      <trkpt lat="48.23826" lon="-4.47051">
        <ele>14</ele>
        <time>2026-06-23T12:42:21+00:00</time>
      </trkpt>
      <trkpt lat="48.23818" lon="-4.47046">
        <ele>12</ele>
        <time>2026-06-23T12:42:24+00:00</time>
      </trkpt>
      <trkpt lat="48.23818" lon="-4.47037">
        <ele>9</ele>
        <time>2026-06-23T12:42:27+00:00</time>
      </trkpt>
      <trkpt lat="48.23812" lon="-4.47031">
        <ele>9</ele>
        <time>2026-06-23T12:42:30+00:00</time>
      </trkpt>
      <trkpt lat="48.23814" lon="-4.46999">
        <ele>9</ele>
        <time>2026-06-23T12:42:33+00:00</time>
      </trkpt>
      <trkpt lat="48.23812" lon="-4.46976">
        <ele>13</ele>
        <time>2026-06-23T12:42:36+00:00</time>
      </trkpt>
      <trkpt lat="48.23819" lon="-4.46945">
        <ele>15</ele>
        <time>2026-06-23T12:42:39+00:00</time>
      </trkpt>
      <trkpt lat="48.23831" lon="-4.46922">
        <ele>17</ele>
        <time>2026-06-23T12:42:42+00:00</time>
      </trkpt>
      <trkpt lat="48.23839" lon="-4.46893">
        <ele>19</ele>
        <time>2026-06-23T12:42:45+00:00</time>
      </trkpt>
      <trkpt lat="48.23837" lon="-4.46882">
        <ele>15</ele>
        <time>2026-06-23T12:42:48+00:00</time>
      </trkpt>
      <trkpt lat="48.23846" lon="-4.46865">
        <ele>22</ele>
        <time>2026-06-23T12:42:51+00:00</time>
      </trkpt>
      <trkpt lat="48.23858" lon="-4.46828">
        <ele>13</ele>
        <time>2026-06-23T12:42:54+00:00</time>
      </trkpt>
      <trkpt lat="48.23855" lon="-4.46809">
        <ele>21</ele>
        <time>2026-06-23T12:42:57+00:00</time>
      </trkpt>
      <trkpt lat="48.2385" lon="-4.46802">
        <ele>17</ele>
        <time>2026-06-23T12:43:00+00:00</time>
      </trkpt>
      <trkpt lat="48.23856" lon="-4.46764">
        <ele>21</ele>
        <time>2026-06-23T12:43:03+00:00</time>
      </trkpt>
      <trkpt lat="48.23861" lon="-4.46746">
        <ele>22</ele>
        <time>2026-06-23T12:43:06+00:00</time>
      </trkpt>
      <trkpt lat="48.23879" lon="-4.46712">
        <ele>21</ele>
        <time>2026-06-23T12:43:09+00:00</time>
      </trkpt>
      <trkpt lat="48.2388" lon="-4.46699">
        <ele>13</ele>
        <time>2026-06-23T12:43:12+00:00</time>
      </trkpt>
      <trkpt lat="48.23872" lon="-4.46675">
        <ele>19</ele>
        <time>2026-06-23T12:43:15+00:00</time>
      </trkpt>
      <trkpt lat="48.23885" lon="-4.46647">
        <ele>19</ele>
        <time>2026-06-23T12:43:18+00:00</time>
      </trkpt>
      <trkpt lat="48.23885" lon="-4.46628">
        <ele>11</ele>
        <time>2026-06-23T12:43:21+00:00</time>
      </trkpt>
      <trkpt lat="48.23887" lon="-4.46614">
        <ele>16</ele>
        <time>2026-06-23T12:43:24+00:00</time>
      </trkpt>
      <trkpt lat="48.23894" lon="-4.46605">
        <ele>19</ele>
        <time>2026-06-23T12:43:27+00:00</time>
      </trkpt>
      <trkpt lat="48.23896" lon="-4.46598">
        <ele>17</ele>
        <time>2026-06-23T12:43:30+00:00</time>
      </trkpt>
      <trkpt lat="48.23895" lon="-4.46584">
        <ele>15</ele>
        <time>2026-06-23T12:43:33+00:00</time>
      </trkpt>
      <trkpt lat="48.23909" lon="-4.46537">
        <ele>15</ele>
        <time>2026-06-23T12:43:36+00:00</time>
      </trkpt>
      <trkpt lat="48.23917" lon="-4.46523">
        <ele>12</ele>
        <time>2026-06-23T12:43:39+00:00</time>
      </trkpt>
      <trkpt lat="48.23931" lon="-4.46509">
        <ele>9</ele>
        <time>2026-06-23T12:43:42+00:00</time>
      </trkpt>
      <trkpt lat="48.23946" lon="-4.46495">
        <ele>7</ele>
        <time>2026-06-23T12:43:45+00:00</time>
      </trkpt>
      <trkpt lat="48.23951" lon="-4.46445">
        <ele>6</ele>
        <time>2026-06-23T12:43:48+00:00</time>
      </trkpt>
      <trkpt lat="48.23955" lon="-4.46445">
        <ele>3</ele>
        <time>2026-06-23T12:43:51+00:00</time>
      </trkpt>
      <trkpt lat="48.23954" lon="-4.46387">
        <ele>6</ele>
        <time>2026-06-23T12:43:54+00:00</time>
      </trkpt>
      <trkpt lat="48.23938" lon="-4.46327">
        <ele>4</ele>
        <time>2026-06-23T12:43:57+00:00</time>
      </trkpt>
      <trkpt lat="48.23924" lon="-4.4629">
        <ele>4</ele>
        <time>2026-06-23T12:44:00+00:00</time>
      </trkpt>
      <trkpt lat="48.23899" lon="-4.46223">
        <ele>5</ele>
        <time>2026-06-23T12:44:03+00:00</time>
      </trkpt>
      <trkpt lat="48.23896" lon="-4.46221">
        <ele>5</ele>
        <time>2026-06-23T12:44:06+00:00</time>
      </trkpt>
      <trkpt lat="48.23887" lon="-4.46211">
        <ele>7</ele>
        <time>2026-06-23T12:44:09+00:00</time>
      </trkpt>
      <trkpt lat="48.23871" lon="-4.46206">
        <ele>7</ele>
        <time>2026-06-23T12:44:12+00:00</time>
      </trkpt>
      <trkpt lat="48.23867" lon="-4.46206">
        <ele>10</ele>
        <time>2026-06-23T12:44:15+00:00</time>
      </trkpt>
      <trkpt lat="48.23849" lon="-4.46218">
        <ele>13</ele>
        <time>2026-06-23T12:44:18+00:00</time>
      </trkpt>
      <trkpt lat="48.23843" lon="-4.4623">
        <ele>3</ele>
        <time>2026-06-23T12:44:21+00:00</time>
      </trkpt>
      <trkpt lat="48.23832" lon="-4.46237">
        <ele>13</ele>
        <time>2026-06-23T12:44:24+00:00</time>
      </trkpt>
      <trkpt lat="48.23809" lon="-4.46213">
        <ele>14</ele>
        <time>2026-06-23T12:44:27+00:00</time>
      </trkpt>
      <trkpt lat="48.2377" lon="-4.46173">
        <ele>13</ele>
        <time>2026-06-23T12:44:30+00:00</time>
      </trkpt>
      <trkpt lat="48.23765" lon="-4.46167">
        <ele>19</ele>
        <time>2026-06-23T12:44:33+00:00</time>
      </trkpt>
      <trkpt lat="48.23748" lon="-4.46167">
        <ele>15</ele>
        <time>2026-06-23T12:44:36+00:00</time>
      </trkpt>
      <trkpt lat="48.23746" lon="-4.46125">
        <ele>18</ele>
        <time>2026-06-23T12:44:39+00:00</time>
      </trkpt>
      <trkpt lat="48.23743" lon="-4.46089">
        <ele>23</ele>
        <time>2026-06-23T12:44:42+00:00</time>
      </trkpt>
      <trkpt lat="48.23741" lon="-4.46048">
        <ele>27</ele>
        <time>2026-06-23T12:44:45+00:00</time>
      </trkpt>
      <trkpt lat="48.23711" lon="-4.46005">
        <ele>30</ele>
        <time>2026-06-23T12:44:48+00:00</time>
      </trkpt>
      <trkpt lat="48.23691" lon="-4.45982">
        <ele>34</ele>
        <time>2026-06-23T12:44:51+00:00</time>
      </trkpt>
      <trkpt lat="48.23666" lon="-4.45952">
        <ele>44</ele>
        <time>2026-06-23T12:44:54+00:00</time>
      </trkpt>
      <trkpt lat="48.23638" lon="-4.45928">
        <ele>48</ele>
        <time>2026-06-23T12:44:57+00:00</time>
      </trkpt>
      <trkpt lat="48.23633" lon="-4.45886">
        <ele>50</ele>
        <time>2026-06-23T12:45:00+00:00</time>
      </trkpt>
      <trkpt lat="48.23639" lon="-4.4585">
        <ele>52</ele>
        <time>2026-06-23T12:45:03+00:00</time>
      </trkpt>
      <trkpt lat="48.23647" lon="-4.45806">
        <ele>56</ele>
        <time>2026-06-23T12:45:06+00:00</time>
      </trkpt>
      <trkpt lat="48.2365" lon="-4.4577">
        <ele>58</ele>
        <time>2026-06-23T12:45:09+00:00</time>
      </trkpt>
      <trkpt lat="48.23654" lon="-4.45727">
        <ele>58</ele>
        <time>2026-06-23T12:45:12+00:00</time>
      </trkpt>
      <trkpt lat="48.23657" lon="-4.45683">
        <ele>57</ele>
        <time>2026-06-23T12:45:15+00:00</time>
      </trkpt>
      <trkpt lat="48.23664" lon="-4.45597">
        <ele>57</ele>
        <time>2026-06-23T12:45:18+00:00</time>
      </trkpt>
      <trkpt lat="48.23667" lon="-4.45544">
        <ele>55</ele>
        <time>2026-06-23T12:45:21+00:00</time>
      </trkpt>
      <trkpt lat="48.23675" lon="-4.45482">
        <ele>55</ele>
        <time>2026-06-23T12:45:24+00:00</time>
      </trkpt>
      <trkpt lat="48.23678" lon="-4.45442">
        <ele>55</ele>
        <time>2026-06-23T12:45:27+00:00</time>
      </trkpt>
      <trkpt lat="48.23683" lon="-4.45381">
        <ele>55</ele>
        <time>2026-06-23T12:45:30+00:00</time>
      </trkpt>
      <trkpt lat="48.23681" lon="-4.45346">
        <ele>54</ele>
        <time>2026-06-23T12:45:33+00:00</time>
      </trkpt>
      <trkpt lat="48.23679" lon="-4.45307">
        <ele>54</ele>
        <time>2026-06-23T12:45:36+00:00</time>
      </trkpt>
      <trkpt lat="48.23686" lon="-4.45275">
        <ele>54</ele>
        <time>2026-06-23T12:45:39+00:00</time>
      </trkpt>
      <trkpt lat="48.23693" lon="-4.45242">
        <ele>52</ele>
        <time>2026-06-23T12:45:42+00:00</time>
      </trkpt>
      <trkpt lat="48.23677" lon="-4.45196">
        <ele>52</ele>
        <time>2026-06-23T12:45:45+00:00</time>
      </trkpt>
      <trkpt lat="48.23689" lon="-4.45186">
        <ele>53</ele>
        <time>2026-06-23T12:45:48+00:00</time>
      </trkpt>
      <trkpt lat="48.2369" lon="-4.45179">
        <ele>53</ele>
        <time>2026-06-23T12:45:51+00:00</time>
      </trkpt>
      <trkpt lat="48.23707" lon="-4.45143">
        <ele>56</ele>
        <time>2026-06-23T12:45:54+00:00</time>
      </trkpt>
      <trkpt lat="48.2372" lon="-4.45129">
        <ele>57</ele>
        <time>2026-06-23T12:45:57+00:00</time>
      </trkpt>
      <trkpt lat="48.23735" lon="-4.45116">
        <ele>59</ele>
        <time>2026-06-23T12:46:00+00:00</time>
      </trkpt>
      <trkpt lat="48.23754" lon="-4.45101">
        <ele>61</ele>
        <time>2026-06-23T12:46:03+00:00</time>
      </trkpt>
      <trkpt lat="48.2379" lon="-4.45092">
        <ele>61</ele>
        <time>2026-06-23T12:46:06+00:00</time>
      </trkpt>
      <trkpt lat="48.2379" lon="-4.4508">
        <ele>61</ele>
        <time>2026-06-23T12:46:09+00:00</time>
      </trkpt>
      <trkpt lat="48.23796" lon="-4.45067">
        <ele>60</ele>
        <time>2026-06-23T12:46:12+00:00</time>
      </trkpt>
      <trkpt lat="48.238" lon="-4.45028">
        <ele>60</ele>
        <time>2026-06-23T12:46:15+00:00</time>
      </trkpt>
      <trkpt lat="48.23806" lon="-4.44974">
        <ele>61</ele>
        <time>2026-06-23T12:46:18+00:00</time>
      </trkpt>
      <trkpt lat="48.23805" lon="-4.4496">
        <ele>61</ele>
        <time>2026-06-23T12:46:21+00:00</time>
      </trkpt>
      <trkpt lat="48.23798" lon="-4.44932">
        <ele>61</ele>
        <time>2026-06-23T12:46:24+00:00</time>
      </trkpt>
      <trkpt lat="48.2379" lon="-4.44885">
        <ele>60</ele>
        <time>2026-06-23T12:46:27+00:00</time>
      </trkpt>
      <trkpt lat="48.23792" lon="-4.44827">
        <ele>59</ele>
        <time>2026-06-23T12:46:30+00:00</time>
      </trkpt>
      <trkpt lat="48.23796" lon="-4.44777">
        <ele>58</ele>
        <time>2026-06-23T12:46:33+00:00</time>
      </trkpt>
      <trkpt lat="48.23803" lon="-4.44743">
        <ele>58</ele>
        <time>2026-06-23T12:46:36+00:00</time>
      </trkpt>
      <trkpt lat="48.2381" lon="-4.44705">
        <ele>57</ele>
        <time>2026-06-23T12:46:39+00:00</time>
      </trkpt>
      <trkpt lat="48.23809" lon="-4.44686">
        <ele>57</ele>
        <time>2026-06-23T12:46:42+00:00</time>
      </trkpt>
      <trkpt lat="48.23812" lon="-4.44679">
        <ele>57</ele>
        <time>2026-06-23T12:46:45+00:00</time>
      </trkpt>
      <trkpt lat="48.23815" lon="-4.44634">
        <ele>57</ele>
        <time>2026-06-23T12:46:48+00:00</time>
      </trkpt>
      <trkpt lat="48.23811" lon="-4.4463">
        <ele>57</ele>
        <time>2026-06-23T12:46:51+00:00</time>
      </trkpt>
      <trkpt lat="48.23807" lon="-4.44614">
        <ele>56</ele>
        <time>2026-06-23T12:46:54+00:00</time>
      </trkpt>
      <trkpt lat="48.23809" lon="-4.44601">
        <ele>55</ele>
        <time>2026-06-23T12:46:57+00:00</time>
      </trkpt>
      <trkpt lat="48.23829" lon="-4.44545">
        <ele>55</ele>
        <time>2026-06-23T12:47:00+00:00</time>
      </trkpt>
      <trkpt lat="48.23839" lon="-4.4451">
        <ele>55</ele>
        <time>2026-06-23T12:47:03+00:00</time>
      </trkpt>
      <trkpt lat="48.23845" lon="-4.44462">
        <ele>54</ele>
        <time>2026-06-23T12:47:06+00:00</time>
      </trkpt>
      <trkpt lat="48.23851" lon="-4.44415">
        <ele>50</ele>
        <time>2026-06-23T12:47:09+00:00</time>
      </trkpt>
      <trkpt lat="48.23861" lon="-4.44339">
        <ele>46</ele>
        <time>2026-06-23T12:47:12+00:00</time>
      </trkpt>
      <trkpt lat="48.2387" lon="-4.44286">
        <ele>41</ele>
        <time>2026-06-23T12:47:15+00:00</time>
      </trkpt>
      <trkpt lat="48.23876" lon="-4.44275">
        <ele>40</ele>
        <time>2026-06-23T12:47:18+00:00</time>
      </trkpt>
      <trkpt lat="48.23885" lon="-4.44249">
        <ele>40</ele>
        <time>2026-06-23T12:47:21+00:00</time>
      </trkpt>
      <trkpt lat="48.23885" lon="-4.44208">
        <ele>40</ele>
        <time>2026-06-23T12:47:24+00:00</time>
      </trkpt>
      <trkpt lat="48.23884" lon="-4.44142">
        <ele>42</ele>
        <time>2026-06-23T12:47:27+00:00</time>
      </trkpt>
      <trkpt lat="48.23887" lon="-4.44083">
        <ele>42</ele>
        <time>2026-06-23T12:47:30+00:00</time>
      </trkpt>
      <trkpt lat="48.23894" lon="-4.4403">
        <ele>42</ele>
        <time>2026-06-23T12:47:33+00:00</time>
      </trkpt>
      <trkpt lat="48.23902" lon="-4.43977">
        <ele>41</ele>
        <time>2026-06-23T12:47:36+00:00</time>
      </trkpt>
      <trkpt lat="48.23907" lon="-4.43936">
        <ele>37</ele>
        <time>2026-06-23T12:47:39+00:00</time>
      </trkpt>
      <trkpt lat="48.23913" lon="-4.43892">
        <ele>36</ele>
        <time>2026-06-23T12:47:42+00:00</time>
      </trkpt>
      <trkpt lat="48.23925" lon="-4.43806">
        <ele>34</ele>
        <time>2026-06-23T12:47:45+00:00</time>
      </trkpt>
      <trkpt lat="48.23934" lon="-4.43765">
        <ele>34</ele>
        <time>2026-06-23T12:47:48+00:00</time>
      </trkpt>
      <trkpt lat="48.2395" lon="-4.43689">
        <ele>34</ele>
        <time>2026-06-23T12:47:51+00:00</time>
      </trkpt>
      <trkpt lat="48.23963" lon="-4.43643">
        <ele>34</ele>
        <time>2026-06-23T12:47:54+00:00</time>
      </trkpt>
      <trkpt lat="48.23976" lon="-4.43597">
        <ele>34</ele>
        <time>2026-06-23T12:47:57+00:00</time>
      </trkpt>
      <trkpt lat="48.24" lon="-4.4351">
        <ele>33</ele>
        <time>2026-06-23T12:48:00+00:00</time>
      </trkpt>
      <trkpt lat="48.24009" lon="-4.43471">
        <ele>33</ele>
        <time>2026-06-23T12:48:03+00:00</time>
      </trkpt>
      <trkpt lat="48.24015" lon="-4.43433">
        <ele>32</ele>
        <time>2026-06-23T12:48:06+00:00</time>
      </trkpt>
      <trkpt lat="48.24015" lon="-4.43386">
        <ele>31</ele>
        <time>2026-06-23T12:48:09+00:00</time>
      </trkpt>
      <trkpt lat="48.24016" lon="-4.43339">
        <ele>29</ele>
        <time>2026-06-23T12:48:12+00:00</time>
      </trkpt>
      <trkpt lat="48.24016" lon="-4.43277">
        <ele>28</ele>
        <time>2026-06-23T12:48:15+00:00</time>
      </trkpt>
      <trkpt lat="48.24006" lon="-4.43283">
        <ele>28</ele>
        <time>2026-06-23T12:48:18+00:00</time>
      </trkpt>
      <trkpt lat="48.23987" lon="-4.43284">
        <ele>26</ele>
        <time>2026-06-23T12:48:21+00:00</time>
      </trkpt>
      <trkpt lat="48.23965" lon="-4.43285">
        <ele>24</ele>
        <time>2026-06-23T12:48:24+00:00</time>
      </trkpt>
      <trkpt lat="48.23925" lon="-4.43278">
        <ele>19</ele>
        <time>2026-06-23T12:48:27+00:00</time>
      </trkpt>
      <trkpt lat="48.23896" lon="-4.43266">
        <ele>15</ele>
        <time>2026-06-23T12:48:30+00:00</time>
      </trkpt>
      <trkpt lat="48.23867" lon="-4.43254">
        <ele>12</ele>
        <time>2026-06-23T12:48:33+00:00</time>
      </trkpt>
      <trkpt lat="48.23836" lon="-4.43241">
        <ele>8</ele>
        <time>2026-06-23T12:48:36+00:00</time>
      </trkpt>
      <trkpt lat="48.23803" lon="-4.43222">
        <ele>6</ele>
        <time>2026-06-23T12:48:39+00:00</time>
      </trkpt>
      <trkpt lat="48.23791" lon="-4.4321">
        <ele>4</ele>
        <time>2026-06-23T12:48:42+00:00</time>
      </trkpt>
      <trkpt lat="48.23769" lon="-4.43182">
        <ele>4</ele>
        <time>2026-06-23T12:48:45+00:00</time>
      </trkpt>
      <trkpt lat="48.23746" lon="-4.43154">
        <ele>4</ele>
        <time>2026-06-23T12:48:48+00:00</time>
      </trkpt>
      <trkpt lat="48.23721" lon="-4.43122">
        <ele>4</ele>
        <time>2026-06-23T12:48:51+00:00</time>
      </trkpt>
      <trkpt lat="48.23696" lon="-4.43091">
        <ele>3</ele>
        <time>2026-06-23T12:48:54+00:00</time>
      </trkpt>
      <trkpt lat="48.23654" lon="-4.43037">
        <ele>3</ele>
        <time>2026-06-23T12:48:57+00:00</time>
      </trkpt>
      <trkpt lat="48.23626" lon="-4.43003">
        <ele>3</ele>
        <time>2026-06-23T12:49:00+00:00</time>
      </trkpt>
      <trkpt lat="48.23599" lon="-4.42968">
        <ele>4</ele>
        <time>2026-06-23T12:49:03+00:00</time>
      </trkpt>
      <trkpt lat="48.23578" lon="-4.42943">
        <ele>4</ele>
        <time>2026-06-23T12:49:06+00:00</time>
      </trkpt>
      <trkpt lat="48.23548" lon="-4.42905">
        <ele>4</ele>
        <time>2026-06-23T12:49:09+00:00</time>
      </trkpt>
      <trkpt lat="48.23529" lon="-4.42875">
        <ele>4</ele>
        <time>2026-06-23T12:49:12+00:00</time>
      </trkpt>
      <trkpt lat="48.23497" lon="-4.42824">
        <ele>3</ele>
        <time>2026-06-23T12:49:15+00:00</time>
      </trkpt>
      <trkpt lat="48.23463" lon="-4.42855">
        <ele>3</ele>
        <time>2026-06-23T12:49:18+00:00</time>
      </trkpt>
      <trkpt lat="48.23431" lon="-4.42872">
        <ele>4</ele>
        <time>2026-06-23T12:49:21+00:00</time>
      </trkpt>
      <trkpt lat="48.23404" lon="-4.42895">
        <ele>5</ele>
        <time>2026-06-23T12:49:24+00:00</time>
      </trkpt>
      <trkpt lat="48.23378" lon="-4.42917">
        <ele>5</ele>
        <time>2026-06-23T12:49:27+00:00</time>
      </trkpt>
      <trkpt lat="48.23347" lon="-4.42943">
        <ele>4</ele>
        <time>2026-06-23T12:49:30+00:00</time>
      </trkpt>
      <trkpt lat="48.23317" lon="-4.42983">
        <ele>3</ele>
        <time>2026-06-23T12:49:33+00:00</time>
      </trkpt>
      <trkpt lat="48.23307" lon="-4.43004">
        <ele>3</ele>
        <time>2026-06-23T12:49:36+00:00</time>
      </trkpt>
      <trkpt lat="48.23282" lon="-4.43022">
        <ele>3</ele>
        <time>2026-06-23T12:49:39+00:00</time>
      </trkpt>
      <trkpt lat="48.23257" lon="-4.4304">
        <ele>3</ele>
        <time>2026-06-23T12:49:42+00:00</time>
      </trkpt>
      <trkpt lat="48.23217" lon="-4.43069">
        <ele>4</ele>
        <time>2026-06-23T12:49:45+00:00</time>
      </trkpt>
      <trkpt lat="48.23198" lon="-4.43079">
        <ele>4</ele>
        <time>2026-06-23T12:49:48+00:00</time>
      </trkpt>
      <trkpt lat="48.23173" lon="-4.43089">
        <ele>3</ele>
        <time>2026-06-23T12:49:51+00:00</time>
      </trkpt>
      <trkpt lat="48.23141" lon="-4.43102">
        <ele>2</ele>
        <time>2026-06-23T12:49:54+00:00</time>
      </trkpt>
      <trkpt lat="48.23118" lon="-4.43096">
        <ele>2</ele>
        <time>2026-06-23T12:49:57+00:00</time>
      </trkpt>
      <trkpt lat="48.23093" lon="-4.4309">
        <ele>2</ele>
        <time>2026-06-23T12:50:00+00:00</time>
      </trkpt>
      <trkpt lat="48.23084" lon="-4.4309">
        <ele>2</ele>
        <time>2026-06-23T12:50:03+00:00</time>
      </trkpt>
      <trkpt lat="48.23059" lon="-4.43098">
        <ele>10</ele>
        <time>2026-06-23T12:50:06+00:00</time>
      </trkpt>
      <trkpt lat="48.2306" lon="-4.43093">
        <ele>10</ele>
        <time>2026-06-23T12:50:09+00:00</time>
      </trkpt>
      <trkpt lat="48.23055" lon="-4.43088">
        <ele>13</ele>
        <time>2026-06-23T12:50:12+00:00</time>
      </trkpt>
      <trkpt lat="48.23041" lon="-4.43111">
        <ele>11</ele>
        <time>2026-06-23T12:50:15+00:00</time>
      </trkpt>
      <trkpt lat="48.23024" lon="-4.4314">
        <ele>11</ele>
        <time>2026-06-23T12:50:18+00:00</time>
      </trkpt>
      <trkpt lat="48.23017" lon="-4.43156">
        <ele>12</ele>
        <time>2026-06-23T12:50:21+00:00</time>
      </trkpt>
      <trkpt lat="48.23011" lon="-4.43166">
        <ele>10</ele>
        <time>2026-06-23T12:50:24+00:00</time>
      </trkpt>
      <trkpt lat="48.23003" lon="-4.4317">
        <ele>9</ele>
        <time>2026-06-23T12:50:27+00:00</time>
      </trkpt>
      <trkpt lat="48.22998" lon="-4.43177">
        <ele>12</ele>
        <time>2026-06-23T12:50:30+00:00</time>
      </trkpt>
      <trkpt lat="48.22993" lon="-4.43201">
        <ele>10</ele>
        <time>2026-06-23T12:50:33+00:00</time>
      </trkpt>
      <trkpt lat="48.22969" lon="-4.43229">
        <ele>9</ele>
        <time>2026-06-23T12:50:36+00:00</time>
      </trkpt>
      <trkpt lat="48.22962" lon="-4.43234">
        <ele>8</ele>
        <time>2026-06-23T12:50:39+00:00</time>
      </trkpt>
      <trkpt lat="48.22952" lon="-4.43234">
        <ele>9</ele>
        <time>2026-06-23T12:50:42+00:00</time>
      </trkpt>
      <trkpt lat="48.22948" lon="-4.43236">
        <ele>8</ele>
        <time>2026-06-23T12:50:45+00:00</time>
      </trkpt>
      <trkpt lat="48.2292" lon="-4.43262">
        <ele>8</ele>
        <time>2026-06-23T12:50:48+00:00</time>
      </trkpt>
      <trkpt lat="48.22913" lon="-4.43266">
        <ele>8</ele>
        <time>2026-06-23T12:50:51+00:00</time>
      </trkpt>
      <trkpt lat="48.22896" lon="-4.43264">
        <ele>8</ele>
        <time>2026-06-23T12:50:54+00:00</time>
      </trkpt>
      <trkpt lat="48.22882" lon="-4.43275">
        <ele>9</ele>
        <time>2026-06-23T12:50:57+00:00</time>
      </trkpt>
      <trkpt lat="48.22889" lon="-4.43248">
        <ele>10</ele>
        <time>2026-06-23T12:51:00+00:00</time>
      </trkpt>
      <trkpt lat="48.22895" lon="-4.43234">
        <ele>9</ele>
        <time>2026-06-23T12:51:03+00:00</time>
      </trkpt>
      <trkpt lat="48.22903" lon="-4.43193">
        <ele>12</ele>
        <time>2026-06-23T12:51:06+00:00</time>
      </trkpt>
      <trkpt lat="48.2291" lon="-4.43152">
        <ele>14</ele>
        <time>2026-06-23T12:51:09+00:00</time>
      </trkpt>
      <trkpt lat="48.22921" lon="-4.43093">
        <ele>19</ele>
        <time>2026-06-23T12:51:12+00:00</time>
      </trkpt>
      <trkpt lat="48.22927" lon="-4.43076">
        <ele>20</ele>
        <time>2026-06-23T12:51:15+00:00</time>
      </trkpt>
      <trkpt lat="48.2294" lon="-4.43049">
        <ele>20</ele>
        <time>2026-06-23T12:51:18+00:00</time>
      </trkpt>
      <trkpt lat="48.22959" lon="-4.43009">
        <ele>20</ele>
        <time>2026-06-23T12:51:21+00:00</time>
      </trkpt>
      <trkpt lat="48.22986" lon="-4.42959">
        <ele>20</ele>
        <time>2026-06-23T12:51:24+00:00</time>
      </trkpt>
      <trkpt lat="48.22954" lon="-4.42931">
        <ele>20</ele>
        <time>2026-06-23T12:51:27+00:00</time>
      </trkpt>
      <trkpt lat="48.22949" lon="-4.42929">
        <ele>20</ele>
        <time>2026-06-23T12:51:30+00:00</time>
      </trkpt>
      <trkpt lat="48.22924" lon="-4.42903">
        <ele>20</ele>
        <time>2026-06-23T12:51:33+00:00</time>
      </trkpt>
      <trkpt lat="48.22923" lon="-4.42896">
        <ele>21</ele>
        <time>2026-06-23T12:51:36+00:00</time>
      </trkpt>
      <trkpt lat="48.2293" lon="-4.42857">
        <ele>20</ele>
        <time>2026-06-23T12:51:39+00:00</time>
      </trkpt>
      <trkpt lat="48.22943" lon="-4.42788">
        <ele>20</ele>
        <time>2026-06-23T12:51:42+00:00</time>
      </trkpt>
      <trkpt lat="48.22972" lon="-4.42767">
        <ele>21</ele>
        <time>2026-06-23T12:51:45+00:00</time>
      </trkpt>
      <trkpt lat="48.22986" lon="-4.42748">
        <ele>21</ele>
        <time>2026-06-23T12:51:48+00:00</time>
      </trkpt>
      <trkpt lat="48.22992" lon="-4.42736">
        <ele>24</ele>
        <time>2026-06-23T12:51:51+00:00</time>
      </trkpt>
      <trkpt lat="48.23" lon="-4.42732">
        <ele>24</ele>
        <time>2026-06-23T12:51:54+00:00</time>
      </trkpt>
      <trkpt lat="48.23001" lon="-4.42717">
        <ele>25</ele>
        <time>2026-06-23T12:51:57+00:00</time>
      </trkpt>
      <trkpt lat="48.22993" lon="-4.42703">
        <ele>25</ele>
        <time>2026-06-23T12:52:00+00:00</time>
      </trkpt>
      <trkpt lat="48.22998" lon="-4.42652">
        <ele>26</ele>
        <time>2026-06-23T12:52:03+00:00</time>
      </trkpt>
      <trkpt lat="48.23003" lon="-4.42645">
        <ele>29</ele>
        <time>2026-06-23T12:52:06+00:00</time>
      </trkpt>
      <trkpt lat="48.23006" lon="-4.42626">
        <ele>28</ele>
        <time>2026-06-23T12:52:09+00:00</time>
      </trkpt>
      <trkpt lat="48.23009" lon="-4.42571">
        <ele>30</ele>
        <time>2026-06-23T12:52:12+00:00</time>
      </trkpt>
      <trkpt lat="48.23007" lon="-4.42537">
        <ele>33</ele>
        <time>2026-06-23T12:52:15+00:00</time>
      </trkpt>
      <trkpt lat="48.23005" lon="-4.42501">
        <ele>35</ele>
        <time>2026-06-23T12:52:18+00:00</time>
      </trkpt>
      <trkpt lat="48.22987" lon="-4.42462">
        <ele>37</ele>
        <time>2026-06-23T12:52:21+00:00</time>
      </trkpt>
      <trkpt lat="48.22983" lon="-4.42411">
        <ele>37</ele>
        <time>2026-06-23T12:52:24+00:00</time>
      </trkpt>
      <trkpt lat="48.22973" lon="-4.42371">
        <ele>37</ele>
        <time>2026-06-23T12:52:27+00:00</time>
      </trkpt>
      <trkpt lat="48.22971" lon="-4.42337">
        <ele>35</ele>
        <time>2026-06-23T12:52:30+00:00</time>
      </trkpt>
      <trkpt lat="48.22969" lon="-4.42303">
        <ele>33</ele>
        <time>2026-06-23T12:52:33+00:00</time>
      </trkpt>
      <trkpt lat="48.22962" lon="-4.42262">
        <ele>33</ele>
        <time>2026-06-23T12:52:36+00:00</time>
      </trkpt>
      <trkpt lat="48.22951" lon="-4.42194">
        <ele>34</ele>
        <time>2026-06-23T12:52:39+00:00</time>
      </trkpt>
      <trkpt lat="48.22941" lon="-4.42139">
        <ele>34</ele>
        <time>2026-06-23T12:52:42+00:00</time>
      </trkpt>
      <trkpt lat="48.22932" lon="-4.42085">
        <ele>35</ele>
        <time>2026-06-23T12:52:45+00:00</time>
      </trkpt>
      <trkpt lat="48.22922" lon="-4.42031">
        <ele>35</ele>
        <time>2026-06-23T12:52:48+00:00</time>
      </trkpt>
      <trkpt lat="48.22913" lon="-4.41975">
        <ele>36</ele>
        <time>2026-06-23T12:52:51+00:00</time>
      </trkpt>
      <trkpt lat="48.22907" lon="-4.41925">
        <ele>37</ele>
        <time>2026-06-23T12:52:54+00:00</time>
      </trkpt>
      <trkpt lat="48.229" lon="-4.4189">
        <ele>38</ele>
        <time>2026-06-23T12:52:57+00:00</time>
      </trkpt>
      <trkpt lat="48.22892" lon="-4.41849">
        <ele>40</ele>
        <time>2026-06-23T12:53:00+00:00</time>
      </trkpt>
      <trkpt lat="48.22892" lon="-4.41813">
        <ele>42</ele>
        <time>2026-06-23T12:53:03+00:00</time>
      </trkpt>
      <trkpt lat="48.22893" lon="-4.41772">
        <ele>44</ele>
        <time>2026-06-23T12:53:06+00:00</time>
      </trkpt>
      <trkpt lat="48.22866" lon="-4.41774">
        <ele>44</ele>
        <time>2026-06-23T12:53:09+00:00</time>
      </trkpt>
      <trkpt lat="48.22842" lon="-4.41774">
        <ele>43</ele>
        <time>2026-06-23T12:53:12+00:00</time>
      </trkpt>
      <trkpt lat="48.22813" lon="-4.41774">
        <ele>41</ele>
        <time>2026-06-23T12:53:15+00:00</time>
      </trkpt>
      <trkpt lat="48.2277" lon="-4.41788">
        <ele>32</ele>
        <time>2026-06-23T12:53:18+00:00</time>
      </trkpt>
      <trkpt lat="48.22761" lon="-4.4177">
        <ele>23</ele>
        <time>2026-06-23T12:53:21+00:00</time>
      </trkpt>
      <trkpt lat="48.22756" lon="-4.41751">
        <ele>24</ele>
        <time>2026-06-23T12:53:24+00:00</time>
      </trkpt>
      <trkpt lat="48.22759" lon="-4.41746">
        <ele>25</ele>
        <time>2026-06-23T12:53:27+00:00</time>
      </trkpt>
      <trkpt lat="48.22751" lon="-4.41744">
        <ele>25</ele>
        <time>2026-06-23T12:53:30+00:00</time>
      </trkpt>
      <trkpt lat="48.22747" lon="-4.41733">
        <ele>26</ele>
        <time>2026-06-23T12:53:33+00:00</time>
      </trkpt>
      <trkpt lat="48.22743" lon="-4.41709">
        <ele>24</ele>
        <time>2026-06-23T12:53:36+00:00</time>
      </trkpt>
      <trkpt lat="48.22741" lon="-4.41688">
        <ele>24</ele>
        <time>2026-06-23T12:53:39+00:00</time>
      </trkpt>
      <trkpt lat="48.22735" lon="-4.41688">
        <ele>24</ele>
        <time>2026-06-23T12:53:42+00:00</time>
      </trkpt>
      <trkpt lat="48.22729" lon="-4.41659">
        <ele>25</ele>
        <time>2026-06-23T12:53:45+00:00</time>
      </trkpt>
      <trkpt lat="48.22721" lon="-4.4165">
        <ele>23</ele>
        <time>2026-06-23T12:53:48+00:00</time>
      </trkpt>
      <trkpt lat="48.22714" lon="-4.4162">
        <ele>27</ele>
        <time>2026-06-23T12:53:51+00:00</time>
      </trkpt>
      <trkpt lat="48.22704" lon="-4.4158">
        <ele>29</ele>
        <time>2026-06-23T12:53:54+00:00</time>
      </trkpt>
      <trkpt lat="48.22693" lon="-4.41547">
        <ele>36</ele>
        <time>2026-06-23T12:53:57+00:00</time>
      </trkpt>
      <trkpt lat="48.22694" lon="-4.41532">
        <ele>38</ele>
        <time>2026-06-23T12:54:00+00:00</time>
      </trkpt>
      <trkpt lat="48.2269" lon="-4.415">
        <ele>46</ele>
        <time>2026-06-23T12:54:03+00:00</time>
      </trkpt>
      <trkpt lat="48.22685" lon="-4.41455">
        <ele>45</ele>
        <time>2026-06-23T12:54:06+00:00</time>
      </trkpt>
      <trkpt lat="48.22682" lon="-4.41448">
        <ele>49</ele>
        <time>2026-06-23T12:54:09+00:00</time>
      </trkpt>
      <trkpt lat="48.22666" lon="-4.41422">
        <ele>45</ele>
        <time>2026-06-23T12:54:12+00:00</time>
      </trkpt>
      <trkpt lat="48.22643" lon="-4.41384">
        <ele>44</ele>
        <time>2026-06-23T12:54:15+00:00</time>
      </trkpt>
      <trkpt lat="48.22629" lon="-4.41364">
        <ele>36</ele>
        <time>2026-06-23T12:54:18+00:00</time>
      </trkpt>
      <trkpt lat="48.22624" lon="-4.41351">
        <ele>38</ele>
        <time>2026-06-23T12:54:21+00:00</time>
      </trkpt>
      <trkpt lat="48.22619" lon="-4.41347">
        <ele>34</ele>
        <time>2026-06-23T12:54:24+00:00</time>
      </trkpt>
      <trkpt lat="48.22611" lon="-4.4132">
        <ele>36</ele>
        <time>2026-06-23T12:54:27+00:00</time>
      </trkpt>
      <trkpt lat="48.22599" lon="-4.41282">
        <ele>38</ele>
        <time>2026-06-23T12:54:30+00:00</time>
      </trkpt>
      <trkpt lat="48.22586" lon="-4.4123">
        <ele>40</ele>
        <time>2026-06-23T12:54:33+00:00</time>
      </trkpt>
      <trkpt lat="48.22573" lon="-4.41223">
        <ele>41</ele>
        <time>2026-06-23T12:54:36+00:00</time>
      </trkpt>
      <trkpt lat="48.22558" lon="-4.41225">
        <ele>38</ele>
        <time>2026-06-23T12:54:39+00:00</time>
      </trkpt>
      <trkpt lat="48.22549" lon="-4.4123">
        <ele>41</ele>
        <time>2026-06-23T12:54:42+00:00</time>
      </trkpt>
      <trkpt lat="48.22537" lon="-4.4126">
        <ele>36</ele>
        <time>2026-06-23T12:54:45+00:00</time>
      </trkpt>
      <trkpt lat="48.22518" lon="-4.41304">
        <ele>34</ele>
        <time>2026-06-23T12:54:48+00:00</time>
      </trkpt>
      <trkpt lat="48.22516" lon="-4.41317">
        <ele>30</ele>
        <time>2026-06-23T12:54:51+00:00</time>
      </trkpt>
      <trkpt lat="48.22511" lon="-4.41322">
        <ele>30</ele>
        <time>2026-06-23T12:54:54+00:00</time>
      </trkpt>
      <trkpt lat="48.22502" lon="-4.41326">
        <ele>39</ele>
        <time>2026-06-23T12:54:57+00:00</time>
      </trkpt>
      <trkpt lat="48.22494" lon="-4.41322">
        <ele>34</ele>
        <time>2026-06-23T12:55:00+00:00</time>
      </trkpt>
      <trkpt lat="48.22488" lon="-4.41314">
        <ele>37</ele>
        <time>2026-06-23T12:55:03+00:00</time>
      </trkpt>
      <trkpt lat="48.22466" lon="-4.41296">
        <ele>44</ele>
        <time>2026-06-23T12:55:06+00:00</time>
      </trkpt>
      <trkpt lat="48.22446" lon="-4.41298">
        <ele>54</ele>
        <time>2026-06-23T12:55:09+00:00</time>
      </trkpt>
      <trkpt lat="48.22439" lon="-4.41293">
        <ele>59</ele>
        <time>2026-06-23T12:55:12+00:00</time>
      </trkpt>
      <trkpt lat="48.22431" lon="-4.41275">
        <ele>61</ele>
        <time>2026-06-23T12:55:15+00:00</time>
      </trkpt>
      <trkpt lat="48.22422" lon="-4.41265">
        <ele>66</ele>
        <time>2026-06-23T12:55:18+00:00</time>
      </trkpt>
      <trkpt lat="48.22421" lon="-4.41256">
        <ele>67</ele>
        <time>2026-06-23T12:55:21+00:00</time>
      </trkpt>
      <trkpt lat="48.22425" lon="-4.41249">
        <ele>68</ele>
        <time>2026-06-23T12:55:24+00:00</time>
      </trkpt>
      <trkpt lat="48.22423" lon="-4.41244">
        <ele>68</ele>
        <time>2026-06-23T12:55:27+00:00</time>
      </trkpt>
      <trkpt lat="48.22403" lon="-4.4123">
        <ele>66</ele>
        <time>2026-06-23T12:55:30+00:00</time>
      </trkpt>
      <trkpt lat="48.22399" lon="-4.41216">
        <ele>70</ele>
        <time>2026-06-23T12:55:33+00:00</time>
      </trkpt>
      <trkpt lat="48.22393" lon="-4.41209">
        <ele>70</ele>
        <time>2026-06-23T12:55:36+00:00</time>
      </trkpt>
      <trkpt lat="48.22389" lon="-4.41195">
        <ele>65</ele>
        <time>2026-06-23T12:55:39+00:00</time>
      </trkpt>
      <trkpt lat="48.22387" lon="-4.41192">
        <ele>65</ele>
        <time>2026-06-23T12:55:42+00:00</time>
      </trkpt>
      <trkpt lat="48.22385" lon="-4.41183">
        <ele>64</ele>
        <time>2026-06-23T12:55:45+00:00</time>
      </trkpt>
      <trkpt lat="48.22386" lon="-4.41176">
        <ele>63</ele>
        <time>2026-06-23T12:55:48+00:00</time>
      </trkpt>
      <trkpt lat="48.22379" lon="-4.41136">
        <ele>63</ele>
        <time>2026-06-23T12:55:51+00:00</time>
      </trkpt>
      <trkpt lat="48.2238" lon="-4.41127">
        <ele>60</ele>
        <time>2026-06-23T12:55:54+00:00</time>
      </trkpt>
      <trkpt lat="48.22377" lon="-4.41108">
        <ele>64</ele>
        <time>2026-06-23T12:55:57+00:00</time>
      </trkpt>
      <trkpt lat="48.22376" lon="-4.4108">
        <ele>65</ele>
        <time>2026-06-23T12:56:00+00:00</time>
      </trkpt>
      <trkpt lat="48.2237" lon="-4.41056">
        <ele>67</ele>
        <time>2026-06-23T12:56:03+00:00</time>
      </trkpt>
      <trkpt lat="48.22373" lon="-4.41045">
        <ele>73</ele>
        <time>2026-06-23T12:56:06+00:00</time>
      </trkpt>
      <trkpt lat="48.22378" lon="-4.41038">
        <ele>75</ele>
        <time>2026-06-23T12:56:09+00:00</time>
      </trkpt>
      <trkpt lat="48.22389" lon="-4.41017">
        <ele>74</ele>
        <time>2026-06-23T12:56:12+00:00</time>
      </trkpt>
      <trkpt lat="48.22389" lon="-4.41005">
        <ele>72</ele>
        <time>2026-06-23T12:56:15+00:00</time>
      </trkpt>
      <trkpt lat="48.22392" lon="-4.40993">
        <ele>81</ele>
        <time>2026-06-23T12:56:18+00:00</time>
      </trkpt>
      <trkpt lat="48.22393" lon="-4.40971">
        <ele>82</ele>
        <time>2026-06-23T12:56:21+00:00</time>
      </trkpt>
      <trkpt lat="48.22395" lon="-4.40948">
        <ele>83</ele>
        <time>2026-06-23T12:56:24+00:00</time>
      </trkpt>
      <trkpt lat="48.22394" lon="-4.40911">
        <ele>86</ele>
        <time>2026-06-23T12:56:27+00:00</time>
      </trkpt>
      <trkpt lat="48.2239" lon="-4.40887">
        <ele>80</ele>
        <time>2026-06-23T12:56:30+00:00</time>
      </trkpt>
      <trkpt lat="48.22392" lon="-4.40866">
        <ele>86</ele>
        <time>2026-06-23T12:56:33+00:00</time>
      </trkpt>
      <trkpt lat="48.22389" lon="-4.40848">
        <ele>80</ele>
        <time>2026-06-23T12:56:36+00:00</time>
      </trkpt>
      <trkpt lat="48.22399" lon="-4.40829">
        <ele>83</ele>
        <time>2026-06-23T12:56:39+00:00</time>
      </trkpt>
      <trkpt lat="48.22412" lon="-4.40794">
        <ele>83</ele>
        <time>2026-06-23T12:56:42+00:00</time>
      </trkpt>
      <trkpt lat="48.22415" lon="-4.40765">
        <ele>80</ele>
        <time>2026-06-23T12:56:45+00:00</time>
      </trkpt>
      <trkpt lat="48.22417" lon="-4.40716">
        <ele>80</ele>
        <time>2026-06-23T12:56:48+00:00</time>
      </trkpt>
      <trkpt lat="48.2242" lon="-4.40702">
        <ele>79</ele>
        <time>2026-06-23T12:56:51+00:00</time>
      </trkpt>
      <trkpt lat="48.22414" lon="-4.4066">
        <ele>82</ele>
        <time>2026-06-23T12:56:54+00:00</time>
      </trkpt>
      <trkpt lat="48.22404" lon="-4.40625">
        <ele>83</ele>
        <time>2026-06-23T12:56:57+00:00</time>
      </trkpt>
      <trkpt lat="48.22397" lon="-4.40586">
        <ele>85</ele>
        <time>2026-06-23T12:57:00+00:00</time>
      </trkpt>
      <trkpt lat="48.22387" lon="-4.40529">
        <ele>87</ele>
        <time>2026-06-23T12:57:03+00:00</time>
      </trkpt>
      <trkpt lat="48.22382" lon="-4.40512">
        <ele>88</ele>
        <time>2026-06-23T12:57:06+00:00</time>
      </trkpt>
      <trkpt lat="48.22376" lon="-4.40503">
        <ele>87</ele>
        <time>2026-06-23T12:57:09+00:00</time>
      </trkpt>
      <trkpt lat="48.22359" lon="-4.40453">
        <ele>87</ele>
        <time>2026-06-23T12:57:12+00:00</time>
      </trkpt>
      <trkpt lat="48.2235" lon="-4.40435">
        <ele>87</ele>
        <time>2026-06-23T12:57:15+00:00</time>
      </trkpt>
      <trkpt lat="48.22342" lon="-4.40415">
        <ele>87</ele>
        <time>2026-06-23T12:57:18+00:00</time>
      </trkpt>
      <trkpt lat="48.22335" lon="-4.40395">
        <ele>89</ele>
        <time>2026-06-23T12:57:21+00:00</time>
      </trkpt>
      <trkpt lat="48.2233" lon="-4.4037">
        <ele>88</ele>
        <time>2026-06-23T12:57:24+00:00</time>
      </trkpt>
      <trkpt lat="48.22324" lon="-4.4034">
        <ele>88</ele>
        <time>2026-06-23T12:57:27+00:00</time>
      </trkpt>
      <trkpt lat="48.22318" lon="-4.4032">
        <ele>83</ele>
        <time>2026-06-23T12:57:30+00:00</time>
      </trkpt>
      <trkpt lat="48.22313" lon="-4.40287">
        <ele>88</ele>
        <time>2026-06-23T12:57:33+00:00</time>
      </trkpt>
      <trkpt lat="48.22301" lon="-4.40259">
        <ele>88</ele>
        <time>2026-06-23T12:57:36+00:00</time>
      </trkpt>
      <trkpt lat="48.22276" lon="-4.40228">
        <ele>87</ele>
        <time>2026-06-23T12:57:39+00:00</time>
      </trkpt>
      <trkpt lat="48.22271" lon="-4.40217">
        <ele>89</ele>
        <time>2026-06-23T12:57:42+00:00</time>
      </trkpt>
      <trkpt lat="48.2226" lon="-4.40209">
        <ele>86</ele>
        <time>2026-06-23T12:57:45+00:00</time>
      </trkpt>
      <trkpt lat="48.22253" lon="-4.40193">
        <ele>83</ele>
        <time>2026-06-23T12:57:48+00:00</time>
      </trkpt>
      <trkpt lat="48.22243" lon="-4.40184">
        <ele>86</ele>
        <time>2026-06-23T12:57:51+00:00</time>
      </trkpt>
      <trkpt lat="48.22239" lon="-4.40174">
        <ele>85</ele>
        <time>2026-06-23T12:57:54+00:00</time>
      </trkpt>
      <trkpt lat="48.22227" lon="-4.40158">
        <ele>87</ele>
        <time>2026-06-23T12:57:57+00:00</time>
      </trkpt>
      <trkpt lat="48.22222" lon="-4.40148">
        <ele>88</ele>
        <time>2026-06-23T12:58:00+00:00</time>
      </trkpt>
      <trkpt lat="48.22197" lon="-4.40123">
        <ele>85</ele>
        <time>2026-06-23T12:58:03+00:00</time>
      </trkpt>
      <trkpt lat="48.22182" lon="-4.40111">
        <ele>88</ele>
        <time>2026-06-23T12:58:06+00:00</time>
      </trkpt>
      <trkpt lat="48.2217" lon="-4.40097">
        <ele>84</ele>
        <time>2026-06-23T12:58:09+00:00</time>
      </trkpt>
      <trkpt lat="48.2216" lon="-4.40065">
        <ele>83</ele>
        <time>2026-06-23T12:58:12+00:00</time>
      </trkpt>
      <trkpt lat="48.2215" lon="-4.40029">
        <ele>83</ele>
        <time>2026-06-23T12:58:15+00:00</time>
      </trkpt>
      <trkpt lat="48.22136" lon="-4.39996">
        <ele>79</ele>
        <time>2026-06-23T12:58:18+00:00</time>
      </trkpt>
      <trkpt lat="48.22135" lon="-4.39987">
        <ele>79</ele>
        <time>2026-06-23T12:58:21+00:00</time>
      </trkpt>
      <trkpt lat="48.22129" lon="-4.39968">
        <ele>79</ele>
        <time>2026-06-23T12:58:24+00:00</time>
      </trkpt>
      <trkpt lat="48.22125" lon="-4.39912">
        <ele>79</ele>
        <time>2026-06-23T12:58:27+00:00</time>
      </trkpt>
      <trkpt lat="48.22126" lon="-4.39893">
        <ele>78</ele>
        <time>2026-06-23T12:58:30+00:00</time>
      </trkpt>
      <trkpt lat="48.22134" lon="-4.39879">
        <ele>83</ele>
        <time>2026-06-23T12:58:33+00:00</time>
      </trkpt>
      <trkpt lat="48.22142" lon="-4.39874">
        <ele>85</ele>
        <time>2026-06-23T12:58:36+00:00</time>
      </trkpt>
      <trkpt lat="48.22152" lon="-4.3986">
        <ele>87</ele>
        <time>2026-06-23T12:58:39+00:00</time>
      </trkpt>
      <trkpt lat="48.22175" lon="-4.39839">
        <ele>90</ele>
        <time>2026-06-23T12:58:42+00:00</time>
      </trkpt>
      <trkpt lat="48.22183" lon="-4.39821">
        <ele>92</ele>
        <time>2026-06-23T12:58:45+00:00</time>
      </trkpt>
      <trkpt lat="48.22186" lon="-4.3979">
        <ele>91</ele>
        <time>2026-06-23T12:58:48+00:00</time>
      </trkpt>
      <trkpt lat="48.22184" lon="-4.39757">
        <ele>91</ele>
        <time>2026-06-23T12:58:51+00:00</time>
      </trkpt>
      <trkpt lat="48.22172" lon="-4.39736">
        <ele>89</ele>
        <time>2026-06-23T12:58:54+00:00</time>
      </trkpt>
      <trkpt lat="48.2216" lon="-4.39729">
        <ele>82</ele>
        <time>2026-06-23T12:58:57+00:00</time>
      </trkpt>
      <trkpt lat="48.22159" lon="-4.39689">
        <ele>85</ele>
        <time>2026-06-23T12:59:00+00:00</time>
      </trkpt>
      <trkpt lat="48.22154" lon="-4.39653">
        <ele>81</ele>
        <time>2026-06-23T12:59:03+00:00</time>
      </trkpt>
      <trkpt lat="48.22147" lon="-4.39607">
        <ele>76</ele>
        <time>2026-06-23T12:59:06+00:00</time>
      </trkpt>
      <trkpt lat="48.22139" lon="-4.39576">
        <ele>63</ele>
        <time>2026-06-23T12:59:09+00:00</time>
      </trkpt>
      <trkpt lat="48.22133" lon="-4.39567">
        <ele>63</ele>
        <time>2026-06-23T12:59:12+00:00</time>
      </trkpt>
      <trkpt lat="48.22129" lon="-4.39567">
        <ele>57</ele>
        <time>2026-06-23T12:59:15+00:00</time>
      </trkpt>
      <trkpt lat="48.22117" lon="-4.39527">
        <ele>52</ele>
        <time>2026-06-23T12:59:18+00:00</time>
      </trkpt>
      <trkpt lat="48.221" lon="-4.39529">
        <ele>42</ele>
        <time>2026-06-23T12:59:21+00:00</time>
      </trkpt>
      <trkpt lat="48.22095" lon="-4.39519">
        <ele>43</ele>
        <time>2026-06-23T12:59:24+00:00</time>
      </trkpt>
      <trkpt lat="48.22087" lon="-4.39538">
        <ele>38</ele>
        <time>2026-06-23T12:59:27+00:00</time>
      </trkpt>
      <trkpt lat="48.22079" lon="-4.39526">
        <ele>28</ele>
        <time>2026-06-23T12:59:30+00:00</time>
      </trkpt>
      <trkpt lat="48.22072" lon="-4.39477">
        <ele>28</ele>
        <time>2026-06-23T12:59:33+00:00</time>
      </trkpt>
      <trkpt lat="48.22073" lon="-4.39417">
        <ele>29</ele>
        <time>2026-06-23T12:59:36+00:00</time>
      </trkpt>
      <trkpt lat="48.22073" lon="-4.39379">
        <ele>30</ele>
        <time>2026-06-23T12:59:39+00:00</time>
      </trkpt>
      <trkpt lat="48.22073" lon="-4.3933">
        <ele>32</ele>
        <time>2026-06-23T12:59:42+00:00</time>
      </trkpt>
      <trkpt lat="48.22069" lon="-4.39318">
        <ele>30</ele>
        <time>2026-06-23T12:59:45+00:00</time>
      </trkpt>
      <trkpt lat="48.22072" lon="-4.39288">
        <ele>31</ele>
        <time>2026-06-23T12:59:48+00:00</time>
      </trkpt>
      <trkpt lat="48.22076" lon="-4.39252">
        <ele>31</ele>
        <time>2026-06-23T12:59:51+00:00</time>
      </trkpt>
      <trkpt lat="48.22072" lon="-4.39239">
        <ele>32</ele>
        <time>2026-06-23T12:59:54+00:00</time>
      </trkpt>
      <trkpt lat="48.22063" lon="-4.39216">
        <ele>31</ele>
        <time>2026-06-23T12:59:57+00:00</time>
      </trkpt>
      <trkpt lat="48.22054" lon="-4.39198">
        <ele>35</ele>
        <time>2026-06-23T13:00:00+00:00</time>
      </trkpt>
      <trkpt lat="48.22045" lon="-4.39194">
        <ele>26</ele>
        <time>2026-06-23T13:00:03+00:00</time>
      </trkpt>
      <trkpt lat="48.22014" lon="-4.39168">
        <ele>28</ele>
        <time>2026-06-23T13:00:06+00:00</time>
      </trkpt>
      <trkpt lat="48.22005" lon="-4.39149">
        <ele>31</ele>
        <time>2026-06-23T13:00:09+00:00</time>
      </trkpt>
      <trkpt lat="48.21994" lon="-4.39144">
        <ele>28</ele>
        <time>2026-06-23T13:00:12+00:00</time>
      </trkpt>
      <trkpt lat="48.21991" lon="-4.3914">
        <ele>30</ele>
        <time>2026-06-23T13:00:15+00:00</time>
      </trkpt>
      <trkpt lat="48.21975" lon="-4.39137">
        <ele>25</ele>
        <time>2026-06-23T13:00:18+00:00</time>
      </trkpt>
      <trkpt lat="48.21954" lon="-4.3914">
        <ele>25</ele>
        <time>2026-06-23T13:00:21+00:00</time>
      </trkpt>
      <trkpt lat="48.21926" lon="-4.39128">
        <ele>24</ele>
        <time>2026-06-23T13:00:24+00:00</time>
      </trkpt>
      <trkpt lat="48.21912" lon="-4.39128">
        <ele>26</ele>
        <time>2026-06-23T13:00:27+00:00</time>
      </trkpt>
      <trkpt lat="48.21902" lon="-4.39141">
        <ele>24</ele>
        <time>2026-06-23T13:00:30+00:00</time>
      </trkpt>
      <trkpt lat="48.21896" lon="-4.39147">
        <ele>25</ele>
        <time>2026-06-23T13:00:33+00:00</time>
      </trkpt>
      <trkpt lat="48.21884" lon="-4.39154">
        <ele>24</ele>
        <time>2026-06-23T13:00:36+00:00</time>
      </trkpt>
      <trkpt lat="48.21877" lon="-4.39165">
        <ele>22</ele>
        <time>2026-06-23T13:00:39+00:00</time>
      </trkpt>
      <trkpt lat="48.21867" lon="-4.39175">
        <ele>21</ele>
        <time>2026-06-23T13:00:42+00:00</time>
      </trkpt>
      <trkpt lat="48.21863" lon="-4.39201">
        <ele>18</ele>
        <time>2026-06-23T13:00:45+00:00</time>
      </trkpt>
      <trkpt lat="48.21865" lon="-4.3921">
        <ele>18</ele>
        <time>2026-06-23T13:00:48+00:00</time>
      </trkpt>
      <trkpt lat="48.21861" lon="-4.39217">
        <ele>18</ele>
        <time>2026-06-23T13:00:51+00:00</time>
      </trkpt>
      <trkpt lat="48.21854" lon="-4.39217">
        <ele>17</ele>
        <time>2026-06-23T13:00:54+00:00</time>
      </trkpt>
      <trkpt lat="48.21842" lon="-4.39208">
        <ele>18</ele>
        <time>2026-06-23T13:00:57+00:00</time>
      </trkpt>
      <trkpt lat="48.21835" lon="-4.39191">
        <ele>12</ele>
        <time>2026-06-23T13:01:00+00:00</time>
      </trkpt>
      <trkpt lat="48.21835" lon="-4.39184">
        <ele>15</ele>
        <time>2026-06-23T13:01:03+00:00</time>
      </trkpt>
      <trkpt lat="48.21828" lon="-4.39175">
        <ele>5</ele>
        <time>2026-06-23T13:01:06+00:00</time>
      </trkpt>
      <trkpt lat="48.21827" lon="-4.39161">
        <ele>18</ele>
        <time>2026-06-23T13:01:09+00:00</time>
      </trkpt>
      <trkpt lat="48.21822" lon="-4.39144">
        <ele>21</ele>
        <time>2026-06-23T13:01:12+00:00</time>
      </trkpt>
      <trkpt lat="48.2182" lon="-4.39142">
        <ele>21</ele>
        <time>2026-06-23T13:01:15+00:00</time>
      </trkpt>
      <trkpt lat="48.21814" lon="-4.39147">
        <ele>21</ele>
        <time>2026-06-23T13:01:18+00:00</time>
      </trkpt>
      <trkpt lat="48.21802" lon="-4.3915">
        <ele>20</ele>
        <time>2026-06-23T13:01:21+00:00</time>
      </trkpt>
      <trkpt lat="48.21795" lon="-4.39135">
        <ele>21</ele>
        <time>2026-06-23T13:01:24+00:00</time>
      </trkpt>
      <trkpt lat="48.21783" lon="-4.39128">
        <ele>19</ele>
        <time>2026-06-23T13:01:27+00:00</time>
      </trkpt>
      <trkpt lat="48.21777" lon="-4.39112">
        <ele>14</ele>
        <time>2026-06-23T13:01:30+00:00</time>
      </trkpt>
      <trkpt lat="48.21786" lon="-4.39079">
        <ele>14</ele>
        <time>2026-06-23T13:01:33+00:00</time>
      </trkpt>
      <trkpt lat="48.21793" lon="-4.39067">
        <ele>16</ele>
        <time>2026-06-23T13:01:36+00:00</time>
      </trkpt>
      <trkpt lat="48.21799" lon="-4.39048">
        <ele>14</ele>
        <time>2026-06-23T13:01:39+00:00</time>
      </trkpt>
      <trkpt lat="48.21798" lon="-4.39027">
        <ele>13</ele>
        <time>2026-06-23T13:01:42+00:00</time>
      </trkpt>
      <trkpt lat="48.21803" lon="-4.38997">
        <ele>14</ele>
        <time>2026-06-23T13:01:45+00:00</time>
      </trkpt>
      <trkpt lat="48.21812" lon="-4.38987">
        <ele>15</ele>
        <time>2026-06-23T13:01:48+00:00</time>
      </trkpt>
      <trkpt lat="48.21832" lon="-4.38973">
        <ele>16</ele>
        <time>2026-06-23T13:01:51+00:00</time>
      </trkpt>
      <trkpt lat="48.21846" lon="-4.38954">
        <ele>17</ele>
        <time>2026-06-23T13:01:54+00:00</time>
      </trkpt>
      <trkpt lat="48.21873" lon="-4.38945">
        <ele>20</ele>
        <time>2026-06-23T13:01:57+00:00</time>
      </trkpt>
      <trkpt lat="48.21889" lon="-4.38931">
        <ele>20</ele>
        <time>2026-06-23T13:02:00+00:00</time>
      </trkpt>
      <trkpt lat="48.21904" lon="-4.38914">
        <ele>21</ele>
        <time>2026-06-23T13:02:03+00:00</time>
      </trkpt>
      <trkpt lat="48.21913" lon="-4.38884">
        <ele>21</ele>
        <time>2026-06-23T13:02:06+00:00</time>
      </trkpt>
      <trkpt lat="48.2192" lon="-4.38877">
        <ele>20</ele>
        <time>2026-06-23T13:02:09+00:00</time>
      </trkpt>
      <trkpt lat="48.21937" lon="-4.38837">
        <ele>13</ele>
        <time>2026-06-23T13:02:12+00:00</time>
      </trkpt>
      <trkpt lat="48.21941" lon="-4.38816">
        <ele>21</ele>
        <time>2026-06-23T13:02:15+00:00</time>
      </trkpt>
      <trkpt lat="48.21948" lon="-4.38799">
        <ele>16</ele>
        <time>2026-06-23T13:02:18+00:00</time>
      </trkpt>
      <trkpt lat="48.21956" lon="-4.38753">
        <ele>19</ele>
        <time>2026-06-23T13:02:21+00:00</time>
      </trkpt>
      <trkpt lat="48.21957" lon="-4.38734">
        <ele>10</ele>
        <time>2026-06-23T13:02:24+00:00</time>
      </trkpt>
      <trkpt lat="48.21963" lon="-4.38702">
        <ele>24</ele>
        <time>2026-06-23T13:02:27+00:00</time>
      </trkpt>
      <trkpt lat="48.21971" lon="-4.38654">
        <ele>25</ele>
        <time>2026-06-23T13:02:30+00:00</time>
      </trkpt>
      <trkpt lat="48.21969" lon="-4.38642">
        <ele>13</ele>
        <time>2026-06-23T13:02:33+00:00</time>
      </trkpt>
      <trkpt lat="48.21972" lon="-4.38635">
        <ele>27</ele>
        <time>2026-06-23T13:02:36+00:00</time>
      </trkpt>
      <trkpt lat="48.21971" lon="-4.38626">
        <ele>28</ele>
        <time>2026-06-23T13:02:39+00:00</time>
      </trkpt>
      <trkpt lat="48.21976" lon="-4.38624">
        <ele>28</ele>
        <time>2026-06-23T13:02:42+00:00</time>
      </trkpt>
      <trkpt lat="48.21978" lon="-4.38608">
        <ele>30</ele>
        <time>2026-06-23T13:02:45+00:00</time>
      </trkpt>
      <trkpt lat="48.21979" lon="-4.38583">
        <ele>32</ele>
        <time>2026-06-23T13:02:48+00:00</time>
      </trkpt>
      <trkpt lat="48.2198" lon="-4.38553">
        <ele>34</ele>
        <time>2026-06-23T13:02:51+00:00</time>
      </trkpt>
      <trkpt lat="48.21978" lon="-4.38503">
        <ele>31</ele>
        <time>2026-06-23T13:02:54+00:00</time>
      </trkpt>
      <trkpt lat="48.21967" lon="-4.38509">
        <ele>34</ele>
        <time>2026-06-23T13:02:57+00:00</time>
      </trkpt>
      <trkpt lat="48.21956" lon="-4.38523">
        <ele>29</ele>
        <time>2026-06-23T13:03:00+00:00</time>
      </trkpt>
      <trkpt lat="48.21941" lon="-4.38532">
        <ele>27</ele>
        <time>2026-06-23T13:03:03+00:00</time>
      </trkpt>
      <trkpt lat="48.21937" lon="-4.38504">
        <ele>28</ele>
        <time>2026-06-23T13:03:06+00:00</time>
      </trkpt>
      <trkpt lat="48.2194" lon="-4.38491">
        <ele>25</ele>
        <time>2026-06-23T13:03:09+00:00</time>
      </trkpt>
      <trkpt lat="48.21936" lon="-4.38487">
        <ele>26</ele>
        <time>2026-06-23T13:03:12+00:00</time>
      </trkpt>
      <trkpt lat="48.21931" lon="-4.38464">
        <ele>27</ele>
        <time>2026-06-23T13:03:15+00:00</time>
      </trkpt>
      <trkpt lat="48.21928" lon="-4.38464">
        <ele>21</ele>
        <time>2026-06-23T13:03:18+00:00</time>
      </trkpt>
      <trkpt lat="48.21924" lon="-4.38448">
        <ele>25</ele>
        <time>2026-06-23T13:03:21+00:00</time>
      </trkpt>
      <trkpt lat="48.21925" lon="-4.38438">
        <ele>28</ele>
        <time>2026-06-23T13:03:24+00:00</time>
      </trkpt>
      <trkpt lat="48.21927" lon="-4.38433">
        <ele>24</ele>
        <time>2026-06-23T13:03:27+00:00</time>
      </trkpt>
      <trkpt lat="48.21926" lon="-4.38419">
        <ele>21</ele>
        <time>2026-06-23T13:03:30+00:00</time>
      </trkpt>
      <trkpt lat="48.21924" lon="-4.38415">
        <ele>21</ele>
        <time>2026-06-23T13:03:33+00:00</time>
      </trkpt>
      <trkpt lat="48.21921" lon="-4.38398">
        <ele>29</ele>
        <time>2026-06-23T13:03:36+00:00</time>
      </trkpt>
      <trkpt lat="48.21917" lon="-4.38394">
        <ele>25</ele>
        <time>2026-06-23T13:03:39+00:00</time>
      </trkpt>
      <trkpt lat="48.21914" lon="-4.38375">
        <ele>27</ele>
        <time>2026-06-23T13:03:42+00:00</time>
      </trkpt>
      <trkpt lat="48.21914" lon="-4.38358">
        <ele>29</ele>
        <time>2026-06-23T13:03:45+00:00</time>
      </trkpt>
      <trkpt lat="48.21925" lon="-4.38321">
        <ele>29</ele>
        <time>2026-06-23T13:03:48+00:00</time>
      </trkpt>
      <trkpt lat="48.21925" lon="-4.38307">
        <ele>32</ele>
        <time>2026-06-23T13:03:51+00:00</time>
      </trkpt>
      <trkpt lat="48.21915" lon="-4.38288">
        <ele>29</ele>
        <time>2026-06-23T13:03:54+00:00</time>
      </trkpt>
      <trkpt lat="48.21907" lon="-4.38236">
        <ele>32</ele>
        <time>2026-06-23T13:03:57+00:00</time>
      </trkpt>
      <trkpt lat="48.21906" lon="-4.38201">
        <ele>32</ele>
        <time>2026-06-23T13:04:00+00:00</time>
      </trkpt>
      <trkpt lat="48.21904" lon="-4.38161">
        <ele>32</ele>
        <time>2026-06-23T13:04:03+00:00</time>
      </trkpt>
      <trkpt lat="48.21894" lon="-4.38157">
        <ele>22</ele>
        <time>2026-06-23T13:04:06+00:00</time>
      </trkpt>
      <trkpt lat="48.21894" lon="-4.38131">
        <ele>24</ele>
        <time>2026-06-23T13:04:09+00:00</time>
      </trkpt>
      <trkpt lat="48.21885" lon="-4.38107">
        <ele>20</ele>
        <time>2026-06-23T13:04:12+00:00</time>
      </trkpt>
      <trkpt lat="48.21885" lon="-4.38098">
        <ele>17</ele>
        <time>2026-06-23T13:04:15+00:00</time>
      </trkpt>
      <trkpt lat="48.21887" lon="-4.38091">
        <ele>17</ele>
        <time>2026-06-23T13:04:18+00:00</time>
      </trkpt>
      <trkpt lat="48.21887" lon="-4.38077">
        <ele>17</ele>
        <time>2026-06-23T13:04:21+00:00</time>
      </trkpt>
      <trkpt lat="48.21884" lon="-4.38051">
        <ele>7</ele>
        <time>2026-06-23T13:04:24+00:00</time>
      </trkpt>
      <trkpt lat="48.21885" lon="-4.3803">
        <ele>16</ele>
        <time>2026-06-23T13:04:27+00:00</time>
      </trkpt>
      <trkpt lat="48.21889" lon="-4.37995">
        <ele>19</ele>
        <time>2026-06-23T13:04:30+00:00</time>
      </trkpt>
      <trkpt lat="48.21896" lon="-4.37981">
        <ele>23</ele>
        <time>2026-06-23T13:04:33+00:00</time>
      </trkpt>
      <trkpt lat="48.21897" lon="-4.37971">
        <ele>16</ele>
        <time>2026-06-23T13:04:36+00:00</time>
      </trkpt>
      <trkpt lat="48.21895" lon="-4.37943">
        <ele>20</ele>
        <time>2026-06-23T13:04:39+00:00</time>
      </trkpt>
      <trkpt lat="48.21896" lon="-4.3792">
        <ele>13</ele>
        <time>2026-06-23T13:04:42+00:00</time>
      </trkpt>
      <trkpt lat="48.21902" lon="-4.37892">
        <ele>13</ele>
        <time>2026-06-23T13:04:45+00:00</time>
      </trkpt>
      <trkpt lat="48.219" lon="-4.37861">
        <ele>17</ele>
        <time>2026-06-23T13:04:48+00:00</time>
      </trkpt>
      <trkpt lat="48.21901" lon="-4.37821">
        <ele>14</ele>
        <time>2026-06-23T13:04:51+00:00</time>
      </trkpt>
      <trkpt lat="48.21899" lon="-4.37802">
        <ele>6</ele>
        <time>2026-06-23T13:04:54+00:00</time>
      </trkpt>
      <trkpt lat="48.21895" lon="-4.37784">
        <ele>11</ele>
        <time>2026-06-23T13:04:57+00:00</time>
      </trkpt>
      <trkpt lat="48.2187" lon="-4.37751">
        <ele>10</ele>
        <time>2026-06-23T13:05:00+00:00</time>
      </trkpt>
      <trkpt lat="48.21865" lon="-4.37741">
        <ele>14</ele>
        <time>2026-06-23T13:05:03+00:00</time>
      </trkpt>
      <trkpt lat="48.21857" lon="-4.37734">
        <ele>13</ele>
        <time>2026-06-23T13:05:06+00:00</time>
      </trkpt>
      <trkpt lat="48.21849" lon="-4.37732">
        <ele>9</ele>
        <time>2026-06-23T13:05:09+00:00</time>
      </trkpt>
      <trkpt lat="48.21832" lon="-4.3772">
        <ele>4</ele>
        <time>2026-06-23T13:05:12+00:00</time>
      </trkpt>
      <trkpt lat="48.21798" lon="-4.37683">
        <ele>4</ele>
        <time>2026-06-23T13:05:15+00:00</time>
      </trkpt>
      <trkpt lat="48.21791" lon="-4.37658">
        <ele>6</ele>
        <time>2026-06-23T13:05:18+00:00</time>
      </trkpt>
      <trkpt lat="48.21777" lon="-4.37648">
        <ele>10</ele>
        <time>2026-06-23T13:05:21+00:00</time>
      </trkpt>
      <trkpt lat="48.21763" lon="-4.37631">
        <ele>8</ele>
        <time>2026-06-23T13:05:24+00:00</time>
      </trkpt>
      <trkpt lat="48.21735" lon="-4.37589">
        <ele>8</ele>
        <time>2026-06-23T13:05:27+00:00</time>
      </trkpt>
      <trkpt lat="48.21729" lon="-4.37582">
        <ele>8</ele>
        <time>2026-06-23T13:05:30+00:00</time>
      </trkpt>
      <trkpt lat="48.21721" lon="-4.37554">
        <ele>8</ele>
        <time>2026-06-23T13:05:33+00:00</time>
      </trkpt>
      <trkpt lat="48.21709" lon="-4.37531">
        <ele>6</ele>
        <time>2026-06-23T13:05:36+00:00</time>
      </trkpt>
      <trkpt lat="48.21702" lon="-4.37523">
        <ele>6</ele>
        <time>2026-06-23T13:05:39+00:00</time>
      </trkpt>
      <trkpt lat="48.21694" lon="-4.37518">
        <ele>6</ele>
        <time>2026-06-23T13:05:42+00:00</time>
      </trkpt>
      <trkpt lat="48.21682" lon="-4.3752">
        <ele>5</ele>
        <time>2026-06-23T13:05:45+00:00</time>
      </trkpt>
      <trkpt lat="48.21664" lon="-4.37538">
        <ele>3</ele>
        <time>2026-06-23T13:05:48+00:00</time>
      </trkpt>
      <trkpt lat="48.21633" lon="-4.37496">
        <ele>3</ele>
        <time>2026-06-23T13:05:51+00:00</time>
      </trkpt>
      <trkpt lat="48.21601" lon="-4.3745">
        <ele>3</ele>
        <time>2026-06-23T13:05:54+00:00</time>
      </trkpt>
      <trkpt lat="48.21583" lon="-4.37429">
        <ele>3</ele>
        <time>2026-06-23T13:05:57+00:00</time>
      </trkpt>
      <trkpt lat="48.21564" lon="-4.37406">
        <ele>2</ele>
        <time>2026-06-23T13:06:00+00:00</time>
      </trkpt>
      <trkpt lat="48.21528" lon="-4.37375">
        <ele>2</ele>
        <time>2026-06-23T13:06:03+00:00</time>
      </trkpt>
      <trkpt lat="48.21507" lon="-4.37354">
        <ele>2</ele>
        <time>2026-06-23T13:06:06+00:00</time>
      </trkpt>
      <trkpt lat="48.2148" lon="-4.37328">
        <ele>2</ele>
        <time>2026-06-23T13:06:09+00:00</time>
      </trkpt>
      <trkpt lat="48.21461" lon="-4.37308">
        <ele>3</ele>
        <time>2026-06-23T13:06:12+00:00</time>
      </trkpt>
      <trkpt lat="48.21436" lon="-4.37283">
        <ele>3</ele>
        <time>2026-06-23T13:06:15+00:00</time>
      </trkpt>
      <trkpt lat="48.21388" lon="-4.37235">
        <ele>3</ele>
        <time>2026-06-23T13:06:18+00:00</time>
      </trkpt>
      <trkpt lat="48.2136" lon="-4.37208">
        <ele>3</ele>
        <time>2026-06-23T13:06:21+00:00</time>
      </trkpt>
      <trkpt lat="48.21331" lon="-4.37182">
        <ele>3</ele>
        <time>2026-06-23T13:06:24+00:00</time>
      </trkpt>
      <trkpt lat="48.21308" lon="-4.37161">
        <ele>3</ele>
        <time>2026-06-23T13:06:27+00:00</time>
      </trkpt>
      <trkpt lat="48.21276" lon="-4.3713">
        <ele>3</ele>
        <time>2026-06-23T13:06:30+00:00</time>
      </trkpt>
      <trkpt lat="48.21255" lon="-4.37108">
        <ele>3</ele>
        <time>2026-06-23T13:06:33+00:00</time>
      </trkpt>
      <trkpt lat="48.21228" lon="-4.37078">
        <ele>3</ele>
        <time>2026-06-23T13:06:36+00:00</time>
      </trkpt>
      <trkpt lat="48.21206" lon="-4.37057">
        <ele>3</ele>
        <time>2026-06-23T13:06:39+00:00</time>
      </trkpt>
      <trkpt lat="48.21177" lon="-4.37027">
        <ele>3</ele>
        <time>2026-06-23T13:06:42+00:00</time>
      </trkpt>
      <trkpt lat="48.21157" lon="-4.37008">
        <ele>3</ele>
        <time>2026-06-23T13:06:45+00:00</time>
      </trkpt>
      <trkpt lat="48.21133" lon="-4.36986">
        <ele>3</ele>
        <time>2026-06-23T13:06:48+00:00</time>
      </trkpt>
      <trkpt lat="48.21107" lon="-4.36969">
        <ele>3</ele>
        <time>2026-06-23T13:06:51+00:00</time>
      </trkpt>
      <trkpt lat="48.21064" lon="-4.3694">
        <ele>5</ele>
        <time>2026-06-23T13:06:54+00:00</time>
      </trkpt>
      <trkpt lat="48.21052" lon="-4.36926">
        <ele>4</ele>
        <time>2026-06-23T13:06:57+00:00</time>
      </trkpt>
      <trkpt lat="48.21051" lon="-4.36915">
        <ele>7</ele>
        <time>2026-06-23T13:07:00+00:00</time>
      </trkpt>
      <trkpt lat="48.21023" lon="-4.36901">
        <ele>9</ele>
        <time>2026-06-23T13:07:03+00:00</time>
      </trkpt>
      <trkpt lat="48.21" lon="-4.36889">
        <ele>12</ele>
        <time>2026-06-23T13:07:06+00:00</time>
      </trkpt>
      <trkpt lat="48.20972" lon="-4.36874">
        <ele>14</ele>
        <time>2026-06-23T13:07:09+00:00</time>
      </trkpt>
      <trkpt lat="48.20986" lon="-4.36845">
        <ele>14</ele>
        <time>2026-06-23T13:07:12+00:00</time>
      </trkpt>
      <trkpt lat="48.21003" lon="-4.3681">
        <ele>15</ele>
        <time>2026-06-23T13:07:15+00:00</time>
      </trkpt>
    </trkseg>
  </trk>
</gpx>
