<?xml version="1.0" encoding="utf-8"?>
<gpx xmlns="https://www.topografix.com/GPX/1/1" version="1.1" creator="">
  <trk>
    <name>Marathon des étoiles de la Baie</name>
    <desc>Marathon</desc>
    <trkseg>
      <trkpt lat="47.83731" lon="-4.34526"/>
      <trkpt lat="47.83731" lon="-4.34526"/>
      <trkpt lat="47.83732" lon="-4.3448"/>
      <trkpt lat="47.83733" lon="-4.34453"/>
      <trkpt lat="47.83735" lon="-4.34398"/>
      <trkpt lat="47.83737" lon="-4.3432"/>
      <trkpt lat="47.83738" lon="-4.34272"/>
      <trkpt lat="47.83739" lon="-4.34092"/>
      <trkpt lat="47.8374" lon="-4.33974"/>
      <trkpt lat="47.83742" lon="-4.33856"/>
      <trkpt lat="47.83744" lon="-4.33672"/>
      <trkpt lat="47.83746" lon="-4.33541"/>
      <trkpt lat="47.83753" lon="-4.33203"/>
      <trkpt lat="47.83749" lon="-4.33075"/>
      <trkpt lat="47.83744" lon="-4.33024"/>
      <trkpt lat="47.83742" lon="-4.32999"/>
      <trkpt lat="47.83744" lon="-4.32986"/>
      <trkpt lat="47.83749" lon="-4.32985"/>
      <trkpt lat="47.83751" lon="-4.32983"/>
      <trkpt lat="47.83753" lon="-4.32979"/>
      <trkpt lat="47.83754" lon="-4.32972"/>
      <trkpt lat="47.83779" lon="-4.32946"/>
      <trkpt lat="47.8381" lon="-4.32912"/>
      <trkpt lat="47.83812" lon="-4.32914"/>
      <trkpt lat="47.8381" lon="-4.32912"/>
      <trkpt lat="47.83974" lon="-4.32737"/>
      <trkpt lat="47.84042" lon="-4.32661"/>
      <trkpt lat="47.84072" lon="-4.32622"/>
      <trkpt lat="47.84075" lon="-4.32618"/>
      <trkpt lat="47.84083" lon="-4.32616"/>
      <trkpt lat="47.84189" lon="-4.32643"/>
      <trkpt lat="47.8439" lon="-4.32684"/>
      <trkpt lat="47.84591" lon="-4.32725"/>
      <trkpt lat="47.84642" lon="-4.32741"/>
      <trkpt lat="47.84663" lon="-4.32744"/>
      <trkpt lat="47.8477" lon="-4.32753"/>
      <trkpt lat="47.84803" lon="-4.32751"/>
      <trkpt lat="47.8492" lon="-4.32739"/>
      <trkpt lat="47.85006" lon="-4.32732"/>
      <trkpt lat="47.85052" lon="-4.32737"/>
      <trkpt lat="47.85173" lon="-4.32744"/>
      <trkpt lat="47.85347" lon="-4.32761"/>
      <trkpt lat="47.85422" lon="-4.32765"/>
      <trkpt lat="47.85481" lon="-4.3278"/>
      <trkpt lat="47.85515" lon="-4.32785"/>
      <trkpt lat="47.85578" lon="-4.32788"/>
      <trkpt lat="47.85638" lon="-4.32804"/>
      <trkpt lat="47.85679" lon="-4.32807"/>
      <trkpt lat="47.85695" lon="-4.32803"/>
      <trkpt lat="47.85701" lon="-4.32798"/>
      <trkpt lat="47.85721" lon="-4.32765"/>
      <trkpt lat="47.85739" lon="-4.32751"/>
      <trkpt lat="47.85771" lon="-4.32733"/>
      <trkpt lat="47.8587" lon="-4.32694"/>
      <trkpt lat="47.85981" lon="-4.32653"/>
      <trkpt lat="47.86056" lon="-4.32611"/>
      <trkpt lat="47.86199" lon="-4.32537"/>
      <trkpt lat="47.86274" lon="-4.32495"/>
      <trkpt lat="47.86317" lon="-4.32476"/>
      <trkpt lat="47.86386" lon="-4.32449"/>
      <trkpt lat="47.86406" lon="-4.32438"/>
      <trkpt lat="47.86442" lon="-4.32415"/>
      <trkpt lat="47.86473" lon="-4.32391"/>
      <trkpt lat="47.86488" lon="-4.32376"/>
      <trkpt lat="47.86503" lon="-4.32359"/>
      <trkpt lat="47.86524" lon="-4.32329"/>
      <trkpt lat="47.8655" lon="-4.32301"/>
      <trkpt lat="47.86574" lon="-4.32287"/>
      <trkpt lat="47.8664" lon="-4.32265"/>
      <trkpt lat="47.8667" lon="-4.32262"/>
      <trkpt lat="47.86679" lon="-4.32265"/>
      <trkpt lat="47.86691" lon="-4.32272"/>
      <trkpt lat="47.86729" lon="-4.32314"/>
      <trkpt lat="47.86744" lon="-4.32325"/>
      <trkpt lat="47.86757" lon="-4.32329"/>
      <trkpt lat="47.8677" lon="-4.32328"/>
      <trkpt lat="47.86792" lon="-4.32318"/>
      <trkpt lat="47.86793" lon="-4.32328"/>
      <trkpt lat="47.86792" lon="-4.32333"/>
      <trkpt lat="47.86779" lon="-4.32377"/>
      <trkpt lat="47.86776" lon="-4.3239"/>
      <trkpt lat="47.86772" lon="-4.3246"/>
      <trkpt lat="47.86779" lon="-4.32478"/>
      <trkpt lat="47.8678" lon="-4.32487"/>
      <trkpt lat="47.86779" lon="-4.32497"/>
      <trkpt lat="47.86772" lon="-4.32534"/>
      <trkpt lat="47.86773" lon="-4.32552"/>
      <trkpt lat="47.86782" lon="-4.32578"/>
      <trkpt lat="47.86809" lon="-4.32632"/>
      <trkpt lat="47.86819" lon="-4.32659"/>
      <trkpt lat="47.86823" lon="-4.32686"/>
      <trkpt lat="47.86821" lon="-4.32711"/>
      <trkpt lat="47.86814" lon="-4.32737"/>
      <trkpt lat="47.86782" lon="-4.32817"/>
      <trkpt lat="47.86774" lon="-4.32831"/>
      <trkpt lat="47.86737" lon="-4.32877"/>
      <trkpt lat="47.86681" lon="-4.32937"/>
      <trkpt lat="47.86679" lon="-4.32944"/>
      <trkpt lat="47.8668" lon="-4.32953"/>
      <trkpt lat="47.86717" lon="-4.33052"/>
      <trkpt lat="47.86734" lon="-4.33128"/>
      <trkpt lat="47.86737" lon="-4.33148"/>
      <trkpt lat="47.86736" lon="-4.33175"/>
      <trkpt lat="47.86732" lon="-4.332"/>
      <trkpt lat="47.8667" lon="-4.33597"/>
      <trkpt lat="47.8667" lon="-4.33614"/>
      <trkpt lat="47.86675" lon="-4.33644"/>
      <trkpt lat="47.86679" lon="-4.33658"/>
      <trkpt lat="47.86685" lon="-4.33669"/>
      <trkpt lat="47.86701" lon="-4.33692"/>
      <trkpt lat="47.86703" lon="-4.337"/>
      <trkpt lat="47.86705" lon="-4.33705"/>
      <trkpt lat="47.86705" lon="-4.33717"/>
      <trkpt lat="47.86699" lon="-4.33742"/>
      <trkpt lat="47.86672" lon="-4.338"/>
      <trkpt lat="47.8667" lon="-4.33807"/>
      <trkpt lat="47.8667" lon="-4.33817"/>
      <trkpt lat="47.86673" lon="-4.33827"/>
      <trkpt lat="47.86679" lon="-4.33839"/>
      <trkpt lat="47.86713" lon="-4.33893"/>
      <trkpt lat="47.86724" lon="-4.3391"/>
      <trkpt lat="47.86731" lon="-4.33925"/>
      <trkpt lat="47.86749" lon="-4.34009"/>
      <trkpt lat="47.86794" lon="-4.34117"/>
      <trkpt lat="47.86798" lon="-4.34121"/>
      <trkpt lat="47.86807" lon="-4.34118"/>
      <trkpt lat="47.86812" lon="-4.34099"/>
      <trkpt lat="47.86816" lon="-4.34065"/>
      <trkpt lat="47.86818" lon="-4.34031"/>
      <trkpt lat="47.86825" lon="-4.33997"/>
      <trkpt lat="47.86839" lon="-4.33969"/>
      <trkpt lat="47.86839" lon="-4.33969"/>
      <trkpt lat="47.86933" lon="-4.33864"/>
      <trkpt lat="47.86959" lon="-4.33837"/>
      <trkpt lat="47.86981" lon="-4.33818"/>
      <trkpt lat="47.86997" lon="-4.33811"/>
      <trkpt lat="47.87009" lon="-4.33808"/>
      <trkpt lat="47.87156" lon="-4.33816"/>
      <trkpt lat="47.87238" lon="-4.3382"/>
      <trkpt lat="47.87242" lon="-4.33821"/>
      <trkpt lat="47.87275" lon="-4.33818"/>
      <trkpt lat="47.8746" lon="-4.33777"/>
      <trkpt lat="47.87512" lon="-4.33768"/>
      <trkpt lat="47.87562" lon="-4.33775"/>
      <trkpt lat="47.87786" lon="-4.33821"/>
      <trkpt lat="47.87886" lon="-4.33838"/>
      <trkpt lat="47.8811" lon="-4.33894"/>
      <trkpt lat="47.88233" lon="-4.33914"/>
      <trkpt lat="47.88243" lon="-4.33918"/>
      <trkpt lat="47.88356" lon="-4.33952"/>
      <trkpt lat="47.88377" lon="-4.33949"/>
      <trkpt lat="47.88456" lon="-4.33924"/>
      <trkpt lat="47.88483" lon="-4.33912"/>
      <trkpt lat="47.88489" lon="-4.33907"/>
      <trkpt lat="47.88495" lon="-4.33895"/>
      <trkpt lat="47.88529" lon="-4.33813"/>
      <trkpt lat="47.8854" lon="-4.33791"/>
      <trkpt lat="47.88547" lon="-4.33784"/>
      <trkpt lat="47.88563" lon="-4.33777"/>
      <trkpt lat="47.88636" lon="-4.33766"/>
      <trkpt lat="47.88643" lon="-4.33762"/>
      <trkpt lat="47.8865" lon="-4.33754"/>
      <trkpt lat="47.88661" lon="-4.33736"/>
      <trkpt lat="47.887" lon="-4.33664"/>
      <trkpt lat="47.88711" lon="-4.33644"/>
      <trkpt lat="47.88759" lon="-4.33587"/>
      <trkpt lat="47.88783" lon="-4.33563"/>
      <trkpt lat="47.88789" lon="-4.3356"/>
      <trkpt lat="47.88833" lon="-4.33557"/>
      <trkpt lat="47.88852" lon="-4.33548"/>
      <trkpt lat="47.8892" lon="-4.33486"/>
      <trkpt lat="47.88958" lon="-4.33441"/>
      <trkpt lat="47.88971" lon="-4.33421"/>
      <trkpt lat="47.88993" lon="-4.33387"/>
      <trkpt lat="47.89018" lon="-4.33356"/>
      <trkpt lat="47.89068" lon="-4.33306"/>
      <trkpt lat="47.89011" lon="-4.33157"/>
      <trkpt lat="47.88994" lon="-4.33121"/>
      <trkpt lat="47.88946" lon="-4.33037"/>
      <trkpt lat="47.88854" lon="-4.32864"/>
      <trkpt lat="47.88864" lon="-4.32847"/>
      <trkpt lat="47.88963" lon="-4.32656"/>
      <trkpt lat="47.89014" lon="-4.32572"/>
      <trkpt lat="47.89054" lon="-4.3249"/>
      <trkpt lat="47.89096" lon="-4.32397"/>
      <trkpt lat="47.89108" lon="-4.32364"/>
      <trkpt lat="47.89114" lon="-4.32339"/>
      <trkpt lat="47.89116" lon="-4.32317"/>
      <trkpt lat="47.89113" lon="-4.32283"/>
      <trkpt lat="47.89105" lon="-4.32254"/>
      <trkpt lat="47.89066" lon="-4.32151"/>
      <trkpt lat="47.89064" lon="-4.32146"/>
      <trkpt lat="47.89179" lon="-4.32023"/>
      <trkpt lat="47.89171" lon="-4.31996"/>
      <trkpt lat="47.89191" lon="-4.31715"/>
      <trkpt lat="47.89232" lon="-4.31638"/>
      <trkpt lat="47.89185" lon="-4.31556"/>
      <trkpt lat="47.89186" lon="-4.31554"/>
      <trkpt lat="47.8922" lon="-4.3151"/>
      <trkpt lat="47.89179" lon="-4.31495"/>
      <trkpt lat="47.89158" lon="-4.31482"/>
      <trkpt lat="47.8914" lon="-4.31464"/>
      <trkpt lat="47.89121" lon="-4.31441"/>
      <trkpt lat="47.89038" lon="-4.31305"/>
      <trkpt lat="47.88978" lon="-4.31202"/>
      <trkpt lat="47.88978" lon="-4.31202"/>
      <trkpt lat="47.8899" lon="-4.31172"/>
      <trkpt lat="47.88991" lon="-4.31157"/>
      <trkpt lat="47.88984" lon="-4.3114"/>
      <trkpt lat="47.88951" lon="-4.3109"/>
      <trkpt lat="47.88948" lon="-4.31078"/>
      <trkpt lat="47.88952" lon="-4.31051"/>
      <trkpt lat="47.88951" lon="-4.3104"/>
      <trkpt lat="47.88943" lon="-4.31022"/>
      <trkpt lat="47.88925" lon="-4.31021"/>
      <trkpt lat="47.88877" lon="-4.31009"/>
      <trkpt lat="47.88869" lon="-4.31011"/>
      <trkpt lat="47.88861" lon="-4.31016"/>
      <trkpt lat="47.88855" lon="-4.31023"/>
      <trkpt lat="47.88848" lon="-4.31037"/>
      <trkpt lat="47.88836" lon="-4.31068"/>
      <trkpt lat="47.888" lon="-4.31164"/>
      <trkpt lat="47.88777" lon="-4.31206"/>
      <trkpt lat="47.88756" lon="-4.31233"/>
      <trkpt lat="47.88718" lon="-4.31273"/>
      <trkpt lat="47.88677" lon="-4.31327"/>
      <trkpt lat="47.88637" lon="-4.31372"/>
      <trkpt lat="47.88614" lon="-4.31344"/>
      <trkpt lat="47.88589" lon="-4.31323"/>
      <trkpt lat="47.88572" lon="-4.31312"/>
      <trkpt lat="47.88556" lon="-4.31305"/>
      <trkpt lat="47.88541" lon="-4.31303"/>
      <trkpt lat="47.88529" lon="-4.31303"/>
      <trkpt lat="47.88512" lon="-4.31308"/>
      <trkpt lat="47.88494" lon="-4.31316"/>
      <trkpt lat="47.88427" lon="-4.31357"/>
      <trkpt lat="47.88383" lon="-4.31384"/>
      <trkpt lat="47.88367" lon="-4.31397"/>
      <trkpt lat="47.8835" lon="-4.31422"/>
      <trkpt lat="47.88321" lon="-4.31472"/>
      <trkpt lat="47.88306" lon="-4.3149"/>
      <trkpt lat="47.88279" lon="-4.31509"/>
      <trkpt lat="47.88251" lon="-4.31524"/>
      <trkpt lat="47.8818" lon="-4.31552"/>
      <trkpt lat="47.88052" lon="-4.31576"/>
      <trkpt lat="47.87996" lon="-4.31596"/>
      <trkpt lat="47.8794" lon="-4.31655"/>
      <trkpt lat="47.87935" lon="-4.31665"/>
      <trkpt lat="47.87865" lon="-4.31632"/>
      <trkpt lat="47.87856" lon="-4.31633"/>
      <trkpt lat="47.87845" lon="-4.31639"/>
      <trkpt lat="47.87842" lon="-4.31654"/>
      <trkpt lat="47.87827" lon="-4.31683"/>
      <trkpt lat="47.87799" lon="-4.31712"/>
      <trkpt lat="47.87754" lon="-4.31799"/>
      <trkpt lat="47.87745" lon="-4.31814"/>
      <trkpt lat="47.87705" lon="-4.31864"/>
      <trkpt lat="47.87693" lon="-4.31886"/>
      <trkpt lat="47.87652" lon="-4.31991"/>
      <trkpt lat="47.87648" lon="-4.32"/>
      <trkpt lat="47.87644" lon="-4.32004"/>
      <trkpt lat="47.8763" lon="-4.31997"/>
      <trkpt lat="47.87622" lon="-4.3199"/>
      <trkpt lat="47.87553" lon="-4.31904"/>
      <trkpt lat="47.87504" lon="-4.31837"/>
      <trkpt lat="47.87474" lon="-4.3179"/>
      <trkpt lat="47.87464" lon="-4.31764"/>
      <trkpt lat="47.8746" lon="-4.31746"/>
      <trkpt lat="47.87463" lon="-4.3171"/>
      <trkpt lat="47.87467" lon="-4.31696"/>
      <trkpt lat="47.87483" lon="-4.3164"/>
      <trkpt lat="47.87499" lon="-4.31602"/>
      <trkpt lat="47.87517" lon="-4.31573"/>
      <trkpt lat="47.87524" lon="-4.31551"/>
      <trkpt lat="47.87533" lon="-4.31529"/>
      <trkpt lat="47.87561" lon="-4.31504"/>
      <trkpt lat="47.8757" lon="-4.31486"/>
      <trkpt lat="47.87577" lon="-4.31462"/>
      <trkpt lat="47.87449" lon="-4.31386"/>
      <trkpt lat="47.87415" lon="-4.31361"/>
      <trkpt lat="47.87408" lon="-4.31354"/>
      <trkpt lat="47.87397" lon="-4.31335"/>
      <trkpt lat="47.87387" lon="-4.31308"/>
      <trkpt lat="47.87381" lon="-4.31273"/>
      <trkpt lat="47.87363" lon="-4.31122"/>
      <trkpt lat="47.87354" lon="-4.31046"/>
      <trkpt lat="47.87348" lon="-4.31006"/>
      <trkpt lat="47.87335" lon="-4.3095"/>
      <trkpt lat="47.87326" lon="-4.30921"/>
      <trkpt lat="47.8732" lon="-4.30911"/>
      <trkpt lat="47.87317" lon="-4.30909"/>
      <trkpt lat="47.87342" lon="-4.30851"/>
      <trkpt lat="47.87356" lon="-4.30808"/>
      <trkpt lat="47.87368" lon="-4.30761"/>
      <trkpt lat="47.87349" lon="-4.3073"/>
      <trkpt lat="47.87311" lon="-4.30681"/>
      <trkpt lat="47.87293" lon="-4.3065"/>
      <trkpt lat="47.87265" lon="-4.30586"/>
      <trkpt lat="47.87259" lon="-4.30567"/>
      <trkpt lat="47.87252" lon="-4.30509"/>
      <trkpt lat="47.87245" lon="-4.30492"/>
      <trkpt lat="47.87175" lon="-4.30411"/>
      <trkpt lat="47.87166" lon="-4.30396"/>
      <trkpt lat="47.87161" lon="-4.3038"/>
      <trkpt lat="47.87159" lon="-4.30364"/>
      <trkpt lat="47.87158" lon="-4.30337"/>
      <trkpt lat="47.87155" lon="-4.30313"/>
      <trkpt lat="47.87137" lon="-4.30277"/>
      <trkpt lat="47.8712" lon="-4.3024"/>
      <trkpt lat="47.87108" lon="-4.3022"/>
      <trkpt lat="47.87091" lon="-4.30204"/>
      <trkpt lat="47.87052" lon="-4.30183"/>
      <trkpt lat="47.87043" lon="-4.30146"/>
      <trkpt lat="47.87037" lon="-4.30054"/>
      <trkpt lat="47.87022" lon="-4.29818"/>
      <trkpt lat="47.87014" lon="-4.29752"/>
      <trkpt lat="47.8701" lon="-4.29733"/>
      <trkpt lat="47.86942" lon="-4.29515"/>
      <trkpt lat="47.86928" lon="-4.29462"/>
      <trkpt lat="47.86921" lon="-4.29287"/>
      <trkpt lat="47.86916" lon="-4.29215"/>
      <trkpt lat="47.8691" lon="-4.29183"/>
      <trkpt lat="47.86876" lon="-4.29049"/>
      <trkpt lat="47.86868" lon="-4.29025"/>
      <trkpt lat="47.86855" lon="-4.29005"/>
      <trkpt lat="47.86753" lon="-4.28889"/>
      <trkpt lat="47.86738" lon="-4.28867"/>
      <trkpt lat="47.86731" lon="-4.28852"/>
      <trkpt lat="47.86724" lon="-4.28828"/>
      <trkpt lat="47.86714" lon="-4.28777"/>
      <trkpt lat="47.86701" lon="-4.28736"/>
      <trkpt lat="47.86693" lon="-4.2872"/>
      <trkpt lat="47.86615" lon="-4.28623"/>
      <trkpt lat="47.86591" lon="-4.28594"/>
      <trkpt lat="47.86581" lon="-4.28577"/>
      <trkpt lat="47.86569" lon="-4.28542"/>
      <trkpt lat="47.86548" lon="-4.28488"/>
      <trkpt lat="47.86534" lon="-4.28446"/>
      <trkpt lat="47.86514" lon="-4.28193"/>
      <trkpt lat="47.86503" lon="-4.28195"/>
      <trkpt lat="47.86477" lon="-4.28215"/>
      <trkpt lat="47.86425" lon="-4.28216"/>
      <trkpt lat="47.86413" lon="-4.28217"/>
      <trkpt lat="47.86401" lon="-4.28225"/>
      <trkpt lat="47.86386" lon="-4.28248"/>
      <trkpt lat="47.86365" lon="-4.28286"/>
      <trkpt lat="47.86354" lon="-4.28314"/>
      <trkpt lat="47.86349" lon="-4.28321"/>
      <trkpt lat="47.86344" lon="-4.28324"/>
      <trkpt lat="47.86334" lon="-4.28322"/>
      <trkpt lat="47.86309" lon="-4.28297"/>
      <trkpt lat="47.86296" lon="-4.28287"/>
      <trkpt lat="47.86274" lon="-4.28279"/>
      <trkpt lat="47.86255" lon="-4.28279"/>
      <trkpt lat="47.8624" lon="-4.28284"/>
      <trkpt lat="47.86232" lon="-4.28284"/>
      <trkpt lat="47.86187" lon="-4.2826"/>
      <trkpt lat="47.86185" lon="-4.28284"/>
      <trkpt lat="47.86185" lon="-4.28313"/>
      <trkpt lat="47.8619" lon="-4.28339"/>
      <trkpt lat="47.86194" lon="-4.28352"/>
      <trkpt lat="47.86198" lon="-4.28365"/>
      <trkpt lat="47.8621" lon="-4.28387"/>
      <trkpt lat="47.86255" lon="-4.28455"/>
      <trkpt lat="47.8626" lon="-4.28468"/>
      <trkpt lat="47.8626" lon="-4.28474"/>
      <trkpt lat="47.86254" lon="-4.28494"/>
      <trkpt lat="47.86242" lon="-4.28521"/>
      <trkpt lat="47.86207" lon="-4.28576"/>
      <trkpt lat="47.86173" lon="-4.28636"/>
      <trkpt lat="47.86131" lon="-4.28797"/>
      <trkpt lat="47.86118" lon="-4.28846"/>
      <trkpt lat="47.86113" lon="-4.28874"/>
      <trkpt lat="47.86113" lon="-4.28891"/>
      <trkpt lat="47.86124" lon="-4.28935"/>
      <trkpt lat="47.86125" lon="-4.28957"/>
      <trkpt lat="47.86101" lon="-4.29041"/>
      <trkpt lat="47.86099" lon="-4.29051"/>
      <trkpt lat="47.86095" lon="-4.29101"/>
      <trkpt lat="47.86095" lon="-4.29126"/>
      <trkpt lat="47.861" lon="-4.29177"/>
      <trkpt lat="47.86086" lon="-4.29366"/>
      <trkpt lat="47.86082" lon="-4.29406"/>
      <trkpt lat="47.86062" lon="-4.29505"/>
      <trkpt lat="47.86048" lon="-4.2954"/>
      <trkpt lat="47.86031" lon="-4.29569"/>
      <trkpt lat="47.86029" lon="-4.2957"/>
      <trkpt lat="47.86006" lon="-4.29532"/>
      <trkpt lat="47.85985" lon="-4.29505"/>
      <trkpt lat="47.8597" lon="-4.29488"/>
      <trkpt lat="47.85945" lon="-4.2947"/>
      <trkpt lat="47.85773" lon="-4.29373"/>
      <trkpt lat="47.85756" lon="-4.29368"/>
      <trkpt lat="47.85733" lon="-4.29366"/>
      <trkpt lat="47.85724" lon="-4.29369"/>
      <trkpt lat="47.85686" lon="-4.29385"/>
      <trkpt lat="47.85619" lon="-4.29421"/>
      <trkpt lat="47.85597" lon="-4.29443"/>
      <trkpt lat="47.85592" lon="-4.29451"/>
      <trkpt lat="47.85581" lon="-4.29478"/>
      <trkpt lat="47.85552" lon="-4.29629"/>
      <trkpt lat="47.85544" lon="-4.29662"/>
      <trkpt lat="47.85535" lon="-4.29684"/>
      <trkpt lat="47.85517" lon="-4.29713"/>
      <trkpt lat="47.85509" lon="-4.29725"/>
      <trkpt lat="47.85493" lon="-4.29738"/>
      <trkpt lat="47.85481" lon="-4.29742"/>
      <trkpt lat="47.85466" lon="-4.29743"/>
      <trkpt lat="47.85455" lon="-4.29738"/>
      <trkpt lat="47.85447" lon="-4.29732"/>
      <trkpt lat="47.854" lon="-4.29686"/>
      <trkpt lat="47.8535" lon="-4.29643"/>
      <trkpt lat="47.85307" lon="-4.29611"/>
      <trkpt lat="47.85307" lon="-4.29609"/>
      <trkpt lat="47.8531" lon="-4.29591"/>
      <trkpt lat="47.85309" lon="-4.29572"/>
      <trkpt lat="47.85305" lon="-4.29552"/>
      <trkpt lat="47.85298" lon="-4.29538"/>
      <trkpt lat="47.85291" lon="-4.29526"/>
      <trkpt lat="47.8528" lon="-4.29514"/>
      <trkpt lat="47.85247" lon="-4.29494"/>
      <trkpt lat="47.8523" lon="-4.29481"/>
      <trkpt lat="47.85191" lon="-4.29439"/>
      <trkpt lat="47.85171" lon="-4.29425"/>
      <trkpt lat="47.85171" lon="-4.29415"/>
      <trkpt lat="47.85165" lon="-4.29384"/>
      <trkpt lat="47.85157" lon="-4.29358"/>
      <trkpt lat="47.85132" lon="-4.29304"/>
      <trkpt lat="47.85083" lon="-4.2922"/>
      <trkpt lat="47.8507" lon="-4.2919"/>
      <trkpt lat="47.85032" lon="-4.29092"/>
      <trkpt lat="47.85007" lon="-4.2901"/>
      <trkpt lat="47.84997" lon="-4.2897"/>
      <trkpt lat="47.84986" lon="-4.28908"/>
      <trkpt lat="47.84974" lon="-4.28861"/>
      <trkpt lat="47.84965" lon="-4.28837"/>
      <trkpt lat="47.84952" lon="-4.28815"/>
      <trkpt lat="47.84937" lon="-4.28792"/>
      <trkpt lat="47.84933" lon="-4.28794"/>
      <trkpt lat="47.84919" lon="-4.28796"/>
      <trkpt lat="47.84903" lon="-4.28804"/>
      <trkpt lat="47.84858" lon="-4.28821"/>
      <trkpt lat="47.84837" lon="-4.28824"/>
      <trkpt lat="47.84828" lon="-4.2882"/>
      <trkpt lat="47.84818" lon="-4.28811"/>
      <trkpt lat="47.84789" lon="-4.28776"/>
      <trkpt lat="47.84775" lon="-4.28763"/>
      <trkpt lat="47.84739" lon="-4.28737"/>
      <trkpt lat="47.84688" lon="-4.28707"/>
      <trkpt lat="47.84677" lon="-4.28692"/>
      <trkpt lat="47.84671" lon="-4.28656"/>
      <trkpt lat="47.84666" lon="-4.28497"/>
      <trkpt lat="47.84668" lon="-4.2839"/>
      <trkpt lat="47.84668" lon="-4.28376"/>
      <trkpt lat="47.84664" lon="-4.28376"/>
      <trkpt lat="47.84642" lon="-4.28391"/>
      <trkpt lat="47.84525" lon="-4.28481"/>
      <trkpt lat="47.84516" lon="-4.28438"/>
      <trkpt lat="47.8451" lon="-4.28423"/>
      <trkpt lat="47.84505" lon="-4.2842"/>
      <trkpt lat="47.84418" lon="-4.28395"/>
      <trkpt lat="47.84376" lon="-4.28385"/>
      <trkpt lat="47.8437" lon="-4.28378"/>
      <trkpt lat="47.84363" lon="-4.28381"/>
      <trkpt lat="47.84358" lon="-4.28386"/>
      <trkpt lat="47.84335" lon="-4.28438"/>
      <trkpt lat="47.84331" lon="-4.28442"/>
      <trkpt lat="47.84325" lon="-4.28441"/>
      <trkpt lat="47.84317" lon="-4.28436"/>
      <trkpt lat="47.84268" lon="-4.2839"/>
      <trkpt lat="47.84186" lon="-4.28312"/>
      <trkpt lat="47.84187" lon="-4.2831"/>
      <trkpt lat="47.84158" lon="-4.28366"/>
      <trkpt lat="47.84156" lon="-4.28363"/>
      <trkpt lat="47.84137" lon="-4.28338"/>
      <trkpt lat="47.84136" lon="-4.28333"/>
      <trkpt lat="47.84138" lon="-4.28329"/>
      <trkpt lat="47.84148" lon="-4.28317"/>
      <trkpt lat="47.84146" lon="-4.28246"/>
      <trkpt lat="47.84154" lon="-4.28209"/>
      <trkpt lat="47.84157" lon="-4.28196"/>
      <trkpt lat="47.84086" lon="-4.28174"/>
      <trkpt lat="47.84072" lon="-4.28172"/>
      <trkpt lat="47.8407" lon="-4.28174"/>
      <trkpt lat="47.84062" lon="-4.28178"/>
      <trkpt lat="47.84055" lon="-4.28157"/>
      <trkpt lat="47.84039" lon="-4.28057"/>
      <trkpt lat="47.84036" lon="-4.28048"/>
      <trkpt lat="47.84032" lon="-4.28035"/>
      <trkpt lat="47.84028" lon="-4.28029"/>
      <trkpt lat="47.83984" lon="-4.28028"/>
      <trkpt lat="47.83931" lon="-4.28034"/>
      <trkpt lat="47.83812" lon="-4.28055"/>
      <trkpt lat="47.83707" lon="-4.28072"/>
      <trkpt lat="47.83682" lon="-4.28077"/>
      <trkpt lat="47.83651" lon="-4.2808"/>
      <trkpt lat="47.83634" lon="-4.28076"/>
      <trkpt lat="47.8352" lon="-4.28023"/>
      <trkpt lat="47.8352" lon="-4.28019"/>
      <trkpt lat="47.83496" lon="-4.2815"/>
      <trkpt lat="47.83487" lon="-4.28175"/>
      <trkpt lat="47.83375" lon="-4.28422"/>
      <trkpt lat="47.83364" lon="-4.28448"/>
      <trkpt lat="47.83331" lon="-4.28447"/>
      <trkpt lat="47.83143" lon="-4.28421"/>
      <trkpt lat="47.83069" lon="-4.28412"/>
      <trkpt lat="47.83056" lon="-4.28408"/>
      <trkpt lat="47.83033" lon="-4.28396"/>
      <trkpt lat="47.82924" lon="-4.28327"/>
      <trkpt lat="47.82898" lon="-4.28318"/>
      <trkpt lat="47.82823" lon="-4.28298"/>
      <trkpt lat="47.82728" lon="-4.28279"/>
      <trkpt lat="47.82712" lon="-4.28278"/>
      <trkpt lat="47.82662" lon="-4.2828"/>
      <trkpt lat="47.82617" lon="-4.28275"/>
      <trkpt lat="47.82564" lon="-4.28267"/>
      <trkpt lat="47.8255" lon="-4.28261"/>
      <trkpt lat="47.82385" lon="-4.28167"/>
      <trkpt lat="47.82364" lon="-4.28158"/>
      <trkpt lat="47.82247" lon="-4.28124"/>
      <trkpt lat="47.82206" lon="-4.28097"/>
      <trkpt lat="47.82148" lon="-4.28055"/>
      <trkpt lat="47.82129" lon="-4.28042"/>
      <trkpt lat="47.82129" lon="-4.28032"/>
      <trkpt lat="47.82108" lon="-4.28026"/>
      <trkpt lat="47.82103" lon="-4.28003"/>
      <trkpt lat="47.82102" lon="-4.28"/>
      <trkpt lat="47.82094" lon="-4.27995"/>
      <trkpt lat="47.82085" lon="-4.27997"/>
      <trkpt lat="47.82073" lon="-4.2801"/>
      <trkpt lat="47.82039" lon="-4.28062"/>
      <trkpt lat="47.82014" lon="-4.28087"/>
      <trkpt lat="47.82012" lon="-4.28092"/>
      <trkpt lat="47.82008" lon="-4.28105"/>
      <trkpt lat="47.82003" lon="-4.28155"/>
      <trkpt lat="47.81996" lon="-4.28171"/>
      <trkpt lat="47.81988" lon="-4.28181"/>
      <trkpt lat="47.81979" lon="-4.28188"/>
      <trkpt lat="47.81961" lon="-4.28193"/>
      <trkpt lat="47.81944" lon="-4.28194"/>
      <trkpt lat="47.81931" lon="-4.28191"/>
      <trkpt lat="47.81901" lon="-4.28202"/>
      <trkpt lat="47.81872" lon="-4.28216"/>
      <trkpt lat="47.81821" lon="-4.28253"/>
      <trkpt lat="47.81806" lon="-4.28262"/>
      <trkpt lat="47.81789" lon="-4.28264"/>
      <trkpt lat="47.8178" lon="-4.28262"/>
      <trkpt lat="47.81766" lon="-4.28252"/>
      <trkpt lat="47.81719" lon="-4.28232"/>
      <trkpt lat="47.81701" lon="-4.28228"/>
      <trkpt lat="47.817" lon="-4.2823"/>
      <trkpt lat="47.81693" lon="-4.28254"/>
      <trkpt lat="47.81673" lon="-4.28295"/>
      <trkpt lat="47.8165" lon="-4.28353"/>
      <trkpt lat="47.81649" lon="-4.28356"/>
      <trkpt lat="47.81634" lon="-4.28351"/>
      <trkpt lat="47.81609" lon="-4.28351"/>
      <trkpt lat="47.816" lon="-4.28355"/>
      <trkpt lat="47.81589" lon="-4.28366"/>
      <trkpt lat="47.81564" lon="-4.28406"/>
      <trkpt lat="47.81558" lon="-4.28413"/>
      <trkpt lat="47.81514" lon="-4.2845"/>
      <trkpt lat="47.81507" lon="-4.28458"/>
      <trkpt lat="47.81503" lon="-4.28465"/>
      <trkpt lat="47.81487" lon="-4.28446"/>
      <trkpt lat="47.81433" lon="-4.28379"/>
      <trkpt lat="47.81393" lon="-4.28338"/>
      <trkpt lat="47.81269" lon="-4.28221"/>
      <trkpt lat="47.81239" lon="-4.28197"/>
      <trkpt lat="47.8121" lon="-4.28178"/>
      <trkpt lat="47.81186" lon="-4.28168"/>
      <trkpt lat="47.81155" lon="-4.28164"/>
      <trkpt lat="47.81096" lon="-4.2816"/>
      <trkpt lat="47.81031" lon="-4.28145"/>
      <trkpt lat="47.80958" lon="-4.2811"/>
      <trkpt lat="47.80951" lon="-4.28108"/>
      <trkpt lat="47.80947" lon="-4.28107"/>
      <trkpt lat="47.80947" lon="-4.28107"/>
      <trkpt lat="47.80949" lon="-4.28093"/>
      <trkpt lat="47.8094" lon="-4.28047"/>
      <trkpt lat="47.80935" lon="-4.28001"/>
      <trkpt lat="47.80932" lon="-4.27982"/>
      <trkpt lat="47.80923" lon="-4.27956"/>
      <trkpt lat="47.80918" lon="-4.27951"/>
      <trkpt lat="47.80907" lon="-4.27944"/>
      <trkpt lat="47.80887" lon="-4.27934"/>
      <trkpt lat="47.80875" lon="-4.27926"/>
      <trkpt lat="47.80874" lon="-4.27926"/>
      <trkpt lat="47.80844" lon="-4.27909"/>
      <trkpt lat="47.80764" lon="-4.2785"/>
      <trkpt lat="47.80727" lon="-4.27828"/>
      <trkpt lat="47.80725" lon="-4.27812"/>
      <trkpt lat="47.80723" lon="-4.27804"/>
      <trkpt lat="47.8072" lon="-4.27797"/>
      <trkpt lat="47.80651" lon="-4.27732"/>
      <trkpt lat="47.80631" lon="-4.27715"/>
      <trkpt lat="47.80568" lon="-4.27676"/>
      <trkpt lat="47.8046" lon="-4.27619"/>
      <trkpt lat="47.8046" lon="-4.27618"/>
      <trkpt lat="47.80495" lon="-4.27532"/>
      <trkpt lat="47.80503" lon="-4.27505"/>
      <trkpt lat="47.80516" lon="-4.27442"/>
      <trkpt lat="47.80516" lon="-4.27442"/>
      <trkpt lat="47.80507" lon="-4.27453"/>
      <trkpt lat="47.80501" lon="-4.27465"/>
      <trkpt lat="47.80501" lon="-4.27462"/>
      <trkpt lat="47.80501" lon="-4.27465"/>
      <trkpt lat="47.80495" lon="-4.27478"/>
      <trkpt lat="47.8049" lon="-4.27482"/>
      <trkpt lat="47.80483" lon="-4.27486"/>
      <trkpt lat="47.80475" lon="-4.27486"/>
      <trkpt lat="47.80469" lon="-4.27487"/>
      <trkpt lat="47.80454" lon="-4.27503"/>
      <trkpt lat="47.80446" lon="-4.27509"/>
      <trkpt lat="47.80442" lon="-4.27504"/>
      <trkpt lat="47.80442" lon="-4.275"/>
      <trkpt lat="47.80435" lon="-4.27501"/>
      <trkpt lat="47.80422" lon="-4.27495"/>
      <trkpt lat="47.80418" lon="-4.27501"/>
      <trkpt lat="47.80407" lon="-4.27492"/>
      <trkpt lat="47.80395" lon="-4.27492"/>
      <trkpt lat="47.80388" lon="-4.27488"/>
      <trkpt lat="47.80384" lon="-4.27483"/>
      <trkpt lat="47.80358" lon="-4.27475"/>
      <trkpt lat="47.8035" lon="-4.2748"/>
      <trkpt lat="47.80342" lon="-4.27481"/>
      <trkpt lat="47.80329" lon="-4.27488"/>
      <trkpt lat="47.80308" lon="-4.2749"/>
      <trkpt lat="47.80293" lon="-4.27482"/>
      <trkpt lat="47.8028" lon="-4.27482"/>
      <trkpt lat="47.80263" lon="-4.27471"/>
      <trkpt lat="47.80257" lon="-4.27468"/>
      <trkpt lat="47.80247" lon="-4.27458"/>
      <trkpt lat="47.80245" lon="-4.27452"/>
      <trkpt lat="47.80244" lon="-4.27445"/>
      <trkpt lat="47.80235" lon="-4.27432"/>
      <trkpt lat="47.80222" lon="-4.27423"/>
      <trkpt lat="47.80215" lon="-4.27415"/>
      <trkpt lat="47.80198" lon="-4.27404"/>
      <trkpt lat="47.80192" lon="-4.27397"/>
      <trkpt lat="47.8019" lon="-4.27393"/>
      <trkpt lat="47.80185" lon="-4.27389"/>
      <trkpt lat="47.8018" lon="-4.2738"/>
      <trkpt lat="47.80175" lon="-4.27363"/>
      <trkpt lat="47.80169" lon="-4.27356"/>
      <trkpt lat="47.80162" lon="-4.2734"/>
      <trkpt lat="47.80157" lon="-4.27332"/>
      <trkpt lat="47.8015" lon="-4.27342"/>
      <trkpt lat="47.80137" lon="-4.27343"/>
      <trkpt lat="47.80126" lon="-4.2734"/>
      <trkpt lat="47.80119" lon="-4.27336"/>
      <trkpt lat="47.80109" lon="-4.27316"/>
      <trkpt lat="47.8008" lon="-4.27282"/>
      <trkpt lat="47.80076" lon="-4.27279"/>
      <trkpt lat="47.80077" lon="-4.27278"/>
      <trkpt lat="47.80083" lon="-4.27267"/>
      <trkpt lat="47.80097" lon="-4.27241"/>
      <trkpt lat="47.80097" lon="-4.2724"/>
      <trkpt lat="47.80083" lon="-4.2722"/>
      <trkpt lat="47.80062" lon="-4.27193"/>
      <trkpt lat="47.80007" lon="-4.27148"/>
      <trkpt lat="47.79966" lon="-4.27123"/>
      <trkpt lat="47.79947" lon="-4.27116"/>
      <trkpt lat="47.79925" lon="-4.2711"/>
      <trkpt lat="47.79906" lon="-4.27109"/>
      <trkpt lat="47.79875" lon="-4.27109"/>
      <trkpt lat="47.79809" lon="-4.27115"/>
      <trkpt lat="47.79786" lon="-4.27115"/>
      <trkpt lat="47.79771" lon="-4.27118"/>
      <trkpt lat="47.79769" lon="-4.27119"/>
      <trkpt lat="47.79768" lon="-4.27129"/>
      <trkpt lat="47.79762" lon="-4.27137"/>
      <trkpt lat="47.79754" lon="-4.27137"/>
      <trkpt lat="47.79755" lon="-4.27169"/>
      <trkpt lat="47.79757" lon="-4.27214"/>
      <trkpt lat="47.79756" lon="-4.27244"/>
      <trkpt lat="47.79753" lon="-4.27262"/>
      <trkpt lat="47.79751" lon="-4.27271"/>
      <trkpt lat="47.79746" lon="-4.27283"/>
      <trkpt lat="47.79706" lon="-4.27341"/>
      <trkpt lat="47.79706" lon="-4.27344"/>
      <trkpt lat="47.79701" lon="-4.2735"/>
      <trkpt lat="47.79691" lon="-4.27351"/>
      <trkpt lat="47.79683" lon="-4.27349"/>
      <trkpt lat="47.79638" lon="-4.27338"/>
      <trkpt lat="47.79633" lon="-4.27339"/>
      <trkpt lat="47.7963" lon="-4.27341"/>
      <trkpt lat="47.79627" lon="-4.2735"/>
      <trkpt lat="47.79626" lon="-4.27352"/>
      <trkpt lat="47.79633" lon="-4.2736"/>
      <trkpt lat="47.79636" lon="-4.27365"/>
      <trkpt lat="47.79645" lon="-4.2737"/>
      <trkpt lat="47.79654" lon="-4.27382"/>
      <trkpt lat="47.79671" lon="-4.27409"/>
      <trkpt lat="47.79685" lon="-4.2744"/>
      <trkpt lat="47.7969" lon="-4.27457"/>
      <trkpt lat="47.79699" lon="-4.27503"/>
      <trkpt lat="47.79702" lon="-4.27533"/>
      <trkpt lat="47.79702" lon="-4.27558"/>
      <trkpt lat="47.79699" lon="-4.27573"/>
      <trkpt lat="47.79702" lon="-4.27558"/>
      <trkpt lat="47.79698" lon="-4.27557"/>
      <trkpt lat="47.79697" lon="-4.27572"/>
      <trkpt lat="47.79693" lon="-4.27572"/>
      <trkpt lat="47.79682" lon="-4.27587"/>
      <trkpt lat="47.7962" lon="-4.27683"/>
      <trkpt lat="47.79597" lon="-4.27713"/>
      <trkpt lat="47.79596" lon="-4.27715"/>
      <trkpt lat="47.79591" lon="-4.27712"/>
      <trkpt lat="47.79517" lon="-4.27917"/>
      <trkpt lat="47.7946" lon="-4.28055"/>
      <trkpt lat="47.7942" lon="-4.28116"/>
      <trkpt lat="47.79421" lon="-4.28118"/>
      <trkpt lat="47.7942" lon="-4.28116"/>
      <trkpt lat="47.79394" lon="-4.28158"/>
      <trkpt lat="47.79379" lon="-4.28181"/>
      <trkpt lat="47.7937" lon="-4.28194"/>
      <trkpt lat="47.79363" lon="-4.28207"/>
      <trkpt lat="47.79352" lon="-4.28222"/>
      <trkpt lat="47.79341" lon="-4.28241"/>
      <trkpt lat="47.79329" lon="-4.28258"/>
      <trkpt lat="47.79319" lon="-4.28273"/>
      <trkpt lat="47.79317" lon="-4.28281"/>
      <trkpt lat="47.79321" lon="-4.28287"/>
      <trkpt lat="47.7932" lon="-4.2829"/>
      <trkpt lat="47.79316" lon="-4.28286"/>
      <trkpt lat="47.79315" lon="-4.28289"/>
      <trkpt lat="47.79319" lon="-4.28293"/>
      <trkpt lat="47.79317" lon="-4.28297"/>
      <trkpt lat="47.79314" lon="-4.28294"/>
      <trkpt lat="47.79301" lon="-4.28323"/>
      <trkpt lat="47.79263" lon="-4.28413"/>
      <trkpt lat="47.79247" lon="-4.28522"/>
      <trkpt lat="47.79261" lon="-4.28527"/>
      <trkpt lat="47.7926" lon="-4.28539"/>
      <trkpt lat="47.79266" lon="-4.28541"/>
      <trkpt lat="47.79263" lon="-4.28559"/>
      <trkpt lat="47.79262" lon="-4.28564"/>
      <trkpt lat="47.79307" lon="-4.2859"/>
      <trkpt lat="47.79314" lon="-4.28588"/>
      <trkpt lat="47.79314" lon="-4.2861"/>
      <trkpt lat="47.79318" lon="-4.28639"/>
      <trkpt lat="47.79327" lon="-4.28648"/>
      <trkpt lat="47.79337" lon="-4.28651"/>
      <trkpt lat="47.7935" lon="-4.28654"/>
      <trkpt lat="47.7934" lon="-4.28756"/>
      <trkpt lat="47.79326" lon="-4.28934"/>
      <trkpt lat="47.79322" lon="-4.28998"/>
      <trkpt lat="47.79314" lon="-4.29045"/>
      <trkpt lat="47.79309" lon="-4.29068"/>
      <trkpt lat="47.793" lon="-4.29098"/>
      <trkpt lat="47.79256" lon="-4.29152"/>
      <trkpt lat="47.79245" lon="-4.29162"/>
      <trkpt lat="47.79223" lon="-4.29184"/>
      <trkpt lat="47.7922" lon="-4.29191"/>
      <trkpt lat="47.79219" lon="-4.292"/>
      <trkpt lat="47.79237" lon="-4.29249"/>
      <trkpt lat="47.79247" lon="-4.29268"/>
      <trkpt lat="47.79277" lon="-4.29304"/>
      <trkpt lat="47.793" lon="-4.29315"/>
      <trkpt lat="47.7931" lon="-4.29318"/>
      <trkpt lat="47.79329" lon="-4.29319"/>
      <trkpt lat="47.79341" lon="-4.29314"/>
      <trkpt lat="47.79348" lon="-4.29319"/>
      <trkpt lat="47.79378" lon="-4.29319"/>
      <trkpt lat="47.79429" lon="-4.29322"/>
      <trkpt lat="47.79565" lon="-4.29273"/>
      <trkpt lat="47.79564" lon="-4.29273"/>
      <trkpt lat="47.79565" lon="-4.29273"/>
      <trkpt lat="47.79566" lon="-4.29296"/>
      <trkpt lat="47.79567" lon="-4.29294"/>
      <trkpt lat="47.79589" lon="-4.29305"/>
      <trkpt lat="47.79626" lon="-4.29314"/>
      <trkpt lat="47.79646" lon="-4.29318"/>
      <trkpt lat="47.79697" lon="-4.29342"/>
      <trkpt lat="47.79708" lon="-4.29351"/>
      <trkpt lat="47.79806" lon="-4.2945"/>
      <trkpt lat="47.79813" lon="-4.29456"/>
      <trkpt lat="47.7985" lon="-4.29499"/>
      <trkpt lat="47.79927" lon="-4.29573"/>
      <trkpt lat="47.79939" lon="-4.29589"/>
      <trkpt lat="47.79974" lon="-4.29651"/>
      <trkpt lat="47.79998" lon="-4.297"/>
      <trkpt lat="47.80013" lon="-4.29737"/>
      <trkpt lat="47.80018" lon="-4.29755"/>
      <trkpt lat="47.80028" lon="-4.29824"/>
      <trkpt lat="47.80035" lon="-4.29855"/>
      <trkpt lat="47.80045" lon="-4.29911"/>
      <trkpt lat="47.8005" lon="-4.2993"/>
      <trkpt lat="47.80063" lon="-4.2996"/>
      <trkpt lat="47.80099" lon="-4.30079"/>
      <trkpt lat="47.80099" lon="-4.30089"/>
      <trkpt lat="47.80099" lon="-4.30091"/>
      <trkpt lat="47.80094" lon="-4.30103"/>
      <trkpt lat="47.80095" lon="-4.30116"/>
      <trkpt lat="47.80094" lon="-4.30138"/>
      <trkpt lat="47.80095" lon="-4.30156"/>
      <trkpt lat="47.80123" lon="-4.30247"/>
      <trkpt lat="47.80125" lon="-4.30258"/>
      <trkpt lat="47.80127" lon="-4.30318"/>
      <trkpt lat="47.80126" lon="-4.30337"/>
      <trkpt lat="47.8013" lon="-4.30407"/>
      <trkpt lat="47.80136" lon="-4.3046"/>
      <trkpt lat="47.8014" lon="-4.3054"/>
      <trkpt lat="47.80136" lon="-4.306"/>
      <trkpt lat="47.80135" lon="-4.30656"/>
      <trkpt lat="47.80128" lon="-4.30734"/>
      <trkpt lat="47.80128" lon="-4.30749"/>
      <trkpt lat="47.80129" lon="-4.30762"/>
      <trkpt lat="47.80137" lon="-4.30795"/>
      <trkpt lat="47.80139" lon="-4.30815"/>
      <trkpt lat="47.8014" lon="-4.30865"/>
      <trkpt lat="47.8015" lon="-4.30978"/>
      <trkpt lat="47.80152" lon="-4.30999"/>
      <trkpt lat="47.80146" lon="-4.31063"/>
      <trkpt lat="47.80137" lon="-4.31072"/>
      <trkpt lat="47.80135" lon="-4.31101"/>
      <trkpt lat="47.80123" lon="-4.31204"/>
      <trkpt lat="47.80089" lon="-4.3141"/>
      <trkpt lat="47.80086" lon="-4.31442"/>
      <trkpt lat="47.80088" lon="-4.31516"/>
      <trkpt lat="47.8009" lon="-4.31528"/>
      <trkpt lat="47.80089" lon="-4.31545"/>
      <trkpt lat="47.80084" lon="-4.31561"/>
      <trkpt lat="47.80054" lon="-4.31606"/>
      <trkpt lat="47.80039" lon="-4.31661"/>
      <trkpt lat="47.80033" lon="-4.31684"/>
      <trkpt lat="47.80032" lon="-4.31712"/>
      <trkpt lat="47.80034" lon="-4.31742"/>
      <trkpt lat="47.80034" lon="-4.31782"/>
      <trkpt lat="47.80031" lon="-4.318"/>
      <trkpt lat="47.80027" lon="-4.31812"/>
      <trkpt lat="47.80007" lon="-4.31864"/>
      <trkpt lat="47.79991" lon="-4.31927"/>
      <trkpt lat="47.79974" lon="-4.31984"/>
      <trkpt lat="47.79961" lon="-4.32018"/>
      <trkpt lat="47.79948" lon="-4.32064"/>
      <trkpt lat="47.79944" lon="-4.32089"/>
      <trkpt lat="47.79941" lon="-4.32101"/>
      <trkpt lat="47.79939" lon="-4.32107"/>
      <trkpt lat="47.79936" lon="-4.32124"/>
      <trkpt lat="47.79922" lon="-4.32178"/>
      <trkpt lat="47.79911" lon="-4.32201"/>
      <trkpt lat="47.79903" lon="-4.32217"/>
      <trkpt lat="47.79893" lon="-4.32233"/>
      <trkpt lat="47.79891" lon="-4.32243"/>
      <trkpt lat="47.79888" lon="-4.32254"/>
      <trkpt lat="47.79865" lon="-4.32289"/>
      <trkpt lat="47.79845" lon="-4.32353"/>
      <trkpt lat="47.79844" lon="-4.32355"/>
      <trkpt lat="47.79832" lon="-4.32405"/>
      <trkpt lat="47.79824" lon="-4.32445"/>
      <trkpt lat="47.79823" lon="-4.32489"/>
      <trkpt lat="47.79826" lon="-4.32533"/>
      <trkpt lat="47.79836" lon="-4.32586"/>
      <trkpt lat="47.79841" lon="-4.32606"/>
      <trkpt lat="47.79844" lon="-4.32619"/>
      <trkpt lat="47.79845" lon="-4.3263"/>
      <trkpt lat="47.79845" lon="-4.3267"/>
      <trkpt lat="47.79843" lon="-4.32676"/>
      <trkpt lat="47.79838" lon="-4.3277"/>
      <trkpt lat="47.79839" lon="-4.32789"/>
      <trkpt lat="47.79846" lon="-4.32832"/>
      <trkpt lat="47.79865" lon="-4.32905"/>
      <trkpt lat="47.79881" lon="-4.32988"/>
      <trkpt lat="47.79903" lon="-4.33114"/>
      <trkpt lat="47.79907" lon="-4.33134"/>
      <trkpt lat="47.79915" lon="-4.33187"/>
      <trkpt lat="47.79917" lon="-4.33216"/>
      <trkpt lat="47.79918" lon="-4.33236"/>
      <trkpt lat="47.79916" lon="-4.33313"/>
      <trkpt lat="47.79917" lon="-4.33341"/>
      <trkpt lat="47.79925" lon="-4.33404"/>
      <trkpt lat="47.79928" lon="-4.33441"/>
      <trkpt lat="47.79928" lon="-4.33459"/>
      <trkpt lat="47.79932" lon="-4.33459"/>
      <trkpt lat="47.79928" lon="-4.33459"/>
      <trkpt lat="47.79928" lon="-4.33481"/>
      <trkpt lat="47.79928" lon="-4.33623"/>
      <trkpt lat="47.79929" lon="-4.33636"/>
      <trkpt lat="47.79934" lon="-4.33651"/>
      <trkpt lat="47.79947" lon="-4.33677"/>
      <trkpt lat="47.79949" lon="-4.33691"/>
      <trkpt lat="47.79947" lon="-4.33816"/>
      <trkpt lat="47.79948" lon="-4.33914"/>
      <trkpt lat="47.7995" lon="-4.33943"/>
      <trkpt lat="47.79951" lon="-4.33979"/>
      <trkpt lat="47.79952" lon="-4.33999"/>
      <trkpt lat="47.79953" lon="-4.34013"/>
      <trkpt lat="47.79981" lon="-4.34113"/>
      <trkpt lat="47.79997" lon="-4.34156"/>
      <trkpt lat="47.80001" lon="-4.34177"/>
      <trkpt lat="47.80002" lon="-4.34243"/>
      <trkpt lat="47.80007" lon="-4.34315"/>
      <trkpt lat="47.80007" lon="-4.3441"/>
      <trkpt lat="47.80011" lon="-4.34496"/>
      <trkpt lat="47.80008" lon="-4.34538"/>
      <trkpt lat="47.79997" lon="-4.3461"/>
      <trkpt lat="47.79991" lon="-4.34662"/>
      <trkpt lat="47.7998" lon="-4.34701"/>
      <trkpt lat="47.79971" lon="-4.34736"/>
      <trkpt lat="47.79957" lon="-4.34757"/>
      <trkpt lat="47.79954" lon="-4.34765"/>
      <trkpt lat="47.79951" lon="-4.3479"/>
      <trkpt lat="47.79946" lon="-4.34821"/>
      <trkpt lat="47.79931" lon="-4.34887"/>
      <trkpt lat="47.7991" lon="-4.34917"/>
      <trkpt lat="47.79904" lon="-4.34932"/>
      <trkpt lat="47.79888" lon="-4.34964"/>
      <trkpt lat="47.79872" lon="-4.34981"/>
      <trkpt lat="47.79844" lon="-4.34966"/>
      <trkpt lat="47.79831" lon="-4.34998"/>
      <trkpt lat="47.79824" lon="-4.3501"/>
      <trkpt lat="47.79817" lon="-4.35023"/>
      <trkpt lat="47.79805" lon="-4.35061"/>
      <trkpt lat="47.79786" lon="-4.35136"/>
      <trkpt lat="47.7977" lon="-4.35227"/>
      <trkpt lat="47.7977" lon="-4.35228"/>
      <trkpt lat="47.7975" lon="-4.35344"/>
      <trkpt lat="47.79744" lon="-4.35358"/>
      <trkpt lat="47.79747" lon="-4.35371"/>
      <trkpt lat="47.79738" lon="-4.3544"/>
      <trkpt lat="47.79728" lon="-4.35495"/>
      <trkpt lat="47.79725" lon="-4.35493"/>
      <trkpt lat="47.79723" lon="-4.35503"/>
      <trkpt lat="47.79721" lon="-4.35511"/>
      <trkpt lat="47.79707" lon="-4.35503"/>
      <trkpt lat="47.79704" lon="-4.35509"/>
      <trkpt lat="47.79689" lon="-4.35617"/>
      <trkpt lat="47.79685" lon="-4.35652"/>
      <trkpt lat="47.79686" lon="-4.3566"/>
      <trkpt lat="47.79684" lon="-4.35675"/>
      <trkpt lat="47.7968" lon="-4.35702"/>
      <trkpt lat="47.79679" lon="-4.35772"/>
      <trkpt lat="47.79678" lon="-4.35978"/>
      <trkpt lat="47.7968" lon="-4.36"/>
      <trkpt lat="47.79691" lon="-4.36043"/>
      <trkpt lat="47.7971" lon="-4.36106"/>
      <trkpt lat="47.79713" lon="-4.36133"/>
      <trkpt lat="47.79726" lon="-4.3625"/>
      <trkpt lat="47.79728" lon="-4.36249"/>
      <trkpt lat="47.79726" lon="-4.3625"/>
      <trkpt lat="47.79726" lon="-4.36255"/>
      <trkpt lat="47.79712" lon="-4.36275"/>
      <trkpt lat="47.7969" lon="-4.36324"/>
      <trkpt lat="47.79679" lon="-4.36339"/>
      <trkpt lat="47.7964" lon="-4.36381"/>
      <trkpt lat="47.79632" lon="-4.36396"/>
      <trkpt lat="47.79618" lon="-4.36426"/>
      <trkpt lat="47.79614" lon="-4.36439"/>
      <trkpt lat="47.79612" lon="-4.36452"/>
      <trkpt lat="47.79617" lon="-4.36566"/>
      <trkpt lat="47.79616" lon="-4.36594"/>
      <trkpt lat="47.79609" lon="-4.36628"/>
      <trkpt lat="47.7961" lon="-4.36641"/>
      <trkpt lat="47.79613" lon="-4.36659"/>
      <trkpt lat="47.79627" lon="-4.36704"/>
      <trkpt lat="47.79629" lon="-4.36719"/>
      <trkpt lat="47.79631" lon="-4.36794"/>
      <trkpt lat="47.79634" lon="-4.36816"/>
      <trkpt lat="47.79709" lon="-4.36986"/>
      <trkpt lat="47.79716" lon="-4.36993"/>
      <trkpt lat="47.79728" lon="-4.37033"/>
      <trkpt lat="47.79743" lon="-4.37157"/>
      <trkpt lat="47.7975" lon="-4.37183"/>
      <trkpt lat="47.79781" lon="-4.37276"/>
      <trkpt lat="47.79785" lon="-4.37283"/>
      <trkpt lat="47.79776" lon="-4.37315"/>
      <trkpt lat="47.79776" lon="-4.37323"/>
      <trkpt lat="47.79779" lon="-4.37328"/>
      <trkpt lat="47.79793" lon="-4.37336"/>
      <trkpt lat="47.79796" lon="-4.37346"/>
      <trkpt lat="47.79793" lon="-4.37366"/>
      <trkpt lat="47.79786" lon="-4.374"/>
      <trkpt lat="47.79789" lon="-4.37405"/>
      <trkpt lat="47.79814" lon="-4.37416"/>
      <trkpt lat="47.79833" lon="-4.37391"/>
      <trkpt lat="47.79847" lon="-4.37371"/>
      <trkpt lat="47.7985" lon="-4.37371"/>
      <trkpt lat="47.79897" lon="-4.37353"/>
      <trkpt lat="47.79958" lon="-4.37366"/>
      <trkpt lat="47.79977" lon="-4.37373"/>
      <trkpt lat="47.80004" lon="-4.37391"/>
      <trkpt lat="47.80014" lon="-4.37396"/>
      <trkpt lat="47.80028" lon="-4.37399"/>
      <trkpt lat="47.80058" lon="-4.374"/>
      <trkpt lat="47.80119" lon="-4.37393"/>
      <trkpt lat="47.80162" lon="-4.37395"/>
      <trkpt lat="47.80184" lon="-4.37399"/>
      <trkpt lat="47.80203" lon="-4.37408"/>
      <trkpt lat="47.80272" lon="-4.37448"/>
      <trkpt lat="47.80287" lon="-4.37453"/>
      <trkpt lat="47.80345" lon="-4.37464"/>
      <trkpt lat="47.80356" lon="-4.3747"/>
      <trkpt lat="47.80378" lon="-4.37472"/>
      <trkpt lat="47.80392" lon="-4.37471"/>
      <trkpt lat="47.80416" lon="-4.37461"/>
      <trkpt lat="47.8043" lon="-4.37451"/>
      <trkpt lat="47.80469" lon="-4.37418"/>
      <trkpt lat="47.80477" lon="-4.37405"/>
      <trkpt lat="47.80495" lon="-4.37377"/>
      <trkpt lat="47.80528" lon="-4.37305"/>
      <trkpt lat="47.80536" lon="-4.37299"/>
      <trkpt lat="47.80582" lon="-4.37278"/>
      <trkpt lat="47.80602" lon="-4.37306"/>
      <trkpt lat="47.80613" lon="-4.37298"/>
      <trkpt lat="47.80615" lon="-4.37291"/>
      <trkpt lat="47.80623" lon="-4.3726"/>
      <trkpt lat="47.8069" lon="-4.37227"/>
      <trkpt lat="47.80757" lon="-4.37168"/>
      <trkpt lat="47.80773" lon="-4.37158"/>
      <trkpt lat="47.80793" lon="-4.37153"/>
      <trkpt lat="47.80792" lon="-4.37147"/>
      <trkpt lat="47.80852" lon="-4.37139"/>
      <trkpt lat="47.80884" lon="-4.3714"/>
      <trkpt lat="47.80879" lon="-4.37141"/>
      <trkpt lat="47.80884" lon="-4.3714"/>
      <trkpt lat="47.80927" lon="-4.37137"/>
      <trkpt lat="47.80946" lon="-4.3714"/>
      <trkpt lat="47.80958" lon="-4.37145"/>
      <trkpt lat="47.80965" lon="-4.3715"/>
      <trkpt lat="47.80973" lon="-4.37152"/>
      <trkpt lat="47.80976" lon="-4.37148"/>
      <trkpt lat="47.80982" lon="-4.37146"/>
      <trkpt lat="47.81015" lon="-4.37159"/>
      <trkpt lat="47.8102" lon="-4.37159"/>
      <trkpt lat="47.8105" lon="-4.37175"/>
      <trkpt lat="47.81057" lon="-4.37181"/>
      <trkpt lat="47.81057" lon="-4.37187"/>
      <trkpt lat="47.81091" lon="-4.37204"/>
      <trkpt lat="47.81129" lon="-4.37238"/>
      <trkpt lat="47.8115" lon="-4.37264"/>
      <trkpt lat="47.81231" lon="-4.37375"/>
      <trkpt lat="47.81237" lon="-4.37393"/>
      <trkpt lat="47.81275" lon="-4.37436"/>
      <trkpt lat="47.81305" lon="-4.37489"/>
      <trkpt lat="47.81314" lon="-4.37496"/>
      <trkpt lat="47.81367" lon="-4.37492"/>
      <trkpt lat="47.81421" lon="-4.37472"/>
      <trkpt lat="47.81435" lon="-4.37469"/>
      <trkpt lat="47.81447" lon="-4.37468"/>
      <trkpt lat="47.815" lon="-4.37486"/>
      <trkpt lat="47.81507" lon="-4.375"/>
      <trkpt lat="47.81513" lon="-4.37553"/>
      <trkpt lat="47.81511" lon="-4.37587"/>
      <trkpt lat="47.81514" lon="-4.37588"/>
      <trkpt lat="47.8152" lon="-4.37592"/>
      <trkpt lat="47.81541" lon="-4.37619"/>
      <trkpt lat="47.81567" lon="-4.37647"/>
      <trkpt lat="47.81578" lon="-4.37655"/>
      <trkpt lat="47.81584" lon="-4.37645"/>
      <trkpt lat="47.81593" lon="-4.3764"/>
      <trkpt lat="47.81603" lon="-4.3764"/>
      <trkpt lat="47.81609" lon="-4.37644"/>
      <trkpt lat="47.81618" lon="-4.37631"/>
      <trkpt lat="47.8163" lon="-4.37614"/>
      <trkpt lat="47.81698" lon="-4.37667"/>
      <trkpt lat="47.81698" lon="-4.37669"/>
      <trkpt lat="47.81698" lon="-4.37667"/>
      <trkpt lat="47.81706" lon="-4.37662"/>
      <trkpt lat="47.81741" lon="-4.37753"/>
      <trkpt lat="47.81749" lon="-4.37755"/>
      <trkpt lat="47.81754" lon="-4.37753"/>
      <trkpt lat="47.81759" lon="-4.37775"/>
      <trkpt lat="47.81762" lon="-4.37789"/>
      <trkpt lat="47.81765" lon="-4.37788"/>
      <trkpt lat="47.81777" lon="-4.37801"/>
      <trkpt lat="47.8179" lon="-4.37826"/>
      <trkpt lat="47.81797" lon="-4.37864"/>
      <trkpt lat="47.81801" lon="-4.37873"/>
      <trkpt lat="47.81807" lon="-4.37872"/>
      <trkpt lat="47.81811" lon="-4.37872"/>
      <trkpt lat="47.81786" lon="-4.37953"/>
      <trkpt lat="47.81777" lon="-4.37966"/>
      <trkpt lat="47.81763" lon="-4.37981"/>
      <trkpt lat="47.81761" lon="-4.37997"/>
      <trkpt lat="47.81761" lon="-4.38004"/>
      <trkpt lat="47.81774" lon="-4.3802"/>
      <trkpt lat="47.81784" lon="-4.38025"/>
      <trkpt lat="47.81901" lon="-4.38024"/>
      <trkpt lat="47.81929" lon="-4.38024"/>
      <trkpt lat="47.81935" lon="-4.38023"/>
      <trkpt lat="47.8195" lon="-4.38011"/>
      <trkpt lat="47.81952" lon="-4.38001"/>
      <trkpt lat="47.81972" lon="-4.37957"/>
      <trkpt lat="47.81984" lon="-4.37942"/>
      <trkpt lat="47.82096" lon="-4.37797"/>
      <trkpt lat="47.82105" lon="-4.37782"/>
      <trkpt lat="47.82111" lon="-4.37773"/>
      <trkpt lat="47.82128" lon="-4.37725"/>
      <trkpt lat="47.8213" lon="-4.37713"/>
      <trkpt lat="47.82131" lon="-4.37713"/>
      <trkpt lat="47.82146" lon="-4.37716"/>
      <trkpt lat="47.82158" lon="-4.37715"/>
      <trkpt lat="47.82166" lon="-4.37711"/>
      <trkpt lat="47.82199" lon="-4.37683"/>
      <trkpt lat="47.82245" lon="-4.37615"/>
      <trkpt lat="47.823" lon="-4.37523"/>
      <trkpt lat="47.82301" lon="-4.37523"/>
      <trkpt lat="47.82322" lon="-4.37497"/>
      <trkpt lat="47.82338" lon="-4.37482"/>
      <trkpt lat="47.82362" lon="-4.37447"/>
      <trkpt lat="47.82416" lon="-4.37388"/>
      <trkpt lat="47.8242" lon="-4.37381"/>
      <trkpt lat="47.82419" lon="-4.37372"/>
      <trkpt lat="47.82421" lon="-4.37373"/>
      <trkpt lat="47.82428" lon="-4.37376"/>
      <trkpt lat="47.82436" lon="-4.37372"/>
      <trkpt lat="47.82443" lon="-4.37341"/>
      <trkpt lat="47.82444" lon="-4.37336"/>
      <trkpt lat="47.82453" lon="-4.37292"/>
      <trkpt lat="47.82455" lon="-4.37248"/>
      <trkpt lat="47.82453" lon="-4.37213"/>
      <trkpt lat="47.82447" lon="-4.37189"/>
      <trkpt lat="47.8245" lon="-4.37126"/>
      <trkpt lat="47.82441" lon="-4.371"/>
      <trkpt lat="47.82445" lon="-4.37106"/>
      <trkpt lat="47.82441" lon="-4.371"/>
      <trkpt lat="47.82409" lon="-4.37079"/>
      <trkpt lat="47.82429" lon="-4.37002"/>
      <trkpt lat="47.8245" lon="-4.36905"/>
      <trkpt lat="47.82465" lon="-4.36811"/>
      <trkpt lat="47.82472" lon="-4.36783"/>
      <trkpt lat="47.82488" lon="-4.36753"/>
      <trkpt lat="47.82502" lon="-4.36737"/>
      <trkpt lat="47.82512" lon="-4.3673"/>
      <trkpt lat="47.82521" lon="-4.36737"/>
      <trkpt lat="47.82548" lon="-4.36741"/>
      <trkpt lat="47.82573" lon="-4.36709"/>
      <trkpt lat="47.82588" lon="-4.36699"/>
      <trkpt lat="47.82601" lon="-4.36691"/>
      <trkpt lat="47.82612" lon="-4.36679"/>
      <trkpt lat="47.82644" lon="-4.36617"/>
      <trkpt lat="47.82737" lon="-4.36459"/>
      <trkpt lat="47.82743" lon="-4.36313"/>
      <trkpt lat="47.82741" lon="-4.36313"/>
      <trkpt lat="47.82718" lon="-4.3632"/>
      <trkpt lat="47.82716" lon="-4.36318"/>
      <trkpt lat="47.8271" lon="-4.36313"/>
      <trkpt lat="47.82702" lon="-4.3631"/>
      <trkpt lat="47.8269" lon="-4.36298"/>
      <trkpt lat="47.82661" lon="-4.3628"/>
      <trkpt lat="47.8266" lon="-4.36278"/>
      <trkpt lat="47.82658" lon="-4.36263"/>
      <trkpt lat="47.82645" lon="-4.36249"/>
      <trkpt lat="47.82638" lon="-4.36233"/>
      <trkpt lat="47.82647" lon="-4.36191"/>
      <trkpt lat="47.82698" lon="-4.36018"/>
      <trkpt lat="47.82735" lon="-4.35824"/>
      <trkpt lat="47.82815" lon="-4.35601"/>
    </trkseg>
    <wpt lat="47.794398" lon="-4.281422">
      <name>Secours</name>
      <sym>2</sym>
      <type>WPT</type>
      <extensions>
        <option option="{&quot;icon&quot;: {&quot;id&quot;: &quot;2&quot;, &quot;i18n&quot;: &quot;Secours&quot;, &quot;type&quot;: &quot;default&quot;, &quot;classes&quot;: &quot;&quot;, &quot;html_code&quot;: &quot;&amp;#x43&quot;}, &quot;type&quot;: &quot;default&quot;, &quot;color&quot;: &quot;#ffffff&quot;, &quot;title&quot;: &quot;Secours&quot;, &quot;bgColor&quot;: &quot;#b71c0c&quot;, &quot;content&quot;: &quot;&quot;, &quot;offsetX&quot;: 0, &quot;offsetY&quot;: 0, &quot;tooltip&quot;: {&quot;show&quot;: true, &quot;direction&quot;: &quot;top&quot;, &quot;permanent&quot;: false}, &quot;visibility&quot;: &quot;public&quot;, &quot;showOnPrint&quot;: true, &quot;showOnPrintMap&quot;: false, &quot;showOnElevation&quot;: false, &quot;cumulatedLocation&quot;: false, &quot;showOnPrintElevation&quot;: false, &quot;stickedDistanceInMeter&quot;: -1, &quot;showTextOnPrintElevation&quot;: false}"/>
      </extensions>
    </wpt>
    <wpt lat="47.792777" lon="-4.285419">
      <name>Signaleur (avec permis)</name>
      <sym>5</sym>
      <type>WPT</type>
      <extensions>
        <option option="{&quot;icon&quot;: {&quot;id&quot;: &quot;5&quot;, &quot;i18n&quot;: &quot;Signaleur (avec permis)&quot;, &quot;type&quot;: &quot;default&quot;, &quot;classes&quot;: &quot;&quot;, &quot;html_code&quot;: &quot;&amp;#x42&quot;}, &quot;type&quot;: &quot;default&quot;, &quot;color&quot;: &quot;#ffffff&quot;, &quot;title&quot;: &quot;Signaleur (avec permis)&quot;, &quot;bgColor&quot;: &quot;#009c41&quot;, &quot;content&quot;: &quot;&quot;, &quot;offsetX&quot;: 0, &quot;offsetY&quot;: 0, &quot;tooltip&quot;: {&quot;show&quot;: true, &quot;direction&quot;: &quot;top&quot;, &quot;permanent&quot;: false}, &quot;visibility&quot;: &quot;public&quot;, &quot;showOnPrint&quot;: true, &quot;showOnPrintMap&quot;: false, &quot;showOnElevation&quot;: false, &quot;cumulatedLocation&quot;: false, &quot;showOnPrintElevation&quot;: false, &quot;stickedDistanceInMeter&quot;: -1, &quot;showTextOnPrintElevation&quot;: false}"/>
      </extensions>
    </wpt>
    <wpt lat="47.793275" lon="-4.285913">
      <name>Signaleur (avec permis)</name>
      <sym>5</sym>
      <type>WPT</type>
      <extensions>
        <option option="{&quot;icon&quot;: {&quot;id&quot;: &quot;5&quot;, &quot;i18n&quot;: &quot;Signaleur (avec permis)&quot;, &quot;type&quot;: &quot;default&quot;, &quot;classes&quot;: &quot;&quot;, &quot;html_code&quot;: &quot;&amp;#x42&quot;}, &quot;type&quot;: &quot;default&quot;, &quot;color&quot;: &quot;#ffffff&quot;, &quot;title&quot;: &quot;Signaleur (avec permis)&quot;, &quot;bgColor&quot;: &quot;#009c41&quot;, &quot;content&quot;: &quot;&quot;, &quot;offsetX&quot;: 0, &quot;offsetY&quot;: 0, &quot;tooltip&quot;: {&quot;show&quot;: true, &quot;direction&quot;: &quot;top&quot;, &quot;permanent&quot;: false}, &quot;visibility&quot;: &quot;public&quot;, &quot;showOnPrint&quot;: true, &quot;showOnPrintMap&quot;: false, &quot;showOnElevation&quot;: false, &quot;cumulatedLocation&quot;: false, &quot;showOnPrintElevation&quot;: false, &quot;stickedDistanceInMeter&quot;: -1, &quot;showTextOnPrintElevation&quot;: false}"/>
      </extensions>
    </wpt>
    <wpt lat="47.793188" lon="-4.285816">
      <name>Signaleur (avec permis)</name>
      <sym>5</sym>
      <type>WPT</type>
      <extensions>
        <option option="{&quot;icon&quot;: {&quot;id&quot;: &quot;5&quot;, &quot;i18n&quot;: &quot;Signaleur (avec permis)&quot;, &quot;type&quot;: &quot;default&quot;, &quot;classes&quot;: &quot;&quot;, &quot;html_code&quot;: &quot;&amp;#x42&quot;}, &quot;type&quot;: &quot;default&quot;, &quot;color&quot;: &quot;#ffffff&quot;, &quot;title&quot;: &quot;Signaleur (avec permis)&quot;, &quot;bgColor&quot;: &quot;#009c41&quot;, &quot;content&quot;: &quot;&quot;, &quot;offsetX&quot;: 0, &quot;offsetY&quot;: 0, &quot;tooltip&quot;: {&quot;show&quot;: true, &quot;direction&quot;: &quot;top&quot;, &quot;permanent&quot;: false}, &quot;visibility&quot;: &quot;public&quot;, &quot;showOnPrint&quot;: true, &quot;showOnPrintMap&quot;: false, &quot;showOnElevation&quot;: false, &quot;cumulatedLocation&quot;: false, &quot;showOnPrintElevation&quot;: false, &quot;stickedDistanceInMeter&quot;: -1, &quot;showTextOnPrintElevation&quot;: false}"/>
      </extensions>
    </wpt>
    <wpt lat="47.793676" lon="-4.286535">
      <name>Signaleur (avec permis)</name>
      <sym>5</sym>
      <type>WPT</type>
      <extensions>
        <option option="{&quot;icon&quot;: {&quot;id&quot;: &quot;5&quot;, &quot;i18n&quot;: &quot;Signaleur (avec permis)&quot;, &quot;type&quot;: &quot;default&quot;, &quot;classes&quot;: &quot;&quot;, &quot;html_code&quot;: &quot;&amp;#x42&quot;}, &quot;type&quot;: &quot;default&quot;, &quot;color&quot;: &quot;#ffffff&quot;, &quot;title&quot;: &quot;Signaleur (avec permis)&quot;, &quot;bgColor&quot;: &quot;#009c41&quot;, &quot;content&quot;: &quot;&quot;, &quot;offsetX&quot;: 0, &quot;offsetY&quot;: 0, &quot;tooltip&quot;: {&quot;show&quot;: true, &quot;direction&quot;: &quot;top&quot;, &quot;permanent&quot;: false}, &quot;visibility&quot;: &quot;public&quot;, &quot;showOnPrint&quot;: true, &quot;showOnPrintMap&quot;: false, &quot;showOnElevation&quot;: false, &quot;cumulatedLocation&quot;: false, &quot;showOnPrintElevation&quot;: false, &quot;stickedDistanceInMeter&quot;: -1, &quot;showTextOnPrintElevation&quot;: false}"/>
      </extensions>
    </wpt>
    <wpt lat="47.793539" lon="-4.286481">
      <name>Signaleur (avec permis)</name>
      <sym>5</sym>
      <type>WPT</type>
      <extensions>
        <option option="{&quot;icon&quot;: {&quot;id&quot;: &quot;5&quot;, &quot;i18n&quot;: &quot;Signaleur (avec permis)&quot;, &quot;type&quot;: &quot;default&quot;, &quot;classes&quot;: &quot;&quot;, &quot;html_code&quot;: &quot;&amp;#x42&quot;}, &quot;type&quot;: &quot;default&quot;, &quot;color&quot;: &quot;#ffffff&quot;, &quot;title&quot;: &quot;Signaleur (avec permis)&quot;, &quot;bgColor&quot;: &quot;#009c41&quot;, &quot;content&quot;: &quot;&quot;, &quot;offsetX&quot;: 0, &quot;offsetY&quot;: 0, &quot;tooltip&quot;: {&quot;show&quot;: true, &quot;direction&quot;: &quot;top&quot;, &quot;permanent&quot;: false}, &quot;visibility&quot;: &quot;public&quot;, &quot;showOnPrint&quot;: true, &quot;showOnPrintMap&quot;: false, &quot;showOnElevation&quot;: false, &quot;cumulatedLocation&quot;: false, &quot;showOnPrintElevation&quot;: false, &quot;stickedDistanceInMeter&quot;: -1, &quot;showTextOnPrintElevation&quot;: false}"/>
      </extensions>
    </wpt>
    <wpt lat="47.793371" lon="-4.287934">
      <name>Signaleur (avec permis)</name>
      <sym>5</sym>
      <type>WPT</type>
      <extensions>
        <option option="{&quot;icon&quot;: {&quot;id&quot;: &quot;5&quot;, &quot;i18n&quot;: &quot;Signaleur (avec permis)&quot;, &quot;type&quot;: &quot;default&quot;, &quot;classes&quot;: &quot;&quot;, &quot;html_code&quot;: &quot;&amp;#x42&quot;}, &quot;type&quot;: &quot;default&quot;, &quot;color&quot;: &quot;#ffffff&quot;, &quot;title&quot;: &quot;Signaleur (avec permis)&quot;, &quot;bgColor&quot;: &quot;#009c41&quot;, &quot;content&quot;: &quot;&quot;, &quot;offsetX&quot;: 0, &quot;offsetY&quot;: 0, &quot;tooltip&quot;: {&quot;show&quot;: true, &quot;direction&quot;: &quot;top&quot;, &quot;permanent&quot;: false}, &quot;visibility&quot;: &quot;public&quot;, &quot;showOnPrint&quot;: true, &quot;showOnPrintMap&quot;: false, &quot;showOnElevation&quot;: false, &quot;cumulatedLocation&quot;: false, &quot;showOnPrintElevation&quot;: false, &quot;stickedDistanceInMeter&quot;: 29000, &quot;showTextOnPrintElevation&quot;: false}"/>
      </extensions>
    </wpt>
    <wpt lat="47.79346" lon="-4.286943">
      <name>Signaleur (avec permis)</name>
      <sym>5</sym>
      <type>WPT</type>
      <extensions>
        <option option="{&quot;icon&quot;: {&quot;id&quot;: &quot;5&quot;, &quot;i18n&quot;: &quot;Signaleur (avec permis)&quot;, &quot;type&quot;: &quot;default&quot;, &quot;classes&quot;: &quot;&quot;, &quot;html_code&quot;: &quot;&amp;#x42&quot;}, &quot;type&quot;: &quot;default&quot;, &quot;color&quot;: &quot;#ffffff&quot;, &quot;title&quot;: &quot;Signaleur (avec permis)&quot;, &quot;bgColor&quot;: &quot;#009c41&quot;, &quot;content&quot;: &quot;&quot;, &quot;offsetX&quot;: 0, &quot;offsetY&quot;: 0, &quot;tooltip&quot;: {&quot;show&quot;: true, &quot;direction&quot;: &quot;top&quot;, &quot;permanent&quot;: false}, &quot;visibility&quot;: &quot;public&quot;, &quot;showOnPrint&quot;: true, &quot;showOnPrintMap&quot;: false, &quot;showOnElevation&quot;: false, &quot;cumulatedLocation&quot;: false, &quot;showOnPrintElevation&quot;: false, &quot;stickedDistanceInMeter&quot;: 28900, &quot;showTextOnPrintElevation&quot;: false}"/>
      </extensions>
    </wpt>
    <wpt lat="47.793304" lon="-4.290039">
      <name>Signaleur (avec permis)</name>
      <sym>5</sym>
      <type>WPT</type>
      <extensions>
        <option option="{&quot;icon&quot;: {&quot;id&quot;: &quot;5&quot;, &quot;i18n&quot;: &quot;Signaleur (avec permis)&quot;, &quot;type&quot;: &quot;default&quot;, &quot;classes&quot;: &quot;&quot;, &quot;html_code&quot;: &quot;&amp;#x42&quot;}, &quot;type&quot;: &quot;default&quot;, &quot;color&quot;: &quot;#ffffff&quot;, &quot;title&quot;: &quot;Signaleur (avec permis)&quot;, &quot;bgColor&quot;: &quot;#009c41&quot;, &quot;content&quot;: &quot;&quot;, &quot;offsetX&quot;: 0, &quot;offsetY&quot;: 0, &quot;tooltip&quot;: {&quot;show&quot;: true, &quot;direction&quot;: &quot;top&quot;, &quot;permanent&quot;: false}, &quot;visibility&quot;: &quot;public&quot;, &quot;showOnPrint&quot;: true, &quot;showOnPrintMap&quot;: false, &quot;showOnElevation&quot;: false, &quot;cumulatedLocation&quot;: false, &quot;showOnPrintElevation&quot;: false, &quot;stickedDistanceInMeter&quot;: -1, &quot;showTextOnPrintElevation&quot;: false}"/>
      </extensions>
    </wpt>
    <wpt lat="47.793049" lon="-4.291049">
      <name>Signaleur (avec permis)</name>
      <sym>5</sym>
      <type>WPT</type>
      <extensions>
        <option option="{&quot;icon&quot;: {&quot;id&quot;: &quot;5&quot;, &quot;i18n&quot;: &quot;Signaleur (avec permis)&quot;, &quot;type&quot;: &quot;default&quot;, &quot;classes&quot;: &quot;&quot;, &quot;html_code&quot;: &quot;&amp;#x42&quot;}, &quot;type&quot;: &quot;default&quot;, &quot;color&quot;: &quot;#ffffff&quot;, &quot;title&quot;: &quot;Signaleur (avec permis)&quot;, &quot;bgColor&quot;: &quot;#009c41&quot;, &quot;content&quot;: &quot;&quot;, &quot;offsetX&quot;: 0, &quot;offsetY&quot;: 0, &quot;tooltip&quot;: {&quot;show&quot;: true, &quot;direction&quot;: &quot;top&quot;, &quot;permanent&quot;: false}, &quot;visibility&quot;: &quot;public&quot;, &quot;showOnPrint&quot;: true, &quot;showOnPrintMap&quot;: false, &quot;showOnElevation&quot;: false, &quot;cumulatedLocation&quot;: false, &quot;showOnPrintElevation&quot;: false, &quot;stickedDistanceInMeter&quot;: -1, &quot;showTextOnPrintElevation&quot;: false}"/>
      </extensions>
    </wpt>
    <wpt lat="47.793544" lon="-4.292988">
      <name>Signaleur (avec permis)</name>
      <sym>5</sym>
      <type>WPT</type>
      <extensions>
        <option option="{&quot;icon&quot;: {&quot;id&quot;: &quot;5&quot;, &quot;i18n&quot;: &quot;Signaleur (avec permis)&quot;, &quot;type&quot;: &quot;default&quot;, &quot;classes&quot;: &quot;&quot;, &quot;html_code&quot;: &quot;&amp;#x42&quot;}, &quot;type&quot;: &quot;default&quot;, &quot;color&quot;: &quot;#ffffff&quot;, &quot;title&quot;: &quot;Signaleur (avec permis)&quot;, &quot;bgColor&quot;: &quot;#009c41&quot;, &quot;content&quot;: &quot;&quot;, &quot;offsetX&quot;: 0, &quot;offsetY&quot;: 0, &quot;tooltip&quot;: {&quot;show&quot;: true, &quot;direction&quot;: &quot;top&quot;, &quot;permanent&quot;: false}, &quot;visibility&quot;: &quot;public&quot;, &quot;showOnPrint&quot;: true, &quot;showOnPrintMap&quot;: false, &quot;showOnElevation&quot;: false, &quot;cumulatedLocation&quot;: false, &quot;showOnPrintElevation&quot;: false, &quot;stickedDistanceInMeter&quot;: -1, &quot;showTextOnPrintElevation&quot;: false}"/>
      </extensions>
    </wpt>
    <wpt lat="47.7934" lon="-4.292977">
      <name>Signaleur (avec permis)</name>
      <sym>5</sym>
      <type>WPT</type>
      <extensions>
        <option option="{&quot;icon&quot;: {&quot;id&quot;: &quot;5&quot;, &quot;i18n&quot;: &quot;Signaleur (avec permis)&quot;, &quot;type&quot;: &quot;default&quot;, &quot;classes&quot;: &quot;&quot;, &quot;html_code&quot;: &quot;&amp;#x42&quot;}, &quot;type&quot;: &quot;default&quot;, &quot;color&quot;: &quot;#ffffff&quot;, &quot;title&quot;: &quot;Signaleur (avec permis)&quot;, &quot;bgColor&quot;: &quot;#009c41&quot;, &quot;content&quot;: &quot;&quot;, &quot;offsetX&quot;: 0, &quot;offsetY&quot;: 0, &quot;tooltip&quot;: {&quot;show&quot;: true, &quot;direction&quot;: &quot;top&quot;, &quot;permanent&quot;: false}, &quot;visibility&quot;: &quot;public&quot;, &quot;showOnPrint&quot;: true, &quot;showOnPrintMap&quot;: false, &quot;showOnElevation&quot;: false, &quot;cumulatedLocation&quot;: false, &quot;showOnPrintElevation&quot;: false, &quot;stickedDistanceInMeter&quot;: -1, &quot;showTextOnPrintElevation&quot;: false}"/>
      </extensions>
    </wpt>
    <wpt lat="47.83731" lon="-4.345238">
      <name>Départ réel</name>
      <sym>73</sym>
      <type>WPT</type>
      <extensions>
        <option option="{&quot;icon&quot;: {&quot;id&quot;: &quot;73&quot;, &quot;i18n&quot;: &quot;D\u00e9part r\u00e9el&quot;, &quot;type&quot;: &quot;default&quot;, &quot;classes&quot;: &quot;&quot;, &quot;html_code&quot;: &quot;&amp;#x6f&quot;}, &quot;type&quot;: &quot;default&quot;, &quot;color&quot;: &quot;#ffffff&quot;, &quot;title&quot;: &quot;D\u00e9part r\u00e9el&quot;, &quot;bgColor&quot;: &quot;#f39c12&quot;, &quot;content&quot;: &quot;&quot;, &quot;offsetX&quot;: 0, &quot;offsetY&quot;: 0, &quot;tooltip&quot;: {&quot;show&quot;: true, &quot;direction&quot;: &quot;top&quot;, &quot;permanent&quot;: false}, &quot;visibility&quot;: &quot;public&quot;, &quot;showOnPrint&quot;: true, &quot;showOnPrintMap&quot;: false, &quot;showOnElevation&quot;: false, &quot;cumulatedLocation&quot;: false, &quot;showOnPrintElevation&quot;: false, &quot;stickedDistanceInMeter&quot;: -1, &quot;showTextOnPrintElevation&quot;: false}"/>
      </extensions>
    </wpt>
    <wpt lat="47.837384" lon="-4.341988">
      <name>Signaleur (avec permis)</name>
      <sym>5</sym>
      <type>WPT</type>
      <extensions>
        <option option="{&quot;icon&quot;: {&quot;id&quot;: &quot;5&quot;, &quot;i18n&quot;: &quot;Signaleur (avec permis)&quot;, &quot;type&quot;: &quot;default&quot;, &quot;classes&quot;: &quot;&quot;, &quot;html_code&quot;: &quot;&amp;#x42&quot;}, &quot;type&quot;: &quot;default&quot;, &quot;color&quot;: &quot;#ffffff&quot;, &quot;title&quot;: &quot;Signaleur (avec permis)&quot;, &quot;bgColor&quot;: &quot;#009c41&quot;, &quot;content&quot;: &quot;&quot;, &quot;offsetX&quot;: 0, &quot;offsetY&quot;: 0, &quot;tooltip&quot;: {&quot;show&quot;: true, &quot;direction&quot;: &quot;top&quot;, &quot;permanent&quot;: false}, &quot;visibility&quot;: &quot;public&quot;, &quot;showOnPrint&quot;: true, &quot;showOnPrintMap&quot;: false, &quot;showOnElevation&quot;: false, &quot;cumulatedLocation&quot;: false, &quot;showOnPrintElevation&quot;: false, &quot;stickedDistanceInMeter&quot;: 200, &quot;showTextOnPrintElevation&quot;: false}"/>
      </extensions>
    </wpt>
    <wpt lat="47.837383" lon="-4.34212">
      <name>Signaleur (avec permis)</name>
      <sym>5</sym>
      <type>WPT</type>
      <extensions>
        <option option="{&quot;icon&quot;: {&quot;id&quot;: &quot;5&quot;, &quot;i18n&quot;: &quot;Signaleur (avec permis)&quot;, &quot;type&quot;: &quot;default&quot;, &quot;classes&quot;: &quot;&quot;, &quot;html_code&quot;: &quot;&amp;#x42&quot;}, &quot;type&quot;: &quot;default&quot;, &quot;color&quot;: &quot;#ffffff&quot;, &quot;title&quot;: &quot;Signaleur (avec permis)&quot;, &quot;bgColor&quot;: &quot;#009c41&quot;, &quot;content&quot;: &quot;&quot;, &quot;offsetX&quot;: 0, &quot;offsetY&quot;: 0, &quot;tooltip&quot;: {&quot;show&quot;: true, &quot;direction&quot;: &quot;top&quot;, &quot;permanent&quot;: false}, &quot;visibility&quot;: &quot;public&quot;, &quot;showOnPrint&quot;: true, &quot;showOnPrintMap&quot;: false, &quot;showOnElevation&quot;: false, &quot;cumulatedLocation&quot;: false, &quot;showOnPrintElevation&quot;: false, &quot;stickedDistanceInMeter&quot;: 200, &quot;showTextOnPrintElevation&quot;: false}"/>
      </extensions>
    </wpt>
    <wpt lat="47.838205" lon="-4.34278">
      <name>Signaleur (avec permis)</name>
      <sym>5</sym>
      <type>WPT</type>
      <extensions>
        <option option="{&quot;icon&quot;: {&quot;id&quot;: &quot;5&quot;, &quot;i18n&quot;: &quot;Signaleur (avec permis)&quot;, &quot;type&quot;: &quot;default&quot;, &quot;classes&quot;: &quot;&quot;, &quot;html_code&quot;: &quot;&amp;#x42&quot;}, &quot;type&quot;: &quot;default&quot;, &quot;color&quot;: &quot;#ffffff&quot;, &quot;title&quot;: &quot;Signaleur (avec permis)&quot;, &quot;bgColor&quot;: &quot;#009c41&quot;, &quot;content&quot;: &quot;&quot;, &quot;offsetX&quot;: 0, &quot;offsetY&quot;: 0, &quot;tooltip&quot;: {&quot;show&quot;: true, &quot;direction&quot;: &quot;top&quot;, &quot;permanent&quot;: false}, &quot;visibility&quot;: &quot;public&quot;, &quot;showOnPrint&quot;: true, &quot;showOnPrintMap&quot;: false, &quot;showOnElevation&quot;: false, &quot;cumulatedLocation&quot;: false, &quot;showOnPrintElevation&quot;: false, &quot;stickedDistanceInMeter&quot;: -1, &quot;showTextOnPrintElevation&quot;: false}"/>
      </extensions>
    </wpt>
    <wpt lat="47.838003" lon="-4.343144">
      <name>Signaleur (avec permis)</name>
      <sym>5</sym>
      <type>WPT</type>
      <extensions>
        <option option="{&quot;icon&quot;: {&quot;id&quot;: &quot;5&quot;, &quot;i18n&quot;: &quot;Signaleur (avec permis)&quot;, &quot;type&quot;: &quot;default&quot;, &quot;classes&quot;: &quot;&quot;, &quot;html_code&quot;: &quot;&amp;#x42&quot;}, &quot;type&quot;: &quot;default&quot;, &quot;color&quot;: &quot;#ffffff&quot;, &quot;title&quot;: &quot;Signaleur (avec permis)&quot;, &quot;bgColor&quot;: &quot;#009c41&quot;, &quot;content&quot;: &quot;&quot;, &quot;offsetX&quot;: 0, &quot;offsetY&quot;: 0, &quot;tooltip&quot;: {&quot;show&quot;: true, &quot;direction&quot;: &quot;top&quot;, &quot;permanent&quot;: false}, &quot;visibility&quot;: &quot;public&quot;, &quot;showOnPrint&quot;: true, &quot;showOnPrintMap&quot;: false, &quot;showOnElevation&quot;: false, &quot;cumulatedLocation&quot;: false, &quot;showOnPrintElevation&quot;: false, &quot;stickedDistanceInMeter&quot;: -1, &quot;showTextOnPrintElevation&quot;: false}"/>
      </extensions>
    </wpt>
    <wpt lat="47.837522" lon="-4.331779">
      <name>Signaleur (avec permis)</name>
      <sym>5</sym>
      <type>WPT</type>
      <extensions>
        <option option="{&quot;icon&quot;: {&quot;id&quot;: &quot;5&quot;, &quot;i18n&quot;: &quot;Signaleur (avec permis)&quot;, &quot;type&quot;: &quot;default&quot;, &quot;classes&quot;: &quot;&quot;, &quot;html_code&quot;: &quot;&amp;#x42&quot;}, &quot;type&quot;: &quot;default&quot;, &quot;color&quot;: &quot;#ffffff&quot;, &quot;title&quot;: &quot;Signaleur (avec permis)&quot;, &quot;bgColor&quot;: &quot;#009c41&quot;, &quot;content&quot;: &quot;&quot;, &quot;offsetX&quot;: 0, &quot;offsetY&quot;: 0, &quot;tooltip&quot;: {&quot;show&quot;: true, &quot;direction&quot;: &quot;top&quot;, &quot;permanent&quot;: false}, &quot;visibility&quot;: &quot;public&quot;, &quot;showOnPrint&quot;: true, &quot;showOnPrintMap&quot;: false, &quot;showOnElevation&quot;: false, &quot;cumulatedLocation&quot;: false, &quot;showOnPrintElevation&quot;: false, &quot;stickedDistanceInMeter&quot;: 1000, &quot;showTextOnPrintElevation&quot;: false}"/>
      </extensions>
    </wpt>
    <wpt lat="47.837465" lon="-4.335167">
      <name>Signaleur (avec permis)</name>
      <sym>5</sym>
      <type>WPT</type>
      <extensions>
        <option option="{&quot;icon&quot;: {&quot;id&quot;: &quot;5&quot;, &quot;i18n&quot;: &quot;Signaleur (avec permis)&quot;, &quot;type&quot;: &quot;default&quot;, &quot;classes&quot;: &quot;&quot;, &quot;html_code&quot;: &quot;&amp;#x42&quot;}, &quot;type&quot;: &quot;default&quot;, &quot;color&quot;: &quot;#ffffff&quot;, &quot;title&quot;: &quot;Signaleur (avec permis)&quot;, &quot;bgColor&quot;: &quot;#009c41&quot;, &quot;content&quot;: &quot;&quot;, &quot;offsetX&quot;: 0, &quot;offsetY&quot;: 0, &quot;tooltip&quot;: {&quot;show&quot;: true, &quot;direction&quot;: &quot;top&quot;, &quot;permanent&quot;: false}, &quot;visibility&quot;: &quot;public&quot;, &quot;showOnPrint&quot;: true, &quot;showOnPrintMap&quot;: false, &quot;showOnElevation&quot;: false, &quot;cumulatedLocation&quot;: false, &quot;showOnPrintElevation&quot;: false, &quot;stickedDistanceInMeter&quot;: 800, &quot;showTextOnPrintElevation&quot;: false}"/>
      </extensions>
    </wpt>
    <wpt lat="47.83754" lon="-4.32972">
      <name>Signaleur (avec permis)</name>
      <sym>5</sym>
      <type>WPT</type>
      <extensions>
        <option option="{&quot;icon&quot;: {&quot;id&quot;: &quot;5&quot;, &quot;i18n&quot;: &quot;Signaleur (avec permis)&quot;, &quot;type&quot;: &quot;default&quot;, &quot;classes&quot;: &quot;&quot;, &quot;html_code&quot;: &quot;&amp;#x42&quot;}, &quot;type&quot;: &quot;default&quot;, &quot;color&quot;: &quot;#ffffff&quot;, &quot;title&quot;: &quot;Signaleur (avec permis)&quot;, &quot;bgColor&quot;: &quot;#009c41&quot;, &quot;content&quot;: &quot;&quot;, &quot;offsetX&quot;: 0, &quot;offsetY&quot;: 0, &quot;tooltip&quot;: {&quot;show&quot;: true, &quot;direction&quot;: &quot;top&quot;, &quot;permanent&quot;: false}, &quot;visibility&quot;: &quot;public&quot;, &quot;showOnPrint&quot;: true, &quot;showOnPrintMap&quot;: false, &quot;showOnElevation&quot;: false, &quot;cumulatedLocation&quot;: false, &quot;showOnPrintElevation&quot;: false, &quot;stickedDistanceInMeter&quot;: 1200, &quot;showTextOnPrintElevation&quot;: false}"/>
      </extensions>
    </wpt>
    <wpt lat="47.83743" lon="-4.329926">
      <name>Signaleur (avec permis)</name>
      <sym>5</sym>
      <type>WPT</type>
      <extensions>
        <option option="{&quot;icon&quot;: {&quot;id&quot;: &quot;5&quot;, &quot;i18n&quot;: &quot;Signaleur (avec permis)&quot;, &quot;type&quot;: &quot;default&quot;, &quot;classes&quot;: &quot;&quot;, &quot;html_code&quot;: &quot;&amp;#x42&quot;}, &quot;type&quot;: &quot;default&quot;, &quot;color&quot;: &quot;#ffffff&quot;, &quot;title&quot;: &quot;Signaleur (avec permis)&quot;, &quot;bgColor&quot;: &quot;#009c41&quot;, &quot;content&quot;: &quot;&quot;, &quot;offsetX&quot;: 0, &quot;offsetY&quot;: 0, &quot;tooltip&quot;: {&quot;show&quot;: true, &quot;direction&quot;: &quot;top&quot;, &quot;permanent&quot;: false}, &quot;visibility&quot;: &quot;public&quot;, &quot;showOnPrint&quot;: true, &quot;showOnPrintMap&quot;: false, &quot;showOnElevation&quot;: false, &quot;cumulatedLocation&quot;: false, &quot;showOnPrintElevation&quot;: false, &quot;stickedDistanceInMeter&quot;: 1100, &quot;showTextOnPrintElevation&quot;: false}"/>
      </extensions>
    </wpt>
    <wpt lat="47.840784" lon="-4.326176">
      <name>Signaleur (avec permis)</name>
      <sym>5</sym>
      <type>WPT</type>
      <extensions>
        <option option="{&quot;icon&quot;: {&quot;id&quot;: &quot;5&quot;, &quot;i18n&quot;: &quot;Signaleur (avec permis)&quot;, &quot;type&quot;: &quot;default&quot;, &quot;classes&quot;: &quot;&quot;, &quot;html_code&quot;: &quot;&amp;#x42&quot;}, &quot;type&quot;: &quot;default&quot;, &quot;color&quot;: &quot;#ffffff&quot;, &quot;title&quot;: &quot;Signaleur (avec permis)&quot;, &quot;bgColor&quot;: &quot;#009c41&quot;, &quot;content&quot;: &quot;&quot;, &quot;offsetX&quot;: 0, &quot;offsetY&quot;: 0, &quot;tooltip&quot;: {&quot;show&quot;: true, &quot;direction&quot;: &quot;top&quot;, &quot;permanent&quot;: false}, &quot;visibility&quot;: &quot;public&quot;, &quot;showOnPrint&quot;: true, &quot;showOnPrintMap&quot;: false, &quot;showOnElevation&quot;: false, &quot;cumulatedLocation&quot;: false, &quot;showOnPrintElevation&quot;: false, &quot;stickedDistanceInMeter&quot;: -1, &quot;showTextOnPrintElevation&quot;: false}"/>
      </extensions>
    </wpt>
    <wpt lat="47.840909" lon="-4.32618">
      <name>Signaleur (avec permis)</name>
      <sym>5</sym>
      <type>WPT</type>
      <extensions>
        <option option="{&quot;icon&quot;: {&quot;id&quot;: &quot;5&quot;, &quot;i18n&quot;: &quot;Signaleur (avec permis)&quot;, &quot;type&quot;: &quot;default&quot;, &quot;classes&quot;: &quot;&quot;, &quot;html_code&quot;: &quot;&amp;#x42&quot;}, &quot;type&quot;: &quot;default&quot;, &quot;color&quot;: &quot;#ffffff&quot;, &quot;title&quot;: &quot;Signaleur (avec permis)&quot;, &quot;bgColor&quot;: &quot;#009c41&quot;, &quot;content&quot;: &quot;&quot;, &quot;offsetX&quot;: 0, &quot;offsetY&quot;: 0, &quot;tooltip&quot;: {&quot;show&quot;: true, &quot;direction&quot;: &quot;top&quot;, &quot;permanent&quot;: false}, &quot;visibility&quot;: &quot;public&quot;, &quot;showOnPrint&quot;: true, &quot;showOnPrintMap&quot;: false, &quot;showOnElevation&quot;: false, &quot;cumulatedLocation&quot;: false, &quot;showOnPrintElevation&quot;: false, &quot;stickedDistanceInMeter&quot;: 1600, &quot;showTextOnPrintElevation&quot;: false}"/>
      </extensions>
    </wpt>
    <wpt lat="47.851694" lon="-4.327361">
      <name>Signaleur (avec permis)</name>
      <sym>5</sym>
      <type>WPT</type>
      <extensions>
        <option option="{&quot;icon&quot;: {&quot;id&quot;: &quot;5&quot;, &quot;i18n&quot;: &quot;Signaleur (avec permis)&quot;, &quot;type&quot;: &quot;default&quot;, &quot;classes&quot;: &quot;&quot;, &quot;html_code&quot;: &quot;&amp;#x42&quot;}, &quot;type&quot;: &quot;default&quot;, &quot;color&quot;: &quot;#ffffff&quot;, &quot;title&quot;: &quot;Signaleur (avec permis)&quot;, &quot;bgColor&quot;: &quot;#009c41&quot;, &quot;content&quot;: &quot;&quot;, &quot;offsetX&quot;: 0, &quot;offsetY&quot;: 0, &quot;tooltip&quot;: {&quot;show&quot;: true, &quot;direction&quot;: &quot;top&quot;, &quot;permanent&quot;: false}, &quot;visibility&quot;: &quot;public&quot;, &quot;showOnPrint&quot;: true, &quot;showOnPrintMap&quot;: false, &quot;showOnElevation&quot;: false, &quot;cumulatedLocation&quot;: false, &quot;showOnPrintElevation&quot;: false, &quot;stickedDistanceInMeter&quot;: -1, &quot;showTextOnPrintElevation&quot;: false}"/>
      </extensions>
    </wpt>
    <wpt lat="47.856528" lon="-4.328645">
      <name>Signaleur (avec permis)</name>
      <sym>5</sym>
      <type>WPT</type>
      <extensions>
        <option option="{&quot;icon&quot;: {&quot;id&quot;: &quot;5&quot;, &quot;i18n&quot;: &quot;Signaleur (avec permis)&quot;, &quot;type&quot;: &quot;default&quot;, &quot;classes&quot;: &quot;&quot;, &quot;html_code&quot;: &quot;&amp;#x42&quot;}, &quot;type&quot;: &quot;default&quot;, &quot;color&quot;: &quot;#ffffff&quot;, &quot;title&quot;: &quot;Signaleur (avec permis)&quot;, &quot;bgColor&quot;: &quot;#009c41&quot;, &quot;content&quot;: &quot;&quot;, &quot;offsetX&quot;: 0, &quot;offsetY&quot;: 0, &quot;tooltip&quot;: {&quot;show&quot;: true, &quot;direction&quot;: &quot;top&quot;, &quot;permanent&quot;: false}, &quot;visibility&quot;: &quot;public&quot;, &quot;showOnPrint&quot;: true, &quot;showOnPrintMap&quot;: false, &quot;showOnElevation&quot;: false, &quot;cumulatedLocation&quot;: false, &quot;showOnPrintElevation&quot;: false, &quot;stickedDistanceInMeter&quot;: -1, &quot;showTextOnPrintElevation&quot;: false}"/>
      </extensions>
    </wpt>
    <wpt lat="47.857536" lon="-4.327465">
      <name>Signaleur (avec permis)</name>
      <sym>5</sym>
      <type>WPT</type>
      <extensions>
        <option option="{&quot;icon&quot;: {&quot;id&quot;: &quot;5&quot;, &quot;i18n&quot;: &quot;Signaleur (avec permis)&quot;, &quot;type&quot;: &quot;default&quot;, &quot;classes&quot;: &quot;&quot;, &quot;html_code&quot;: &quot;&amp;#x42&quot;}, &quot;type&quot;: &quot;default&quot;, &quot;color&quot;: &quot;#ffffff&quot;, &quot;title&quot;: &quot;Signaleur (avec permis)&quot;, &quot;bgColor&quot;: &quot;#009c41&quot;, &quot;content&quot;: &quot;&quot;, &quot;offsetX&quot;: 0, &quot;offsetY&quot;: 0, &quot;tooltip&quot;: {&quot;show&quot;: true, &quot;direction&quot;: &quot;top&quot;, &quot;permanent&quot;: false}, &quot;visibility&quot;: &quot;public&quot;, &quot;showOnPrint&quot;: true, &quot;showOnPrintMap&quot;: false, &quot;showOnElevation&quot;: false, &quot;cumulatedLocation&quot;: false, &quot;showOnPrintElevation&quot;: false, &quot;stickedDistanceInMeter&quot;: -1, &quot;showTextOnPrintElevation&quot;: false}"/>
      </extensions>
    </wpt>
    <wpt lat="47.857377" lon="-4.327594">
      <name>Signaleur (avec permis)</name>
      <sym>5</sym>
      <type>WPT</type>
      <extensions>
        <option option="{&quot;icon&quot;: {&quot;id&quot;: &quot;5&quot;, &quot;i18n&quot;: &quot;Signaleur (avec permis)&quot;, &quot;type&quot;: &quot;default&quot;, &quot;classes&quot;: &quot;&quot;, &quot;html_code&quot;: &quot;&amp;#x42&quot;}, &quot;type&quot;: &quot;default&quot;, &quot;color&quot;: &quot;#ffffff&quot;, &quot;title&quot;: &quot;Signaleur (avec permis)&quot;, &quot;bgColor&quot;: &quot;#009c41&quot;, &quot;content&quot;: &quot;&quot;, &quot;offsetX&quot;: 0, &quot;offsetY&quot;: 0, &quot;tooltip&quot;: {&quot;show&quot;: true, &quot;direction&quot;: &quot;top&quot;, &quot;permanent&quot;: false}, &quot;visibility&quot;: &quot;public&quot;, &quot;showOnPrint&quot;: true, &quot;showOnPrintMap&quot;: false, &quot;showOnElevation&quot;: false, &quot;cumulatedLocation&quot;: false, &quot;showOnPrintElevation&quot;: false, &quot;stickedDistanceInMeter&quot;: -1, &quot;showTextOnPrintElevation&quot;: false}"/>
      </extensions>
    </wpt>
    <wpt lat="47.866676" lon="-4.322622">
      <name>Signaleur (avec permis)</name>
      <sym>5</sym>
      <type>WPT</type>
      <extensions>
        <option option="{&quot;icon&quot;: {&quot;id&quot;: &quot;5&quot;, &quot;i18n&quot;: &quot;Signaleur (avec permis)&quot;, &quot;type&quot;: &quot;default&quot;, &quot;classes&quot;: &quot;&quot;, &quot;html_code&quot;: &quot;&amp;#x42&quot;}, &quot;type&quot;: &quot;default&quot;, &quot;color&quot;: &quot;#ffffff&quot;, &quot;title&quot;: &quot;Signaleur (avec permis)&quot;, &quot;bgColor&quot;: &quot;#009c41&quot;, &quot;content&quot;: &quot;&quot;, &quot;offsetX&quot;: 0, &quot;offsetY&quot;: 0, &quot;tooltip&quot;: {&quot;show&quot;: true, &quot;direction&quot;: &quot;top&quot;, &quot;permanent&quot;: false}, &quot;visibility&quot;: &quot;public&quot;, &quot;showOnPrint&quot;: true, &quot;showOnPrintMap&quot;: false, &quot;showOnElevation&quot;: false, &quot;cumulatedLocation&quot;: false, &quot;showOnPrintElevation&quot;: false, &quot;stickedDistanceInMeter&quot;: 4600, &quot;showTextOnPrintElevation&quot;: false}"/>
      </extensions>
    </wpt>
    <wpt lat="47.866586" lon="-4.322631">
      <name>Signaleur (avec permis)</name>
      <sym>5</sym>
      <type>WPT</type>
      <extensions>
        <option option="{&quot;icon&quot;: {&quot;id&quot;: &quot;5&quot;, &quot;i18n&quot;: &quot;Signaleur (avec permis)&quot;, &quot;type&quot;: &quot;default&quot;, &quot;classes&quot;: &quot;&quot;, &quot;html_code&quot;: &quot;&amp;#x42&quot;}, &quot;type&quot;: &quot;default&quot;, &quot;color&quot;: &quot;#ffffff&quot;, &quot;title&quot;: &quot;Signaleur (avec permis)&quot;, &quot;bgColor&quot;: &quot;#009c41&quot;, &quot;content&quot;: &quot;&quot;, &quot;offsetX&quot;: 0, &quot;offsetY&quot;: 0, &quot;tooltip&quot;: {&quot;show&quot;: true, &quot;direction&quot;: &quot;top&quot;, &quot;permanent&quot;: false}, &quot;visibility&quot;: &quot;public&quot;, &quot;showOnPrint&quot;: true, &quot;showOnPrintMap&quot;: false, &quot;showOnElevation&quot;: false, &quot;cumulatedLocation&quot;: false, &quot;showOnPrintElevation&quot;: false, &quot;stickedDistanceInMeter&quot;: 4600, &quot;showTextOnPrintElevation&quot;: false}"/>
      </extensions>
    </wpt>
    <wpt lat="47.86828" lon="-4.323442">
      <name>Signaleur (avec permis)</name>
      <sym>5</sym>
      <type>WPT</type>
      <extensions>
        <option option="{&quot;icon&quot;: {&quot;id&quot;: &quot;5&quot;, &quot;i18n&quot;: &quot;Signaleur (avec permis)&quot;, &quot;type&quot;: &quot;default&quot;, &quot;classes&quot;: &quot;&quot;, &quot;html_code&quot;: &quot;&amp;#x42&quot;}, &quot;type&quot;: &quot;default&quot;, &quot;color&quot;: &quot;#ffffff&quot;, &quot;title&quot;: &quot;Signaleur (avec permis)&quot;, &quot;bgColor&quot;: &quot;#009c41&quot;, &quot;content&quot;: &quot;&quot;, &quot;offsetX&quot;: 0, &quot;offsetY&quot;: 0, &quot;tooltip&quot;: {&quot;show&quot;: true, &quot;direction&quot;: &quot;top&quot;, &quot;permanent&quot;: false}, &quot;visibility&quot;: &quot;public&quot;, &quot;showOnPrint&quot;: true, &quot;showOnPrintMap&quot;: false, &quot;showOnElevation&quot;: false, &quot;cumulatedLocation&quot;: false, &quot;showOnPrintElevation&quot;: false, &quot;stickedDistanceInMeter&quot;: -1, &quot;showTextOnPrintElevation&quot;: false}"/>
      </extensions>
    </wpt>
    <wpt lat="47.868079" lon="-4.323228">
      <name>Signaleur (avec permis)</name>
      <sym>5</sym>
      <type>WPT</type>
      <extensions>
        <option option="{&quot;icon&quot;: {&quot;id&quot;: &quot;5&quot;, &quot;i18n&quot;: &quot;Signaleur (avec permis)&quot;, &quot;type&quot;: &quot;default&quot;, &quot;classes&quot;: &quot;&quot;, &quot;html_code&quot;: &quot;&amp;#x42&quot;}, &quot;type&quot;: &quot;default&quot;, &quot;color&quot;: &quot;#ffffff&quot;, &quot;title&quot;: &quot;Signaleur (avec permis)&quot;, &quot;bgColor&quot;: &quot;#009c41&quot;, &quot;content&quot;: &quot;&quot;, &quot;offsetX&quot;: 0, &quot;offsetY&quot;: 0, &quot;tooltip&quot;: {&quot;show&quot;: true, &quot;direction&quot;: &quot;top&quot;, &quot;permanent&quot;: false}, &quot;visibility&quot;: &quot;public&quot;, &quot;showOnPrint&quot;: true, &quot;showOnPrintMap&quot;: false, &quot;showOnElevation&quot;: false, &quot;cumulatedLocation&quot;: false, &quot;showOnPrintElevation&quot;: false, &quot;stickedDistanceInMeter&quot;: -1, &quot;showTextOnPrintElevation&quot;: false}"/>
      </extensions>
    </wpt>
    <wpt lat="47.868097" lon="-4.326815">
      <name>Ravitaillement</name>
      <sym>3</sym>
      <type>WPT</type>
      <extensions>
        <option option="{&quot;icon&quot;: {&quot;id&quot;: &quot;3&quot;, &quot;i18n&quot;: &quot;Ravitaillement&quot;, &quot;type&quot;: &quot;default&quot;, &quot;classes&quot;: &quot;&quot;, &quot;html_code&quot;: &quot;&amp;#x55&quot;}, &quot;type&quot;: &quot;default&quot;, &quot;color&quot;: &quot;#ffffff&quot;, &quot;title&quot;: &quot;Ravitaillement&quot;, &quot;bgColor&quot;: &quot;#0077c0&quot;, &quot;content&quot;: &quot;&quot;, &quot;offsetX&quot;: 0, &quot;offsetY&quot;: 0, &quot;tooltip&quot;: {&quot;show&quot;: true, &quot;direction&quot;: &quot;top&quot;, &quot;permanent&quot;: false}, &quot;visibility&quot;: &quot;public&quot;, &quot;showOnPrint&quot;: true, &quot;showOnPrintMap&quot;: false, &quot;showOnElevation&quot;: false, &quot;cumulatedLocation&quot;: false, &quot;showOnPrintElevation&quot;: false, &quot;stickedDistanceInMeter&quot;: -1, &quot;showTextOnPrintElevation&quot;: false}"/>
      </extensions>
    </wpt>
    <wpt lat="47.8668" lon="-4.32953">
      <name>Signaleur (avec permis)</name>
      <sym>5</sym>
      <type>WPT</type>
      <extensions>
        <option option="{&quot;icon&quot;: {&quot;id&quot;: &quot;5&quot;, &quot;i18n&quot;: &quot;Signaleur (avec permis)&quot;, &quot;type&quot;: &quot;default&quot;, &quot;classes&quot;: &quot;&quot;, &quot;html_code&quot;: &quot;&amp;#x42&quot;}, &quot;type&quot;: &quot;default&quot;, &quot;color&quot;: &quot;#ffffff&quot;, &quot;title&quot;: &quot;Signaleur (avec permis)&quot;, &quot;bgColor&quot;: &quot;#009c41&quot;, &quot;content&quot;: &quot;&quot;, &quot;offsetX&quot;: 0, &quot;offsetY&quot;: 0, &quot;tooltip&quot;: {&quot;show&quot;: true, &quot;direction&quot;: &quot;top&quot;, &quot;permanent&quot;: false}, &quot;visibility&quot;: &quot;public&quot;, &quot;showOnPrint&quot;: true, &quot;showOnPrintMap&quot;: false, &quot;showOnElevation&quot;: false, &quot;cumulatedLocation&quot;: false, &quot;showOnPrintElevation&quot;: false, &quot;stickedDistanceInMeter&quot;: 5300, &quot;showTextOnPrintElevation&quot;: false}"/>
      </extensions>
    </wpt>
    <wpt lat="47.878351" lon="-4.338151">
      <name>Signaleur (avec permis)</name>
      <sym>5</sym>
      <type>WPT</type>
      <extensions>
        <option option="{&quot;icon&quot;: {&quot;id&quot;: &quot;5&quot;, &quot;i18n&quot;: &quot;Signaleur (avec permis)&quot;, &quot;type&quot;: &quot;default&quot;, &quot;classes&quot;: &quot;&quot;, &quot;html_code&quot;: &quot;&amp;#x42&quot;}, &quot;type&quot;: &quot;default&quot;, &quot;color&quot;: &quot;#ffffff&quot;, &quot;title&quot;: &quot;Signaleur (avec permis)&quot;, &quot;bgColor&quot;: &quot;#009c41&quot;, &quot;content&quot;: &quot;&quot;, &quot;offsetX&quot;: 0, &quot;offsetY&quot;: 0, &quot;tooltip&quot;: {&quot;show&quot;: true, &quot;direction&quot;: &quot;top&quot;, &quot;permanent&quot;: false}, &quot;visibility&quot;: &quot;public&quot;, &quot;showOnPrint&quot;: true, &quot;showOnPrintMap&quot;: false, &quot;showOnElevation&quot;: false, &quot;cumulatedLocation&quot;: false, &quot;showOnPrintElevation&quot;: false, &quot;stickedDistanceInMeter&quot;: -1, &quot;showTextOnPrintElevation&quot;: false}"/>
      </extensions>
    </wpt>
    <wpt lat="47.87812" lon="-4.338108">
      <name>Signaleur (avec permis)</name>
      <sym>5</sym>
      <type>WPT</type>
      <extensions>
        <option option="{&quot;icon&quot;: {&quot;id&quot;: &quot;5&quot;, &quot;i18n&quot;: &quot;Signaleur (avec permis)&quot;, &quot;type&quot;: &quot;default&quot;, &quot;classes&quot;: &quot;&quot;, &quot;html_code&quot;: &quot;&amp;#x42&quot;}, &quot;type&quot;: &quot;default&quot;, &quot;color&quot;: &quot;#ffffff&quot;, &quot;title&quot;: &quot;Signaleur (avec permis)&quot;, &quot;bgColor&quot;: &quot;#009c41&quot;, &quot;content&quot;: &quot;&quot;, &quot;offsetX&quot;: 0, &quot;offsetY&quot;: 0, &quot;tooltip&quot;: {&quot;show&quot;: true, &quot;direction&quot;: &quot;top&quot;, &quot;permanent&quot;: false}, &quot;visibility&quot;: &quot;public&quot;, &quot;showOnPrint&quot;: true, &quot;showOnPrintMap&quot;: false, &quot;showOnElevation&quot;: false, &quot;cumulatedLocation&quot;: false, &quot;showOnPrintElevation&quot;: false, &quot;stickedDistanceInMeter&quot;: -1, &quot;showTextOnPrintElevation&quot;: false}"/>
      </extensions>
    </wpt>
    <wpt lat="47.883219" lon="-4.339854">
      <name>Signaleur (avec permis)</name>
      <sym>5</sym>
      <type>WPT</type>
      <extensions>
        <option option="{&quot;icon&quot;: {&quot;id&quot;: &quot;5&quot;, &quot;i18n&quot;: &quot;Signaleur (avec permis)&quot;, &quot;type&quot;: &quot;default&quot;, &quot;classes&quot;: &quot;&quot;, &quot;html_code&quot;: &quot;&amp;#x42&quot;}, &quot;type&quot;: &quot;default&quot;, &quot;color&quot;: &quot;#ffffff&quot;, &quot;title&quot;: &quot;Signaleur (avec permis)&quot;, &quot;bgColor&quot;: &quot;#009c41&quot;, &quot;content&quot;: &quot;&quot;, &quot;offsetX&quot;: 0, &quot;offsetY&quot;: 0, &quot;tooltip&quot;: {&quot;show&quot;: true, &quot;direction&quot;: &quot;top&quot;, &quot;permanent&quot;: false}, &quot;visibility&quot;: &quot;public&quot;, &quot;showOnPrint&quot;: true, &quot;showOnPrintMap&quot;: false, &quot;showOnElevation&quot;: false, &quot;cumulatedLocation&quot;: false, &quot;showOnPrintElevation&quot;: false, &quot;stickedDistanceInMeter&quot;: -1, &quot;showTextOnPrintElevation&quot;: false}"/>
      </extensions>
    </wpt>
    <wpt lat="47.882989" lon="-4.339875">
      <name>Signaleur (avec permis)</name>
      <sym>5</sym>
      <type>WPT</type>
      <extensions>
        <option option="{&quot;icon&quot;: {&quot;id&quot;: &quot;5&quot;, &quot;i18n&quot;: &quot;Signaleur (avec permis)&quot;, &quot;type&quot;: &quot;default&quot;, &quot;classes&quot;: &quot;&quot;, &quot;html_code&quot;: &quot;&amp;#x42&quot;}, &quot;type&quot;: &quot;default&quot;, &quot;color&quot;: &quot;#ffffff&quot;, &quot;title&quot;: &quot;Signaleur (avec permis)&quot;, &quot;bgColor&quot;: &quot;#009c41&quot;, &quot;content&quot;: &quot;&quot;, &quot;offsetX&quot;: 0, &quot;offsetY&quot;: 0, &quot;tooltip&quot;: {&quot;show&quot;: true, &quot;direction&quot;: &quot;top&quot;, &quot;permanent&quot;: false}, &quot;visibility&quot;: &quot;public&quot;, &quot;showOnPrint&quot;: true, &quot;showOnPrintMap&quot;: false, &quot;showOnElevation&quot;: false, &quot;cumulatedLocation&quot;: false, &quot;showOnPrintElevation&quot;: false, &quot;stickedDistanceInMeter&quot;: -1, &quot;showTextOnPrintElevation&quot;: false}"/>
      </extensions>
    </wpt>
    <wpt lat="47.886445" lon="-4.338328">
      <name>Signaleur (avec permis)</name>
      <sym>5</sym>
      <type>WPT</type>
      <extensions>
        <option option="{&quot;icon&quot;: {&quot;id&quot;: &quot;5&quot;, &quot;i18n&quot;: &quot;Signaleur (avec permis)&quot;, &quot;type&quot;: &quot;default&quot;, &quot;classes&quot;: &quot;&quot;, &quot;html_code&quot;: &quot;&amp;#x42&quot;}, &quot;type&quot;: &quot;default&quot;, &quot;color&quot;: &quot;#ffffff&quot;, &quot;title&quot;: &quot;Signaleur (avec permis)&quot;, &quot;bgColor&quot;: &quot;#009c41&quot;, &quot;content&quot;: &quot;&quot;, &quot;offsetX&quot;: 0, &quot;offsetY&quot;: 0, &quot;tooltip&quot;: {&quot;show&quot;: true, &quot;direction&quot;: &quot;top&quot;, &quot;permanent&quot;: false}, &quot;visibility&quot;: &quot;public&quot;, &quot;showOnPrint&quot;: true, &quot;showOnPrintMap&quot;: false, &quot;showOnElevation&quot;: false, &quot;cumulatedLocation&quot;: false, &quot;showOnPrintElevation&quot;: false, &quot;stickedDistanceInMeter&quot;: -1, &quot;showTextOnPrintElevation&quot;: false}"/>
      </extensions>
    </wpt>
    <wpt lat="47.886675" lon="-4.33747">
      <name>Signaleur (avec permis)</name>
      <sym>5</sym>
      <type>WPT</type>
      <extensions>
        <option option="{&quot;icon&quot;: {&quot;id&quot;: &quot;5&quot;, &quot;i18n&quot;: &quot;Signaleur (avec permis)&quot;, &quot;type&quot;: &quot;default&quot;, &quot;classes&quot;: &quot;&quot;, &quot;html_code&quot;: &quot;&amp;#x42&quot;}, &quot;type&quot;: &quot;default&quot;, &quot;color&quot;: &quot;#ffffff&quot;, &quot;title&quot;: &quot;Signaleur (avec permis)&quot;, &quot;bgColor&quot;: &quot;#009c41&quot;, &quot;content&quot;: &quot;&quot;, &quot;offsetX&quot;: 0, &quot;offsetY&quot;: 0, &quot;tooltip&quot;: {&quot;show&quot;: true, &quot;direction&quot;: &quot;top&quot;, &quot;permanent&quot;: false}, &quot;visibility&quot;: &quot;public&quot;, &quot;showOnPrint&quot;: true, &quot;showOnPrintMap&quot;: false, &quot;showOnElevation&quot;: false, &quot;cumulatedLocation&quot;: false, &quot;showOnPrintElevation&quot;: false, &quot;stickedDistanceInMeter&quot;: -1, &quot;showTextOnPrintElevation&quot;: false}"/>
      </extensions>
    </wpt>
    <wpt lat="47.89113" lon="-4.333377">
      <name>Signaleur (avec permis)</name>
      <sym>5</sym>
      <type>WPT</type>
      <extensions>
        <option option="{&quot;icon&quot;: {&quot;id&quot;: &quot;5&quot;, &quot;i18n&quot;: &quot;Signaleur (avec permis)&quot;, &quot;type&quot;: &quot;default&quot;, &quot;classes&quot;: &quot;&quot;, &quot;html_code&quot;: &quot;&amp;#x42&quot;}, &quot;type&quot;: &quot;default&quot;, &quot;color&quot;: &quot;#ffffff&quot;, &quot;title&quot;: &quot;Signaleur (avec permis)&quot;, &quot;bgColor&quot;: &quot;#009c41&quot;, &quot;content&quot;: &quot;&quot;, &quot;offsetX&quot;: 0, &quot;offsetY&quot;: 0, &quot;tooltip&quot;: {&quot;show&quot;: true, &quot;direction&quot;: &quot;top&quot;, &quot;permanent&quot;: false}, &quot;visibility&quot;: &quot;public&quot;, &quot;showOnPrint&quot;: true, &quot;showOnPrintMap&quot;: false, &quot;showOnElevation&quot;: false, &quot;cumulatedLocation&quot;: false, &quot;showOnPrintElevation&quot;: false, &quot;stickedDistanceInMeter&quot;: -1, &quot;showTextOnPrintElevation&quot;: false}"/>
      </extensions>
    </wpt>
    <wpt lat="47.891029" lon="-4.333077">
      <name>Signaleur (avec permis)</name>
      <sym>5</sym>
      <type>WPT</type>
      <extensions>
        <option option="{&quot;icon&quot;: {&quot;id&quot;: &quot;5&quot;, &quot;i18n&quot;: &quot;Signaleur (avec permis)&quot;, &quot;type&quot;: &quot;default&quot;, &quot;classes&quot;: &quot;&quot;, &quot;html_code&quot;: &quot;&amp;#x42&quot;}, &quot;type&quot;: &quot;default&quot;, &quot;color&quot;: &quot;#ffffff&quot;, &quot;title&quot;: &quot;Signaleur (avec permis)&quot;, &quot;bgColor&quot;: &quot;#009c41&quot;, &quot;content&quot;: &quot;&quot;, &quot;offsetX&quot;: 0, &quot;offsetY&quot;: 0, &quot;tooltip&quot;: {&quot;show&quot;: true, &quot;direction&quot;: &quot;top&quot;, &quot;permanent&quot;: false}, &quot;visibility&quot;: &quot;public&quot;, &quot;showOnPrint&quot;: true, &quot;showOnPrintMap&quot;: false, &quot;showOnElevation&quot;: false, &quot;cumulatedLocation&quot;: false, &quot;showOnPrintElevation&quot;: false, &quot;stickedDistanceInMeter&quot;: -1, &quot;showTextOnPrintElevation&quot;: false}"/>
      </extensions>
    </wpt>
    <wpt lat="47.888426" lon="-4.328975">
      <name>Signaleur (avec permis)</name>
      <sym>5</sym>
      <type>WPT</type>
      <extensions>
        <option option="{&quot;icon&quot;: {&quot;id&quot;: &quot;5&quot;, &quot;i18n&quot;: &quot;Signaleur (avec permis)&quot;, &quot;type&quot;: &quot;default&quot;, &quot;classes&quot;: &quot;&quot;, &quot;html_code&quot;: &quot;&amp;#x42&quot;}, &quot;type&quot;: &quot;default&quot;, &quot;color&quot;: &quot;#ffffff&quot;, &quot;title&quot;: &quot;Signaleur (avec permis)&quot;, &quot;bgColor&quot;: &quot;#009c41&quot;, &quot;content&quot;: &quot;&quot;, &quot;offsetX&quot;: 0, &quot;offsetY&quot;: 0, &quot;tooltip&quot;: {&quot;show&quot;: true, &quot;direction&quot;: &quot;top&quot;, &quot;permanent&quot;: false}, &quot;visibility&quot;: &quot;public&quot;, &quot;showOnPrint&quot;: true, &quot;showOnPrintMap&quot;: false, &quot;showOnElevation&quot;: false, &quot;cumulatedLocation&quot;: false, &quot;showOnPrintElevation&quot;: false, &quot;stickedDistanceInMeter&quot;: -1, &quot;showTextOnPrintElevation&quot;: false}"/>
      </extensions>
    </wpt>
    <wpt lat="47.88857" lon="-4.328653">
      <name>Signaleur (avec permis)</name>
      <sym>5</sym>
      <type>WPT</type>
      <extensions>
        <option option="{&quot;icon&quot;: {&quot;id&quot;: &quot;5&quot;, &quot;i18n&quot;: &quot;Signaleur (avec permis)&quot;, &quot;type&quot;: &quot;default&quot;, &quot;classes&quot;: &quot;&quot;, &quot;html_code&quot;: &quot;&amp;#x42&quot;}, &quot;type&quot;: &quot;default&quot;, &quot;color&quot;: &quot;#ffffff&quot;, &quot;title&quot;: &quot;Signaleur (avec permis)&quot;, &quot;bgColor&quot;: &quot;#009c41&quot;, &quot;content&quot;: &quot;&quot;, &quot;offsetX&quot;: 0, &quot;offsetY&quot;: 0, &quot;tooltip&quot;: {&quot;show&quot;: true, &quot;direction&quot;: &quot;top&quot;, &quot;permanent&quot;: false}, &quot;visibility&quot;: &quot;public&quot;, &quot;showOnPrint&quot;: true, &quot;showOnPrintMap&quot;: false, &quot;showOnElevation&quot;: false, &quot;cumulatedLocation&quot;: false, &quot;showOnPrintElevation&quot;: false, &quot;stickedDistanceInMeter&quot;: -1, &quot;showTextOnPrintElevation&quot;: false}"/>
      </extensions>
    </wpt>
    <wpt lat="47.891119" lon="-4.323476">
      <name>Ravitaillement</name>
      <sym>3</sym>
      <type>WPT</type>
      <extensions>
        <option option="{&quot;icon&quot;: {&quot;id&quot;: &quot;3&quot;, &quot;i18n&quot;: &quot;Ravitaillement&quot;, &quot;type&quot;: &quot;default&quot;, &quot;classes&quot;: &quot;&quot;, &quot;html_code&quot;: &quot;&amp;#x55&quot;}, &quot;type&quot;: &quot;default&quot;, &quot;color&quot;: &quot;#ffffff&quot;, &quot;title&quot;: &quot;Ravitaillement&quot;, &quot;bgColor&quot;: &quot;#22a7f0&quot;, &quot;content&quot;: &quot;&quot;, &quot;offsetX&quot;: 0, &quot;offsetY&quot;: 0, &quot;tooltip&quot;: {&quot;show&quot;: true, &quot;direction&quot;: &quot;top&quot;, &quot;permanent&quot;: false}, &quot;visibility&quot;: &quot;public&quot;, &quot;showOnPrint&quot;: true, &quot;showOnPrintMap&quot;: false, &quot;showOnElevation&quot;: false, &quot;cumulatedLocation&quot;: false, &quot;showOnPrintElevation&quot;: false, &quot;stickedDistanceInMeter&quot;: 10000, &quot;showTextOnPrintElevation&quot;: false}"/>
      </extensions>
    </wpt>
    <wpt lat="47.890522" lon="-4.321711">
      <name>Signaleur (avec permis)</name>
      <sym>5</sym>
      <type>WPT</type>
      <extensions>
        <option option="{&quot;icon&quot;: {&quot;id&quot;: &quot;5&quot;, &quot;i18n&quot;: &quot;Signaleur (avec permis)&quot;, &quot;type&quot;: &quot;default&quot;, &quot;classes&quot;: &quot;&quot;, &quot;html_code&quot;: &quot;&amp;#x42&quot;}, &quot;type&quot;: &quot;default&quot;, &quot;color&quot;: &quot;#ffffff&quot;, &quot;title&quot;: &quot;Signaleur (avec permis)&quot;, &quot;bgColor&quot;: &quot;#009c41&quot;, &quot;content&quot;: &quot;&quot;, &quot;offsetX&quot;: 0, &quot;offsetY&quot;: 0, &quot;tooltip&quot;: {&quot;show&quot;: true, &quot;direction&quot;: &quot;top&quot;, &quot;permanent&quot;: false}, &quot;visibility&quot;: &quot;public&quot;, &quot;showOnPrint&quot;: true, &quot;showOnPrintMap&quot;: false, &quot;showOnElevation&quot;: false, &quot;cumulatedLocation&quot;: false, &quot;showOnPrintElevation&quot;: false, &quot;stickedDistanceInMeter&quot;: -1, &quot;showTextOnPrintElevation&quot;: false}"/>
      </extensions>
    </wpt>
    <wpt lat="47.890709" lon="-4.321346">
      <name>Signaleur (avec permis)</name>
      <sym>5</sym>
      <type>WPT</type>
      <extensions>
        <option option="{&quot;icon&quot;: {&quot;id&quot;: &quot;5&quot;, &quot;i18n&quot;: &quot;Signaleur (avec permis)&quot;, &quot;type&quot;: &quot;default&quot;, &quot;classes&quot;: &quot;&quot;, &quot;html_code&quot;: &quot;&amp;#x42&quot;}, &quot;type&quot;: &quot;default&quot;, &quot;color&quot;: &quot;#ffffff&quot;, &quot;title&quot;: &quot;Signaleur (avec permis)&quot;, &quot;bgColor&quot;: &quot;#009c41&quot;, &quot;content&quot;: &quot;&quot;, &quot;offsetX&quot;: 0, &quot;offsetY&quot;: 0, &quot;tooltip&quot;: {&quot;show&quot;: true, &quot;direction&quot;: &quot;top&quot;, &quot;permanent&quot;: false}, &quot;visibility&quot;: &quot;public&quot;, &quot;showOnPrint&quot;: true, &quot;showOnPrintMap&quot;: false, &quot;showOnElevation&quot;: false, &quot;cumulatedLocation&quot;: false, &quot;showOnPrintElevation&quot;: false, &quot;stickedDistanceInMeter&quot;: -1, &quot;showTextOnPrintElevation&quot;: false}"/>
      </extensions>
    </wpt>
    <wpt lat="47.8922" lon="-4.3151">
      <name>Signaleur (avec permis)</name>
      <sym>5</sym>
      <type>WPT</type>
      <extensions>
        <option option="{&quot;icon&quot;: {&quot;id&quot;: &quot;5&quot;, &quot;i18n&quot;: &quot;Signaleur (avec permis)&quot;, &quot;type&quot;: &quot;default&quot;, &quot;classes&quot;: &quot;&quot;, &quot;html_code&quot;: &quot;&amp;#x42&quot;}, &quot;type&quot;: &quot;default&quot;, &quot;color&quot;: &quot;#ffffff&quot;, &quot;title&quot;: &quot;Signaleur (avec permis)&quot;, &quot;bgColor&quot;: &quot;#009c41&quot;, &quot;content&quot;: &quot;&quot;, &quot;offsetX&quot;: 0, &quot;offsetY&quot;: 0, &quot;tooltip&quot;: {&quot;show&quot;: true, &quot;direction&quot;: &quot;top&quot;, &quot;permanent&quot;: false}, &quot;visibility&quot;: &quot;public&quot;, &quot;showOnPrint&quot;: true, &quot;showOnPrintMap&quot;: false, &quot;showOnElevation&quot;: false, &quot;cumulatedLocation&quot;: false, &quot;showOnPrintElevation&quot;: false, &quot;stickedDistanceInMeter&quot;: 10800, &quot;showTextOnPrintElevation&quot;: false}"/>
      </extensions>
    </wpt>
    <wpt lat="47.891814" lon="-4.314959">
      <name>Signaleur (avec permis)</name>
      <sym>5</sym>
      <type>WPT</type>
      <extensions>
        <option option="{&quot;icon&quot;: {&quot;id&quot;: &quot;5&quot;, &quot;i18n&quot;: &quot;Signaleur (avec permis)&quot;, &quot;type&quot;: &quot;default&quot;, &quot;classes&quot;: &quot;&quot;, &quot;html_code&quot;: &quot;&amp;#x42&quot;}, &quot;type&quot;: &quot;default&quot;, &quot;color&quot;: &quot;#ffffff&quot;, &quot;title&quot;: &quot;Signaleur (avec permis)&quot;, &quot;bgColor&quot;: &quot;#009c41&quot;, &quot;content&quot;: &quot;&quot;, &quot;offsetX&quot;: 0, &quot;offsetY&quot;: 0, &quot;tooltip&quot;: {&quot;show&quot;: true, &quot;direction&quot;: &quot;top&quot;, &quot;permanent&quot;: false}, &quot;visibility&quot;: &quot;public&quot;, &quot;showOnPrint&quot;: true, &quot;showOnPrintMap&quot;: false, &quot;showOnElevation&quot;: false, &quot;cumulatedLocation&quot;: false, &quot;showOnPrintElevation&quot;: false, &quot;stickedDistanceInMeter&quot;: 10800, &quot;showTextOnPrintElevation&quot;: false}"/>
      </extensions>
    </wpt>
    <wpt lat="47.889907" lon="-4.312895">
      <name>Signaleur (avec permis)</name>
      <sym>5</sym>
      <type>WPT</type>
      <extensions>
        <option option="{&quot;icon&quot;: {&quot;id&quot;: &quot;5&quot;, &quot;i18n&quot;: &quot;Signaleur (avec permis)&quot;, &quot;type&quot;: &quot;default&quot;, &quot;classes&quot;: &quot;&quot;, &quot;html_code&quot;: &quot;&amp;#x42&quot;}, &quot;type&quot;: &quot;default&quot;, &quot;color&quot;: &quot;#ffffff&quot;, &quot;title&quot;: &quot;Signaleur (avec permis)&quot;, &quot;bgColor&quot;: &quot;#009c41&quot;, &quot;content&quot;: &quot;&quot;, &quot;offsetX&quot;: 0, &quot;offsetY&quot;: 0, &quot;tooltip&quot;: {&quot;show&quot;: true, &quot;direction&quot;: &quot;top&quot;, &quot;permanent&quot;: false}, &quot;visibility&quot;: &quot;public&quot;, &quot;showOnPrint&quot;: true, &quot;showOnPrintMap&quot;: false, &quot;showOnElevation&quot;: false, &quot;cumulatedLocation&quot;: false, &quot;showOnPrintElevation&quot;: false, &quot;stickedDistanceInMeter&quot;: -1, &quot;showTextOnPrintElevation&quot;: false}"/>
      </extensions>
    </wpt>
    <wpt lat="47.889482" lon="-4.310338">
      <name>Signaleur (avec permis)</name>
      <sym>5</sym>
      <type>WPT</type>
      <extensions>
        <option option="{&quot;icon&quot;: {&quot;id&quot;: &quot;5&quot;, &quot;i18n&quot;: &quot;Signaleur (avec permis)&quot;, &quot;type&quot;: &quot;default&quot;, &quot;classes&quot;: &quot;&quot;, &quot;html_code&quot;: &quot;&amp;#x42&quot;}, &quot;type&quot;: &quot;default&quot;, &quot;color&quot;: &quot;#ffffff&quot;, &quot;title&quot;: &quot;Signaleur (avec permis)&quot;, &quot;bgColor&quot;: &quot;#009c41&quot;, &quot;content&quot;: &quot;&quot;, &quot;offsetX&quot;: 0, &quot;offsetY&quot;: 0, &quot;tooltip&quot;: {&quot;show&quot;: true, &quot;direction&quot;: &quot;top&quot;, &quot;permanent&quot;: false}, &quot;visibility&quot;: &quot;public&quot;, &quot;showOnPrint&quot;: true, &quot;showOnPrintMap&quot;: false, &quot;showOnElevation&quot;: false, &quot;cumulatedLocation&quot;: false, &quot;showOnPrintElevation&quot;: false, &quot;stickedDistanceInMeter&quot;: 11300, &quot;showTextOnPrintElevation&quot;: false}"/>
      </extensions>
    </wpt>
    <wpt lat="47.888698" lon="-4.310186">
      <name>Signaleur (avec permis)</name>
      <sym>5</sym>
      <type>WPT</type>
      <extensions>
        <option option="{&quot;icon&quot;: {&quot;id&quot;: &quot;5&quot;, &quot;i18n&quot;: &quot;Signaleur (avec permis)&quot;, &quot;type&quot;: &quot;default&quot;, &quot;classes&quot;: &quot;&quot;, &quot;html_code&quot;: &quot;&amp;#x42&quot;}, &quot;type&quot;: &quot;default&quot;, &quot;color&quot;: &quot;#ffffff&quot;, &quot;title&quot;: &quot;Signaleur (avec permis)&quot;, &quot;bgColor&quot;: &quot;#009c41&quot;, &quot;content&quot;: &quot;&quot;, &quot;offsetX&quot;: 0, &quot;offsetY&quot;: 0, &quot;tooltip&quot;: {&quot;show&quot;: true, &quot;direction&quot;: &quot;top&quot;, &quot;permanent&quot;: false}, &quot;visibility&quot;: &quot;public&quot;, &quot;showOnPrint&quot;: true, &quot;showOnPrintMap&quot;: false, &quot;showOnElevation&quot;: false, &quot;cumulatedLocation&quot;: false, &quot;showOnPrintElevation&quot;: false, &quot;stickedDistanceInMeter&quot;: -1, &quot;showTextOnPrintElevation&quot;: false}"/>
      </extensions>
    </wpt>
    <wpt lat="47.886458" lon="-4.313621">
      <name>Signaleur (avec permis)</name>
      <sym>5</sym>
      <type>WPT</type>
      <extensions>
        <option option="{&quot;icon&quot;: {&quot;id&quot;: &quot;5&quot;, &quot;i18n&quot;: &quot;Signaleur (avec permis)&quot;, &quot;type&quot;: &quot;default&quot;, &quot;classes&quot;: &quot;&quot;, &quot;html_code&quot;: &quot;&amp;#x42&quot;}, &quot;type&quot;: &quot;default&quot;, &quot;color&quot;: &quot;#ffffff&quot;, &quot;title&quot;: &quot;Signaleur (avec permis)&quot;, &quot;bgColor&quot;: &quot;#009c41&quot;, &quot;content&quot;: &quot;&quot;, &quot;offsetX&quot;: 0, &quot;offsetY&quot;: 0, &quot;tooltip&quot;: {&quot;show&quot;: true, &quot;direction&quot;: &quot;top&quot;, &quot;permanent&quot;: false}, &quot;visibility&quot;: &quot;public&quot;, &quot;showOnPrint&quot;: true, &quot;showOnPrintMap&quot;: false, &quot;showOnElevation&quot;: false, &quot;cumulatedLocation&quot;: false, &quot;showOnPrintElevation&quot;: false, &quot;stickedDistanceInMeter&quot;: 11700, &quot;showTextOnPrintElevation&quot;: false}"/>
      </extensions>
    </wpt>
    <wpt lat="47.87935" lon="-4.31665">
      <name>Signaleur (avec permis)</name>
      <sym>5</sym>
      <type>WPT</type>
      <extensions>
        <option option="{&quot;icon&quot;: {&quot;id&quot;: &quot;5&quot;, &quot;i18n&quot;: &quot;Signaleur (avec permis)&quot;, &quot;type&quot;: &quot;default&quot;, &quot;classes&quot;: &quot;&quot;, &quot;html_code&quot;: &quot;&amp;#x42&quot;}, &quot;type&quot;: &quot;default&quot;, &quot;color&quot;: &quot;#ffffff&quot;, &quot;title&quot;: &quot;Signaleur (avec permis)&quot;, &quot;bgColor&quot;: &quot;#009c41&quot;, &quot;content&quot;: &quot;&quot;, &quot;offsetX&quot;: 0, &quot;offsetY&quot;: 0, &quot;tooltip&quot;: {&quot;show&quot;: true, &quot;direction&quot;: &quot;top&quot;, &quot;permanent&quot;: false}, &quot;visibility&quot;: &quot;public&quot;, &quot;showOnPrint&quot;: true, &quot;showOnPrintMap&quot;: false, &quot;showOnElevation&quot;: false, &quot;cumulatedLocation&quot;: false, &quot;showOnPrintElevation&quot;: false, &quot;stickedDistanceInMeter&quot;: 12600, &quot;showTextOnPrintElevation&quot;: false}"/>
      </extensions>
    </wpt>
    <wpt lat="47.879627" lon="-4.31631">
      <name>Signaleur (avec permis)</name>
      <sym>5</sym>
      <type>WPT</type>
      <extensions>
        <option option="{&quot;icon&quot;: {&quot;id&quot;: &quot;5&quot;, &quot;i18n&quot;: &quot;Signaleur (avec permis)&quot;, &quot;type&quot;: &quot;default&quot;, &quot;classes&quot;: &quot;&quot;, &quot;html_code&quot;: &quot;&amp;#x42&quot;}, &quot;type&quot;: &quot;default&quot;, &quot;color&quot;: &quot;#ffffff&quot;, &quot;title&quot;: &quot;Signaleur (avec permis)&quot;, &quot;bgColor&quot;: &quot;#009c41&quot;, &quot;content&quot;: &quot;&quot;, &quot;offsetX&quot;: 0, &quot;offsetY&quot;: 0, &quot;tooltip&quot;: {&quot;show&quot;: true, &quot;direction&quot;: &quot;top&quot;, &quot;permanent&quot;: false}, &quot;visibility&quot;: &quot;public&quot;, &quot;showOnPrint&quot;: true, &quot;showOnPrintMap&quot;: false, &quot;showOnElevation&quot;: false, &quot;cumulatedLocation&quot;: false, &quot;showOnPrintElevation&quot;: false, &quot;stickedDistanceInMeter&quot;: 12600, &quot;showTextOnPrintElevation&quot;: false}"/>
      </extensions>
    </wpt>
    <wpt lat="47.878186" lon="-4.316615">
      <name>Signaleur (avec permis)</name>
      <sym>5</sym>
      <type>WPT</type>
      <extensions>
        <option option="{&quot;icon&quot;: {&quot;id&quot;: &quot;5&quot;, &quot;i18n&quot;: &quot;Signaleur (avec permis)&quot;, &quot;type&quot;: &quot;default&quot;, &quot;classes&quot;: &quot;&quot;, &quot;html_code&quot;: &quot;&amp;#x42&quot;}, &quot;type&quot;: &quot;default&quot;, &quot;color&quot;: &quot;#ffffff&quot;, &quot;title&quot;: &quot;Signaleur (avec permis)&quot;, &quot;bgColor&quot;: &quot;#009c41&quot;, &quot;content&quot;: &quot;&quot;, &quot;offsetX&quot;: 0, &quot;offsetY&quot;: 0, &quot;tooltip&quot;: {&quot;show&quot;: true, &quot;direction&quot;: &quot;top&quot;, &quot;permanent&quot;: false}, &quot;visibility&quot;: &quot;public&quot;, &quot;showOnPrint&quot;: true, &quot;showOnPrintMap&quot;: false, &quot;showOnElevation&quot;: false, &quot;cumulatedLocation&quot;: false, &quot;showOnPrintElevation&quot;: false, &quot;stickedDistanceInMeter&quot;: -1, &quot;showTextOnPrintElevation&quot;: false}"/>
      </extensions>
    </wpt>
    <wpt lat="47.878531" lon="-4.316272">
      <name>Signaleur (avec permis)</name>
      <sym>5</sym>
      <type>WPT</type>
      <extensions>
        <option option="{&quot;icon&quot;: {&quot;id&quot;: &quot;5&quot;, &quot;i18n&quot;: &quot;Signaleur (avec permis)&quot;, &quot;type&quot;: &quot;default&quot;, &quot;classes&quot;: &quot;&quot;, &quot;html_code&quot;: &quot;&amp;#x42&quot;}, &quot;type&quot;: &quot;default&quot;, &quot;color&quot;: &quot;#ffffff&quot;, &quot;title&quot;: &quot;Signaleur (avec permis)&quot;, &quot;bgColor&quot;: &quot;#009c41&quot;, &quot;content&quot;: &quot;&quot;, &quot;offsetX&quot;: 0, &quot;offsetY&quot;: 0, &quot;tooltip&quot;: {&quot;show&quot;: true, &quot;direction&quot;: &quot;top&quot;, &quot;permanent&quot;: false}, &quot;visibility&quot;: &quot;public&quot;, &quot;showOnPrint&quot;: true, &quot;showOnPrintMap&quot;: false, &quot;showOnElevation&quot;: false, &quot;cumulatedLocation&quot;: false, &quot;showOnPrintElevation&quot;: false, &quot;stickedDistanceInMeter&quot;: -1, &quot;showTextOnPrintElevation&quot;: false}"/>
      </extensions>
    </wpt>
    <wpt lat="47.87644" lon="-4.32004">
      <name>Signaleur (avec permis)</name>
      <sym>5</sym>
      <type>WPT</type>
      <extensions>
        <option option="{&quot;icon&quot;: {&quot;id&quot;: &quot;5&quot;, &quot;i18n&quot;: &quot;Signaleur (avec permis)&quot;, &quot;type&quot;: &quot;default&quot;, &quot;classes&quot;: &quot;&quot;, &quot;html_code&quot;: &quot;&amp;#x42&quot;}, &quot;type&quot;: &quot;default&quot;, &quot;color&quot;: &quot;#ffffff&quot;, &quot;title&quot;: &quot;Signaleur (avec permis)&quot;, &quot;bgColor&quot;: &quot;#009c41&quot;, &quot;content&quot;: &quot;&quot;, &quot;offsetX&quot;: 0, &quot;offsetY&quot;: 0, &quot;tooltip&quot;: {&quot;show&quot;: true, &quot;direction&quot;: &quot;top&quot;, &quot;permanent&quot;: false}, &quot;visibility&quot;: &quot;public&quot;, &quot;showOnPrint&quot;: true, &quot;showOnPrintMap&quot;: false, &quot;showOnElevation&quot;: false, &quot;cumulatedLocation&quot;: false, &quot;showOnPrintElevation&quot;: false, &quot;stickedDistanceInMeter&quot;: 13100, &quot;showTextOnPrintElevation&quot;: false}"/>
      </extensions>
    </wpt>
    <wpt lat="47.876287" lon="-4.320365">
      <name>Signaleur (avec permis)</name>
      <sym>5</sym>
      <type>WPT</type>
      <extensions>
        <option option="{&quot;icon&quot;: {&quot;id&quot;: &quot;5&quot;, &quot;i18n&quot;: &quot;Signaleur (avec permis)&quot;, &quot;type&quot;: &quot;default&quot;, &quot;classes&quot;: &quot;&quot;, &quot;html_code&quot;: &quot;&amp;#x42&quot;}, &quot;type&quot;: &quot;default&quot;, &quot;color&quot;: &quot;#ffffff&quot;, &quot;title&quot;: &quot;Signaleur (avec permis)&quot;, &quot;bgColor&quot;: &quot;#009c41&quot;, &quot;content&quot;: &quot;&quot;, &quot;offsetX&quot;: 0, &quot;offsetY&quot;: 0, &quot;tooltip&quot;: {&quot;show&quot;: true, &quot;direction&quot;: &quot;top&quot;, &quot;permanent&quot;: false}, &quot;visibility&quot;: &quot;public&quot;, &quot;showOnPrint&quot;: true, &quot;showOnPrintMap&quot;: false, &quot;showOnElevation&quot;: false, &quot;cumulatedLocation&quot;: false, &quot;showOnPrintElevation&quot;: false, &quot;stickedDistanceInMeter&quot;: -1, &quot;showTextOnPrintElevation&quot;: false}"/>
      </extensions>
    </wpt>
    <wpt lat="47.872904" lon="-4.31652">
      <name>Ravitaillement</name>
      <sym>3</sym>
      <type>WPT</type>
      <extensions>
        <option option="{&quot;icon&quot;: {&quot;id&quot;: &quot;3&quot;, &quot;i18n&quot;: &quot;Ravitaillement&quot;, &quot;type&quot;: &quot;default&quot;, &quot;classes&quot;: &quot;&quot;, &quot;html_code&quot;: &quot;&amp;#x55&quot;}, &quot;type&quot;: &quot;default&quot;, &quot;color&quot;: &quot;#ffffff&quot;, &quot;title&quot;: &quot;Ravitaillement&quot;, &quot;bgColor&quot;: &quot;#22a7f0&quot;, &quot;content&quot;: &quot;&quot;, &quot;offsetX&quot;: 0, &quot;offsetY&quot;: 0, &quot;tooltip&quot;: {&quot;show&quot;: true, &quot;direction&quot;: &quot;top&quot;, &quot;permanent&quot;: false}, &quot;visibility&quot;: &quot;public&quot;, &quot;showOnPrint&quot;: true, &quot;showOnPrintMap&quot;: false, &quot;showOnElevation&quot;: false, &quot;cumulatedLocation&quot;: false, &quot;showOnPrintElevation&quot;: false, &quot;stickedDistanceInMeter&quot;: -1, &quot;showTextOnPrintElevation&quot;: false}"/>
      </extensions>
    </wpt>
    <wpt lat="47.87467" lon="-4.317717">
      <name>Départ réel</name>
      <sym>73</sym>
      <type>WPT</type>
      <extensions>
        <option option="{&quot;icon&quot;: {&quot;id&quot;: &quot;73&quot;, &quot;i18n&quot;: &quot;D\u00e9part r\u00e9el&quot;, &quot;type&quot;: &quot;default&quot;, &quot;classes&quot;: &quot;&quot;, &quot;html_code&quot;: &quot;&amp;#x6f&quot;}, &quot;type&quot;: &quot;default&quot;, &quot;color&quot;: &quot;#ffffff&quot;, &quot;title&quot;: &quot;D\u00e9part r\u00e9el&quot;, &quot;bgColor&quot;: &quot;#f39c12&quot;, &quot;content&quot;: &quot;&quot;, &quot;offsetX&quot;: 0, &quot;offsetY&quot;: 0, &quot;tooltip&quot;: {&quot;show&quot;: true, &quot;direction&quot;: &quot;top&quot;, &quot;permanent&quot;: false}, &quot;visibility&quot;: &quot;public&quot;, &quot;showOnPrint&quot;: true, &quot;showOnPrintMap&quot;: false, &quot;showOnElevation&quot;: false, &quot;cumulatedLocation&quot;: false, &quot;showOnPrintElevation&quot;: false, &quot;stickedDistanceInMeter&quot;: 13300, &quot;showTextOnPrintElevation&quot;: false}"/>
      </extensions>
    </wpt>
    <wpt lat="47.876105" lon="-4.315234">
      <name>Signaleur (avec permis)</name>
      <sym>5</sym>
      <type>WPT</type>
      <extensions>
        <option option="{&quot;icon&quot;: {&quot;id&quot;: &quot;5&quot;, &quot;i18n&quot;: &quot;Signaleur (avec permis)&quot;, &quot;type&quot;: &quot;default&quot;, &quot;classes&quot;: &quot;&quot;, &quot;html_code&quot;: &quot;&amp;#x42&quot;}, &quot;type&quot;: &quot;default&quot;, &quot;color&quot;: &quot;#ffffff&quot;, &quot;title&quot;: &quot;Signaleur (avec permis)&quot;, &quot;bgColor&quot;: &quot;#009c41&quot;, &quot;content&quot;: &quot;&quot;, &quot;offsetX&quot;: 0, &quot;offsetY&quot;: 0, &quot;tooltip&quot;: {&quot;show&quot;: true, &quot;direction&quot;: &quot;top&quot;, &quot;permanent&quot;: false}, &quot;visibility&quot;: &quot;public&quot;, &quot;showOnPrint&quot;: true, &quot;showOnPrintMap&quot;: false, &quot;showOnElevation&quot;: false, &quot;cumulatedLocation&quot;: false, &quot;showOnPrintElevation&quot;: false, &quot;stickedDistanceInMeter&quot;: -1, &quot;showTextOnPrintElevation&quot;: false}"/>
      </extensions>
    </wpt>
    <wpt lat="47.876062" lon="-4.314784">
      <name>Signaleur (avec permis)</name>
      <sym>5</sym>
      <type>WPT</type>
      <extensions>
        <option option="{&quot;icon&quot;: {&quot;id&quot;: &quot;5&quot;, &quot;i18n&quot;: &quot;Signaleur (avec permis)&quot;, &quot;type&quot;: &quot;default&quot;, &quot;classes&quot;: &quot;&quot;, &quot;html_code&quot;: &quot;&amp;#x42&quot;}, &quot;type&quot;: &quot;default&quot;, &quot;color&quot;: &quot;#ffffff&quot;, &quot;title&quot;: &quot;Signaleur (avec permis)&quot;, &quot;bgColor&quot;: &quot;#009c41&quot;, &quot;content&quot;: &quot;&quot;, &quot;offsetX&quot;: 0, &quot;offsetY&quot;: 0, &quot;tooltip&quot;: {&quot;show&quot;: true, &quot;direction&quot;: &quot;top&quot;, &quot;permanent&quot;: false}, &quot;visibility&quot;: &quot;public&quot;, &quot;showOnPrint&quot;: true, &quot;showOnPrintMap&quot;: false, &quot;showOnElevation&quot;: false, &quot;cumulatedLocation&quot;: false, &quot;showOnPrintElevation&quot;: false, &quot;stickedDistanceInMeter&quot;: -1, &quot;showTextOnPrintElevation&quot;: false}"/>
      </extensions>
    </wpt>
    <wpt lat="47.873227" lon="-4.31017">
      <name>Signaleur (avec permis)</name>
      <sym>5</sym>
      <type>WPT</type>
      <extensions>
        <option option="{&quot;icon&quot;: {&quot;id&quot;: &quot;5&quot;, &quot;i18n&quot;: &quot;Signaleur (avec permis)&quot;, &quot;type&quot;: &quot;default&quot;, &quot;classes&quot;: &quot;&quot;, &quot;html_code&quot;: &quot;&amp;#x42&quot;}, &quot;type&quot;: &quot;default&quot;, &quot;color&quot;: &quot;#ffffff&quot;, &quot;title&quot;: &quot;Signaleur (avec permis)&quot;, &quot;bgColor&quot;: &quot;#009c41&quot;, &quot;content&quot;: &quot;&quot;, &quot;offsetX&quot;: 0, &quot;offsetY&quot;: 0, &quot;tooltip&quot;: {&quot;show&quot;: true, &quot;direction&quot;: &quot;top&quot;, &quot;permanent&quot;: false}, &quot;visibility&quot;: &quot;public&quot;, &quot;showOnPrint&quot;: true, &quot;showOnPrintMap&quot;: false, &quot;showOnElevation&quot;: false, &quot;cumulatedLocation&quot;: false, &quot;showOnPrintElevation&quot;: false, &quot;stickedDistanceInMeter&quot;: -1, &quot;showTextOnPrintElevation&quot;: false}"/>
      </extensions>
    </wpt>
    <wpt lat="47.873112" lon="-4.309849">
      <name>Signaleur (avec permis)</name>
      <sym>5</sym>
      <type>WPT</type>
      <extensions>
        <option option="{&quot;icon&quot;: {&quot;id&quot;: &quot;5&quot;, &quot;i18n&quot;: &quot;Signaleur (avec permis)&quot;, &quot;type&quot;: &quot;default&quot;, &quot;classes&quot;: &quot;&quot;, &quot;html_code&quot;: &quot;&amp;#x42&quot;}, &quot;type&quot;: &quot;default&quot;, &quot;color&quot;: &quot;#ffffff&quot;, &quot;title&quot;: &quot;Signaleur (avec permis)&quot;, &quot;bgColor&quot;: &quot;#009c41&quot;, &quot;content&quot;: &quot;&quot;, &quot;offsetX&quot;: 0, &quot;offsetY&quot;: 0, &quot;tooltip&quot;: {&quot;show&quot;: true, &quot;direction&quot;: &quot;top&quot;, &quot;permanent&quot;: false}, &quot;visibility&quot;: &quot;public&quot;, &quot;showOnPrint&quot;: true, &quot;showOnPrintMap&quot;: false, &quot;showOnElevation&quot;: false, &quot;cumulatedLocation&quot;: false, &quot;showOnPrintElevation&quot;: false, &quot;stickedDistanceInMeter&quot;: -1, &quot;showTextOnPrintElevation&quot;: false}"/>
      </extensions>
    </wpt>
    <wpt lat="47.874119" lon="-4.307617">
      <name>Signaleur (avec permis)</name>
      <sym>5</sym>
      <type>WPT</type>
      <extensions>
        <option option="{&quot;icon&quot;: {&quot;id&quot;: &quot;5&quot;, &quot;i18n&quot;: &quot;Signaleur (avec permis)&quot;, &quot;type&quot;: &quot;default&quot;, &quot;classes&quot;: &quot;&quot;, &quot;html_code&quot;: &quot;&amp;#x42&quot;}, &quot;type&quot;: &quot;default&quot;, &quot;color&quot;: &quot;#ffffff&quot;, &quot;title&quot;: &quot;Signaleur (avec permis)&quot;, &quot;bgColor&quot;: &quot;#009c41&quot;, &quot;content&quot;: &quot;&quot;, &quot;offsetX&quot;: 0, &quot;offsetY&quot;: 0, &quot;tooltip&quot;: {&quot;show&quot;: true, &quot;direction&quot;: &quot;top&quot;, &quot;permanent&quot;: false}, &quot;visibility&quot;: &quot;public&quot;, &quot;showOnPrint&quot;: true, &quot;showOnPrintMap&quot;: false, &quot;showOnElevation&quot;: false, &quot;cumulatedLocation&quot;: false, &quot;showOnPrintElevation&quot;: false, &quot;stickedDistanceInMeter&quot;: -1, &quot;showTextOnPrintElevation&quot;: false}"/>
      </extensions>
    </wpt>
    <wpt lat="47.87386" lon="-4.307424">
      <name>Signaleur (avec permis)</name>
      <sym>5</sym>
      <type>WPT</type>
      <extensions>
        <option option="{&quot;icon&quot;: {&quot;id&quot;: &quot;5&quot;, &quot;i18n&quot;: &quot;Signaleur (avec permis)&quot;, &quot;type&quot;: &quot;default&quot;, &quot;classes&quot;: &quot;&quot;, &quot;html_code&quot;: &quot;&amp;#x42&quot;}, &quot;type&quot;: &quot;default&quot;, &quot;color&quot;: &quot;#ffffff&quot;, &quot;title&quot;: &quot;Signaleur (avec permis)&quot;, &quot;bgColor&quot;: &quot;#009c41&quot;, &quot;content&quot;: &quot;&quot;, &quot;offsetX&quot;: 0, &quot;offsetY&quot;: 0, &quot;tooltip&quot;: {&quot;show&quot;: true, &quot;direction&quot;: &quot;top&quot;, &quot;permanent&quot;: false}, &quot;visibility&quot;: &quot;public&quot;, &quot;showOnPrint&quot;: true, &quot;showOnPrintMap&quot;: false, &quot;showOnElevation&quot;: false, &quot;cumulatedLocation&quot;: false, &quot;showOnPrintElevation&quot;: false, &quot;stickedDistanceInMeter&quot;: -1, &quot;showTextOnPrintElevation&quot;: false}"/>
      </extensions>
    </wpt>
    <wpt lat="47.870289" lon="-4.300615">
      <name>Bouteille d'eau</name>
      <sym>104</sym>
      <type>WPT</type>
      <extensions>
        <option option="{&quot;icon&quot;: {&quot;id&quot;: &quot;104&quot;, &quot;i18n&quot;: &quot;Bouteille d'eau&quot;, &quot;type&quot;: &quot;default&quot;, &quot;classes&quot;: &quot;&quot;, &quot;html_code&quot;: &quot;&amp;#x57&quot;}, &quot;type&quot;: &quot;default&quot;, &quot;color&quot;: &quot;#ffffff&quot;, &quot;title&quot;: &quot;Bouteille d'eau&quot;, &quot;bgColor&quot;: &quot;#22a7f0&quot;, &quot;content&quot;: &quot;&quot;, &quot;offsetX&quot;: 0, &quot;offsetY&quot;: 0, &quot;tooltip&quot;: {&quot;show&quot;: true, &quot;direction&quot;: &quot;top&quot;, &quot;permanent&quot;: false}, &quot;visibility&quot;: &quot;public&quot;, &quot;showOnPrint&quot;: true, &quot;showOnPrintMap&quot;: false, &quot;showOnElevation&quot;: false, &quot;cumulatedLocation&quot;: false, &quot;showOnPrintElevation&quot;: false, &quot;stickedDistanceInMeter&quot;: -1, &quot;showTextOnPrintElevation&quot;: false}"/>
      </extensions>
    </wpt>
    <wpt lat="47.869972" lon="-4.297112">
      <name>Signaleur (avec permis)</name>
      <sym>5</sym>
      <type>WPT</type>
      <extensions>
        <option option="{&quot;icon&quot;: {&quot;id&quot;: &quot;5&quot;, &quot;i18n&quot;: &quot;Signaleur (avec permis)&quot;, &quot;type&quot;: &quot;default&quot;, &quot;classes&quot;: &quot;&quot;, &quot;html_code&quot;: &quot;&amp;#x42&quot;}, &quot;type&quot;: &quot;default&quot;, &quot;color&quot;: &quot;#ffffff&quot;, &quot;title&quot;: &quot;Signaleur (avec permis)&quot;, &quot;bgColor&quot;: &quot;#009c41&quot;, &quot;content&quot;: &quot;&quot;, &quot;offsetX&quot;: 0, &quot;offsetY&quot;: 0, &quot;tooltip&quot;: {&quot;show&quot;: true, &quot;direction&quot;: &quot;top&quot;, &quot;permanent&quot;: false}, &quot;visibility&quot;: &quot;public&quot;, &quot;showOnPrint&quot;: true, &quot;showOnPrintMap&quot;: false, &quot;showOnElevation&quot;: false, &quot;cumulatedLocation&quot;: false, &quot;showOnPrintElevation&quot;: false, &quot;stickedDistanceInMeter&quot;: -1, &quot;showTextOnPrintElevation&quot;: false}"/>
      </extensions>
    </wpt>
    <wpt lat="47.86967" lon="-4.29679">
      <name>Signaleur (avec permis)</name>
      <sym>5</sym>
      <type>WPT</type>
      <extensions>
        <option option="{&quot;icon&quot;: {&quot;id&quot;: &quot;5&quot;, &quot;i18n&quot;: &quot;Signaleur (avec permis)&quot;, &quot;type&quot;: &quot;default&quot;, &quot;classes&quot;: &quot;&quot;, &quot;html_code&quot;: &quot;&amp;#x42&quot;}, &quot;type&quot;: &quot;default&quot;, &quot;color&quot;: &quot;#ffffff&quot;, &quot;title&quot;: &quot;Signaleur (avec permis)&quot;, &quot;bgColor&quot;: &quot;#009c41&quot;, &quot;content&quot;: &quot;&quot;, &quot;offsetX&quot;: 0, &quot;offsetY&quot;: 0, &quot;tooltip&quot;: {&quot;show&quot;: true, &quot;direction&quot;: &quot;top&quot;, &quot;permanent&quot;: false}, &quot;visibility&quot;: &quot;public&quot;, &quot;showOnPrint&quot;: true, &quot;showOnPrintMap&quot;: false, &quot;showOnElevation&quot;: false, &quot;cumulatedLocation&quot;: false, &quot;showOnPrintElevation&quot;: false, &quot;stickedDistanceInMeter&quot;: -1, &quot;showTextOnPrintElevation&quot;: false}"/>
      </extensions>
    </wpt>
    <wpt lat="47.869123" lon="-4.290446">
      <name>Signaleur (avec permis)</name>
      <sym>5</sym>
      <type>WPT</type>
      <extensions>
        <option option="{&quot;icon&quot;: {&quot;id&quot;: &quot;5&quot;, &quot;i18n&quot;: &quot;Signaleur (avec permis)&quot;, &quot;type&quot;: &quot;default&quot;, &quot;classes&quot;: &quot;&quot;, &quot;html_code&quot;: &quot;&amp;#x42&quot;}, &quot;type&quot;: &quot;default&quot;, &quot;color&quot;: &quot;#ffffff&quot;, &quot;title&quot;: &quot;Signaleur (avec permis)&quot;, &quot;bgColor&quot;: &quot;#009c41&quot;, &quot;content&quot;: &quot;&quot;, &quot;offsetX&quot;: 0, &quot;offsetY&quot;: 0, &quot;tooltip&quot;: {&quot;show&quot;: true, &quot;direction&quot;: &quot;top&quot;, &quot;permanent&quot;: false}, &quot;visibility&quot;: &quot;public&quot;, &quot;showOnPrint&quot;: true, &quot;showOnPrintMap&quot;: false, &quot;showOnElevation&quot;: false, &quot;cumulatedLocation&quot;: false, &quot;showOnPrintElevation&quot;: false, &quot;stickedDistanceInMeter&quot;: -1, &quot;showTextOnPrintElevation&quot;: false}"/>
      </extensions>
    </wpt>
    <wpt lat="47.86895" lon="-4.290103">
      <name>Signaleur (avec permis)</name>
      <sym>5</sym>
      <type>WPT</type>
      <extensions>
        <option option="{&quot;icon&quot;: {&quot;id&quot;: &quot;5&quot;, &quot;i18n&quot;: &quot;Signaleur (avec permis)&quot;, &quot;type&quot;: &quot;default&quot;, &quot;classes&quot;: &quot;&quot;, &quot;html_code&quot;: &quot;&amp;#x42&quot;}, &quot;type&quot;: &quot;default&quot;, &quot;color&quot;: &quot;#ffffff&quot;, &quot;title&quot;: &quot;Signaleur (avec permis)&quot;, &quot;bgColor&quot;: &quot;#009c41&quot;, &quot;content&quot;: &quot;&quot;, &quot;offsetX&quot;: 0, &quot;offsetY&quot;: 0, &quot;tooltip&quot;: {&quot;show&quot;: true, &quot;direction&quot;: &quot;top&quot;, &quot;permanent&quot;: false}, &quot;visibility&quot;: &quot;public&quot;, &quot;showOnPrint&quot;: true, &quot;showOnPrintMap&quot;: false, &quot;showOnElevation&quot;: false, &quot;cumulatedLocation&quot;: false, &quot;showOnPrintElevation&quot;: false, &quot;stickedDistanceInMeter&quot;: -1, &quot;showTextOnPrintElevation&quot;: false}"/>
      </extensions>
    </wpt>
    <wpt lat="47.867396" lon="-4.28918">
      <name>Signaleur (avec permis)</name>
      <sym>5</sym>
      <type>WPT</type>
      <extensions>
        <option option="{&quot;icon&quot;: {&quot;id&quot;: &quot;5&quot;, &quot;i18n&quot;: &quot;Signaleur (avec permis)&quot;, &quot;type&quot;: &quot;default&quot;, &quot;classes&quot;: &quot;&quot;, &quot;html_code&quot;: &quot;&amp;#x42&quot;}, &quot;type&quot;: &quot;default&quot;, &quot;color&quot;: &quot;#ffffff&quot;, &quot;title&quot;: &quot;Signaleur (avec permis)&quot;, &quot;bgColor&quot;: &quot;#009c41&quot;, &quot;content&quot;: &quot;&quot;, &quot;offsetX&quot;: 0, &quot;offsetY&quot;: 0, &quot;tooltip&quot;: {&quot;show&quot;: true, &quot;direction&quot;: &quot;top&quot;, &quot;permanent&quot;: false}, &quot;visibility&quot;: &quot;public&quot;, &quot;showOnPrint&quot;: true, &quot;showOnPrintMap&quot;: false, &quot;showOnElevation&quot;: false, &quot;cumulatedLocation&quot;: false, &quot;showOnPrintElevation&quot;: false, &quot;stickedDistanceInMeter&quot;: -1, &quot;showTextOnPrintElevation&quot;: false}"/>
      </extensions>
    </wpt>
    <wpt lat="47.865889" lon="-4.286514">
      <name>Signaleur (avec permis)</name>
      <sym>5</sym>
      <type>WPT</type>
      <extensions>
        <option option="{&quot;icon&quot;: {&quot;id&quot;: &quot;5&quot;, &quot;i18n&quot;: &quot;Signaleur (avec permis)&quot;, &quot;type&quot;: &quot;default&quot;, &quot;classes&quot;: &quot;&quot;, &quot;html_code&quot;: &quot;&amp;#x42&quot;}, &quot;type&quot;: &quot;default&quot;, &quot;color&quot;: &quot;#ffffff&quot;, &quot;title&quot;: &quot;Signaleur (avec permis)&quot;, &quot;bgColor&quot;: &quot;#009c41&quot;, &quot;content&quot;: &quot;&quot;, &quot;offsetX&quot;: 0, &quot;offsetY&quot;: 0, &quot;tooltip&quot;: {&quot;show&quot;: true, &quot;direction&quot;: &quot;top&quot;, &quot;permanent&quot;: false}, &quot;visibility&quot;: &quot;public&quot;, &quot;showOnPrint&quot;: true, &quot;showOnPrintMap&quot;: false, &quot;showOnElevation&quot;: false, &quot;cumulatedLocation&quot;: false, &quot;showOnPrintElevation&quot;: false, &quot;stickedDistanceInMeter&quot;: -1, &quot;showTextOnPrintElevation&quot;: false}"/>
      </extensions>
    </wpt>
    <wpt lat="47.866105" lon="-4.285462">
      <name>Signaleur (avec permis)</name>
      <sym>5</sym>
      <type>WPT</type>
      <extensions>
        <option option="{&quot;icon&quot;: {&quot;id&quot;: &quot;5&quot;, &quot;i18n&quot;: &quot;Signaleur (avec permis)&quot;, &quot;type&quot;: &quot;default&quot;, &quot;classes&quot;: &quot;&quot;, &quot;html_code&quot;: &quot;&amp;#x42&quot;}, &quot;type&quot;: &quot;default&quot;, &quot;color&quot;: &quot;#ffffff&quot;, &quot;title&quot;: &quot;Signaleur (avec permis)&quot;, &quot;bgColor&quot;: &quot;#009c41&quot;, &quot;content&quot;: &quot;&quot;, &quot;offsetX&quot;: 0, &quot;offsetY&quot;: 0, &quot;tooltip&quot;: {&quot;show&quot;: true, &quot;direction&quot;: &quot;top&quot;, &quot;permanent&quot;: false}, &quot;visibility&quot;: &quot;public&quot;, &quot;showOnPrint&quot;: true, &quot;showOnPrintMap&quot;: false, &quot;showOnElevation&quot;: false, &quot;cumulatedLocation&quot;: false, &quot;showOnPrintElevation&quot;: false, &quot;stickedDistanceInMeter&quot;: -1, &quot;showTextOnPrintElevation&quot;: false}"/>
      </extensions>
    </wpt>
    <wpt lat="47.865575" lon="-4.281903">
      <name>Signaleur (avec permis)</name>
      <sym>5</sym>
      <type>WPT</type>
      <extensions>
        <option option="{&quot;icon&quot;: {&quot;id&quot;: &quot;5&quot;, &quot;i18n&quot;: &quot;Signaleur (avec permis)&quot;, &quot;type&quot;: &quot;default&quot;, &quot;classes&quot;: &quot;&quot;, &quot;html_code&quot;: &quot;&amp;#x42&quot;}, &quot;type&quot;: &quot;default&quot;, &quot;color&quot;: &quot;#ffffff&quot;, &quot;title&quot;: &quot;Signaleur (avec permis)&quot;, &quot;bgColor&quot;: &quot;#009c41&quot;, &quot;content&quot;: &quot;&quot;, &quot;offsetX&quot;: 0, &quot;offsetY&quot;: 0, &quot;tooltip&quot;: {&quot;show&quot;: true, &quot;direction&quot;: &quot;top&quot;, &quot;permanent&quot;: false}, &quot;visibility&quot;: &quot;public&quot;, &quot;showOnPrint&quot;: true, &quot;showOnPrintMap&quot;: false, &quot;showOnElevation&quot;: false, &quot;cumulatedLocation&quot;: false, &quot;showOnPrintElevation&quot;: false, &quot;stickedDistanceInMeter&quot;: -1, &quot;showTextOnPrintElevation&quot;: false}"/>
      </extensions>
    </wpt>
    <wpt lat="47.865186" lon="-4.281924">
      <name>Signaleur (avec permis)</name>
      <sym>5</sym>
      <type>WPT</type>
      <extensions>
        <option option="{&quot;icon&quot;: {&quot;id&quot;: &quot;5&quot;, &quot;i18n&quot;: &quot;Signaleur (avec permis)&quot;, &quot;type&quot;: &quot;default&quot;, &quot;classes&quot;: &quot;&quot;, &quot;html_code&quot;: &quot;&amp;#x42&quot;}, &quot;type&quot;: &quot;default&quot;, &quot;color&quot;: &quot;#ffffff&quot;, &quot;title&quot;: &quot;Signaleur (avec permis)&quot;, &quot;bgColor&quot;: &quot;#009c41&quot;, &quot;content&quot;: &quot;&quot;, &quot;offsetX&quot;: 0, &quot;offsetY&quot;: 0, &quot;tooltip&quot;: {&quot;show&quot;: true, &quot;direction&quot;: &quot;top&quot;, &quot;permanent&quot;: false}, &quot;visibility&quot;: &quot;public&quot;, &quot;showOnPrint&quot;: true, &quot;showOnPrintMap&quot;: false, &quot;showOnElevation&quot;: false, &quot;cumulatedLocation&quot;: false, &quot;showOnPrintElevation&quot;: false, &quot;stickedDistanceInMeter&quot;: -1, &quot;showTextOnPrintElevation&quot;: false}"/>
      </extensions>
    </wpt>
    <wpt lat="47.861803" lon="-4.283113">
      <name>Signaleur (avec permis)</name>
      <sym>5</sym>
      <type>WPT</type>
      <extensions>
        <option option="{&quot;icon&quot;: {&quot;id&quot;: &quot;5&quot;, &quot;i18n&quot;: &quot;Signaleur (avec permis)&quot;, &quot;type&quot;: &quot;default&quot;, &quot;classes&quot;: &quot;&quot;, &quot;html_code&quot;: &quot;&amp;#x42&quot;}, &quot;type&quot;: &quot;default&quot;, &quot;color&quot;: &quot;#ffffff&quot;, &quot;title&quot;: &quot;Signaleur (avec permis)&quot;, &quot;bgColor&quot;: &quot;#009c41&quot;, &quot;content&quot;: &quot;&quot;, &quot;offsetX&quot;: 0, &quot;offsetY&quot;: 0, &quot;tooltip&quot;: {&quot;show&quot;: true, &quot;direction&quot;: &quot;top&quot;, &quot;permanent&quot;: false}, &quot;visibility&quot;: &quot;public&quot;, &quot;showOnPrint&quot;: true, &quot;showOnPrintMap&quot;: false, &quot;showOnElevation&quot;: false, &quot;cumulatedLocation&quot;: false, &quot;showOnPrintElevation&quot;: false, &quot;stickedDistanceInMeter&quot;: -1, &quot;showTextOnPrintElevation&quot;: false}"/>
      </extensions>
    </wpt>
    <wpt lat="47.86199" lon="-4.282534">
      <name>Signaleur (avec permis)</name>
      <sym>5</sym>
      <type>WPT</type>
      <extensions>
        <option option="{&quot;icon&quot;: {&quot;id&quot;: &quot;5&quot;, &quot;i18n&quot;: &quot;Signaleur (avec permis)&quot;, &quot;type&quot;: &quot;default&quot;, &quot;classes&quot;: &quot;&quot;, &quot;html_code&quot;: &quot;&amp;#x42&quot;}, &quot;type&quot;: &quot;default&quot;, &quot;color&quot;: &quot;#ffffff&quot;, &quot;title&quot;: &quot;Signaleur (avec permis)&quot;, &quot;bgColor&quot;: &quot;#009c41&quot;, &quot;content&quot;: &quot;&quot;, &quot;offsetX&quot;: 0, &quot;offsetY&quot;: 0, &quot;tooltip&quot;: {&quot;show&quot;: true, &quot;direction&quot;: &quot;top&quot;, &quot;permanent&quot;: false}, &quot;visibility&quot;: &quot;public&quot;, &quot;showOnPrint&quot;: true, &quot;showOnPrintMap&quot;: false, &quot;showOnElevation&quot;: false, &quot;cumulatedLocation&quot;: false, &quot;showOnPrintElevation&quot;: false, &quot;stickedDistanceInMeter&quot;: -1, &quot;showTextOnPrintElevation&quot;: false}"/>
      </extensions>
    </wpt>
    <wpt lat="47.861232" lon="-4.289366">
      <name>Bouteille d'eau</name>
      <sym>104</sym>
      <type>WPT</type>
      <extensions>
        <option option="{&quot;icon&quot;: {&quot;id&quot;: &quot;104&quot;, &quot;i18n&quot;: &quot;Bouteille d'eau&quot;, &quot;type&quot;: &quot;default&quot;, &quot;classes&quot;: &quot;&quot;, &quot;html_code&quot;: &quot;&amp;#x57&quot;}, &quot;type&quot;: &quot;default&quot;, &quot;color&quot;: &quot;#ffffff&quot;, &quot;title&quot;: &quot;Bouteille d'eau&quot;, &quot;bgColor&quot;: &quot;#22a7f0&quot;, &quot;content&quot;: &quot;&quot;, &quot;offsetX&quot;: 0, &quot;offsetY&quot;: 0, &quot;tooltip&quot;: {&quot;show&quot;: true, &quot;direction&quot;: &quot;top&quot;, &quot;permanent&quot;: false}, &quot;visibility&quot;: &quot;public&quot;, &quot;showOnPrint&quot;: true, &quot;showOnPrintMap&quot;: false, &quot;showOnElevation&quot;: false, &quot;cumulatedLocation&quot;: false, &quot;showOnPrintElevation&quot;: false, &quot;stickedDistanceInMeter&quot;: -1, &quot;showTextOnPrintElevation&quot;: false}"/>
      </extensions>
    </wpt>
    <wpt lat="47.860485" lon="-4.296583">
      <name>Signaleur (avec permis)</name>
      <sym>5</sym>
      <type>WPT</type>
      <extensions>
        <option option="{&quot;icon&quot;: {&quot;id&quot;: &quot;5&quot;, &quot;i18n&quot;: &quot;Signaleur (avec permis)&quot;, &quot;type&quot;: &quot;default&quot;, &quot;classes&quot;: &quot;&quot;, &quot;html_code&quot;: &quot;&amp;#x42&quot;}, &quot;type&quot;: &quot;default&quot;, &quot;color&quot;: &quot;#ffffff&quot;, &quot;title&quot;: &quot;Signaleur (avec permis)&quot;, &quot;bgColor&quot;: &quot;#009c41&quot;, &quot;content&quot;: &quot;&quot;, &quot;offsetX&quot;: 0, &quot;offsetY&quot;: 0, &quot;tooltip&quot;: {&quot;show&quot;: true, &quot;direction&quot;: &quot;top&quot;, &quot;permanent&quot;: false}, &quot;visibility&quot;: &quot;public&quot;, &quot;showOnPrint&quot;: true, &quot;showOnPrintMap&quot;: false, &quot;showOnElevation&quot;: false, &quot;cumulatedLocation&quot;: false, &quot;showOnPrintElevation&quot;: false, &quot;stickedDistanceInMeter&quot;: -1, &quot;showTextOnPrintElevation&quot;: false}"/>
      </extensions>
    </wpt>
    <wpt lat="47.86086" lon="-4.295961">
      <name>Signaleur (avec permis)</name>
      <sym>5</sym>
      <type>WPT</type>
      <extensions>
        <option option="{&quot;icon&quot;: {&quot;id&quot;: &quot;5&quot;, &quot;i18n&quot;: &quot;Signaleur (avec permis)&quot;, &quot;type&quot;: &quot;default&quot;, &quot;classes&quot;: &quot;&quot;, &quot;html_code&quot;: &quot;&amp;#x42&quot;}, &quot;type&quot;: &quot;default&quot;, &quot;color&quot;: &quot;#ffffff&quot;, &quot;title&quot;: &quot;Signaleur (avec permis)&quot;, &quot;bgColor&quot;: &quot;#009c41&quot;, &quot;content&quot;: &quot;&quot;, &quot;offsetX&quot;: 0, &quot;offsetY&quot;: 0, &quot;tooltip&quot;: {&quot;show&quot;: true, &quot;direction&quot;: &quot;top&quot;, &quot;permanent&quot;: false}, &quot;visibility&quot;: &quot;public&quot;, &quot;showOnPrint&quot;: true, &quot;showOnPrintMap&quot;: false, &quot;showOnElevation&quot;: false, &quot;cumulatedLocation&quot;: false, &quot;showOnPrintElevation&quot;: false, &quot;stickedDistanceInMeter&quot;: -1, &quot;showTextOnPrintElevation&quot;: false}"/>
      </extensions>
    </wpt>
    <wpt lat="47.853246" lon="-4.296961">
      <name>Signaleur (avec permis)</name>
      <sym>5</sym>
      <type>WPT</type>
      <extensions>
        <option option="{&quot;icon&quot;: {&quot;id&quot;: &quot;5&quot;, &quot;i18n&quot;: &quot;Signaleur (avec permis)&quot;, &quot;type&quot;: &quot;default&quot;, &quot;classes&quot;: &quot;&quot;, &quot;html_code&quot;: &quot;&amp;#x42&quot;}, &quot;type&quot;: &quot;default&quot;, &quot;color&quot;: &quot;#ffffff&quot;, &quot;title&quot;: &quot;Signaleur (avec permis)&quot;, &quot;bgColor&quot;: &quot;#009c41&quot;, &quot;content&quot;: &quot;&quot;, &quot;offsetX&quot;: 0, &quot;offsetY&quot;: 0, &quot;tooltip&quot;: {&quot;show&quot;: true, &quot;direction&quot;: &quot;top&quot;, &quot;permanent&quot;: false}, &quot;visibility&quot;: &quot;public&quot;, &quot;showOnPrint&quot;: true, &quot;showOnPrintMap&quot;: false, &quot;showOnElevation&quot;: false, &quot;cumulatedLocation&quot;: false, &quot;showOnPrintElevation&quot;: false, &quot;stickedDistanceInMeter&quot;: -1, &quot;showTextOnPrintElevation&quot;: false}"/>
      </extensions>
    </wpt>
    <wpt lat="47.853116" lon="-4.296832">
      <name>Signaleur (avec permis)</name>
      <sym>5</sym>
      <type>WPT</type>
      <extensions>
        <option option="{&quot;icon&quot;: {&quot;id&quot;: &quot;5&quot;, &quot;i18n&quot;: &quot;Signaleur (avec permis)&quot;, &quot;type&quot;: &quot;default&quot;, &quot;classes&quot;: &quot;&quot;, &quot;html_code&quot;: &quot;&amp;#x42&quot;}, &quot;type&quot;: &quot;default&quot;, &quot;color&quot;: &quot;#ffffff&quot;, &quot;title&quot;: &quot;Signaleur (avec permis)&quot;, &quot;bgColor&quot;: &quot;#009c41&quot;, &quot;content&quot;: &quot;&quot;, &quot;offsetX&quot;: 0, &quot;offsetY&quot;: 0, &quot;tooltip&quot;: {&quot;show&quot;: true, &quot;direction&quot;: &quot;top&quot;, &quot;permanent&quot;: false}, &quot;visibility&quot;: &quot;public&quot;, &quot;showOnPrint&quot;: true, &quot;showOnPrintMap&quot;: false, &quot;showOnElevation&quot;: false, &quot;cumulatedLocation&quot;: false, &quot;showOnPrintElevation&quot;: false, &quot;stickedDistanceInMeter&quot;: -1, &quot;showTextOnPrintElevation&quot;: false}"/>
      </extensions>
    </wpt>
    <wpt lat="47.874889" lon="-4.316261">
      <name>Secours</name>
      <sym>2</sym>
      <type>WPT</type>
      <extensions>
        <option option="{&quot;icon&quot;: {&quot;id&quot;: &quot;2&quot;, &quot;i18n&quot;: &quot;Secours&quot;, &quot;type&quot;: &quot;default&quot;, &quot;classes&quot;: &quot;&quot;, &quot;html_code&quot;: &quot;&amp;#x43&quot;}, &quot;type&quot;: &quot;default&quot;, &quot;color&quot;: &quot;#ffffff&quot;, &quot;title&quot;: &quot;Secours&quot;, &quot;bgColor&quot;: &quot;#b71c0c&quot;, &quot;content&quot;: &quot;&quot;, &quot;offsetX&quot;: 0, &quot;offsetY&quot;: 0, &quot;tooltip&quot;: {&quot;show&quot;: true, &quot;direction&quot;: &quot;top&quot;, &quot;permanent&quot;: false}, &quot;visibility&quot;: &quot;public&quot;, &quot;showOnPrint&quot;: true, &quot;showOnPrintMap&quot;: false, &quot;showOnElevation&quot;: false, &quot;cumulatedLocation&quot;: false, &quot;showOnPrintElevation&quot;: false, &quot;stickedDistanceInMeter&quot;: 13500, &quot;showTextOnPrintElevation&quot;: false}"/>
      </extensions>
    </wpt>
    <wpt lat="47.851987" lon="-4.294985">
      <name>Signaleur (avec permis)</name>
      <sym>5</sym>
      <type>WPT</type>
      <extensions>
        <option option="{&quot;icon&quot;: {&quot;id&quot;: &quot;5&quot;, &quot;i18n&quot;: &quot;Signaleur (avec permis)&quot;, &quot;type&quot;: &quot;default&quot;, &quot;classes&quot;: &quot;&quot;, &quot;html_code&quot;: &quot;&amp;#x42&quot;}, &quot;type&quot;: &quot;default&quot;, &quot;color&quot;: &quot;#ffffff&quot;, &quot;title&quot;: &quot;Signaleur (avec permis)&quot;, &quot;bgColor&quot;: &quot;#009c41&quot;, &quot;content&quot;: &quot;&quot;, &quot;offsetX&quot;: 0, &quot;offsetY&quot;: 0, &quot;tooltip&quot;: {&quot;show&quot;: true, &quot;direction&quot;: &quot;top&quot;, &quot;permanent&quot;: false}, &quot;visibility&quot;: &quot;public&quot;, &quot;showOnPrint&quot;: true, &quot;showOnPrintMap&quot;: false, &quot;showOnElevation&quot;: false, &quot;cumulatedLocation&quot;: false, &quot;showOnPrintElevation&quot;: false, &quot;stickedDistanceInMeter&quot;: -1, &quot;showTextOnPrintElevation&quot;: false}"/>
      </extensions>
    </wpt>
    <wpt lat="47.851786" lon="-4.29477">
      <name>Signaleur (avec permis)</name>
      <sym>5</sym>
      <type>WPT</type>
      <extensions>
        <option option="{&quot;icon&quot;: {&quot;id&quot;: &quot;5&quot;, &quot;i18n&quot;: &quot;Signaleur (avec permis)&quot;, &quot;type&quot;: &quot;default&quot;, &quot;classes&quot;: &quot;&quot;, &quot;html_code&quot;: &quot;&amp;#x42&quot;}, &quot;type&quot;: &quot;default&quot;, &quot;color&quot;: &quot;#ffffff&quot;, &quot;title&quot;: &quot;Signaleur (avec permis)&quot;, &quot;bgColor&quot;: &quot;#009c41&quot;, &quot;content&quot;: &quot;&quot;, &quot;offsetX&quot;: 0, &quot;offsetY&quot;: 0, &quot;tooltip&quot;: {&quot;show&quot;: true, &quot;direction&quot;: &quot;top&quot;, &quot;permanent&quot;: false}, &quot;visibility&quot;: &quot;public&quot;, &quot;showOnPrint&quot;: true, &quot;showOnPrintMap&quot;: false, &quot;showOnElevation&quot;: false, &quot;cumulatedLocation&quot;: false, &quot;showOnPrintElevation&quot;: false, &quot;stickedDistanceInMeter&quot;: -1, &quot;showTextOnPrintElevation&quot;: false}"/>
      </extensions>
    </wpt>
    <wpt lat="47.849568" lon="-4.287735">
      <name>Signaleur (avec permis)</name>
      <sym>5</sym>
      <type>WPT</type>
      <extensions>
        <option option="{&quot;icon&quot;: {&quot;id&quot;: &quot;5&quot;, &quot;i18n&quot;: &quot;Signaleur (avec permis)&quot;, &quot;type&quot;: &quot;default&quot;, &quot;classes&quot;: &quot;&quot;, &quot;html_code&quot;: &quot;&amp;#x42&quot;}, &quot;type&quot;: &quot;default&quot;, &quot;color&quot;: &quot;#ffffff&quot;, &quot;title&quot;: &quot;Signaleur (avec permis)&quot;, &quot;bgColor&quot;: &quot;#009c41&quot;, &quot;content&quot;: &quot;&quot;, &quot;offsetX&quot;: 0, &quot;offsetY&quot;: 0, &quot;tooltip&quot;: {&quot;show&quot;: true, &quot;direction&quot;: &quot;top&quot;, &quot;permanent&quot;: false}, &quot;visibility&quot;: &quot;public&quot;, &quot;showOnPrint&quot;: true, &quot;showOnPrintMap&quot;: false, &quot;showOnElevation&quot;: false, &quot;cumulatedLocation&quot;: false, &quot;showOnPrintElevation&quot;: false, &quot;stickedDistanceInMeter&quot;: -1, &quot;showTextOnPrintElevation&quot;: false}"/>
      </extensions>
    </wpt>
    <wpt lat="47.849294" lon="-4.287885">
      <name>Signaleur (avec permis)</name>
      <sym>5</sym>
      <type>WPT</type>
      <extensions>
        <option option="{&quot;icon&quot;: {&quot;id&quot;: &quot;5&quot;, &quot;i18n&quot;: &quot;Signaleur (avec permis)&quot;, &quot;type&quot;: &quot;default&quot;, &quot;classes&quot;: &quot;&quot;, &quot;html_code&quot;: &quot;&amp;#x42&quot;}, &quot;type&quot;: &quot;default&quot;, &quot;color&quot;: &quot;#ffffff&quot;, &quot;title&quot;: &quot;Signaleur (avec permis)&quot;, &quot;bgColor&quot;: &quot;#009c41&quot;, &quot;content&quot;: &quot;&quot;, &quot;offsetX&quot;: 0, &quot;offsetY&quot;: 0, &quot;tooltip&quot;: {&quot;show&quot;: true, &quot;direction&quot;: &quot;top&quot;, &quot;permanent&quot;: false}, &quot;visibility&quot;: &quot;public&quot;, &quot;showOnPrint&quot;: true, &quot;showOnPrintMap&quot;: false, &quot;showOnElevation&quot;: false, &quot;cumulatedLocation&quot;: false, &quot;showOnPrintElevation&quot;: false, &quot;stickedDistanceInMeter&quot;: -1, &quot;showTextOnPrintElevation&quot;: false}"/>
      </extensions>
    </wpt>
    <wpt lat="47.846913" lon="-4.287503">
      <name>Signaleur (avec permis)</name>
      <sym>5</sym>
      <type>WPT</type>
      <extensions>
        <option option="{&quot;icon&quot;: {&quot;id&quot;: &quot;5&quot;, &quot;i18n&quot;: &quot;Signaleur (avec permis)&quot;, &quot;type&quot;: &quot;default&quot;, &quot;classes&quot;: &quot;&quot;, &quot;html_code&quot;: &quot;&amp;#x42&quot;}, &quot;type&quot;: &quot;default&quot;, &quot;color&quot;: &quot;#ffffff&quot;, &quot;title&quot;: &quot;Signaleur (avec permis)&quot;, &quot;bgColor&quot;: &quot;#009c41&quot;, &quot;content&quot;: &quot;&quot;, &quot;offsetX&quot;: 0, &quot;offsetY&quot;: 0, &quot;tooltip&quot;: {&quot;show&quot;: true, &quot;direction&quot;: &quot;top&quot;, &quot;permanent&quot;: false}, &quot;visibility&quot;: &quot;public&quot;, &quot;showOnPrint&quot;: true, &quot;showOnPrintMap&quot;: false, &quot;showOnElevation&quot;: false, &quot;cumulatedLocation&quot;: false, &quot;showOnPrintElevation&quot;: false, &quot;stickedDistanceInMeter&quot;: -1, &quot;showTextOnPrintElevation&quot;: false}"/>
      </extensions>
    </wpt>
    <wpt lat="47.847033" lon="-4.283796">
      <name>Signaleur (avec permis)</name>
      <sym>5</sym>
      <type>WPT</type>
      <extensions>
        <option option="{&quot;icon&quot;: {&quot;id&quot;: &quot;5&quot;, &quot;i18n&quot;: &quot;Signaleur (avec permis)&quot;, &quot;type&quot;: &quot;default&quot;, &quot;classes&quot;: &quot;&quot;, &quot;html_code&quot;: &quot;&amp;#x42&quot;}, &quot;type&quot;: &quot;default&quot;, &quot;color&quot;: &quot;#ffffff&quot;, &quot;title&quot;: &quot;Signaleur (avec permis)&quot;, &quot;bgColor&quot;: &quot;#009c41&quot;, &quot;content&quot;: &quot;&quot;, &quot;offsetX&quot;: 0, &quot;offsetY&quot;: 0, &quot;tooltip&quot;: {&quot;show&quot;: true, &quot;direction&quot;: &quot;top&quot;, &quot;permanent&quot;: false}, &quot;visibility&quot;: &quot;public&quot;, &quot;showOnPrint&quot;: true, &quot;showOnPrintMap&quot;: false, &quot;showOnElevation&quot;: false, &quot;cumulatedLocation&quot;: false, &quot;showOnPrintElevation&quot;: false, &quot;stickedDistanceInMeter&quot;: -1, &quot;showTextOnPrintElevation&quot;: false}"/>
      </extensions>
    </wpt>
    <wpt lat="47.846831" lon="-4.283668">
      <name>Signaleur (avec permis)</name>
      <sym>5</sym>
      <type>WPT</type>
      <extensions>
        <option option="{&quot;icon&quot;: {&quot;id&quot;: &quot;5&quot;, &quot;i18n&quot;: &quot;Signaleur (avec permis)&quot;, &quot;type&quot;: &quot;default&quot;, &quot;classes&quot;: &quot;&quot;, &quot;html_code&quot;: &quot;&amp;#x42&quot;}, &quot;type&quot;: &quot;default&quot;, &quot;color&quot;: &quot;#ffffff&quot;, &quot;title&quot;: &quot;Signaleur (avec permis)&quot;, &quot;bgColor&quot;: &quot;#009c41&quot;, &quot;content&quot;: &quot;&quot;, &quot;offsetX&quot;: 0, &quot;offsetY&quot;: 0, &quot;tooltip&quot;: {&quot;show&quot;: true, &quot;direction&quot;: &quot;top&quot;, &quot;permanent&quot;: false}, &quot;visibility&quot;: &quot;public&quot;, &quot;showOnPrint&quot;: true, &quot;showOnPrintMap&quot;: false, &quot;showOnElevation&quot;: false, &quot;cumulatedLocation&quot;: false, &quot;showOnPrintElevation&quot;: false, &quot;stickedDistanceInMeter&quot;: -1, &quot;showTextOnPrintElevation&quot;: false}"/>
      </extensions>
    </wpt>
    <wpt lat="47.842926" lon="-4.284131">
      <name>Signaleur (avec permis)</name>
      <sym>5</sym>
      <type>WPT</type>
      <extensions>
        <option option="{&quot;icon&quot;: {&quot;id&quot;: &quot;5&quot;, &quot;i18n&quot;: &quot;Signaleur (avec permis)&quot;, &quot;type&quot;: &quot;default&quot;, &quot;classes&quot;: &quot;&quot;, &quot;html_code&quot;: &quot;&amp;#x42&quot;}, &quot;type&quot;: &quot;default&quot;, &quot;color&quot;: &quot;#ffffff&quot;, &quot;title&quot;: &quot;Signaleur (avec permis)&quot;, &quot;bgColor&quot;: &quot;#009c41&quot;, &quot;content&quot;: &quot;&quot;, &quot;offsetX&quot;: 0, &quot;offsetY&quot;: 0, &quot;tooltip&quot;: {&quot;show&quot;: true, &quot;direction&quot;: &quot;top&quot;, &quot;permanent&quot;: false}, &quot;visibility&quot;: &quot;public&quot;, &quot;showOnPrint&quot;: true, &quot;showOnPrintMap&quot;: false, &quot;showOnElevation&quot;: false, &quot;cumulatedLocation&quot;: false, &quot;showOnPrintElevation&quot;: false, &quot;stickedDistanceInMeter&quot;: 20900, &quot;showTextOnPrintElevation&quot;: false}"/>
      </extensions>
    </wpt>
    <wpt lat="47.84305" lon="-4.284247">
      <name>Signaleur (avec permis)</name>
      <sym>5</sym>
      <type>WPT</type>
      <extensions>
        <option option="{&quot;icon&quot;: {&quot;id&quot;: &quot;5&quot;, &quot;i18n&quot;: &quot;Signaleur (avec permis)&quot;, &quot;type&quot;: &quot;default&quot;, &quot;classes&quot;: &quot;&quot;, &quot;html_code&quot;: &quot;&amp;#x42&quot;}, &quot;type&quot;: &quot;default&quot;, &quot;color&quot;: &quot;#ffffff&quot;, &quot;title&quot;: &quot;Signaleur (avec permis)&quot;, &quot;bgColor&quot;: &quot;#009c41&quot;, &quot;content&quot;: &quot;&quot;, &quot;offsetX&quot;: 0, &quot;offsetY&quot;: 0, &quot;tooltip&quot;: {&quot;show&quot;: true, &quot;direction&quot;: &quot;top&quot;, &quot;permanent&quot;: false}, &quot;visibility&quot;: &quot;public&quot;, &quot;showOnPrint&quot;: true, &quot;showOnPrintMap&quot;: false, &quot;showOnElevation&quot;: false, &quot;cumulatedLocation&quot;: false, &quot;showOnPrintElevation&quot;: false, &quot;stickedDistanceInMeter&quot;: 20900, &quot;showTextOnPrintElevation&quot;: false}"/>
      </extensions>
    </wpt>
    <wpt lat="47.84525" lon="-4.28481">
      <name>Signaleur (avec permis)</name>
      <sym>5</sym>
      <type>WPT</type>
      <extensions>
        <option option="{&quot;icon&quot;: {&quot;id&quot;: &quot;5&quot;, &quot;i18n&quot;: &quot;Signaleur (avec permis)&quot;, &quot;type&quot;: &quot;default&quot;, &quot;classes&quot;: &quot;&quot;, &quot;html_code&quot;: &quot;&amp;#x42&quot;}, &quot;type&quot;: &quot;default&quot;, &quot;color&quot;: &quot;#ffffff&quot;, &quot;title&quot;: &quot;Signaleur (avec permis)&quot;, &quot;bgColor&quot;: &quot;#009c41&quot;, &quot;content&quot;: &quot;&quot;, &quot;offsetX&quot;: 0, &quot;offsetY&quot;: 0, &quot;tooltip&quot;: {&quot;show&quot;: true, &quot;direction&quot;: &quot;top&quot;, &quot;permanent&quot;: false}, &quot;visibility&quot;: &quot;public&quot;, &quot;showOnPrint&quot;: true, &quot;showOnPrintMap&quot;: false, &quot;showOnElevation&quot;: false, &quot;cumulatedLocation&quot;: false, &quot;showOnPrintElevation&quot;: false, &quot;stickedDistanceInMeter&quot;: 20600, &quot;showTextOnPrintElevation&quot;: false}"/>
      </extensions>
    </wpt>
    <wpt lat="47.842473" lon="-4.282572">
      <name>Gendarmerie</name>
      <sym>42</sym>
      <type>WPT</type>
      <extensions>
        <option option="{&quot;icon&quot;: {&quot;id&quot;: &quot;42&quot;, &quot;i18n&quot;: &quot;Gendarmerie&quot;, &quot;type&quot;: &quot;default&quot;, &quot;classes&quot;: &quot;&quot;, &quot;html_code&quot;: &quot;&amp;#x4a&quot;}, &quot;type&quot;: &quot;default&quot;, &quot;color&quot;: &quot;#ffffff&quot;, &quot;title&quot;: &quot;Gendarmerie&quot;, &quot;bgColor&quot;: &quot;#004790&quot;, &quot;content&quot;: &quot;&quot;, &quot;offsetX&quot;: 0, &quot;offsetY&quot;: 0, &quot;tooltip&quot;: {&quot;show&quot;: true, &quot;direction&quot;: &quot;top&quot;, &quot;permanent&quot;: false}, &quot;visibility&quot;: &quot;public&quot;, &quot;showOnPrint&quot;: true, &quot;showOnPrintMap&quot;: false, &quot;showOnElevation&quot;: false, &quot;cumulatedLocation&quot;: false, &quot;showOnPrintElevation&quot;: false, &quot;stickedDistanceInMeter&quot;: -1, &quot;showTextOnPrintElevation&quot;: false}"/>
      </extensions>
    </wpt>
    <wpt lat="47.841191" lon="-4.284804">
      <name>Gendarmerie</name>
      <sym>42</sym>
      <type>WPT</type>
      <extensions>
        <option option="{&quot;icon&quot;: {&quot;id&quot;: &quot;42&quot;, &quot;i18n&quot;: &quot;Gendarmerie&quot;, &quot;type&quot;: &quot;default&quot;, &quot;classes&quot;: &quot;&quot;, &quot;html_code&quot;: &quot;&amp;#x4a&quot;}, &quot;type&quot;: &quot;default&quot;, &quot;color&quot;: &quot;#ffffff&quot;, &quot;title&quot;: &quot;Gendarmerie&quot;, &quot;bgColor&quot;: &quot;#004790&quot;, &quot;content&quot;: &quot;&quot;, &quot;offsetX&quot;: 0, &quot;offsetY&quot;: 0, &quot;tooltip&quot;: {&quot;show&quot;: true, &quot;direction&quot;: &quot;top&quot;, &quot;permanent&quot;: false}, &quot;visibility&quot;: &quot;public&quot;, &quot;showOnPrint&quot;: true, &quot;showOnPrintMap&quot;: false, &quot;showOnElevation&quot;: false, &quot;cumulatedLocation&quot;: false, &quot;showOnPrintElevation&quot;: false, &quot;stickedDistanceInMeter&quot;: -1, &quot;showTextOnPrintElevation&quot;: false}"/>
      </extensions>
    </wpt>
    <wpt lat="47.842214" lon="-4.283001">
      <name>Signaleur (avec permis)</name>
      <sym>5</sym>
      <type>WPT</type>
      <extensions>
        <option option="{&quot;icon&quot;: {&quot;id&quot;: &quot;5&quot;, &quot;i18n&quot;: &quot;Signaleur (avec permis)&quot;, &quot;type&quot;: &quot;default&quot;, &quot;classes&quot;: &quot;&quot;, &quot;html_code&quot;: &quot;&amp;#x42&quot;}, &quot;type&quot;: &quot;default&quot;, &quot;color&quot;: &quot;#ffffff&quot;, &quot;title&quot;: &quot;Signaleur (avec permis)&quot;, &quot;bgColor&quot;: &quot;#009c41&quot;, &quot;content&quot;: &quot;&quot;, &quot;offsetX&quot;: 0, &quot;offsetY&quot;: 0, &quot;tooltip&quot;: {&quot;show&quot;: true, &quot;direction&quot;: &quot;top&quot;, &quot;permanent&quot;: false}, &quot;visibility&quot;: &quot;public&quot;, &quot;showOnPrint&quot;: true, &quot;showOnPrintMap&quot;: false, &quot;showOnElevation&quot;: false, &quot;cumulatedLocation&quot;: false, &quot;showOnPrintElevation&quot;: false, &quot;stickedDistanceInMeter&quot;: -1, &quot;showTextOnPrintElevation&quot;: false}"/>
      </extensions>
    </wpt>
    <wpt lat="47.841689" lon="-4.283449">
      <name>Signaleur (avec permis)</name>
      <sym>5</sym>
      <type>WPT</type>
      <extensions>
        <option option="{&quot;icon&quot;: {&quot;id&quot;: &quot;5&quot;, &quot;i18n&quot;: &quot;Signaleur (avec permis)&quot;, &quot;type&quot;: &quot;default&quot;, &quot;classes&quot;: &quot;&quot;, &quot;html_code&quot;: &quot;&amp;#x42&quot;}, &quot;type&quot;: &quot;default&quot;, &quot;color&quot;: &quot;#ffffff&quot;, &quot;title&quot;: &quot;Signaleur (avec permis)&quot;, &quot;bgColor&quot;: &quot;#009c41&quot;, &quot;content&quot;: &quot;&quot;, &quot;offsetX&quot;: 0, &quot;offsetY&quot;: 0, &quot;tooltip&quot;: {&quot;show&quot;: true, &quot;direction&quot;: &quot;top&quot;, &quot;permanent&quot;: false}, &quot;visibility&quot;: &quot;public&quot;, &quot;showOnPrint&quot;: true, &quot;showOnPrintMap&quot;: false, &quot;showOnElevation&quot;: false, &quot;cumulatedLocation&quot;: false, &quot;showOnPrintElevation&quot;: false, &quot;stickedDistanceInMeter&quot;: 21100, &quot;showTextOnPrintElevation&quot;: false}"/>
      </extensions>
    </wpt>
    <wpt lat="47.841378" lon="-4.284138">
      <name>Signaleur (avec permis)</name>
      <sym>5</sym>
      <type>WPT</type>
      <extensions>
        <option option="{&quot;icon&quot;: {&quot;id&quot;: &quot;5&quot;, &quot;i18n&quot;: &quot;Signaleur (avec permis)&quot;, &quot;type&quot;: &quot;default&quot;, &quot;classes&quot;: &quot;&quot;, &quot;html_code&quot;: &quot;&amp;#x42&quot;}, &quot;type&quot;: &quot;default&quot;, &quot;color&quot;: &quot;#ffffff&quot;, &quot;title&quot;: &quot;Signaleur (avec permis)&quot;, &quot;bgColor&quot;: &quot;#009c41&quot;, &quot;content&quot;: &quot;&quot;, &quot;offsetX&quot;: 0, &quot;offsetY&quot;: 0, &quot;tooltip&quot;: {&quot;show&quot;: true, &quot;direction&quot;: &quot;top&quot;, &quot;permanent&quot;: false}, &quot;visibility&quot;: &quot;public&quot;, &quot;showOnPrint&quot;: true, &quot;showOnPrintMap&quot;: false, &quot;showOnElevation&quot;: false, &quot;cumulatedLocation&quot;: false, &quot;showOnPrintElevation&quot;: false, &quot;stickedDistanceInMeter&quot;: -1, &quot;showTextOnPrintElevation&quot;: false}"/>
      </extensions>
    </wpt>
    <wpt lat="47.84122" lon="-4.284181">
      <name>Signaleur (avec permis)</name>
      <sym>5</sym>
      <type>WPT</type>
      <extensions>
        <option option="{&quot;icon&quot;: {&quot;id&quot;: &quot;5&quot;, &quot;i18n&quot;: &quot;Signaleur (avec permis)&quot;, &quot;type&quot;: &quot;default&quot;, &quot;classes&quot;: &quot;&quot;, &quot;html_code&quot;: &quot;&amp;#x42&quot;}, &quot;type&quot;: &quot;default&quot;, &quot;color&quot;: &quot;#ffffff&quot;, &quot;title&quot;: &quot;Signaleur (avec permis)&quot;, &quot;bgColor&quot;: &quot;#009c41&quot;, &quot;content&quot;: &quot;&quot;, &quot;offsetX&quot;: 0, &quot;offsetY&quot;: 0, &quot;tooltip&quot;: {&quot;show&quot;: true, &quot;direction&quot;: &quot;top&quot;, &quot;permanent&quot;: false}, &quot;visibility&quot;: &quot;public&quot;, &quot;showOnPrint&quot;: true, &quot;showOnPrintMap&quot;: false, &quot;showOnElevation&quot;: false, &quot;cumulatedLocation&quot;: false, &quot;showOnPrintElevation&quot;: false, &quot;stickedDistanceInMeter&quot;: -1, &quot;showTextOnPrintElevation&quot;: false}"/>
      </extensions>
    </wpt>
    <wpt lat="47.84134" lon="-4.283318">
      <name>Signaleur (avec permis)</name>
      <sym>5</sym>
      <type>WPT</type>
      <extensions>
        <option option="{&quot;icon&quot;: {&quot;id&quot;: &quot;5&quot;, &quot;i18n&quot;: &quot;Signaleur (avec permis)&quot;, &quot;type&quot;: &quot;default&quot;, &quot;classes&quot;: &quot;&quot;, &quot;html_code&quot;: &quot;&amp;#x42&quot;}, &quot;type&quot;: &quot;default&quot;, &quot;color&quot;: &quot;#ffffff&quot;, &quot;title&quot;: &quot;Signaleur (avec permis)&quot;, &quot;bgColor&quot;: &quot;#009c41&quot;, &quot;content&quot;: &quot;&quot;, &quot;offsetX&quot;: 0, &quot;offsetY&quot;: 0, &quot;tooltip&quot;: {&quot;show&quot;: true, &quot;direction&quot;: &quot;top&quot;, &quot;permanent&quot;: false}, &quot;visibility&quot;: &quot;public&quot;, &quot;showOnPrint&quot;: true, &quot;showOnPrintMap&quot;: false, &quot;showOnElevation&quot;: false, &quot;cumulatedLocation&quot;: false, &quot;showOnPrintElevation&quot;: false, &quot;stickedDistanceInMeter&quot;: -1, &quot;showTextOnPrintElevation&quot;: false}"/>
      </extensions>
    </wpt>
    <wpt lat="47.841532" lon="-4.282126">
      <name>Signaleur (avec permis)</name>
      <sym>5</sym>
      <type>WPT</type>
      <extensions>
        <option option="{&quot;icon&quot;: {&quot;id&quot;: &quot;5&quot;, &quot;i18n&quot;: &quot;Signaleur (avec permis)&quot;, &quot;type&quot;: &quot;default&quot;, &quot;classes&quot;: &quot;&quot;, &quot;html_code&quot;: &quot;&amp;#x42&quot;}, &quot;type&quot;: &quot;default&quot;, &quot;color&quot;: &quot;#ffffff&quot;, &quot;title&quot;: &quot;Signaleur (avec permis)&quot;, &quot;bgColor&quot;: &quot;#009c41&quot;, &quot;content&quot;: &quot;&quot;, &quot;offsetX&quot;: 0, &quot;offsetY&quot;: 0, &quot;tooltip&quot;: {&quot;show&quot;: true, &quot;direction&quot;: &quot;top&quot;, &quot;permanent&quot;: false}, &quot;visibility&quot;: &quot;public&quot;, &quot;showOnPrint&quot;: true, &quot;showOnPrintMap&quot;: false, &quot;showOnElevation&quot;: false, &quot;cumulatedLocation&quot;: false, &quot;showOnPrintElevation&quot;: false, &quot;stickedDistanceInMeter&quot;: 21200, &quot;showTextOnPrintElevation&quot;: false}"/>
      </extensions>
    </wpt>
    <wpt lat="47.84157" lon="-4.28196">
      <name>Signaleur (avec permis)</name>
      <sym>5</sym>
      <type>WPT</type>
      <extensions>
        <option option="{&quot;icon&quot;: {&quot;id&quot;: &quot;5&quot;, &quot;i18n&quot;: &quot;Signaleur (avec permis)&quot;, &quot;type&quot;: &quot;default&quot;, &quot;classes&quot;: &quot;&quot;, &quot;html_code&quot;: &quot;&amp;#x42&quot;}, &quot;type&quot;: &quot;default&quot;, &quot;color&quot;: &quot;#ffffff&quot;, &quot;title&quot;: &quot;Signaleur (avec permis)&quot;, &quot;bgColor&quot;: &quot;#009c41&quot;, &quot;content&quot;: &quot;&quot;, &quot;offsetX&quot;: 0, &quot;offsetY&quot;: 0, &quot;tooltip&quot;: {&quot;show&quot;: true, &quot;direction&quot;: &quot;top&quot;, &quot;permanent&quot;: false}, &quot;visibility&quot;: &quot;public&quot;, &quot;showOnPrint&quot;: true, &quot;showOnPrintMap&quot;: false, &quot;showOnElevation&quot;: false, &quot;cumulatedLocation&quot;: false, &quot;showOnPrintElevation&quot;: false, &quot;stickedDistanceInMeter&quot;: 21200, &quot;showTextOnPrintElevation&quot;: false}"/>
      </extensions>
    </wpt>
    <wpt lat="47.840662" lon="-4.281759">
      <name>Signaleur (avec permis)</name>
      <sym>5</sym>
      <type>WPT</type>
      <extensions>
        <option option="{&quot;icon&quot;: {&quot;id&quot;: &quot;5&quot;, &quot;i18n&quot;: &quot;Signaleur (avec permis)&quot;, &quot;type&quot;: &quot;default&quot;, &quot;classes&quot;: &quot;&quot;, &quot;html_code&quot;: &quot;&amp;#x42&quot;}, &quot;type&quot;: &quot;default&quot;, &quot;color&quot;: &quot;#ffffff&quot;, &quot;title&quot;: &quot;Signaleur (avec permis)&quot;, &quot;bgColor&quot;: &quot;#009c41&quot;, &quot;content&quot;: &quot;&quot;, &quot;offsetX&quot;: 0, &quot;offsetY&quot;: 0, &quot;tooltip&quot;: {&quot;show&quot;: true, &quot;direction&quot;: &quot;top&quot;, &quot;permanent&quot;: false}, &quot;visibility&quot;: &quot;public&quot;, &quot;showOnPrint&quot;: true, &quot;showOnPrintMap&quot;: false, &quot;showOnElevation&quot;: false, &quot;cumulatedLocation&quot;: false, &quot;showOnPrintElevation&quot;: false, &quot;stickedDistanceInMeter&quot;: 21300, &quot;showTextOnPrintElevation&quot;: false}"/>
      </extensions>
    </wpt>
    <wpt lat="47.840454" lon="-4.280967">
      <name>Départ réel</name>
      <sym>73</sym>
      <type>WPT</type>
      <extensions>
        <option option="{&quot;icon&quot;: {&quot;id&quot;: &quot;73&quot;, &quot;i18n&quot;: &quot;D\u00e9part r\u00e9el&quot;, &quot;type&quot;: &quot;default&quot;, &quot;classes&quot;: &quot;&quot;, &quot;html_code&quot;: &quot;&amp;#x6f&quot;}, &quot;type&quot;: &quot;default&quot;, &quot;color&quot;: &quot;#ffffff&quot;, &quot;title&quot;: &quot;D\u00e9part r\u00e9el&quot;, &quot;bgColor&quot;: &quot;#e67e22&quot;, &quot;content&quot;: &quot;&quot;, &quot;offsetX&quot;: 0, &quot;offsetY&quot;: 0, &quot;tooltip&quot;: {&quot;show&quot;: true, &quot;direction&quot;: &quot;top&quot;, &quot;permanent&quot;: false}, &quot;visibility&quot;: &quot;public&quot;, &quot;showOnPrint&quot;: true, &quot;showOnPrintMap&quot;: false, &quot;showOnElevation&quot;: false, &quot;cumulatedLocation&quot;: false, &quot;showOnPrintElevation&quot;: false, &quot;stickedDistanceInMeter&quot;: 21400, &quot;showTextOnPrintElevation&quot;: false}"/>
      </extensions>
    </wpt>
    <wpt lat="47.840475" lon="-4.2811">
      <name>Ravitaillement</name>
      <sym>3</sym>
      <type>WPT</type>
      <extensions>
        <option option="{&quot;icon&quot;: {&quot;id&quot;: &quot;3&quot;, &quot;i18n&quot;: &quot;Ravitaillement&quot;, &quot;type&quot;: &quot;default&quot;, &quot;classes&quot;: &quot;&quot;, &quot;html_code&quot;: &quot;&amp;#x55&quot;}, &quot;type&quot;: &quot;default&quot;, &quot;color&quot;: &quot;#ffffff&quot;, &quot;title&quot;: &quot;Ravitaillement&quot;, &quot;bgColor&quot;: &quot;#0077c0&quot;, &quot;content&quot;: &quot;&quot;, &quot;offsetX&quot;: 0, &quot;offsetY&quot;: 0, &quot;tooltip&quot;: {&quot;show&quot;: true, &quot;direction&quot;: &quot;top&quot;, &quot;permanent&quot;: false}, &quot;visibility&quot;: &quot;public&quot;, &quot;showOnPrint&quot;: true, &quot;showOnPrintMap&quot;: false, &quot;showOnElevation&quot;: false, &quot;cumulatedLocation&quot;: false, &quot;showOnPrintElevation&quot;: false, &quot;stickedDistanceInMeter&quot;: 21400, &quot;showTextOnPrintElevation&quot;: false}"/>
      </extensions>
    </wpt>
    <wpt lat="47.840851" lon="-4.281065">
      <name>Secours</name>
      <sym>2</sym>
      <type>WPT</type>
      <extensions>
        <option option="{&quot;icon&quot;: {&quot;id&quot;: &quot;2&quot;, &quot;i18n&quot;: &quot;Secours&quot;, &quot;type&quot;: &quot;default&quot;, &quot;classes&quot;: &quot;&quot;, &quot;html_code&quot;: &quot;&amp;#x43&quot;}, &quot;type&quot;: &quot;default&quot;, &quot;color&quot;: &quot;#ffffff&quot;, &quot;title&quot;: &quot;Secours&quot;, &quot;bgColor&quot;: &quot;#b71c0c&quot;, &quot;content&quot;: &quot;&quot;, &quot;offsetX&quot;: 0, &quot;offsetY&quot;: 0, &quot;tooltip&quot;: {&quot;show&quot;: true, &quot;direction&quot;: &quot;top&quot;, &quot;permanent&quot;: false}, &quot;visibility&quot;: &quot;public&quot;, &quot;showOnPrint&quot;: true, &quot;showOnPrintMap&quot;: false, &quot;showOnElevation&quot;: false, &quot;cumulatedLocation&quot;: false, &quot;showOnPrintElevation&quot;: false, &quot;stickedDistanceInMeter&quot;: -1, &quot;showTextOnPrintElevation&quot;: false}"/>
      </extensions>
    </wpt>
    <wpt lat="47.84039" lon="-4.280143">
      <name>Signaleur (avec permis)</name>
      <sym>5</sym>
      <type>WPT</type>
      <extensions>
        <option option="{&quot;icon&quot;: {&quot;id&quot;: &quot;5&quot;, &quot;i18n&quot;: &quot;Signaleur (avec permis)&quot;, &quot;type&quot;: &quot;default&quot;, &quot;classes&quot;: &quot;&quot;, &quot;html_code&quot;: &quot;&amp;#x42&quot;}, &quot;type&quot;: &quot;default&quot;, &quot;color&quot;: &quot;#ffffff&quot;, &quot;title&quot;: &quot;Signaleur (avec permis)&quot;, &quot;bgColor&quot;: &quot;#009c41&quot;, &quot;content&quot;: &quot;&quot;, &quot;offsetX&quot;: 0, &quot;offsetY&quot;: 0, &quot;tooltip&quot;: {&quot;show&quot;: true, &quot;direction&quot;: &quot;top&quot;, &quot;permanent&quot;: false}, &quot;visibility&quot;: &quot;public&quot;, &quot;showOnPrint&quot;: true, &quot;showOnPrintMap&quot;: false, &quot;showOnElevation&quot;: false, &quot;cumulatedLocation&quot;: false, &quot;showOnPrintElevation&quot;: false, &quot;stickedDistanceInMeter&quot;: -1, &quot;showTextOnPrintElevation&quot;: false}"/>
      </extensions>
    </wpt>
    <wpt lat="47.838601" lon="-4.28033">
      <name>Signaleur (avec permis)</name>
      <sym>5</sym>
      <type>WPT</type>
      <extensions>
        <option option="{&quot;icon&quot;: {&quot;id&quot;: &quot;5&quot;, &quot;i18n&quot;: &quot;Signaleur (avec permis)&quot;, &quot;type&quot;: &quot;default&quot;, &quot;classes&quot;: &quot;&quot;, &quot;html_code&quot;: &quot;&amp;#x42&quot;}, &quot;type&quot;: &quot;default&quot;, &quot;color&quot;: &quot;#ffffff&quot;, &quot;title&quot;: &quot;Signaleur (avec permis)&quot;, &quot;bgColor&quot;: &quot;#009c41&quot;, &quot;content&quot;: &quot;&quot;, &quot;offsetX&quot;: 0, &quot;offsetY&quot;: 0, &quot;tooltip&quot;: {&quot;show&quot;: true, &quot;direction&quot;: &quot;top&quot;, &quot;permanent&quot;: false}, &quot;visibility&quot;: &quot;public&quot;, &quot;showOnPrint&quot;: true, &quot;showOnPrintMap&quot;: false, &quot;showOnElevation&quot;: false, &quot;cumulatedLocation&quot;: false, &quot;showOnPrintElevation&quot;: false, &quot;stickedDistanceInMeter&quot;: -1, &quot;showTextOnPrintElevation&quot;: false}"/>
      </extensions>
    </wpt>
    <wpt lat="47.83719" lon="-4.281231">
      <name>Signaleur (avec permis)</name>
      <sym>5</sym>
      <type>WPT</type>
      <extensions>
        <option option="{&quot;icon&quot;: {&quot;id&quot;: &quot;5&quot;, &quot;i18n&quot;: &quot;Signaleur (avec permis)&quot;, &quot;type&quot;: &quot;default&quot;, &quot;classes&quot;: &quot;&quot;, &quot;html_code&quot;: &quot;&amp;#x42&quot;}, &quot;type&quot;: &quot;default&quot;, &quot;color&quot;: &quot;#ffffff&quot;, &quot;title&quot;: &quot;Signaleur (avec permis)&quot;, &quot;bgColor&quot;: &quot;#009c41&quot;, &quot;content&quot;: &quot;&quot;, &quot;offsetX&quot;: 0, &quot;offsetY&quot;: 0, &quot;tooltip&quot;: {&quot;show&quot;: true, &quot;direction&quot;: &quot;top&quot;, &quot;permanent&quot;: false}, &quot;visibility&quot;: &quot;public&quot;, &quot;showOnPrint&quot;: true, &quot;showOnPrintMap&quot;: false, &quot;showOnElevation&quot;: false, &quot;cumulatedLocation&quot;: false, &quot;showOnPrintElevation&quot;: false, &quot;stickedDistanceInMeter&quot;: -1, &quot;showTextOnPrintElevation&quot;: false}"/>
      </extensions>
    </wpt>
    <wpt lat="47.835389" lon="-4.279879">
      <name>Signaleur (avec permis)</name>
      <sym>5</sym>
      <type>WPT</type>
      <extensions>
        <option option="{&quot;icon&quot;: {&quot;id&quot;: &quot;5&quot;, &quot;i18n&quot;: &quot;Signaleur (avec permis)&quot;, &quot;type&quot;: &quot;default&quot;, &quot;classes&quot;: &quot;&quot;, &quot;html_code&quot;: &quot;&amp;#x42&quot;}, &quot;type&quot;: &quot;default&quot;, &quot;color&quot;: &quot;#ffffff&quot;, &quot;title&quot;: &quot;Signaleur (avec permis)&quot;, &quot;bgColor&quot;: &quot;#009c41&quot;, &quot;content&quot;: &quot;&quot;, &quot;offsetX&quot;: 0, &quot;offsetY&quot;: 0, &quot;tooltip&quot;: {&quot;show&quot;: true, &quot;direction&quot;: &quot;top&quot;, &quot;permanent&quot;: false}, &quot;visibility&quot;: &quot;public&quot;, &quot;showOnPrint&quot;: true, &quot;showOnPrintMap&quot;: false, &quot;showOnElevation&quot;: false, &quot;cumulatedLocation&quot;: false, &quot;showOnPrintElevation&quot;: false, &quot;stickedDistanceInMeter&quot;: -1, &quot;showTextOnPrintElevation&quot;: false}"/>
      </extensions>
    </wpt>
    <wpt lat="47.835116" lon="-4.280201">
      <name>Signaleur (avec permis)</name>
      <sym>5</sym>
      <type>WPT</type>
      <extensions>
        <option option="{&quot;icon&quot;: {&quot;id&quot;: &quot;5&quot;, &quot;i18n&quot;: &quot;Signaleur (avec permis)&quot;, &quot;type&quot;: &quot;default&quot;, &quot;classes&quot;: &quot;&quot;, &quot;html_code&quot;: &quot;&amp;#x42&quot;}, &quot;type&quot;: &quot;default&quot;, &quot;color&quot;: &quot;#ffffff&quot;, &quot;title&quot;: &quot;Signaleur (avec permis)&quot;, &quot;bgColor&quot;: &quot;#009c41&quot;, &quot;content&quot;: &quot;&quot;, &quot;offsetX&quot;: 0, &quot;offsetY&quot;: 0, &quot;tooltip&quot;: {&quot;show&quot;: true, &quot;direction&quot;: &quot;top&quot;, &quot;permanent&quot;: false}, &quot;visibility&quot;: &quot;public&quot;, &quot;showOnPrint&quot;: true, &quot;showOnPrintMap&quot;: false, &quot;showOnElevation&quot;: false, &quot;cumulatedLocation&quot;: false, &quot;showOnPrintElevation&quot;: false, &quot;stickedDistanceInMeter&quot;: -1, &quot;showTextOnPrintElevation&quot;: false}"/>
      </extensions>
    </wpt>
    <wpt lat="47.834059" lon="-4.284668">
      <name>Signaleur (avec permis)</name>
      <sym>5</sym>
      <type>WPT</type>
      <extensions>
        <option option="{&quot;icon&quot;: {&quot;id&quot;: &quot;5&quot;, &quot;i18n&quot;: &quot;Signaleur (avec permis)&quot;, &quot;type&quot;: &quot;default&quot;, &quot;classes&quot;: &quot;&quot;, &quot;html_code&quot;: &quot;&amp;#x42&quot;}, &quot;type&quot;: &quot;default&quot;, &quot;color&quot;: &quot;#ffffff&quot;, &quot;title&quot;: &quot;Signaleur (avec permis)&quot;, &quot;bgColor&quot;: &quot;#009c41&quot;, &quot;content&quot;: &quot;&quot;, &quot;offsetX&quot;: 0, &quot;offsetY&quot;: 0, &quot;tooltip&quot;: {&quot;show&quot;: true, &quot;direction&quot;: &quot;top&quot;, &quot;permanent&quot;: false}, &quot;visibility&quot;: &quot;public&quot;, &quot;showOnPrint&quot;: true, &quot;showOnPrintMap&quot;: false, &quot;showOnElevation&quot;: false, &quot;cumulatedLocation&quot;: false, &quot;showOnPrintElevation&quot;: false, &quot;stickedDistanceInMeter&quot;: -1, &quot;showTextOnPrintElevation&quot;: false}"/>
      </extensions>
    </wpt>
    <wpt lat="47.833714" lon="-4.284925">
      <name>Signaleur (avec permis)</name>
      <sym>5</sym>
      <type>WPT</type>
      <extensions>
        <option option="{&quot;icon&quot;: {&quot;id&quot;: &quot;5&quot;, &quot;i18n&quot;: &quot;Signaleur (avec permis)&quot;, &quot;type&quot;: &quot;default&quot;, &quot;classes&quot;: &quot;&quot;, &quot;html_code&quot;: &quot;&amp;#x42&quot;}, &quot;type&quot;: &quot;default&quot;, &quot;color&quot;: &quot;#ffffff&quot;, &quot;title&quot;: &quot;Signaleur (avec permis)&quot;, &quot;bgColor&quot;: &quot;#009c41&quot;, &quot;content&quot;: &quot;&quot;, &quot;offsetX&quot;: 0, &quot;offsetY&quot;: 0, &quot;tooltip&quot;: {&quot;show&quot;: true, &quot;direction&quot;: &quot;top&quot;, &quot;permanent&quot;: false}, &quot;visibility&quot;: &quot;public&quot;, &quot;showOnPrint&quot;: true, &quot;showOnPrintMap&quot;: false, &quot;showOnElevation&quot;: false, &quot;cumulatedLocation&quot;: false, &quot;showOnPrintElevation&quot;: false, &quot;stickedDistanceInMeter&quot;: -1, &quot;showTextOnPrintElevation&quot;: false}"/>
      </extensions>
    </wpt>
    <wpt lat="47.825252" lon="-4.282788">
      <name>Signaleur (avec permis)</name>
      <sym>5</sym>
      <type>WPT</type>
      <extensions>
        <option option="{&quot;icon&quot;: {&quot;id&quot;: &quot;5&quot;, &quot;i18n&quot;: &quot;Signaleur (avec permis)&quot;, &quot;type&quot;: &quot;default&quot;, &quot;classes&quot;: &quot;&quot;, &quot;html_code&quot;: &quot;&amp;#x42&quot;}, &quot;type&quot;: &quot;default&quot;, &quot;color&quot;: &quot;#ffffff&quot;, &quot;title&quot;: &quot;Signaleur (avec permis)&quot;, &quot;bgColor&quot;: &quot;#009c41&quot;, &quot;content&quot;: &quot;&quot;, &quot;offsetX&quot;: 0, &quot;offsetY&quot;: 0, &quot;tooltip&quot;: {&quot;show&quot;: true, &quot;direction&quot;: &quot;top&quot;, &quot;permanent&quot;: false}, &quot;visibility&quot;: &quot;public&quot;, &quot;showOnPrint&quot;: true, &quot;showOnPrintMap&quot;: false, &quot;showOnElevation&quot;: false, &quot;cumulatedLocation&quot;: false, &quot;showOnPrintElevation&quot;: false, &quot;stickedDistanceInMeter&quot;: -1, &quot;showTextOnPrintElevation&quot;: false}"/>
      </extensions>
    </wpt>
    <wpt lat="47.8282" lon="-4.282974">
      <name>Signaleur (avec permis)</name>
      <sym>5</sym>
      <type>WPT</type>
      <extensions>
        <option option="{&quot;icon&quot;: {&quot;id&quot;: &quot;5&quot;, &quot;i18n&quot;: &quot;Signaleur (avec permis)&quot;, &quot;type&quot;: &quot;default&quot;, &quot;classes&quot;: &quot;&quot;, &quot;html_code&quot;: &quot;&amp;#x42&quot;}, &quot;type&quot;: &quot;default&quot;, &quot;color&quot;: &quot;#ffffff&quot;, &quot;title&quot;: &quot;Signaleur (avec permis)&quot;, &quot;bgColor&quot;: &quot;#009c41&quot;, &quot;content&quot;: &quot;&quot;, &quot;offsetX&quot;: 0, &quot;offsetY&quot;: 0, &quot;tooltip&quot;: {&quot;show&quot;: true, &quot;direction&quot;: &quot;top&quot;, &quot;permanent&quot;: false}, &quot;visibility&quot;: &quot;public&quot;, &quot;showOnPrint&quot;: true, &quot;showOnPrintMap&quot;: false, &quot;showOnElevation&quot;: false, &quot;cumulatedLocation&quot;: false, &quot;showOnPrintElevation&quot;: false, &quot;stickedDistanceInMeter&quot;: 23000, &quot;showTextOnPrintElevation&quot;: false}"/>
      </extensions>
    </wpt>
    <wpt lat="47.823317" lon="-4.281168">
      <name>Signaleur (avec permis)</name>
      <sym>5</sym>
      <type>WPT</type>
      <extensions>
        <option option="{&quot;icon&quot;: {&quot;id&quot;: &quot;5&quot;, &quot;i18n&quot;: &quot;Signaleur (avec permis)&quot;, &quot;type&quot;: &quot;default&quot;, &quot;classes&quot;: &quot;&quot;, &quot;html_code&quot;: &quot;&amp;#x42&quot;}, &quot;type&quot;: &quot;default&quot;, &quot;color&quot;: &quot;#ffffff&quot;, &quot;title&quot;: &quot;Signaleur (avec permis)&quot;, &quot;bgColor&quot;: &quot;#009c41&quot;, &quot;content&quot;: &quot;&quot;, &quot;offsetX&quot;: 0, &quot;offsetY&quot;: 0, &quot;tooltip&quot;: {&quot;show&quot;: true, &quot;direction&quot;: &quot;top&quot;, &quot;permanent&quot;: false}, &quot;visibility&quot;: &quot;public&quot;, &quot;showOnPrint&quot;: true, &quot;showOnPrintMap&quot;: false, &quot;showOnElevation&quot;: false, &quot;cumulatedLocation&quot;: false, &quot;showOnPrintElevation&quot;: false, &quot;stickedDistanceInMeter&quot;: -1, &quot;showTextOnPrintElevation&quot;: false}"/>
      </extensions>
    </wpt>
    <wpt lat="47.823288" lon="-4.281898">
      <name>Signaleur (avec permis)</name>
      <sym>5</sym>
      <type>WPT</type>
      <extensions>
        <option option="{&quot;icon&quot;: {&quot;id&quot;: &quot;5&quot;, &quot;i18n&quot;: &quot;Signaleur (avec permis)&quot;, &quot;type&quot;: &quot;default&quot;, &quot;classes&quot;: &quot;&quot;, &quot;html_code&quot;: &quot;&amp;#x42&quot;}, &quot;type&quot;: &quot;default&quot;, &quot;color&quot;: &quot;#ffffff&quot;, &quot;title&quot;: &quot;Signaleur (avec permis)&quot;, &quot;bgColor&quot;: &quot;#009c41&quot;, &quot;content&quot;: &quot;&quot;, &quot;offsetX&quot;: 0, &quot;offsetY&quot;: 0, &quot;tooltip&quot;: {&quot;show&quot;: true, &quot;direction&quot;: &quot;top&quot;, &quot;permanent&quot;: false}, &quot;visibility&quot;: &quot;public&quot;, &quot;showOnPrint&quot;: true, &quot;showOnPrintMap&quot;: false, &quot;showOnElevation&quot;: false, &quot;cumulatedLocation&quot;: false, &quot;showOnPrintElevation&quot;: false, &quot;stickedDistanceInMeter&quot;: -1, &quot;showTextOnPrintElevation&quot;: false}"/>
      </extensions>
    </wpt>
    <wpt lat="47.821336" lon="-4.28117">
      <name>Gendarmerie</name>
      <sym>42</sym>
      <type>WPT</type>
      <extensions>
        <option option="{&quot;icon&quot;: {&quot;id&quot;: &quot;42&quot;, &quot;i18n&quot;: &quot;Gendarmerie&quot;, &quot;type&quot;: &quot;default&quot;, &quot;classes&quot;: &quot;&quot;, &quot;html_code&quot;: &quot;&amp;#x4a&quot;}, &quot;type&quot;: &quot;default&quot;, &quot;color&quot;: &quot;#ffffff&quot;, &quot;title&quot;: &quot;Gendarmerie&quot;, &quot;bgColor&quot;: &quot;#004790&quot;, &quot;content&quot;: &quot;&quot;, &quot;offsetX&quot;: 0, &quot;offsetY&quot;: 0, &quot;tooltip&quot;: {&quot;show&quot;: true, &quot;direction&quot;: &quot;top&quot;, &quot;permanent&quot;: false}, &quot;visibility&quot;: &quot;public&quot;, &quot;showOnPrint&quot;: true, &quot;showOnPrintMap&quot;: false, &quot;showOnElevation&quot;: false, &quot;cumulatedLocation&quot;: false, &quot;showOnPrintElevation&quot;: false, &quot;stickedDistanceInMeter&quot;: -1, &quot;showTextOnPrintElevation&quot;: false}"/>
      </extensions>
    </wpt>
    <wpt lat="47.821261" lon="-4.281823">
      <name>Signaleur (avec permis)</name>
      <sym>5</sym>
      <type>WPT</type>
      <extensions>
        <option option="{&quot;icon&quot;: {&quot;id&quot;: &quot;5&quot;, &quot;i18n&quot;: &quot;Signaleur (avec permis)&quot;, &quot;type&quot;: &quot;default&quot;, &quot;classes&quot;: &quot;&quot;, &quot;html_code&quot;: &quot;&amp;#x42&quot;}, &quot;type&quot;: &quot;default&quot;, &quot;color&quot;: &quot;#ffffff&quot;, &quot;title&quot;: &quot;Signaleur (avec permis)&quot;, &quot;bgColor&quot;: &quot;#009c41&quot;, &quot;content&quot;: &quot;&quot;, &quot;offsetX&quot;: 0, &quot;offsetY&quot;: 0, &quot;tooltip&quot;: {&quot;show&quot;: true, &quot;direction&quot;: &quot;top&quot;, &quot;permanent&quot;: false}, &quot;visibility&quot;: &quot;public&quot;, &quot;showOnPrint&quot;: true, &quot;showOnPrintMap&quot;: false, &quot;showOnElevation&quot;: false, &quot;cumulatedLocation&quot;: false, &quot;showOnPrintElevation&quot;: false, &quot;stickedDistanceInMeter&quot;: -1, &quot;showTextOnPrintElevation&quot;: false}"/>
      </extensions>
    </wpt>
    <wpt lat="47.821469" lon="-4.279254">
      <name>Signaleur (avec permis)</name>
      <sym>5</sym>
      <type>WPT</type>
      <extensions>
        <option option="{&quot;icon&quot;: {&quot;id&quot;: &quot;5&quot;, &quot;i18n&quot;: &quot;Signaleur (avec permis)&quot;, &quot;type&quot;: &quot;default&quot;, &quot;classes&quot;: &quot;&quot;, &quot;html_code&quot;: &quot;&amp;#x42&quot;}, &quot;type&quot;: &quot;default&quot;, &quot;color&quot;: &quot;#ffffff&quot;, &quot;title&quot;: &quot;Signaleur (avec permis)&quot;, &quot;bgColor&quot;: &quot;#009c41&quot;, &quot;content&quot;: &quot;&quot;, &quot;offsetX&quot;: 0, &quot;offsetY&quot;: 0, &quot;tooltip&quot;: {&quot;show&quot;: true, &quot;direction&quot;: &quot;top&quot;, &quot;permanent&quot;: false}, &quot;visibility&quot;: &quot;public&quot;, &quot;showOnPrint&quot;: true, &quot;showOnPrintMap&quot;: false, &quot;showOnElevation&quot;: false, &quot;cumulatedLocation&quot;: false, &quot;showOnPrintElevation&quot;: false, &quot;stickedDistanceInMeter&quot;: -1, &quot;showTextOnPrintElevation&quot;: false}"/>
      </extensions>
    </wpt>
    <wpt lat="47.821599" lon="-4.280326">
      <name>Signaleur (avec permis)</name>
      <sym>5</sym>
      <type>WPT</type>
      <extensions>
        <option option="{&quot;icon&quot;: {&quot;id&quot;: &quot;5&quot;, &quot;i18n&quot;: &quot;Signaleur (avec permis)&quot;, &quot;type&quot;: &quot;default&quot;, &quot;classes&quot;: &quot;&quot;, &quot;html_code&quot;: &quot;&amp;#x42&quot;}, &quot;type&quot;: &quot;default&quot;, &quot;color&quot;: &quot;#ffffff&quot;, &quot;title&quot;: &quot;Signaleur (avec permis)&quot;, &quot;bgColor&quot;: &quot;#009c41&quot;, &quot;content&quot;: &quot;&quot;, &quot;offsetX&quot;: 0, &quot;offsetY&quot;: 0, &quot;tooltip&quot;: {&quot;show&quot;: true, &quot;direction&quot;: &quot;top&quot;, &quot;permanent&quot;: false}, &quot;visibility&quot;: &quot;public&quot;, &quot;showOnPrint&quot;: true, &quot;showOnPrintMap&quot;: false, &quot;showOnElevation&quot;: false, &quot;cumulatedLocation&quot;: false, &quot;showOnPrintElevation&quot;: false, &quot;stickedDistanceInMeter&quot;: -1, &quot;showTextOnPrintElevation&quot;: false}"/>
      </extensions>
    </wpt>
    <wpt lat="47.82129" lon="-4.28042">
      <name>Signaleur (avec permis)</name>
      <sym>5</sym>
      <type>WPT</type>
      <extensions>
        <option option="{&quot;icon&quot;: {&quot;id&quot;: &quot;5&quot;, &quot;i18n&quot;: &quot;Signaleur (avec permis)&quot;, &quot;type&quot;: &quot;default&quot;, &quot;classes&quot;: &quot;&quot;, &quot;html_code&quot;: &quot;&amp;#x42&quot;}, &quot;type&quot;: &quot;default&quot;, &quot;color&quot;: &quot;#ffffff&quot;, &quot;title&quot;: &quot;Signaleur (avec permis)&quot;, &quot;bgColor&quot;: &quot;#009c41&quot;, &quot;content&quot;: &quot;&quot;, &quot;offsetX&quot;: 0, &quot;offsetY&quot;: 0, &quot;tooltip&quot;: {&quot;show&quot;: true, &quot;direction&quot;: &quot;top&quot;, &quot;permanent&quot;: false}, &quot;visibility&quot;: &quot;public&quot;, &quot;showOnPrint&quot;: true, &quot;showOnPrintMap&quot;: false, &quot;showOnElevation&quot;: false, &quot;cumulatedLocation&quot;: false, &quot;showOnPrintElevation&quot;: false, &quot;stickedDistanceInMeter&quot;: 23800, &quot;showTextOnPrintElevation&quot;: false}"/>
      </extensions>
    </wpt>
    <wpt lat="47.817314" lon="-4.281985">
      <name>Signaleur (avec permis)</name>
      <sym>5</sym>
      <type>WPT</type>
      <extensions>
        <option option="{&quot;icon&quot;: {&quot;id&quot;: &quot;5&quot;, &quot;i18n&quot;: &quot;Signaleur (avec permis)&quot;, &quot;type&quot;: &quot;default&quot;, &quot;classes&quot;: &quot;&quot;, &quot;html_code&quot;: &quot;&amp;#x42&quot;}, &quot;type&quot;: &quot;default&quot;, &quot;color&quot;: &quot;#ffffff&quot;, &quot;title&quot;: &quot;Signaleur (avec permis)&quot;, &quot;bgColor&quot;: &quot;#009c41&quot;, &quot;content&quot;: &quot;&quot;, &quot;offsetX&quot;: 0, &quot;offsetY&quot;: 0, &quot;tooltip&quot;: {&quot;show&quot;: true, &quot;direction&quot;: &quot;top&quot;, &quot;permanent&quot;: false}, &quot;visibility&quot;: &quot;public&quot;, &quot;showOnPrint&quot;: true, &quot;showOnPrintMap&quot;: false, &quot;showOnElevation&quot;: false, &quot;cumulatedLocation&quot;: false, &quot;showOnPrintElevation&quot;: false, &quot;stickedDistanceInMeter&quot;: -1, &quot;showTextOnPrintElevation&quot;: false}"/>
      </extensions>
    </wpt>
    <wpt lat="47.817055" lon="-4.282285">
      <name>Signaleur (avec permis)</name>
      <sym>5</sym>
      <type>WPT</type>
      <extensions>
        <option option="{&quot;icon&quot;: {&quot;id&quot;: &quot;5&quot;, &quot;i18n&quot;: &quot;Signaleur (avec permis)&quot;, &quot;type&quot;: &quot;default&quot;, &quot;classes&quot;: &quot;&quot;, &quot;html_code&quot;: &quot;&amp;#x42&quot;}, &quot;type&quot;: &quot;default&quot;, &quot;color&quot;: &quot;#ffffff&quot;, &quot;title&quot;: &quot;Signaleur (avec permis)&quot;, &quot;bgColor&quot;: &quot;#009c41&quot;, &quot;content&quot;: &quot;&quot;, &quot;offsetX&quot;: 0, &quot;offsetY&quot;: 0, &quot;tooltip&quot;: {&quot;show&quot;: true, &quot;direction&quot;: &quot;top&quot;, &quot;permanent&quot;: false}, &quot;visibility&quot;: &quot;public&quot;, &quot;showOnPrint&quot;: true, &quot;showOnPrintMap&quot;: false, &quot;showOnElevation&quot;: false, &quot;cumulatedLocation&quot;: false, &quot;showOnPrintElevation&quot;: false, &quot;stickedDistanceInMeter&quot;: -1, &quot;showTextOnPrintElevation&quot;: false}"/>
      </extensions>
    </wpt>
    <wpt lat="47.81649" lon="-4.28356">
      <name>Signaleur (avec permis)</name>
      <sym>5</sym>
      <type>WPT</type>
      <extensions>
        <option option="{&quot;icon&quot;: {&quot;id&quot;: &quot;5&quot;, &quot;i18n&quot;: &quot;Signaleur (avec permis)&quot;, &quot;type&quot;: &quot;default&quot;, &quot;classes&quot;: &quot;&quot;, &quot;html_code&quot;: &quot;&amp;#x42&quot;}, &quot;type&quot;: &quot;default&quot;, &quot;color&quot;: &quot;#ffffff&quot;, &quot;title&quot;: &quot;Signaleur (avec permis)&quot;, &quot;bgColor&quot;: &quot;#009c41&quot;, &quot;content&quot;: &quot;&quot;, &quot;offsetX&quot;: 0, &quot;offsetY&quot;: 0, &quot;tooltip&quot;: {&quot;show&quot;: true, &quot;direction&quot;: &quot;top&quot;, &quot;permanent&quot;: false}, &quot;visibility&quot;: &quot;public&quot;, &quot;showOnPrint&quot;: true, &quot;showOnPrintMap&quot;: false, &quot;showOnElevation&quot;: false, &quot;cumulatedLocation&quot;: false, &quot;showOnPrintElevation&quot;: false, &quot;stickedDistanceInMeter&quot;: 24500, &quot;showTextOnPrintElevation&quot;: false}"/>
      </extensions>
    </wpt>
    <wpt lat="47.816586" lon="-4.283314">
      <name>Signaleur (avec permis)</name>
      <sym>5</sym>
      <type>WPT</type>
      <extensions>
        <option option="{&quot;icon&quot;: {&quot;id&quot;: &quot;5&quot;, &quot;i18n&quot;: &quot;Signaleur (avec permis)&quot;, &quot;type&quot;: &quot;default&quot;, &quot;classes&quot;: &quot;&quot;, &quot;html_code&quot;: &quot;&amp;#x42&quot;}, &quot;type&quot;: &quot;default&quot;, &quot;color&quot;: &quot;#ffffff&quot;, &quot;title&quot;: &quot;Signaleur (avec permis)&quot;, &quot;bgColor&quot;: &quot;#009c41&quot;, &quot;content&quot;: &quot;&quot;, &quot;offsetX&quot;: 0, &quot;offsetY&quot;: 0, &quot;tooltip&quot;: {&quot;show&quot;: true, &quot;direction&quot;: &quot;top&quot;, &quot;permanent&quot;: false}, &quot;visibility&quot;: &quot;public&quot;, &quot;showOnPrint&quot;: true, &quot;showOnPrintMap&quot;: false, &quot;showOnElevation&quot;: false, &quot;cumulatedLocation&quot;: false, &quot;showOnPrintElevation&quot;: false, &quot;stickedDistanceInMeter&quot;: 24500, &quot;showTextOnPrintElevation&quot;: false}"/>
      </extensions>
    </wpt>
    <wpt lat="47.815265" lon="-4.284395">
      <name>Signaleur (avec permis)</name>
      <sym>5</sym>
      <type>WPT</type>
      <extensions>
        <option option="{&quot;icon&quot;: {&quot;id&quot;: &quot;5&quot;, &quot;i18n&quot;: &quot;Signaleur (avec permis)&quot;, &quot;type&quot;: &quot;default&quot;, &quot;classes&quot;: &quot;&quot;, &quot;html_code&quot;: &quot;&amp;#x42&quot;}, &quot;type&quot;: &quot;default&quot;, &quot;color&quot;: &quot;#ffffff&quot;, &quot;title&quot;: &quot;Signaleur (avec permis)&quot;, &quot;bgColor&quot;: &quot;#009c41&quot;, &quot;content&quot;: &quot;&quot;, &quot;offsetX&quot;: 0, &quot;offsetY&quot;: 0, &quot;tooltip&quot;: {&quot;show&quot;: true, &quot;direction&quot;: &quot;top&quot;, &quot;permanent&quot;: false}, &quot;visibility&quot;: &quot;public&quot;, &quot;showOnPrint&quot;: true, &quot;showOnPrintMap&quot;: false, &quot;showOnElevation&quot;: false, &quot;cumulatedLocation&quot;: false, &quot;showOnPrintElevation&quot;: false, &quot;stickedDistanceInMeter&quot;: 24700, &quot;showTextOnPrintElevation&quot;: false}"/>
      </extensions>
    </wpt>
    <wpt lat="47.81503" lon="-4.28465">
      <name>Signaleur (avec permis)</name>
      <sym>5</sym>
      <type>WPT</type>
      <extensions>
        <option option="{&quot;icon&quot;: {&quot;id&quot;: &quot;5&quot;, &quot;i18n&quot;: &quot;Signaleur (avec permis)&quot;, &quot;type&quot;: &quot;default&quot;, &quot;classes&quot;: &quot;&quot;, &quot;html_code&quot;: &quot;&amp;#x42&quot;}, &quot;type&quot;: &quot;default&quot;, &quot;color&quot;: &quot;#ffffff&quot;, &quot;title&quot;: &quot;Signaleur (avec permis)&quot;, &quot;bgColor&quot;: &quot;#009c41&quot;, &quot;content&quot;: &quot;&quot;, &quot;offsetX&quot;: 0, &quot;offsetY&quot;: 0, &quot;tooltip&quot;: {&quot;show&quot;: true, &quot;direction&quot;: &quot;top&quot;, &quot;permanent&quot;: false}, &quot;visibility&quot;: &quot;public&quot;, &quot;showOnPrint&quot;: true, &quot;showOnPrintMap&quot;: false, &quot;showOnElevation&quot;: false, &quot;cumulatedLocation&quot;: false, &quot;showOnPrintElevation&quot;: false, &quot;stickedDistanceInMeter&quot;: 24700, &quot;showTextOnPrintElevation&quot;: false}"/>
      </extensions>
    </wpt>
    <wpt lat="47.814232" lon="-4.283294">
      <name>Signaleur (avec permis)</name>
      <sym>5</sym>
      <type>WPT</type>
      <extensions>
        <option option="{&quot;icon&quot;: {&quot;id&quot;: &quot;5&quot;, &quot;i18n&quot;: &quot;Signaleur (avec permis)&quot;, &quot;type&quot;: &quot;default&quot;, &quot;classes&quot;: &quot;&quot;, &quot;html_code&quot;: &quot;&amp;#x42&quot;}, &quot;type&quot;: &quot;default&quot;, &quot;color&quot;: &quot;#ffffff&quot;, &quot;title&quot;: &quot;Signaleur (avec permis)&quot;, &quot;bgColor&quot;: &quot;#009c41&quot;, &quot;content&quot;: &quot;&quot;, &quot;offsetX&quot;: 0, &quot;offsetY&quot;: 0, &quot;tooltip&quot;: {&quot;show&quot;: true, &quot;direction&quot;: &quot;top&quot;, &quot;permanent&quot;: false}, &quot;visibility&quot;: &quot;public&quot;, &quot;showOnPrint&quot;: true, &quot;showOnPrintMap&quot;: false, &quot;showOnElevation&quot;: false, &quot;cumulatedLocation&quot;: false, &quot;showOnPrintElevation&quot;: false, &quot;stickedDistanceInMeter&quot;: -1, &quot;showTextOnPrintElevation&quot;: false}"/>
      </extensions>
    </wpt>
    <wpt lat="47.812589" lon="-4.281942">
      <name>Signaleur (avec permis)</name>
      <sym>5</sym>
      <type>WPT</type>
      <extensions>
        <option option="{&quot;icon&quot;: {&quot;id&quot;: &quot;5&quot;, &quot;i18n&quot;: &quot;Signaleur (avec permis)&quot;, &quot;type&quot;: &quot;default&quot;, &quot;classes&quot;: &quot;&quot;, &quot;html_code&quot;: &quot;&amp;#x42&quot;}, &quot;type&quot;: &quot;default&quot;, &quot;color&quot;: &quot;#ffffff&quot;, &quot;title&quot;: &quot;Signaleur (avec permis)&quot;, &quot;bgColor&quot;: &quot;#009c41&quot;, &quot;content&quot;: &quot;&quot;, &quot;offsetX&quot;: 0, &quot;offsetY&quot;: 0, &quot;tooltip&quot;: {&quot;show&quot;: true, &quot;direction&quot;: &quot;top&quot;, &quot;permanent&quot;: false}, &quot;visibility&quot;: &quot;public&quot;, &quot;showOnPrint&quot;: true, &quot;showOnPrintMap&quot;: false, &quot;showOnElevation&quot;: false, &quot;cumulatedLocation&quot;: false, &quot;showOnPrintElevation&quot;: false, &quot;stickedDistanceInMeter&quot;: -1, &quot;showTextOnPrintElevation&quot;: false}"/>
      </extensions>
    </wpt>
    <wpt lat="47.810716" lon="-4.281492">
      <name>Signaleur (avec permis)</name>
      <sym>5</sym>
      <type>WPT</type>
      <extensions>
        <option option="{&quot;icon&quot;: {&quot;id&quot;: &quot;5&quot;, &quot;i18n&quot;: &quot;Signaleur (avec permis)&quot;, &quot;type&quot;: &quot;default&quot;, &quot;classes&quot;: &quot;&quot;, &quot;html_code&quot;: &quot;&amp;#x42&quot;}, &quot;type&quot;: &quot;default&quot;, &quot;color&quot;: &quot;#ffffff&quot;, &quot;title&quot;: &quot;Signaleur (avec permis)&quot;, &quot;bgColor&quot;: &quot;#009c41&quot;, &quot;content&quot;: &quot;&quot;, &quot;offsetX&quot;: 0, &quot;offsetY&quot;: 0, &quot;tooltip&quot;: {&quot;show&quot;: true, &quot;direction&quot;: &quot;top&quot;, &quot;permanent&quot;: false}, &quot;visibility&quot;: &quot;public&quot;, &quot;showOnPrint&quot;: true, &quot;showOnPrintMap&quot;: false, &quot;showOnElevation&quot;: false, &quot;cumulatedLocation&quot;: false, &quot;showOnPrintElevation&quot;: false, &quot;stickedDistanceInMeter&quot;: -1, &quot;showTextOnPrintElevation&quot;: false}"/>
      </extensions>
    </wpt>
    <wpt lat="47.809575" lon="-4.281542">
      <name>Signaleur (avec permis)</name>
      <sym>5</sym>
      <type>WPT</type>
      <extensions>
        <option option="{&quot;icon&quot;: {&quot;id&quot;: &quot;5&quot;, &quot;i18n&quot;: &quot;Signaleur (avec permis)&quot;, &quot;type&quot;: &quot;default&quot;, &quot;classes&quot;: &quot;&quot;, &quot;html_code&quot;: &quot;&amp;#x42&quot;}, &quot;type&quot;: &quot;default&quot;, &quot;color&quot;: &quot;#ffffff&quot;, &quot;title&quot;: &quot;Signaleur (avec permis)&quot;, &quot;bgColor&quot;: &quot;#009c41&quot;, &quot;content&quot;: &quot;&quot;, &quot;offsetX&quot;: 0, &quot;offsetY&quot;: 0, &quot;tooltip&quot;: {&quot;show&quot;: true, &quot;direction&quot;: &quot;top&quot;, &quot;permanent&quot;: false}, &quot;visibility&quot;: &quot;public&quot;, &quot;showOnPrint&quot;: true, &quot;showOnPrintMap&quot;: false, &quot;showOnElevation&quot;: false, &quot;cumulatedLocation&quot;: false, &quot;showOnPrintElevation&quot;: false, &quot;stickedDistanceInMeter&quot;: -1, &quot;showTextOnPrintElevation&quot;: false}"/>
      </extensions>
    </wpt>
    <wpt lat="47.809488" lon="-4.281263">
      <name>Signaleur (avec permis)</name>
      <sym>5</sym>
      <type>WPT</type>
      <extensions>
        <option option="{&quot;icon&quot;: {&quot;id&quot;: &quot;5&quot;, &quot;i18n&quot;: &quot;Signaleur (avec permis)&quot;, &quot;type&quot;: &quot;default&quot;, &quot;classes&quot;: &quot;&quot;, &quot;html_code&quot;: &quot;&amp;#x42&quot;}, &quot;type&quot;: &quot;default&quot;, &quot;color&quot;: &quot;#ffffff&quot;, &quot;title&quot;: &quot;Signaleur (avec permis)&quot;, &quot;bgColor&quot;: &quot;#009c41&quot;, &quot;content&quot;: &quot;&quot;, &quot;offsetX&quot;: 0, &quot;offsetY&quot;: 0, &quot;tooltip&quot;: {&quot;show&quot;: true, &quot;direction&quot;: &quot;top&quot;, &quot;permanent&quot;: false}, &quot;visibility&quot;: &quot;public&quot;, &quot;showOnPrint&quot;: true, &quot;showOnPrintMap&quot;: false, &quot;showOnElevation&quot;: false, &quot;cumulatedLocation&quot;: false, &quot;showOnPrintElevation&quot;: false, &quot;stickedDistanceInMeter&quot;: -1, &quot;showTextOnPrintElevation&quot;: false}"/>
      </extensions>
    </wpt>
    <wpt lat="47.808545" lon="-4.279149">
      <name>Signaleur (avec permis)</name>
      <sym>5</sym>
      <type>WPT</type>
      <extensions>
        <option option="{&quot;icon&quot;: {&quot;id&quot;: &quot;5&quot;, &quot;i18n&quot;: &quot;Signaleur (avec permis)&quot;, &quot;type&quot;: &quot;default&quot;, &quot;classes&quot;: &quot;&quot;, &quot;html_code&quot;: &quot;&amp;#x42&quot;}, &quot;type&quot;: &quot;default&quot;, &quot;color&quot;: &quot;#ffffff&quot;, &quot;title&quot;: &quot;Signaleur (avec permis)&quot;, &quot;bgColor&quot;: &quot;#009c41&quot;, &quot;content&quot;: &quot;&quot;, &quot;offsetX&quot;: 0, &quot;offsetY&quot;: 0, &quot;tooltip&quot;: {&quot;show&quot;: true, &quot;direction&quot;: &quot;top&quot;, &quot;permanent&quot;: false}, &quot;visibility&quot;: &quot;public&quot;, &quot;showOnPrint&quot;: true, &quot;showOnPrintMap&quot;: false, &quot;showOnElevation&quot;: false, &quot;cumulatedLocation&quot;: false, &quot;showOnPrintElevation&quot;: false, &quot;stickedDistanceInMeter&quot;: 25600, &quot;showTextOnPrintElevation&quot;: false}"/>
      </extensions>
    </wpt>
    <wpt lat="47.808653" lon="-4.278838">
      <name>Signaleur (avec permis)</name>
      <sym>5</sym>
      <type>WPT</type>
      <extensions>
        <option option="{&quot;icon&quot;: {&quot;id&quot;: &quot;5&quot;, &quot;i18n&quot;: &quot;Signaleur (avec permis)&quot;, &quot;type&quot;: &quot;default&quot;, &quot;classes&quot;: &quot;&quot;, &quot;html_code&quot;: &quot;&amp;#x42&quot;}, &quot;type&quot;: &quot;default&quot;, &quot;color&quot;: &quot;#ffffff&quot;, &quot;title&quot;: &quot;Signaleur (avec permis)&quot;, &quot;bgColor&quot;: &quot;#009c41&quot;, &quot;content&quot;: &quot;&quot;, &quot;offsetX&quot;: 0, &quot;offsetY&quot;: 0, &quot;tooltip&quot;: {&quot;show&quot;: true, &quot;direction&quot;: &quot;top&quot;, &quot;permanent&quot;: false}, &quot;visibility&quot;: &quot;public&quot;, &quot;showOnPrint&quot;: true, &quot;showOnPrintMap&quot;: false, &quot;showOnElevation&quot;: false, &quot;cumulatedLocation&quot;: false, &quot;showOnPrintElevation&quot;: false, &quot;stickedDistanceInMeter&quot;: -1, &quot;showTextOnPrintElevation&quot;: false}"/>
      </extensions>
    </wpt>
    <wpt lat="47.807466" lon="-4.278396">
      <name>Signaleur (avec permis)</name>
      <sym>5</sym>
      <type>WPT</type>
      <extensions>
        <option option="{&quot;icon&quot;: {&quot;id&quot;: &quot;5&quot;, &quot;i18n&quot;: &quot;Signaleur (avec permis)&quot;, &quot;type&quot;: &quot;default&quot;, &quot;classes&quot;: &quot;&quot;, &quot;html_code&quot;: &quot;&amp;#x42&quot;}, &quot;type&quot;: &quot;default&quot;, &quot;color&quot;: &quot;#ffffff&quot;, &quot;title&quot;: &quot;Signaleur (avec permis)&quot;, &quot;bgColor&quot;: &quot;#009c41&quot;, &quot;content&quot;: &quot;&quot;, &quot;offsetX&quot;: 0, &quot;offsetY&quot;: 0, &quot;tooltip&quot;: {&quot;show&quot;: true, &quot;direction&quot;: &quot;top&quot;, &quot;permanent&quot;: false}, &quot;visibility&quot;: &quot;public&quot;, &quot;showOnPrint&quot;: true, &quot;showOnPrintMap&quot;: false, &quot;showOnElevation&quot;: false, &quot;cumulatedLocation&quot;: false, &quot;showOnPrintElevation&quot;: false, &quot;stickedDistanceInMeter&quot;: 25700, &quot;showTextOnPrintElevation&quot;: false}"/>
      </extensions>
    </wpt>
    <wpt lat="47.806683" lon="-4.277753">
      <name>Signaleur (avec permis)</name>
      <sym>5</sym>
      <type>WPT</type>
      <extensions>
        <option option="{&quot;icon&quot;: {&quot;id&quot;: &quot;5&quot;, &quot;i18n&quot;: &quot;Signaleur (avec permis)&quot;, &quot;type&quot;: &quot;default&quot;, &quot;classes&quot;: &quot;&quot;, &quot;html_code&quot;: &quot;&amp;#x42&quot;}, &quot;type&quot;: &quot;default&quot;, &quot;color&quot;: &quot;#ffffff&quot;, &quot;title&quot;: &quot;Signaleur (avec permis)&quot;, &quot;bgColor&quot;: &quot;#009c41&quot;, &quot;content&quot;: &quot;&quot;, &quot;offsetX&quot;: 0, &quot;offsetY&quot;: 0, &quot;tooltip&quot;: {&quot;show&quot;: true, &quot;direction&quot;: &quot;top&quot;, &quot;permanent&quot;: false}, &quot;visibility&quot;: &quot;public&quot;, &quot;showOnPrint&quot;: true, &quot;showOnPrintMap&quot;: false, &quot;showOnElevation&quot;: false, &quot;cumulatedLocation&quot;: false, &quot;showOnPrintElevation&quot;: false, &quot;stickedDistanceInMeter&quot;: -1, &quot;showTextOnPrintElevation&quot;: false}"/>
      </extensions>
    </wpt>
    <wpt lat="47.806784" lon="-4.277238">
      <name>Signaleur (avec permis)</name>
      <sym>5</sym>
      <type>WPT</type>
      <extensions>
        <option option="{&quot;icon&quot;: {&quot;id&quot;: &quot;5&quot;, &quot;i18n&quot;: &quot;Signaleur (avec permis)&quot;, &quot;type&quot;: &quot;default&quot;, &quot;classes&quot;: &quot;&quot;, &quot;html_code&quot;: &quot;&amp;#x42&quot;}, &quot;type&quot;: &quot;default&quot;, &quot;color&quot;: &quot;#ffffff&quot;, &quot;title&quot;: &quot;Signaleur (avec permis)&quot;, &quot;bgColor&quot;: &quot;#009c41&quot;, &quot;content&quot;: &quot;&quot;, &quot;offsetX&quot;: 0, &quot;offsetY&quot;: 0, &quot;tooltip&quot;: {&quot;show&quot;: true, &quot;direction&quot;: &quot;top&quot;, &quot;permanent&quot;: false}, &quot;visibility&quot;: &quot;public&quot;, &quot;showOnPrint&quot;: true, &quot;showOnPrintMap&quot;: false, &quot;showOnElevation&quot;: false, &quot;cumulatedLocation&quot;: false, &quot;showOnPrintElevation&quot;: false, &quot;stickedDistanceInMeter&quot;: -1, &quot;showTextOnPrintElevation&quot;: false}"/>
      </extensions>
    </wpt>
    <wpt lat="47.804752" lon="-4.276658">
      <name>Signaleur (avec permis)</name>
      <sym>5</sym>
      <type>WPT</type>
      <extensions>
        <option option="{&quot;icon&quot;: {&quot;id&quot;: &quot;5&quot;, &quot;i18n&quot;: &quot;Signaleur (avec permis)&quot;, &quot;type&quot;: &quot;default&quot;, &quot;classes&quot;: &quot;&quot;, &quot;html_code&quot;: &quot;&amp;#x42&quot;}, &quot;type&quot;: &quot;default&quot;, &quot;color&quot;: &quot;#ffffff&quot;, &quot;title&quot;: &quot;Signaleur (avec permis)&quot;, &quot;bgColor&quot;: &quot;#009c41&quot;, &quot;content&quot;: &quot;&quot;, &quot;offsetX&quot;: 0, &quot;offsetY&quot;: 0, &quot;tooltip&quot;: {&quot;show&quot;: true, &quot;direction&quot;: &quot;top&quot;, &quot;permanent&quot;: false}, &quot;visibility&quot;: &quot;public&quot;, &quot;showOnPrint&quot;: true, &quot;showOnPrintMap&quot;: false, &quot;showOnElevation&quot;: false, &quot;cumulatedLocation&quot;: false, &quot;showOnPrintElevation&quot;: false, &quot;stickedDistanceInMeter&quot;: -1, &quot;showTextOnPrintElevation&quot;: false}"/>
      </extensions>
    </wpt>
    <wpt lat="47.80455" lon="-4.276379">
      <name>Signaleur (avec permis)</name>
      <sym>5</sym>
      <type>WPT</type>
      <extensions>
        <option option="{&quot;icon&quot;: {&quot;id&quot;: &quot;5&quot;, &quot;i18n&quot;: &quot;Signaleur (avec permis)&quot;, &quot;type&quot;: &quot;default&quot;, &quot;classes&quot;: &quot;&quot;, &quot;html_code&quot;: &quot;&amp;#x42&quot;}, &quot;type&quot;: &quot;default&quot;, &quot;color&quot;: &quot;#ffffff&quot;, &quot;title&quot;: &quot;Signaleur (avec permis)&quot;, &quot;bgColor&quot;: &quot;#009c41&quot;, &quot;content&quot;: &quot;&quot;, &quot;offsetX&quot;: 0, &quot;offsetY&quot;: 0, &quot;tooltip&quot;: {&quot;show&quot;: true, &quot;direction&quot;: &quot;top&quot;, &quot;permanent&quot;: false}, &quot;visibility&quot;: &quot;public&quot;, &quot;showOnPrint&quot;: true, &quot;showOnPrintMap&quot;: false, &quot;showOnElevation&quot;: false, &quot;cumulatedLocation&quot;: false, &quot;showOnPrintElevation&quot;: false, &quot;stickedDistanceInMeter&quot;: -1, &quot;showTextOnPrintElevation&quot;: false}"/>
      </extensions>
    </wpt>
    <wpt lat="47.80516" lon="-4.27442">
      <name>Signaleur (avec permis)</name>
      <sym>5</sym>
      <type>WPT</type>
      <extensions>
        <option option="{&quot;icon&quot;: {&quot;id&quot;: &quot;5&quot;, &quot;i18n&quot;: &quot;Signaleur (avec permis)&quot;, &quot;type&quot;: &quot;default&quot;, &quot;classes&quot;: &quot;&quot;, &quot;html_code&quot;: &quot;&amp;#x42&quot;}, &quot;type&quot;: &quot;default&quot;, &quot;color&quot;: &quot;#ffffff&quot;, &quot;title&quot;: &quot;Signaleur (avec permis)&quot;, &quot;bgColor&quot;: &quot;#009c41&quot;, &quot;content&quot;: &quot;&quot;, &quot;offsetX&quot;: 0, &quot;offsetY&quot;: 0, &quot;tooltip&quot;: {&quot;show&quot;: true, &quot;direction&quot;: &quot;top&quot;, &quot;permanent&quot;: false}, &quot;visibility&quot;: &quot;public&quot;, &quot;showOnPrint&quot;: true, &quot;showOnPrintMap&quot;: false, &quot;showOnElevation&quot;: false, &quot;cumulatedLocation&quot;: false, &quot;showOnPrintElevation&quot;: false, &quot;stickedDistanceInMeter&quot;: 26300, &quot;showTextOnPrintElevation&quot;: false}"/>
      </extensions>
    </wpt>
    <wpt lat="47.805098" lon="-4.274496">
      <name>Signaleur (avec permis)</name>
      <sym>5</sym>
      <type>WPT</type>
      <extensions>
        <option option="{&quot;icon&quot;: {&quot;id&quot;: &quot;5&quot;, &quot;i18n&quot;: &quot;Signaleur (avec permis)&quot;, &quot;type&quot;: &quot;default&quot;, &quot;classes&quot;: &quot;&quot;, &quot;html_code&quot;: &quot;&amp;#x42&quot;}, &quot;type&quot;: &quot;default&quot;, &quot;color&quot;: &quot;#ffffff&quot;, &quot;title&quot;: &quot;Signaleur (avec permis)&quot;, &quot;bgColor&quot;: &quot;#009c41&quot;, &quot;content&quot;: &quot;&quot;, &quot;offsetX&quot;: 0, &quot;offsetY&quot;: 0, &quot;tooltip&quot;: {&quot;show&quot;: true, &quot;direction&quot;: &quot;top&quot;, &quot;permanent&quot;: false}, &quot;visibility&quot;: &quot;public&quot;, &quot;showOnPrint&quot;: true, &quot;showOnPrintMap&quot;: false, &quot;showOnElevation&quot;: false, &quot;cumulatedLocation&quot;: false, &quot;showOnPrintElevation&quot;: false, &quot;stickedDistanceInMeter&quot;: 26300, &quot;showTextOnPrintElevation&quot;: false}"/>
      </extensions>
    </wpt>
    <wpt lat="47.800885" lon="-4.273437">
      <name>Signaleur (avec permis)</name>
      <sym>5</sym>
      <type>WPT</type>
      <extensions>
        <option option="{&quot;icon&quot;: {&quot;id&quot;: &quot;5&quot;, &quot;i18n&quot;: &quot;Signaleur (avec permis)&quot;, &quot;type&quot;: &quot;default&quot;, &quot;classes&quot;: &quot;&quot;, &quot;html_code&quot;: &quot;&amp;#x42&quot;}, &quot;type&quot;: &quot;default&quot;, &quot;color&quot;: &quot;#ffffff&quot;, &quot;title&quot;: &quot;Signaleur (avec permis)&quot;, &quot;bgColor&quot;: &quot;#009c41&quot;, &quot;content&quot;: &quot;&quot;, &quot;offsetX&quot;: 0, &quot;offsetY&quot;: 0, &quot;tooltip&quot;: {&quot;show&quot;: true, &quot;direction&quot;: &quot;top&quot;, &quot;permanent&quot;: false}, &quot;visibility&quot;: &quot;public&quot;, &quot;showOnPrint&quot;: true, &quot;showOnPrintMap&quot;: false, &quot;showOnElevation&quot;: false, &quot;cumulatedLocation&quot;: false, &quot;showOnPrintElevation&quot;: false, &quot;stickedDistanceInMeter&quot;: -1, &quot;showTextOnPrintElevation&quot;: false}"/>
      </extensions>
    </wpt>
    <wpt lat="47.800698" lon="-4.273415">
      <name>Signaleur (avec permis)</name>
      <sym>5</sym>
      <type>WPT</type>
      <extensions>
        <option option="{&quot;icon&quot;: {&quot;id&quot;: &quot;5&quot;, &quot;i18n&quot;: &quot;Signaleur (avec permis)&quot;, &quot;type&quot;: &quot;default&quot;, &quot;classes&quot;: &quot;&quot;, &quot;html_code&quot;: &quot;&amp;#x42&quot;}, &quot;type&quot;: &quot;default&quot;, &quot;color&quot;: &quot;#ffffff&quot;, &quot;title&quot;: &quot;Signaleur (avec permis)&quot;, &quot;bgColor&quot;: &quot;#009c41&quot;, &quot;content&quot;: &quot;&quot;, &quot;offsetX&quot;: 0, &quot;offsetY&quot;: 0, &quot;tooltip&quot;: {&quot;show&quot;: true, &quot;direction&quot;: &quot;top&quot;, &quot;permanent&quot;: false}, &quot;visibility&quot;: &quot;public&quot;, &quot;showOnPrint&quot;: true, &quot;showOnPrintMap&quot;: false, &quot;showOnElevation&quot;: false, &quot;cumulatedLocation&quot;: false, &quot;showOnPrintElevation&quot;: false, &quot;stickedDistanceInMeter&quot;: -1, &quot;showTextOnPrintElevation&quot;: false}"/>
      </extensions>
    </wpt>
    <wpt lat="47.80139" lon="-4.272257">
      <name>Signaleur (avec permis)</name>
      <sym>5</sym>
      <type>WPT</type>
      <extensions>
        <option option="{&quot;icon&quot;: {&quot;id&quot;: &quot;5&quot;, &quot;i18n&quot;: &quot;Signaleur (avec permis)&quot;, &quot;type&quot;: &quot;default&quot;, &quot;classes&quot;: &quot;&quot;, &quot;html_code&quot;: &quot;&amp;#x42&quot;}, &quot;type&quot;: &quot;default&quot;, &quot;color&quot;: &quot;#ffffff&quot;, &quot;title&quot;: &quot;Signaleur (avec permis)&quot;, &quot;bgColor&quot;: &quot;#009c41&quot;, &quot;content&quot;: &quot;&quot;, &quot;offsetX&quot;: 0, &quot;offsetY&quot;: 0, &quot;tooltip&quot;: {&quot;show&quot;: true, &quot;direction&quot;: &quot;top&quot;, &quot;permanent&quot;: false}, &quot;visibility&quot;: &quot;public&quot;, &quot;showOnPrint&quot;: true, &quot;showOnPrintMap&quot;: false, &quot;showOnElevation&quot;: false, &quot;cumulatedLocation&quot;: false, &quot;showOnPrintElevation&quot;: false, &quot;stickedDistanceInMeter&quot;: -1, &quot;showTextOnPrintElevation&quot;: false}"/>
      </extensions>
    </wpt>
    <wpt lat="47.801202" lon="-4.272214">
      <name>Signaleur (avec permis)</name>
      <sym>5</sym>
      <type>WPT</type>
      <extensions>
        <option option="{&quot;icon&quot;: {&quot;id&quot;: &quot;5&quot;, &quot;i18n&quot;: &quot;Signaleur (avec permis)&quot;, &quot;type&quot;: &quot;default&quot;, &quot;classes&quot;: &quot;&quot;, &quot;html_code&quot;: &quot;&amp;#x42&quot;}, &quot;type&quot;: &quot;default&quot;, &quot;color&quot;: &quot;#ffffff&quot;, &quot;title&quot;: &quot;Signaleur (avec permis)&quot;, &quot;bgColor&quot;: &quot;#009c41&quot;, &quot;content&quot;: &quot;&quot;, &quot;offsetX&quot;: 0, &quot;offsetY&quot;: 0, &quot;tooltip&quot;: {&quot;show&quot;: true, &quot;direction&quot;: &quot;top&quot;, &quot;permanent&quot;: false}, &quot;visibility&quot;: &quot;public&quot;, &quot;showOnPrint&quot;: true, &quot;showOnPrintMap&quot;: false, &quot;showOnElevation&quot;: false, &quot;cumulatedLocation&quot;: false, &quot;showOnPrintElevation&quot;: false, &quot;stickedDistanceInMeter&quot;: -1, &quot;showTextOnPrintElevation&quot;: false}"/>
      </extensions>
    </wpt>
    <wpt lat="47.799993" lon="-4.270969">
      <name>Signaleur (avec permis)</name>
      <sym>5</sym>
      <type>WPT</type>
      <extensions>
        <option option="{&quot;icon&quot;: {&quot;id&quot;: &quot;5&quot;, &quot;i18n&quot;: &quot;Signaleur (avec permis)&quot;, &quot;type&quot;: &quot;default&quot;, &quot;classes&quot;: &quot;&quot;, &quot;html_code&quot;: &quot;&amp;#x42&quot;}, &quot;type&quot;: &quot;default&quot;, &quot;color&quot;: &quot;#ffffff&quot;, &quot;title&quot;: &quot;Signaleur (avec permis)&quot;, &quot;bgColor&quot;: &quot;#009c41&quot;, &quot;content&quot;: &quot;&quot;, &quot;offsetX&quot;: 0, &quot;offsetY&quot;: 0, &quot;tooltip&quot;: {&quot;show&quot;: true, &quot;direction&quot;: &quot;top&quot;, &quot;permanent&quot;: false}, &quot;visibility&quot;: &quot;public&quot;, &quot;showOnPrint&quot;: true, &quot;showOnPrintMap&quot;: false, &quot;showOnElevation&quot;: false, &quot;cumulatedLocation&quot;: false, &quot;showOnPrintElevation&quot;: false, &quot;stickedDistanceInMeter&quot;: -1, &quot;showTextOnPrintElevation&quot;: false}"/>
      </extensions>
    </wpt>
    <wpt lat="47.797932" lon="-4.270755">
      <name>Signaleur (avec permis)</name>
      <sym>5</sym>
      <type>WPT</type>
      <extensions>
        <option option="{&quot;icon&quot;: {&quot;id&quot;: &quot;5&quot;, &quot;i18n&quot;: &quot;Signaleur (avec permis)&quot;, &quot;type&quot;: &quot;default&quot;, &quot;classes&quot;: &quot;&quot;, &quot;html_code&quot;: &quot;&amp;#x42&quot;}, &quot;type&quot;: &quot;default&quot;, &quot;color&quot;: &quot;#ffffff&quot;, &quot;title&quot;: &quot;Signaleur (avec permis)&quot;, &quot;bgColor&quot;: &quot;#009c41&quot;, &quot;content&quot;: &quot;&quot;, &quot;offsetX&quot;: 0, &quot;offsetY&quot;: 0, &quot;tooltip&quot;: {&quot;show&quot;: true, &quot;direction&quot;: &quot;top&quot;, &quot;permanent&quot;: false}, &quot;visibility&quot;: &quot;public&quot;, &quot;showOnPrint&quot;: true, &quot;showOnPrintMap&quot;: false, &quot;showOnElevation&quot;: false, &quot;cumulatedLocation&quot;: false, &quot;showOnPrintElevation&quot;: false, &quot;stickedDistanceInMeter&quot;: -1, &quot;showTextOnPrintElevation&quot;: false}"/>
      </extensions>
    </wpt>
    <wpt lat="47.797557" lon="-4.271012">
      <name>Signaleur (avec permis)</name>
      <sym>5</sym>
      <type>WPT</type>
      <extensions>
        <option option="{&quot;icon&quot;: {&quot;id&quot;: &quot;5&quot;, &quot;i18n&quot;: &quot;Signaleur (avec permis)&quot;, &quot;type&quot;: &quot;default&quot;, &quot;classes&quot;: &quot;&quot;, &quot;html_code&quot;: &quot;&amp;#x42&quot;}, &quot;type&quot;: &quot;default&quot;, &quot;color&quot;: &quot;#ffffff&quot;, &quot;title&quot;: &quot;Signaleur (avec permis)&quot;, &quot;bgColor&quot;: &quot;#009c41&quot;, &quot;content&quot;: &quot;&quot;, &quot;offsetX&quot;: 0, &quot;offsetY&quot;: 0, &quot;tooltip&quot;: {&quot;show&quot;: true, &quot;direction&quot;: &quot;top&quot;, &quot;permanent&quot;: false}, &quot;visibility&quot;: &quot;public&quot;, &quot;showOnPrint&quot;: true, &quot;showOnPrintMap&quot;: false, &quot;showOnElevation&quot;: false, &quot;cumulatedLocation&quot;: false, &quot;showOnPrintElevation&quot;: false, &quot;stickedDistanceInMeter&quot;: -1, &quot;showTextOnPrintElevation&quot;: false}"/>
      </extensions>
    </wpt>
    <wpt lat="47.796332" lon="-4.273373">
      <name>Signaleur (avec permis)</name>
      <sym>5</sym>
      <type>WPT</type>
      <extensions>
        <option option="{&quot;icon&quot;: {&quot;id&quot;: &quot;5&quot;, &quot;i18n&quot;: &quot;Signaleur (avec permis)&quot;, &quot;type&quot;: &quot;default&quot;, &quot;classes&quot;: &quot;&quot;, &quot;html_code&quot;: &quot;&amp;#x42&quot;}, &quot;type&quot;: &quot;default&quot;, &quot;color&quot;: &quot;#ffffff&quot;, &quot;title&quot;: &quot;Signaleur (avec permis)&quot;, &quot;bgColor&quot;: &quot;#009c41&quot;, &quot;content&quot;: &quot;&quot;, &quot;offsetX&quot;: 0, &quot;offsetY&quot;: 0, &quot;tooltip&quot;: {&quot;show&quot;: true, &quot;direction&quot;: &quot;top&quot;, &quot;permanent&quot;: false}, &quot;visibility&quot;: &quot;public&quot;, &quot;showOnPrint&quot;: true, &quot;showOnPrintMap&quot;: false, &quot;showOnElevation&quot;: false, &quot;cumulatedLocation&quot;: false, &quot;showOnPrintElevation&quot;: false, &quot;stickedDistanceInMeter&quot;: -1, &quot;showTextOnPrintElevation&quot;: false}"/>
      </extensions>
    </wpt>
    <wpt lat="47.796275" lon="-4.273716">
      <name>Signaleur (avec permis)</name>
      <sym>5</sym>
      <type>WPT</type>
      <extensions>
        <option option="{&quot;icon&quot;: {&quot;id&quot;: &quot;5&quot;, &quot;i18n&quot;: &quot;Signaleur (avec permis)&quot;, &quot;type&quot;: &quot;default&quot;, &quot;classes&quot;: &quot;&quot;, &quot;html_code&quot;: &quot;&amp;#x42&quot;}, &quot;type&quot;: &quot;default&quot;, &quot;color&quot;: &quot;#ffffff&quot;, &quot;title&quot;: &quot;Signaleur (avec permis)&quot;, &quot;bgColor&quot;: &quot;#009c41&quot;, &quot;content&quot;: &quot;&quot;, &quot;offsetX&quot;: 0, &quot;offsetY&quot;: 0, &quot;tooltip&quot;: {&quot;show&quot;: true, &quot;direction&quot;: &quot;top&quot;, &quot;permanent&quot;: false}, &quot;visibility&quot;: &quot;public&quot;, &quot;showOnPrint&quot;: true, &quot;showOnPrintMap&quot;: false, &quot;showOnElevation&quot;: false, &quot;cumulatedLocation&quot;: false, &quot;showOnPrintElevation&quot;: false, &quot;stickedDistanceInMeter&quot;: -1, &quot;showTextOnPrintElevation&quot;: false}"/>
      </extensions>
    </wpt>
    <wpt lat="47.797383" lon="-4.275792">
      <name>Signaleur (avec permis)</name>
      <sym>5</sym>
      <type>WPT</type>
      <extensions>
        <option option="{&quot;icon&quot;: {&quot;id&quot;: &quot;5&quot;, &quot;i18n&quot;: &quot;Signaleur (avec permis)&quot;, &quot;type&quot;: &quot;default&quot;, &quot;classes&quot;: &quot;&quot;, &quot;html_code&quot;: &quot;&amp;#x42&quot;}, &quot;type&quot;: &quot;default&quot;, &quot;color&quot;: &quot;#ffffff&quot;, &quot;title&quot;: &quot;Signaleur (avec permis)&quot;, &quot;bgColor&quot;: &quot;#009c41&quot;, &quot;content&quot;: &quot;&quot;, &quot;offsetX&quot;: 0, &quot;offsetY&quot;: 0, &quot;tooltip&quot;: {&quot;show&quot;: true, &quot;direction&quot;: &quot;top&quot;, &quot;permanent&quot;: false}, &quot;visibility&quot;: &quot;public&quot;, &quot;showOnPrint&quot;: true, &quot;showOnPrintMap&quot;: false, &quot;showOnElevation&quot;: false, &quot;cumulatedLocation&quot;: false, &quot;showOnPrintElevation&quot;: false, &quot;stickedDistanceInMeter&quot;: -1, &quot;showTextOnPrintElevation&quot;: false}"/>
      </extensions>
    </wpt>
    <wpt lat="47.797181" lon="-4.2762">
      <name>Signaleur (avec permis)</name>
      <sym>5</sym>
      <type>WPT</type>
      <extensions>
        <option option="{&quot;icon&quot;: {&quot;id&quot;: &quot;5&quot;, &quot;i18n&quot;: &quot;Signaleur (avec permis)&quot;, &quot;type&quot;: &quot;default&quot;, &quot;classes&quot;: &quot;&quot;, &quot;html_code&quot;: &quot;&amp;#x42&quot;}, &quot;type&quot;: &quot;default&quot;, &quot;color&quot;: &quot;#ffffff&quot;, &quot;title&quot;: &quot;Signaleur (avec permis)&quot;, &quot;bgColor&quot;: &quot;#009c41&quot;, &quot;content&quot;: &quot;&quot;, &quot;offsetX&quot;: 0, &quot;offsetY&quot;: 0, &quot;tooltip&quot;: {&quot;show&quot;: true, &quot;direction&quot;: &quot;top&quot;, &quot;permanent&quot;: false}, &quot;visibility&quot;: &quot;public&quot;, &quot;showOnPrint&quot;: true, &quot;showOnPrintMap&quot;: false, &quot;showOnElevation&quot;: false, &quot;cumulatedLocation&quot;: false, &quot;showOnPrintElevation&quot;: false, &quot;stickedDistanceInMeter&quot;: -1, &quot;showTextOnPrintElevation&quot;: false}"/>
      </extensions>
    </wpt>
    <wpt lat="47.794299" lon="-4.281009">
      <name>Départ réel</name>
      <sym>73</sym>
      <type>WPT</type>
      <extensions>
        <option option="{&quot;icon&quot;: {&quot;id&quot;: &quot;73&quot;, &quot;i18n&quot;: &quot;D\u00e9part r\u00e9el&quot;, &quot;type&quot;: &quot;default&quot;, &quot;classes&quot;: &quot;&quot;, &quot;html_code&quot;: &quot;&amp;#x6f&quot;}, &quot;type&quot;: &quot;default&quot;, &quot;color&quot;: &quot;#ffffff&quot;, &quot;title&quot;: &quot;D\u00e9part r\u00e9el&quot;, &quot;bgColor&quot;: &quot;#e67e22&quot;, &quot;content&quot;: &quot;&quot;, &quot;offsetX&quot;: 0, &quot;offsetY&quot;: 0, &quot;tooltip&quot;: {&quot;show&quot;: true, &quot;direction&quot;: &quot;top&quot;, &quot;permanent&quot;: false}, &quot;visibility&quot;: &quot;public&quot;, &quot;showOnPrint&quot;: true, &quot;showOnPrintMap&quot;: false, &quot;showOnElevation&quot;: false, &quot;cumulatedLocation&quot;: false, &quot;showOnPrintElevation&quot;: false, &quot;stickedDistanceInMeter&quot;: 28300, &quot;showTextOnPrintElevation&quot;: false}"/>
      </extensions>
    </wpt>
    <wpt lat="47.794749" lon="-4.280839">
      <name>Ravitaillement</name>
      <sym>3</sym>
      <type>WPT</type>
      <extensions>
        <option option="{&quot;icon&quot;: {&quot;id&quot;: &quot;3&quot;, &quot;i18n&quot;: &quot;Ravitaillement&quot;, &quot;type&quot;: &quot;default&quot;, &quot;classes&quot;: &quot;&quot;, &quot;html_code&quot;: &quot;&amp;#x55&quot;}, &quot;type&quot;: &quot;default&quot;, &quot;color&quot;: &quot;#ffffff&quot;, &quot;title&quot;: &quot;Ravitaillement&quot;, &quot;bgColor&quot;: &quot;#0077c0&quot;, &quot;content&quot;: &quot;&quot;, &quot;offsetX&quot;: 0, &quot;offsetY&quot;: 0, &quot;tooltip&quot;: {&quot;show&quot;: true, &quot;direction&quot;: &quot;top&quot;, &quot;permanent&quot;: false}, &quot;visibility&quot;: &quot;public&quot;, &quot;showOnPrint&quot;: true, &quot;showOnPrintMap&quot;: false, &quot;showOnElevation&quot;: false, &quot;cumulatedLocation&quot;: false, &quot;showOnPrintElevation&quot;: false, &quot;stickedDistanceInMeter&quot;: -1, &quot;showTextOnPrintElevation&quot;: false}"/>
      </extensions>
    </wpt>
    <wpt lat="47.813363" lon="-4.282845">
      <name>Ravitaillement</name>
      <sym>3</sym>
      <type>WPT</type>
      <extensions>
        <option option="{&quot;icon&quot;: {&quot;id&quot;: &quot;3&quot;, &quot;i18n&quot;: &quot;Ravitaillement&quot;, &quot;type&quot;: &quot;default&quot;, &quot;classes&quot;: &quot;&quot;, &quot;html_code&quot;: &quot;&amp;#x55&quot;}, &quot;type&quot;: &quot;default&quot;, &quot;color&quot;: &quot;#ffffff&quot;, &quot;title&quot;: &quot;Ravitaillement&quot;, &quot;bgColor&quot;: &quot;#0077c0&quot;, &quot;content&quot;: &quot;&quot;, &quot;offsetX&quot;: 0, &quot;offsetY&quot;: 0, &quot;tooltip&quot;: {&quot;show&quot;: true, &quot;direction&quot;: &quot;top&quot;, &quot;permanent&quot;: false}, &quot;visibility&quot;: &quot;public&quot;, &quot;showOnPrint&quot;: true, &quot;showOnPrintMap&quot;: false, &quot;showOnElevation&quot;: false, &quot;cumulatedLocation&quot;: false, &quot;showOnPrintElevation&quot;: false, &quot;stickedDistanceInMeter&quot;: 25000, &quot;showTextOnPrintElevation&quot;: false}"/>
      </extensions>
    </wpt>
    <wpt lat="47.793134" lon="-4.283135">
      <name>Signaleur (avec permis)</name>
      <sym>5</sym>
      <type>WPT</type>
      <extensions>
        <option option="{&quot;icon&quot;: {&quot;id&quot;: &quot;5&quot;, &quot;i18n&quot;: &quot;Signaleur (avec permis)&quot;, &quot;type&quot;: &quot;default&quot;, &quot;classes&quot;: &quot;&quot;, &quot;html_code&quot;: &quot;&amp;#x42&quot;}, &quot;type&quot;: &quot;default&quot;, &quot;color&quot;: &quot;#ffffff&quot;, &quot;title&quot;: &quot;Signaleur (avec permis)&quot;, &quot;bgColor&quot;: &quot;#009c41&quot;, &quot;content&quot;: &quot;&quot;, &quot;offsetX&quot;: 0, &quot;offsetY&quot;: 0, &quot;tooltip&quot;: {&quot;show&quot;: true, &quot;direction&quot;: &quot;top&quot;, &quot;permanent&quot;: false}, &quot;visibility&quot;: &quot;public&quot;, &quot;showOnPrint&quot;: true, &quot;showOnPrintMap&quot;: false, &quot;showOnElevation&quot;: false, &quot;cumulatedLocation&quot;: false, &quot;showOnPrintElevation&quot;: false, &quot;stickedDistanceInMeter&quot;: -1, &quot;showTextOnPrintElevation&quot;: false}"/>
      </extensions>
    </wpt>
    <wpt lat="47.794187" lon="-4.293092">
      <name>Signaleur (avec permis)</name>
      <sym>5</sym>
      <type>WPT</type>
      <extensions>
        <option option="{&quot;icon&quot;: {&quot;id&quot;: &quot;5&quot;, &quot;i18n&quot;: &quot;Signaleur (avec permis)&quot;, &quot;type&quot;: &quot;default&quot;, &quot;classes&quot;: &quot;&quot;, &quot;html_code&quot;: &quot;&amp;#x42&quot;}, &quot;type&quot;: &quot;default&quot;, &quot;color&quot;: &quot;#ffffff&quot;, &quot;title&quot;: &quot;Signaleur (avec permis)&quot;, &quot;bgColor&quot;: &quot;#009c41&quot;, &quot;content&quot;: &quot;&quot;, &quot;offsetX&quot;: 0, &quot;offsetY&quot;: 0, &quot;tooltip&quot;: {&quot;show&quot;: true, &quot;direction&quot;: &quot;top&quot;, &quot;permanent&quot;: false}, &quot;visibility&quot;: &quot;public&quot;, &quot;showOnPrint&quot;: true, &quot;showOnPrintMap&quot;: false, &quot;showOnElevation&quot;: false, &quot;cumulatedLocation&quot;: false, &quot;showOnPrintElevation&quot;: false, &quot;stickedDistanceInMeter&quot;: -1, &quot;showTextOnPrintElevation&quot;: false}"/>
      </extensions>
    </wpt>
    <wpt lat="47.794094" lon="-4.293124">
      <name>Signaleur (avec permis)</name>
      <sym>5</sym>
      <type>WPT</type>
      <extensions>
        <option option="{&quot;icon&quot;: {&quot;id&quot;: &quot;5&quot;, &quot;i18n&quot;: &quot;Signaleur (avec permis)&quot;, &quot;type&quot;: &quot;default&quot;, &quot;classes&quot;: &quot;&quot;, &quot;html_code&quot;: &quot;&amp;#x42&quot;}, &quot;type&quot;: &quot;default&quot;, &quot;color&quot;: &quot;#ffffff&quot;, &quot;title&quot;: &quot;Signaleur (avec permis)&quot;, &quot;bgColor&quot;: &quot;#009c41&quot;, &quot;content&quot;: &quot;&quot;, &quot;offsetX&quot;: 0, &quot;offsetY&quot;: 0, &quot;tooltip&quot;: {&quot;show&quot;: true, &quot;direction&quot;: &quot;top&quot;, &quot;permanent&quot;: false}, &quot;visibility&quot;: &quot;public&quot;, &quot;showOnPrint&quot;: true, &quot;showOnPrintMap&quot;: false, &quot;showOnElevation&quot;: false, &quot;cumulatedLocation&quot;: false, &quot;showOnPrintElevation&quot;: false, &quot;stickedDistanceInMeter&quot;: -1, &quot;showTextOnPrintElevation&quot;: false}"/>
      </extensions>
    </wpt>
    <wpt lat="47.794764" lon="-4.292974">
      <name>Signaleur (avec permis)</name>
      <sym>5</sym>
      <type>WPT</type>
      <extensions>
        <option option="{&quot;icon&quot;: {&quot;id&quot;: &quot;5&quot;, &quot;i18n&quot;: &quot;Signaleur (avec permis)&quot;, &quot;type&quot;: &quot;default&quot;, &quot;classes&quot;: &quot;&quot;, &quot;html_code&quot;: &quot;&amp;#x42&quot;}, &quot;type&quot;: &quot;default&quot;, &quot;color&quot;: &quot;#ffffff&quot;, &quot;title&quot;: &quot;Signaleur (avec permis)&quot;, &quot;bgColor&quot;: &quot;#009c41&quot;, &quot;content&quot;: &quot;&quot;, &quot;offsetX&quot;: 0, &quot;offsetY&quot;: 0, &quot;tooltip&quot;: {&quot;show&quot;: true, &quot;direction&quot;: &quot;top&quot;, &quot;permanent&quot;: false}, &quot;visibility&quot;: &quot;public&quot;, &quot;showOnPrint&quot;: true, &quot;showOnPrintMap&quot;: false, &quot;showOnElevation&quot;: false, &quot;cumulatedLocation&quot;: false, &quot;showOnPrintElevation&quot;: false, &quot;stickedDistanceInMeter&quot;: -1, &quot;showTextOnPrintElevation&quot;: false}"/>
      </extensions>
    </wpt>
    <wpt lat="47.79467" lon="-4.293049">
      <name>Signaleur (avec permis)</name>
      <sym>5</sym>
      <type>WPT</type>
      <extensions>
        <option option="{&quot;icon&quot;: {&quot;id&quot;: &quot;5&quot;, &quot;i18n&quot;: &quot;Signaleur (avec permis)&quot;, &quot;type&quot;: &quot;default&quot;, &quot;classes&quot;: &quot;&quot;, &quot;html_code&quot;: &quot;&amp;#x42&quot;}, &quot;type&quot;: &quot;default&quot;, &quot;color&quot;: &quot;#ffffff&quot;, &quot;title&quot;: &quot;Signaleur (avec permis)&quot;, &quot;bgColor&quot;: &quot;#009c41&quot;, &quot;content&quot;: &quot;&quot;, &quot;offsetX&quot;: 0, &quot;offsetY&quot;: 0, &quot;tooltip&quot;: {&quot;show&quot;: true, &quot;direction&quot;: &quot;top&quot;, &quot;permanent&quot;: false}, &quot;visibility&quot;: &quot;public&quot;, &quot;showOnPrint&quot;: true, &quot;showOnPrintMap&quot;: false, &quot;showOnElevation&quot;: false, &quot;cumulatedLocation&quot;: false, &quot;showOnPrintElevation&quot;: false, &quot;stickedDistanceInMeter&quot;: -1, &quot;showTextOnPrintElevation&quot;: false}"/>
      </extensions>
    </wpt>
    <wpt lat="47.79565" lon="-4.29273">
      <name>Signaleur (avec permis)</name>
      <sym>5</sym>
      <type>WPT</type>
      <extensions>
        <option option="{&quot;icon&quot;: {&quot;id&quot;: &quot;5&quot;, &quot;i18n&quot;: &quot;Signaleur (avec permis)&quot;, &quot;type&quot;: &quot;default&quot;, &quot;classes&quot;: &quot;&quot;, &quot;html_code&quot;: &quot;&amp;#x42&quot;}, &quot;type&quot;: &quot;default&quot;, &quot;color&quot;: &quot;#ffffff&quot;, &quot;title&quot;: &quot;Signaleur (avec permis)&quot;, &quot;bgColor&quot;: &quot;#009c41&quot;, &quot;content&quot;: &quot;&quot;, &quot;offsetX&quot;: 0, &quot;offsetY&quot;: 0, &quot;tooltip&quot;: {&quot;show&quot;: true, &quot;direction&quot;: &quot;top&quot;, &quot;permanent&quot;: false}, &quot;visibility&quot;: &quot;public&quot;, &quot;showOnPrint&quot;: true, &quot;showOnPrintMap&quot;: false, &quot;showOnElevation&quot;: false, &quot;cumulatedLocation&quot;: false, &quot;showOnPrintElevation&quot;: false, &quot;stickedDistanceInMeter&quot;: 29800, &quot;showTextOnPrintElevation&quot;: false}"/>
      </extensions>
    </wpt>
    <wpt lat="47.795699" lon="-4.292527">
      <name>Signaleur (avec permis)</name>
      <sym>5</sym>
      <type>WPT</type>
      <extensions>
        <option option="{&quot;icon&quot;: {&quot;id&quot;: &quot;5&quot;, &quot;i18n&quot;: &quot;Signaleur (avec permis)&quot;, &quot;type&quot;: &quot;default&quot;, &quot;classes&quot;: &quot;&quot;, &quot;html_code&quot;: &quot;&amp;#x42&quot;}, &quot;type&quot;: &quot;default&quot;, &quot;color&quot;: &quot;#ffffff&quot;, &quot;title&quot;: &quot;Signaleur (avec permis)&quot;, &quot;bgColor&quot;: &quot;#009c41&quot;, &quot;content&quot;: &quot;&quot;, &quot;offsetX&quot;: 0, &quot;offsetY&quot;: 0, &quot;tooltip&quot;: {&quot;show&quot;: true, &quot;direction&quot;: &quot;top&quot;, &quot;permanent&quot;: false}, &quot;visibility&quot;: &quot;public&quot;, &quot;showOnPrint&quot;: true, &quot;showOnPrintMap&quot;: false, &quot;showOnElevation&quot;: false, &quot;cumulatedLocation&quot;: false, &quot;showOnPrintElevation&quot;: false, &quot;stickedDistanceInMeter&quot;: -1, &quot;showTextOnPrintElevation&quot;: false}"/>
      </extensions>
    </wpt>
    <wpt lat="47.797155" lon="-4.293586">
      <name>Ravitaillement</name>
      <sym>3</sym>
      <type>WPT</type>
      <extensions>
        <option option="{&quot;icon&quot;: {&quot;id&quot;: &quot;3&quot;, &quot;i18n&quot;: &quot;Ravitaillement&quot;, &quot;type&quot;: &quot;default&quot;, &quot;classes&quot;: &quot;&quot;, &quot;html_code&quot;: &quot;&amp;#x55&quot;}, &quot;type&quot;: &quot;default&quot;, &quot;color&quot;: &quot;#ffffff&quot;, &quot;title&quot;: &quot;Ravitaillement&quot;, &quot;bgColor&quot;: &quot;#0077c0&quot;, &quot;content&quot;: &quot;&quot;, &quot;offsetX&quot;: 0, &quot;offsetY&quot;: 0, &quot;tooltip&quot;: {&quot;show&quot;: true, &quot;direction&quot;: &quot;top&quot;, &quot;permanent&quot;: false}, &quot;visibility&quot;: &quot;public&quot;, &quot;showOnPrint&quot;: true, &quot;showOnPrintMap&quot;: false, &quot;showOnElevation&quot;: false, &quot;cumulatedLocation&quot;: false, &quot;showOnPrintElevation&quot;: false, &quot;stickedDistanceInMeter&quot;: 30000, &quot;showTextOnPrintElevation&quot;: false}"/>
      </extensions>
    </wpt>
    <wpt lat="47.799454" lon="-4.296003">
      <name>Signaleur (avec permis)</name>
      <sym>5</sym>
      <type>WPT</type>
      <extensions>
        <option option="{&quot;icon&quot;: {&quot;id&quot;: &quot;5&quot;, &quot;i18n&quot;: &quot;Signaleur (avec permis)&quot;, &quot;type&quot;: &quot;default&quot;, &quot;classes&quot;: &quot;&quot;, &quot;html_code&quot;: &quot;&amp;#x42&quot;}, &quot;type&quot;: &quot;default&quot;, &quot;color&quot;: &quot;#ffffff&quot;, &quot;title&quot;: &quot;Signaleur (avec permis)&quot;, &quot;bgColor&quot;: &quot;#009c41&quot;, &quot;content&quot;: &quot;&quot;, &quot;offsetX&quot;: 0, &quot;offsetY&quot;: 0, &quot;tooltip&quot;: {&quot;show&quot;: true, &quot;direction&quot;: &quot;top&quot;, &quot;permanent&quot;: false}, &quot;visibility&quot;: &quot;public&quot;, &quot;showOnPrint&quot;: true, &quot;showOnPrintMap&quot;: false, &quot;showOnElevation&quot;: false, &quot;cumulatedLocation&quot;: false, &quot;showOnPrintElevation&quot;: false, &quot;stickedDistanceInMeter&quot;: 30300, &quot;showTextOnPrintElevation&quot;: false}"/>
      </extensions>
    </wpt>
    <wpt lat="47.799413" lon="-4.29589">
      <name>Signaleur (avec permis)</name>
      <sym>5</sym>
      <type>WPT</type>
      <extensions>
        <option option="{&quot;icon&quot;: {&quot;id&quot;: &quot;5&quot;, &quot;i18n&quot;: &quot;Signaleur (avec permis)&quot;, &quot;type&quot;: &quot;default&quot;, &quot;classes&quot;: &quot;&quot;, &quot;html_code&quot;: &quot;&amp;#x42&quot;}, &quot;type&quot;: &quot;default&quot;, &quot;color&quot;: &quot;#ffffff&quot;, &quot;title&quot;: &quot;Signaleur (avec permis)&quot;, &quot;bgColor&quot;: &quot;#009c41&quot;, &quot;content&quot;: &quot;&quot;, &quot;offsetX&quot;: 0, &quot;offsetY&quot;: 0, &quot;tooltip&quot;: {&quot;show&quot;: true, &quot;direction&quot;: &quot;top&quot;, &quot;permanent&quot;: false}, &quot;visibility&quot;: &quot;public&quot;, &quot;showOnPrint&quot;: true, &quot;showOnPrintMap&quot;: false, &quot;showOnElevation&quot;: false, &quot;cumulatedLocation&quot;: false, &quot;showOnPrintElevation&quot;: false, &quot;stickedDistanceInMeter&quot;: -1, &quot;showTextOnPrintElevation&quot;: false}"/>
      </extensions>
    </wpt>
    <wpt lat="47.800704" lon="-4.299555">
      <name>Signaleur (avec permis)</name>
      <sym>5</sym>
      <type>WPT</type>
      <extensions>
        <option option="{&quot;icon&quot;: {&quot;id&quot;: &quot;5&quot;, &quot;i18n&quot;: &quot;Signaleur (avec permis)&quot;, &quot;type&quot;: &quot;default&quot;, &quot;classes&quot;: &quot;&quot;, &quot;html_code&quot;: &quot;&amp;#x42&quot;}, &quot;type&quot;: &quot;default&quot;, &quot;color&quot;: &quot;#ffffff&quot;, &quot;title&quot;: &quot;Signaleur (avec permis)&quot;, &quot;bgColor&quot;: &quot;#009c41&quot;, &quot;content&quot;: &quot;&quot;, &quot;offsetX&quot;: 0, &quot;offsetY&quot;: 0, &quot;tooltip&quot;: {&quot;show&quot;: true, &quot;direction&quot;: &quot;top&quot;, &quot;permanent&quot;: false}, &quot;visibility&quot;: &quot;public&quot;, &quot;showOnPrint&quot;: true, &quot;showOnPrintMap&quot;: false, &quot;showOnElevation&quot;: false, &quot;cumulatedLocation&quot;: false, &quot;showOnPrintElevation&quot;: false, &quot;stickedDistanceInMeter&quot;: -1, &quot;showTextOnPrintElevation&quot;: false}"/>
      </extensions>
    </wpt>
    <wpt lat="47.800596" lon="-4.299448">
      <name>Signaleur (avec permis)</name>
      <sym>5</sym>
      <type>WPT</type>
      <extensions>
        <option option="{&quot;icon&quot;: {&quot;id&quot;: &quot;5&quot;, &quot;i18n&quot;: &quot;Signaleur (avec permis)&quot;, &quot;type&quot;: &quot;default&quot;, &quot;classes&quot;: &quot;&quot;, &quot;html_code&quot;: &quot;&amp;#x42&quot;}, &quot;type&quot;: &quot;default&quot;, &quot;color&quot;: &quot;#ffffff&quot;, &quot;title&quot;: &quot;Signaleur (avec permis)&quot;, &quot;bgColor&quot;: &quot;#009c41&quot;, &quot;content&quot;: &quot;&quot;, &quot;offsetX&quot;: 0, &quot;offsetY&quot;: 0, &quot;tooltip&quot;: {&quot;show&quot;: true, &quot;direction&quot;: &quot;top&quot;, &quot;permanent&quot;: false}, &quot;visibility&quot;: &quot;public&quot;, &quot;showOnPrint&quot;: true, &quot;showOnPrintMap&quot;: false, &quot;showOnElevation&quot;: false, &quot;cumulatedLocation&quot;: false, &quot;showOnPrintElevation&quot;: false, &quot;stickedDistanceInMeter&quot;: -1, &quot;showTextOnPrintElevation&quot;: false}"/>
      </extensions>
    </wpt>
    <wpt lat="47.801339" lon="-4.302687">
      <name>Signaleur (avec permis)</name>
      <sym>5</sym>
      <type>WPT</type>
      <extensions>
        <option option="{&quot;icon&quot;: {&quot;id&quot;: &quot;5&quot;, &quot;i18n&quot;: &quot;Signaleur (avec permis)&quot;, &quot;type&quot;: &quot;default&quot;, &quot;classes&quot;: &quot;&quot;, &quot;html_code&quot;: &quot;&amp;#x42&quot;}, &quot;type&quot;: &quot;default&quot;, &quot;color&quot;: &quot;#ffffff&quot;, &quot;title&quot;: &quot;Signaleur (avec permis)&quot;, &quot;bgColor&quot;: &quot;#009c41&quot;, &quot;content&quot;: &quot;&quot;, &quot;offsetX&quot;: 0, &quot;offsetY&quot;: 0, &quot;tooltip&quot;: {&quot;show&quot;: true, &quot;direction&quot;: &quot;top&quot;, &quot;permanent&quot;: false}, &quot;visibility&quot;: &quot;public&quot;, &quot;showOnPrint&quot;: true, &quot;showOnPrintMap&quot;: false, &quot;showOnElevation&quot;: false, &quot;cumulatedLocation&quot;: false, &quot;showOnPrintElevation&quot;: false, &quot;stickedDistanceInMeter&quot;: -1, &quot;showTextOnPrintElevation&quot;: false}"/>
      </extensions>
    </wpt>
    <wpt lat="47.801324" lon="-4.302601">
      <name>Signaleur (avec permis)</name>
      <sym>5</sym>
      <type>WPT</type>
      <extensions>
        <option option="{&quot;icon&quot;: {&quot;id&quot;: &quot;5&quot;, &quot;i18n&quot;: &quot;Signaleur (avec permis)&quot;, &quot;type&quot;: &quot;default&quot;, &quot;classes&quot;: &quot;&quot;, &quot;html_code&quot;: &quot;&amp;#x42&quot;}, &quot;type&quot;: &quot;default&quot;, &quot;color&quot;: &quot;#ffffff&quot;, &quot;title&quot;: &quot;Signaleur (avec permis)&quot;, &quot;bgColor&quot;: &quot;#009c41&quot;, &quot;content&quot;: &quot;&quot;, &quot;offsetX&quot;: 0, &quot;offsetY&quot;: 0, &quot;tooltip&quot;: {&quot;show&quot;: true, &quot;direction&quot;: &quot;top&quot;, &quot;permanent&quot;: false}, &quot;visibility&quot;: &quot;public&quot;, &quot;showOnPrint&quot;: true, &quot;showOnPrintMap&quot;: false, &quot;showOnElevation&quot;: false, &quot;cumulatedLocation&quot;: false, &quot;showOnPrintElevation&quot;: false, &quot;stickedDistanceInMeter&quot;: -1, &quot;showTextOnPrintElevation&quot;: false}"/>
      </extensions>
    </wpt>
    <wpt lat="47.801583" lon="-4.310737">
      <name>Signaleur (avec permis)</name>
      <sym>5</sym>
      <type>WPT</type>
      <extensions>
        <option option="{&quot;icon&quot;: {&quot;id&quot;: &quot;5&quot;, &quot;i18n&quot;: &quot;Signaleur (avec permis)&quot;, &quot;type&quot;: &quot;default&quot;, &quot;classes&quot;: &quot;&quot;, &quot;html_code&quot;: &quot;&amp;#x42&quot;}, &quot;type&quot;: &quot;default&quot;, &quot;color&quot;: &quot;#ffffff&quot;, &quot;title&quot;: &quot;Signaleur (avec permis)&quot;, &quot;bgColor&quot;: &quot;#009c41&quot;, &quot;content&quot;: &quot;&quot;, &quot;offsetX&quot;: 0, &quot;offsetY&quot;: 0, &quot;tooltip&quot;: {&quot;show&quot;: true, &quot;direction&quot;: &quot;top&quot;, &quot;permanent&quot;: false}, &quot;visibility&quot;: &quot;public&quot;, &quot;showOnPrint&quot;: true, &quot;showOnPrintMap&quot;: false, &quot;showOnElevation&quot;: false, &quot;cumulatedLocation&quot;: false, &quot;showOnPrintElevation&quot;: false, &quot;stickedDistanceInMeter&quot;: -1, &quot;showTextOnPrintElevation&quot;: false}"/>
      </extensions>
    </wpt>
    <wpt lat="47.801526" lon="-4.310597">
      <name>Signaleur (avec permis)</name>
      <sym>5</sym>
      <type>WPT</type>
      <extensions>
        <option option="{&quot;icon&quot;: {&quot;id&quot;: &quot;5&quot;, &quot;i18n&quot;: &quot;Signaleur (avec permis)&quot;, &quot;type&quot;: &quot;default&quot;, &quot;classes&quot;: &quot;&quot;, &quot;html_code&quot;: &quot;&amp;#x42&quot;}, &quot;type&quot;: &quot;default&quot;, &quot;color&quot;: &quot;#ffffff&quot;, &quot;title&quot;: &quot;Signaleur (avec permis)&quot;, &quot;bgColor&quot;: &quot;#009c41&quot;, &quot;content&quot;: &quot;&quot;, &quot;offsetX&quot;: 0, &quot;offsetY&quot;: 0, &quot;tooltip&quot;: {&quot;show&quot;: true, &quot;direction&quot;: &quot;top&quot;, &quot;permanent&quot;: false}, &quot;visibility&quot;: &quot;public&quot;, &quot;showOnPrint&quot;: true, &quot;showOnPrintMap&quot;: false, &quot;showOnElevation&quot;: false, &quot;cumulatedLocation&quot;: false, &quot;showOnPrintElevation&quot;: false, &quot;stickedDistanceInMeter&quot;: -1, &quot;showTextOnPrintElevation&quot;: false}"/>
      </extensions>
    </wpt>
    <wpt lat="47.800407" lon="-4.318322">
      <name>Signaleur (avec permis)</name>
      <sym>5</sym>
      <type>WPT</type>
      <extensions>
        <option option="{&quot;icon&quot;: {&quot;id&quot;: &quot;5&quot;, &quot;i18n&quot;: &quot;Signaleur (avec permis)&quot;, &quot;type&quot;: &quot;default&quot;, &quot;classes&quot;: &quot;&quot;, &quot;html_code&quot;: &quot;&amp;#x42&quot;}, &quot;type&quot;: &quot;default&quot;, &quot;color&quot;: &quot;#ffffff&quot;, &quot;title&quot;: &quot;Signaleur (avec permis)&quot;, &quot;bgColor&quot;: &quot;#009c41&quot;, &quot;content&quot;: &quot;&quot;, &quot;offsetX&quot;: 0, &quot;offsetY&quot;: 0, &quot;tooltip&quot;: {&quot;show&quot;: true, &quot;direction&quot;: &quot;top&quot;, &quot;permanent&quot;: false}, &quot;visibility&quot;: &quot;public&quot;, &quot;showOnPrint&quot;: true, &quot;showOnPrintMap&quot;: false, &quot;showOnElevation&quot;: false, &quot;cumulatedLocation&quot;: false, &quot;showOnPrintElevation&quot;: false, &quot;stickedDistanceInMeter&quot;: -1, &quot;showTextOnPrintElevation&quot;: false}"/>
      </extensions>
    </wpt>
    <wpt lat="47.800457" lon="-4.318118">
      <name>Signaleur (avec permis)</name>
      <sym>5</sym>
      <type>WPT</type>
      <extensions>
        <option option="{&quot;icon&quot;: {&quot;id&quot;: &quot;5&quot;, &quot;i18n&quot;: &quot;Signaleur (avec permis)&quot;, &quot;type&quot;: &quot;default&quot;, &quot;classes&quot;: &quot;&quot;, &quot;html_code&quot;: &quot;&amp;#x42&quot;}, &quot;type&quot;: &quot;default&quot;, &quot;color&quot;: &quot;#ffffff&quot;, &quot;title&quot;: &quot;Signaleur (avec permis)&quot;, &quot;bgColor&quot;: &quot;#009c41&quot;, &quot;content&quot;: &quot;&quot;, &quot;offsetX&quot;: 0, &quot;offsetY&quot;: 0, &quot;tooltip&quot;: {&quot;show&quot;: true, &quot;direction&quot;: &quot;top&quot;, &quot;permanent&quot;: false}, &quot;visibility&quot;: &quot;public&quot;, &quot;showOnPrint&quot;: true, &quot;showOnPrintMap&quot;: false, &quot;showOnElevation&quot;: false, &quot;cumulatedLocation&quot;: false, &quot;showOnPrintElevation&quot;: false, &quot;stickedDistanceInMeter&quot;: -1, &quot;showTextOnPrintElevation&quot;: false}"/>
      </extensions>
    </wpt>
    <wpt lat="47.798432" lon="-4.326754">
      <name>Signaleur (avec permis)</name>
      <sym>104</sym>
      <type>WPT</type>
      <extensions>
        <option option="{&quot;icon&quot;: {&quot;id&quot;: &quot;104&quot;, &quot;i18n&quot;: &quot;Signaleur (avec permis)&quot;, &quot;name&quot;: &quot;Bouteille d'eau&quot;, &quot;type&quot;: &quot;default&quot;, &quot;classes&quot;: &quot;&quot;, &quot;html_code&quot;: &quot;&amp;#x57&quot;}, &quot;type&quot;: &quot;default&quot;, &quot;color&quot;: &quot;#ffffff&quot;, &quot;title&quot;: &quot;Signaleur (avec permis)&quot;, &quot;bgColor&quot;: &quot;#22a7f0&quot;, &quot;content&quot;: &quot;&quot;, &quot;offsetX&quot;: 0, &quot;offsetY&quot;: 0, &quot;tooltip&quot;: {&quot;show&quot;: true, &quot;direction&quot;: &quot;top&quot;, &quot;permanent&quot;: false}, &quot;visibility&quot;: &quot;public&quot;, &quot;showOnPrint&quot;: true, &quot;showOnPrintMap&quot;: false, &quot;showOnElevation&quot;: false, &quot;cumulatedLocation&quot;: false, &quot;showOnPrintElevation&quot;: false, &quot;stickedDistanceInMeter&quot;: 32800, &quot;showTextOnPrintElevation&quot;: false}"/>
      </extensions>
    </wpt>
    <wpt lat="47.799508" lon="-4.334809">
      <name>Signaleur (avec permis)</name>
      <sym>5</sym>
      <type>WPT</type>
      <extensions>
        <option option="{&quot;icon&quot;: {&quot;id&quot;: &quot;5&quot;, &quot;i18n&quot;: &quot;Signaleur (avec permis)&quot;, &quot;type&quot;: &quot;default&quot;, &quot;classes&quot;: &quot;&quot;, &quot;html_code&quot;: &quot;&amp;#x42&quot;}, &quot;type&quot;: &quot;default&quot;, &quot;color&quot;: &quot;#ffffff&quot;, &quot;title&quot;: &quot;Signaleur (avec permis)&quot;, &quot;bgColor&quot;: &quot;#009c41&quot;, &quot;content&quot;: &quot;&quot;, &quot;offsetX&quot;: 0, &quot;offsetY&quot;: 0, &quot;tooltip&quot;: {&quot;show&quot;: true, &quot;direction&quot;: &quot;top&quot;, &quot;permanent&quot;: false}, &quot;visibility&quot;: &quot;public&quot;, &quot;showOnPrint&quot;: true, &quot;showOnPrintMap&quot;: false, &quot;showOnElevation&quot;: false, &quot;cumulatedLocation&quot;: false, &quot;showOnPrintElevation&quot;: false, &quot;stickedDistanceInMeter&quot;: -1, &quot;showTextOnPrintElevation&quot;: false}"/>
      </extensions>
    </wpt>
    <wpt lat="47.799537" lon="-4.334595">
      <name>Signaleur (avec permis)</name>
      <sym>5</sym>
      <type>WPT</type>
      <extensions>
        <option option="{&quot;icon&quot;: {&quot;id&quot;: &quot;5&quot;, &quot;i18n&quot;: &quot;Signaleur (avec permis)&quot;, &quot;type&quot;: &quot;default&quot;, &quot;classes&quot;: &quot;&quot;, &quot;html_code&quot;: &quot;&amp;#x42&quot;}, &quot;type&quot;: &quot;default&quot;, &quot;color&quot;: &quot;#ffffff&quot;, &quot;title&quot;: &quot;Signaleur (avec permis)&quot;, &quot;bgColor&quot;: &quot;#009c41&quot;, &quot;content&quot;: &quot;&quot;, &quot;offsetX&quot;: 0, &quot;offsetY&quot;: 0, &quot;tooltip&quot;: {&quot;show&quot;: true, &quot;direction&quot;: &quot;top&quot;, &quot;permanent&quot;: false}, &quot;visibility&quot;: &quot;public&quot;, &quot;showOnPrint&quot;: true, &quot;showOnPrintMap&quot;: false, &quot;showOnElevation&quot;: false, &quot;cumulatedLocation&quot;: false, &quot;showOnPrintElevation&quot;: false, &quot;stickedDistanceInMeter&quot;: -1, &quot;showTextOnPrintElevation&quot;: false}"/>
      </extensions>
    </wpt>
    <wpt lat="47.799564" lon="-4.340253">
      <name>Signaleur (avec permis)</name>
      <sym>5</sym>
      <type>WPT</type>
      <extensions>
        <option option="{&quot;icon&quot;: {&quot;id&quot;: &quot;5&quot;, &quot;i18n&quot;: &quot;Signaleur (avec permis)&quot;, &quot;type&quot;: &quot;default&quot;, &quot;classes&quot;: &quot;&quot;, &quot;html_code&quot;: &quot;&amp;#x42&quot;}, &quot;type&quot;: &quot;default&quot;, &quot;color&quot;: &quot;#ffffff&quot;, &quot;title&quot;: &quot;Signaleur (avec permis)&quot;, &quot;bgColor&quot;: &quot;#009c41&quot;, &quot;content&quot;: &quot;&quot;, &quot;offsetX&quot;: 0, &quot;offsetY&quot;: 0, &quot;tooltip&quot;: {&quot;show&quot;: true, &quot;direction&quot;: &quot;top&quot;, &quot;permanent&quot;: false}, &quot;visibility&quot;: &quot;public&quot;, &quot;showOnPrint&quot;: true, &quot;showOnPrintMap&quot;: false, &quot;showOnElevation&quot;: false, &quot;cumulatedLocation&quot;: false, &quot;showOnPrintElevation&quot;: false, &quot;stickedDistanceInMeter&quot;: 33800, &quot;showTextOnPrintElevation&quot;: false}"/>
      </extensions>
    </wpt>
    <wpt lat="47.799997" lon="-4.34022">
      <name>Signaleur (avec permis)</name>
      <sym>5</sym>
      <type>WPT</type>
      <extensions>
        <option option="{&quot;icon&quot;: {&quot;id&quot;: &quot;5&quot;, &quot;i18n&quot;: &quot;Signaleur (avec permis)&quot;, &quot;type&quot;: &quot;default&quot;, &quot;classes&quot;: &quot;&quot;, &quot;html_code&quot;: &quot;&amp;#x42&quot;}, &quot;type&quot;: &quot;default&quot;, &quot;color&quot;: &quot;#ffffff&quot;, &quot;title&quot;: &quot;Signaleur (avec permis)&quot;, &quot;bgColor&quot;: &quot;#009c41&quot;, &quot;content&quot;: &quot;&quot;, &quot;offsetX&quot;: 0, &quot;offsetY&quot;: 0, &quot;tooltip&quot;: {&quot;show&quot;: true, &quot;direction&quot;: &quot;top&quot;, &quot;permanent&quot;: false}, &quot;visibility&quot;: &quot;public&quot;, &quot;showOnPrint&quot;: true, &quot;showOnPrintMap&quot;: false, &quot;showOnElevation&quot;: false, &quot;cumulatedLocation&quot;: false, &quot;showOnPrintElevation&quot;: false, &quot;stickedDistanceInMeter&quot;: -1, &quot;showTextOnPrintElevation&quot;: false}"/>
      </extensions>
    </wpt>
    <wpt lat="47.798532" lon="-4.350842">
      <name>Signaleur (avec permis)</name>
      <sym>5</sym>
      <type>WPT</type>
      <extensions>
        <option option="{&quot;icon&quot;: {&quot;id&quot;: &quot;5&quot;, &quot;i18n&quot;: &quot;Signaleur (avec permis)&quot;, &quot;type&quot;: &quot;default&quot;, &quot;classes&quot;: &quot;&quot;, &quot;html_code&quot;: &quot;&amp;#x42&quot;}, &quot;type&quot;: &quot;default&quot;, &quot;color&quot;: &quot;#ffffff&quot;, &quot;title&quot;: &quot;Signaleur (avec permis)&quot;, &quot;bgColor&quot;: &quot;#009c41&quot;, &quot;content&quot;: &quot;&quot;, &quot;offsetX&quot;: 0, &quot;offsetY&quot;: 0, &quot;tooltip&quot;: {&quot;show&quot;: true, &quot;direction&quot;: &quot;top&quot;, &quot;permanent&quot;: false}, &quot;visibility&quot;: &quot;public&quot;, &quot;showOnPrint&quot;: true, &quot;showOnPrintMap&quot;: false, &quot;showOnElevation&quot;: false, &quot;cumulatedLocation&quot;: false, &quot;showOnPrintElevation&quot;: false, &quot;stickedDistanceInMeter&quot;: -1, &quot;showTextOnPrintElevation&quot;: false}"/>
      </extensions>
    </wpt>
    <wpt lat="47.79823" lon="-4.35067">
      <name>Signaleur (avec permis)</name>
      <sym>5</sym>
      <type>WPT</type>
      <extensions>
        <option option="{&quot;icon&quot;: {&quot;id&quot;: &quot;5&quot;, &quot;i18n&quot;: &quot;Signaleur (avec permis)&quot;, &quot;type&quot;: &quot;default&quot;, &quot;classes&quot;: &quot;&quot;, &quot;html_code&quot;: &quot;&amp;#x42&quot;}, &quot;type&quot;: &quot;default&quot;, &quot;color&quot;: &quot;#ffffff&quot;, &quot;title&quot;: &quot;Signaleur (avec permis)&quot;, &quot;bgColor&quot;: &quot;#009c41&quot;, &quot;content&quot;: &quot;&quot;, &quot;offsetX&quot;: 0, &quot;offsetY&quot;: 0, &quot;tooltip&quot;: {&quot;show&quot;: true, &quot;direction&quot;: &quot;top&quot;, &quot;permanent&quot;: false}, &quot;visibility&quot;: &quot;public&quot;, &quot;showOnPrint&quot;: true, &quot;showOnPrintMap&quot;: false, &quot;showOnElevation&quot;: false, &quot;cumulatedLocation&quot;: false, &quot;showOnPrintElevation&quot;: false, &quot;stickedDistanceInMeter&quot;: -1, &quot;showTextOnPrintElevation&quot;: false}"/>
      </extensions>
    </wpt>
    <wpt lat="47.797903" lon="-4.35251">
      <name>Signaleur (avec permis)</name>
      <sym>5</sym>
      <type>WPT</type>
      <extensions>
        <option option="{&quot;icon&quot;: {&quot;id&quot;: &quot;5&quot;, &quot;i18n&quot;: &quot;Signaleur (avec permis)&quot;, &quot;type&quot;: &quot;default&quot;, &quot;classes&quot;: &quot;&quot;, &quot;html_code&quot;: &quot;&amp;#x42&quot;}, &quot;type&quot;: &quot;default&quot;, &quot;color&quot;: &quot;#ffffff&quot;, &quot;title&quot;: &quot;Signaleur (avec permis)&quot;, &quot;bgColor&quot;: &quot;#009c41&quot;, &quot;content&quot;: &quot;&quot;, &quot;offsetX&quot;: 0, &quot;offsetY&quot;: 0, &quot;tooltip&quot;: {&quot;show&quot;: true, &quot;direction&quot;: &quot;top&quot;, &quot;permanent&quot;: false}, &quot;visibility&quot;: &quot;public&quot;, &quot;showOnPrint&quot;: true, &quot;showOnPrintMap&quot;: false, &quot;showOnElevation&quot;: false, &quot;cumulatedLocation&quot;: false, &quot;showOnPrintElevation&quot;: false, &quot;stickedDistanceInMeter&quot;: -1, &quot;showTextOnPrintElevation&quot;: false}"/>
      </extensions>
    </wpt>
    <wpt lat="47.79724" lon="-4.355021">
      <name>Ravitaillement</name>
      <sym>3</sym>
      <type>WPT</type>
      <extensions>
        <option option="{&quot;icon&quot;: {&quot;id&quot;: &quot;3&quot;, &quot;i18n&quot;: &quot;Ravitaillement&quot;, &quot;type&quot;: &quot;default&quot;, &quot;classes&quot;: &quot;&quot;, &quot;html_code&quot;: &quot;&amp;#x55&quot;}, &quot;type&quot;: &quot;default&quot;, &quot;color&quot;: &quot;#ffffff&quot;, &quot;title&quot;: &quot;Ravitaillement&quot;, &quot;bgColor&quot;: &quot;#0077c0&quot;, &quot;content&quot;: &quot;&quot;, &quot;offsetX&quot;: 0, &quot;offsetY&quot;: 0, &quot;tooltip&quot;: {&quot;show&quot;: true, &quot;direction&quot;: &quot;top&quot;, &quot;permanent&quot;: false}, &quot;visibility&quot;: &quot;public&quot;, &quot;showOnPrint&quot;: true, &quot;showOnPrintMap&quot;: false, &quot;showOnElevation&quot;: false, &quot;cumulatedLocation&quot;: false, &quot;showOnPrintElevation&quot;: false, &quot;stickedDistanceInMeter&quot;: -1, &quot;showTextOnPrintElevation&quot;: false}"/>
      </extensions>
    </wpt>
    <wpt lat="47.796898" lon="-4.359103">
      <name>Signaleur (avec permis)</name>
      <sym>5</sym>
      <type>WPT</type>
      <extensions>
        <option option="{&quot;icon&quot;: {&quot;id&quot;: &quot;5&quot;, &quot;i18n&quot;: &quot;Signaleur (avec permis)&quot;, &quot;type&quot;: &quot;default&quot;, &quot;classes&quot;: &quot;&quot;, &quot;html_code&quot;: &quot;&amp;#x42&quot;}, &quot;type&quot;: &quot;default&quot;, &quot;color&quot;: &quot;#ffffff&quot;, &quot;title&quot;: &quot;Signaleur (avec permis)&quot;, &quot;bgColor&quot;: &quot;#009c41&quot;, &quot;content&quot;: &quot;&quot;, &quot;offsetX&quot;: 0, &quot;offsetY&quot;: 0, &quot;tooltip&quot;: {&quot;show&quot;: true, &quot;direction&quot;: &quot;top&quot;, &quot;permanent&quot;: false}, &quot;visibility&quot;: &quot;public&quot;, &quot;showOnPrint&quot;: true, &quot;showOnPrintMap&quot;: false, &quot;showOnElevation&quot;: false, &quot;cumulatedLocation&quot;: false, &quot;showOnPrintElevation&quot;: false, &quot;stickedDistanceInMeter&quot;: -1, &quot;showTextOnPrintElevation&quot;: false}"/>
      </extensions>
    </wpt>
    <wpt lat="47.796993" lon="-4.36031">
      <name>Signaleur (avec permis)</name>
      <sym>5</sym>
      <type>WPT</type>
      <extensions>
        <option option="{&quot;icon&quot;: {&quot;id&quot;: &quot;5&quot;, &quot;i18n&quot;: &quot;Signaleur (avec permis)&quot;, &quot;type&quot;: &quot;default&quot;, &quot;classes&quot;: &quot;&quot;, &quot;html_code&quot;: &quot;&amp;#x42&quot;}, &quot;type&quot;: &quot;default&quot;, &quot;color&quot;: &quot;#ffffff&quot;, &quot;title&quot;: &quot;Signaleur (avec permis)&quot;, &quot;bgColor&quot;: &quot;#009c41&quot;, &quot;content&quot;: &quot;&quot;, &quot;offsetX&quot;: 0, &quot;offsetY&quot;: 0, &quot;tooltip&quot;: {&quot;show&quot;: true, &quot;direction&quot;: &quot;top&quot;, &quot;permanent&quot;: false}, &quot;visibility&quot;: &quot;public&quot;, &quot;showOnPrint&quot;: true, &quot;showOnPrintMap&quot;: false, &quot;showOnElevation&quot;: false, &quot;cumulatedLocation&quot;: false, &quot;showOnPrintElevation&quot;: false, &quot;stickedDistanceInMeter&quot;: -1, &quot;showTextOnPrintElevation&quot;: false}"/>
      </extensions>
    </wpt>
    <wpt lat="47.797015" lon="-4.36015">
      <name>Signaleur (avec permis)</name>
      <sym>5</sym>
      <type>WPT</type>
      <extensions>
        <option option="{&quot;icon&quot;: {&quot;id&quot;: &quot;5&quot;, &quot;i18n&quot;: &quot;Signaleur (avec permis)&quot;, &quot;type&quot;: &quot;default&quot;, &quot;classes&quot;: &quot;&quot;, &quot;html_code&quot;: &quot;&amp;#x42&quot;}, &quot;type&quot;: &quot;default&quot;, &quot;color&quot;: &quot;#ffffff&quot;, &quot;title&quot;: &quot;Signaleur (avec permis)&quot;, &quot;bgColor&quot;: &quot;#009c41&quot;, &quot;content&quot;: &quot;&quot;, &quot;offsetX&quot;: 0, &quot;offsetY&quot;: 0, &quot;tooltip&quot;: {&quot;show&quot;: true, &quot;direction&quot;: &quot;top&quot;, &quot;permanent&quot;: false}, &quot;visibility&quot;: &quot;public&quot;, &quot;showOnPrint&quot;: true, &quot;showOnPrintMap&quot;: false, &quot;showOnElevation&quot;: false, &quot;cumulatedLocation&quot;: false, &quot;showOnPrintElevation&quot;: false, &quot;stickedDistanceInMeter&quot;: -1, &quot;showTextOnPrintElevation&quot;: false}"/>
      </extensions>
    </wpt>
    <wpt lat="47.79734" lon="-4.361619">
      <name>Signaleur (avec permis)</name>
      <sym>5</sym>
      <type>WPT</type>
      <extensions>
        <option option="{&quot;icon&quot;: {&quot;id&quot;: &quot;5&quot;, &quot;i18n&quot;: &quot;Signaleur (avec permis)&quot;, &quot;type&quot;: &quot;default&quot;, &quot;classes&quot;: &quot;&quot;, &quot;html_code&quot;: &quot;&amp;#x42&quot;}, &quot;type&quot;: &quot;default&quot;, &quot;color&quot;: &quot;#ffffff&quot;, &quot;title&quot;: &quot;Signaleur (avec permis)&quot;, &quot;bgColor&quot;: &quot;#009c41&quot;, &quot;content&quot;: &quot;&quot;, &quot;offsetX&quot;: 0, &quot;offsetY&quot;: 0, &quot;tooltip&quot;: {&quot;show&quot;: true, &quot;direction&quot;: &quot;top&quot;, &quot;permanent&quot;: false}, &quot;visibility&quot;: &quot;public&quot;, &quot;showOnPrint&quot;: true, &quot;showOnPrintMap&quot;: false, &quot;showOnElevation&quot;: false, &quot;cumulatedLocation&quot;: false, &quot;showOnPrintElevation&quot;: false, &quot;stickedDistanceInMeter&quot;: -1, &quot;showTextOnPrintElevation&quot;: false}"/>
      </extensions>
    </wpt>
    <wpt lat="47.797355" lon="-4.361362">
      <name>Signaleur (avec permis)</name>
      <sym>5</sym>
      <type>WPT</type>
      <extensions>
        <option option="{&quot;icon&quot;: {&quot;id&quot;: &quot;5&quot;, &quot;i18n&quot;: &quot;Signaleur (avec permis)&quot;, &quot;type&quot;: &quot;default&quot;, &quot;classes&quot;: &quot;&quot;, &quot;html_code&quot;: &quot;&amp;#x42&quot;}, &quot;type&quot;: &quot;default&quot;, &quot;color&quot;: &quot;#ffffff&quot;, &quot;title&quot;: &quot;Signaleur (avec permis)&quot;, &quot;bgColor&quot;: &quot;#009c41&quot;, &quot;content&quot;: &quot;&quot;, &quot;offsetX&quot;: 0, &quot;offsetY&quot;: 0, &quot;tooltip&quot;: {&quot;show&quot;: true, &quot;direction&quot;: &quot;top&quot;, &quot;permanent&quot;: false}, &quot;visibility&quot;: &quot;public&quot;, &quot;showOnPrint&quot;: true, &quot;showOnPrintMap&quot;: false, &quot;showOnElevation&quot;: false, &quot;cumulatedLocation&quot;: false, &quot;showOnPrintElevation&quot;: false, &quot;stickedDistanceInMeter&quot;: -1, &quot;showTextOnPrintElevation&quot;: false}"/>
      </extensions>
    </wpt>
    <wpt lat="47.797351" lon="-4.362951">
      <name>Signaleur (avec permis)</name>
      <sym>5</sym>
      <type>WPT</type>
      <extensions>
        <option option="{&quot;icon&quot;: {&quot;id&quot;: &quot;5&quot;, &quot;i18n&quot;: &quot;Signaleur (avec permis)&quot;, &quot;type&quot;: &quot;default&quot;, &quot;classes&quot;: &quot;&quot;, &quot;html_code&quot;: &quot;&amp;#x42&quot;}, &quot;type&quot;: &quot;default&quot;, &quot;color&quot;: &quot;#ffffff&quot;, &quot;title&quot;: &quot;Signaleur (avec permis)&quot;, &quot;bgColor&quot;: &quot;#009c41&quot;, &quot;content&quot;: &quot;&quot;, &quot;offsetX&quot;: 0, &quot;offsetY&quot;: 0, &quot;tooltip&quot;: {&quot;show&quot;: true, &quot;direction&quot;: &quot;top&quot;, &quot;permanent&quot;: false}, &quot;visibility&quot;: &quot;public&quot;, &quot;showOnPrint&quot;: true, &quot;showOnPrintMap&quot;: false, &quot;showOnElevation&quot;: false, &quot;cumulatedLocation&quot;: false, &quot;showOnPrintElevation&quot;: false, &quot;stickedDistanceInMeter&quot;: -1, &quot;showTextOnPrintElevation&quot;: false}"/>
      </extensions>
    </wpt>
    <wpt lat="47.797259" lon="-4.362552">
      <name>Signaleur (avec permis)</name>
      <sym>5</sym>
      <type>WPT</type>
      <extensions>
        <option option="{&quot;icon&quot;: {&quot;id&quot;: &quot;5&quot;, &quot;i18n&quot;: &quot;Signaleur (avec permis)&quot;, &quot;type&quot;: &quot;default&quot;, &quot;classes&quot;: &quot;&quot;, &quot;html_code&quot;: &quot;&amp;#x42&quot;}, &quot;type&quot;: &quot;default&quot;, &quot;color&quot;: &quot;#ffffff&quot;, &quot;title&quot;: &quot;Signaleur (avec permis)&quot;, &quot;bgColor&quot;: &quot;#009c41&quot;, &quot;content&quot;: &quot;&quot;, &quot;offsetX&quot;: 0, &quot;offsetY&quot;: 0, &quot;tooltip&quot;: {&quot;show&quot;: true, &quot;direction&quot;: &quot;top&quot;, &quot;permanent&quot;: false}, &quot;visibility&quot;: &quot;public&quot;, &quot;showOnPrint&quot;: true, &quot;showOnPrintMap&quot;: false, &quot;showOnElevation&quot;: false, &quot;cumulatedLocation&quot;: false, &quot;showOnPrintElevation&quot;: false, &quot;stickedDistanceInMeter&quot;: 35600, &quot;showTextOnPrintElevation&quot;: false}"/>
      </extensions>
    </wpt>
    <wpt lat="47.796398" lon="-4.363908">
      <name>Signaleur (avec permis)</name>
      <sym>5</sym>
      <type>WPT</type>
      <extensions>
        <option option="{&quot;icon&quot;: {&quot;id&quot;: &quot;5&quot;, &quot;i18n&quot;: &quot;Signaleur (avec permis)&quot;, &quot;type&quot;: &quot;default&quot;, &quot;classes&quot;: &quot;&quot;, &quot;html_code&quot;: &quot;&amp;#x42&quot;}, &quot;type&quot;: &quot;default&quot;, &quot;color&quot;: &quot;#ffffff&quot;, &quot;title&quot;: &quot;Signaleur (avec permis)&quot;, &quot;bgColor&quot;: &quot;#009c41&quot;, &quot;content&quot;: &quot;&quot;, &quot;offsetX&quot;: 0, &quot;offsetY&quot;: 0, &quot;tooltip&quot;: {&quot;show&quot;: true, &quot;direction&quot;: &quot;top&quot;, &quot;permanent&quot;: false}, &quot;visibility&quot;: &quot;public&quot;, &quot;showOnPrint&quot;: true, &quot;showOnPrintMap&quot;: false, &quot;showOnElevation&quot;: false, &quot;cumulatedLocation&quot;: false, &quot;showOnPrintElevation&quot;: false, &quot;stickedDistanceInMeter&quot;: -1, &quot;showTextOnPrintElevation&quot;: false}"/>
      </extensions>
    </wpt>
    <wpt lat="47.797355" lon="-4.370054">
      <name>Signaleur (avec permis)</name>
      <sym>5</sym>
      <type>WPT</type>
      <extensions>
        <option option="{&quot;icon&quot;: {&quot;id&quot;: &quot;5&quot;, &quot;i18n&quot;: &quot;Signaleur (avec permis)&quot;, &quot;type&quot;: &quot;default&quot;, &quot;classes&quot;: &quot;&quot;, &quot;html_code&quot;: &quot;&amp;#x42&quot;}, &quot;type&quot;: &quot;default&quot;, &quot;color&quot;: &quot;#ffffff&quot;, &quot;title&quot;: &quot;Signaleur (avec permis)&quot;, &quot;bgColor&quot;: &quot;#009c41&quot;, &quot;content&quot;: &quot;&quot;, &quot;offsetX&quot;: 0, &quot;offsetY&quot;: 0, &quot;tooltip&quot;: {&quot;show&quot;: true, &quot;direction&quot;: &quot;top&quot;, &quot;permanent&quot;: false}, &quot;visibility&quot;: &quot;public&quot;, &quot;showOnPrint&quot;: true, &quot;showOnPrintMap&quot;: false, &quot;showOnElevation&quot;: false, &quot;cumulatedLocation&quot;: false, &quot;showOnPrintElevation&quot;: false, &quot;stickedDistanceInMeter&quot;: -1, &quot;showTextOnPrintElevation&quot;: false}"/>
      </extensions>
    </wpt>
    <wpt lat="47.797225" lon="-4.369807">
      <name>Signaleur (avec permis)</name>
      <sym>5</sym>
      <type>WPT</type>
      <extensions>
        <option option="{&quot;icon&quot;: {&quot;id&quot;: &quot;5&quot;, &quot;i18n&quot;: &quot;Signaleur (avec permis)&quot;, &quot;type&quot;: &quot;default&quot;, &quot;classes&quot;: &quot;&quot;, &quot;html_code&quot;: &quot;&amp;#x42&quot;}, &quot;type&quot;: &quot;default&quot;, &quot;color&quot;: &quot;#ffffff&quot;, &quot;title&quot;: &quot;Signaleur (avec permis)&quot;, &quot;bgColor&quot;: &quot;#009c41&quot;, &quot;content&quot;: &quot;&quot;, &quot;offsetX&quot;: 0, &quot;offsetY&quot;: 0, &quot;tooltip&quot;: {&quot;show&quot;: true, &quot;direction&quot;: &quot;top&quot;, &quot;permanent&quot;: false}, &quot;visibility&quot;: &quot;public&quot;, &quot;showOnPrint&quot;: true, &quot;showOnPrintMap&quot;: false, &quot;showOnElevation&quot;: false, &quot;cumulatedLocation&quot;: false, &quot;showOnPrintElevation&quot;: false, &quot;stickedDistanceInMeter&quot;: -1, &quot;showTextOnPrintElevation&quot;: false}"/>
      </extensions>
    </wpt>
    <wpt lat="47.797869" lon="-4.374172">
      <name>Signaleur (avec permis)</name>
      <sym>5</sym>
      <type>WPT</type>
      <extensions>
        <option option="{&quot;icon&quot;: {&quot;id&quot;: &quot;5&quot;, &quot;i18n&quot;: &quot;Signaleur (avec permis)&quot;, &quot;type&quot;: &quot;default&quot;, &quot;classes&quot;: &quot;&quot;, &quot;html_code&quot;: &quot;&amp;#x42&quot;}, &quot;type&quot;: &quot;default&quot;, &quot;color&quot;: &quot;#ffffff&quot;, &quot;title&quot;: &quot;Signaleur (avec permis)&quot;, &quot;bgColor&quot;: &quot;#009c41&quot;, &quot;content&quot;: &quot;&quot;, &quot;offsetX&quot;: 0, &quot;offsetY&quot;: 0, &quot;tooltip&quot;: {&quot;show&quot;: true, &quot;direction&quot;: &quot;top&quot;, &quot;permanent&quot;: false}, &quot;visibility&quot;: &quot;public&quot;, &quot;showOnPrint&quot;: true, &quot;showOnPrintMap&quot;: false, &quot;showOnElevation&quot;: false, &quot;cumulatedLocation&quot;: false, &quot;showOnPrintElevation&quot;: false, &quot;stickedDistanceInMeter&quot;: -1, &quot;showTextOnPrintElevation&quot;: false}"/>
      </extensions>
    </wpt>
    <wpt lat="47.797855" lon="-4.374107">
      <name>Signaleur (avec permis)</name>
      <sym>5</sym>
      <type>WPT</type>
      <extensions>
        <option option="{&quot;icon&quot;: {&quot;id&quot;: &quot;5&quot;, &quot;i18n&quot;: &quot;Signaleur (avec permis)&quot;, &quot;type&quot;: &quot;default&quot;, &quot;classes&quot;: &quot;&quot;, &quot;html_code&quot;: &quot;&amp;#x42&quot;}, &quot;type&quot;: &quot;default&quot;, &quot;color&quot;: &quot;#ffffff&quot;, &quot;title&quot;: &quot;Signaleur (avec permis)&quot;, &quot;bgColor&quot;: &quot;#009c41&quot;, &quot;content&quot;: &quot;&quot;, &quot;offsetX&quot;: 0, &quot;offsetY&quot;: 0, &quot;tooltip&quot;: {&quot;show&quot;: true, &quot;direction&quot;: &quot;top&quot;, &quot;permanent&quot;: false}, &quot;visibility&quot;: &quot;public&quot;, &quot;showOnPrint&quot;: true, &quot;showOnPrintMap&quot;: false, &quot;showOnElevation&quot;: false, &quot;cumulatedLocation&quot;: false, &quot;showOnPrintElevation&quot;: false, &quot;stickedDistanceInMeter&quot;: -1, &quot;showTextOnPrintElevation&quot;: false}"/>
      </extensions>
    </wpt>
    <wpt lat="47.798656" lon="-4.37365">
      <name>Signaleur (avec permis)</name>
      <sym>5</sym>
      <type>WPT</type>
      <extensions>
        <option option="{&quot;icon&quot;: {&quot;id&quot;: &quot;5&quot;, &quot;i18n&quot;: &quot;Signaleur (avec permis)&quot;, &quot;type&quot;: &quot;default&quot;, &quot;classes&quot;: &quot;&quot;, &quot;html_code&quot;: &quot;&amp;#x42&quot;}, &quot;type&quot;: &quot;default&quot;, &quot;color&quot;: &quot;#ffffff&quot;, &quot;title&quot;: &quot;Signaleur (avec permis)&quot;, &quot;bgColor&quot;: &quot;#009c41&quot;, &quot;content&quot;: &quot;&quot;, &quot;offsetX&quot;: 0, &quot;offsetY&quot;: 0, &quot;tooltip&quot;: {&quot;show&quot;: true, &quot;direction&quot;: &quot;top&quot;, &quot;permanent&quot;: false}, &quot;visibility&quot;: &quot;public&quot;, &quot;showOnPrint&quot;: true, &quot;showOnPrintMap&quot;: false, &quot;showOnElevation&quot;: false, &quot;cumulatedLocation&quot;: false, &quot;showOnPrintElevation&quot;: false, &quot;stickedDistanceInMeter&quot;: -1, &quot;showTextOnPrintElevation&quot;: false}"/>
      </extensions>
    </wpt>
    <wpt lat="47.805267" lon="-4.373078">
      <name>Bouteille d'eau</name>
      <sym>104</sym>
      <type>WPT</type>
      <extensions>
        <option option="{&quot;icon&quot;: {&quot;id&quot;: &quot;104&quot;, &quot;i18n&quot;: &quot;Bouteille d'eau&quot;, &quot;type&quot;: &quot;default&quot;, &quot;classes&quot;: &quot;&quot;, &quot;html_code&quot;: &quot;&amp;#x57&quot;}, &quot;type&quot;: &quot;default&quot;, &quot;color&quot;: &quot;#ffffff&quot;, &quot;title&quot;: &quot;Bouteille d'eau&quot;, &quot;bgColor&quot;: &quot;#0077c0&quot;, &quot;content&quot;: &quot;&quot;, &quot;offsetX&quot;: 0, &quot;offsetY&quot;: 0, &quot;tooltip&quot;: {&quot;show&quot;: true, &quot;direction&quot;: &quot;top&quot;, &quot;permanent&quot;: false}, &quot;visibility&quot;: &quot;public&quot;, &quot;showOnPrint&quot;: true, &quot;showOnPrintMap&quot;: false, &quot;showOnElevation&quot;: false, &quot;cumulatedLocation&quot;: false, &quot;showOnPrintElevation&quot;: false, &quot;stickedDistanceInMeter&quot;: 37500, &quot;showTextOnPrintElevation&quot;: false}"/>
      </extensions>
    </wpt>
    <wpt lat="47.809992" lon="-4.371523">
      <name>Signaleur (avec permis)</name>
      <sym>5</sym>
      <type>WPT</type>
      <extensions>
        <option option="{&quot;icon&quot;: {&quot;id&quot;: &quot;5&quot;, &quot;i18n&quot;: &quot;Signaleur (avec permis)&quot;, &quot;type&quot;: &quot;default&quot;, &quot;classes&quot;: &quot;&quot;, &quot;html_code&quot;: &quot;&amp;#x42&quot;}, &quot;type&quot;: &quot;default&quot;, &quot;color&quot;: &quot;#ffffff&quot;, &quot;title&quot;: &quot;Signaleur (avec permis)&quot;, &quot;bgColor&quot;: &quot;#009c41&quot;, &quot;content&quot;: &quot;&quot;, &quot;offsetX&quot;: 0, &quot;offsetY&quot;: 0, &quot;tooltip&quot;: {&quot;show&quot;: true, &quot;direction&quot;: &quot;top&quot;, &quot;permanent&quot;: false}, &quot;visibility&quot;: &quot;public&quot;, &quot;showOnPrint&quot;: true, &quot;showOnPrintMap&quot;: false, &quot;showOnElevation&quot;: false, &quot;cumulatedLocation&quot;: false, &quot;showOnPrintElevation&quot;: false, &quot;stickedDistanceInMeter&quot;: -1, &quot;showTextOnPrintElevation&quot;: false}"/>
      </extensions>
    </wpt>
    <wpt lat="47.809855" lon="-4.371437">
      <name>Signaleur (avec permis)</name>
      <sym>5</sym>
      <type>WPT</type>
      <extensions>
        <option option="{&quot;icon&quot;: {&quot;id&quot;: &quot;5&quot;, &quot;i18n&quot;: &quot;Signaleur (avec permis)&quot;, &quot;type&quot;: &quot;default&quot;, &quot;classes&quot;: &quot;&quot;, &quot;html_code&quot;: &quot;&amp;#x42&quot;}, &quot;type&quot;: &quot;default&quot;, &quot;color&quot;: &quot;#ffffff&quot;, &quot;title&quot;: &quot;Signaleur (avec permis)&quot;, &quot;bgColor&quot;: &quot;#009c41&quot;, &quot;content&quot;: &quot;&quot;, &quot;offsetX&quot;: 0, &quot;offsetY&quot;: 0, &quot;tooltip&quot;: {&quot;show&quot;: true, &quot;direction&quot;: &quot;top&quot;, &quot;permanent&quot;: false}, &quot;visibility&quot;: &quot;public&quot;, &quot;showOnPrint&quot;: true, &quot;showOnPrintMap&quot;: false, &quot;showOnElevation&quot;: false, &quot;cumulatedLocation&quot;: false, &quot;showOnPrintElevation&quot;: false, &quot;stickedDistanceInMeter&quot;: -1, &quot;showTextOnPrintElevation&quot;: false}"/>
      </extensions>
    </wpt>
    <wpt lat="47.811715" lon="-4.372819">
      <name>Signaleur (avec permis)</name>
      <sym>5</sym>
      <type>WPT</type>
      <extensions>
        <option option="{&quot;icon&quot;: {&quot;id&quot;: &quot;5&quot;, &quot;i18n&quot;: &quot;Signaleur (avec permis)&quot;, &quot;type&quot;: &quot;default&quot;, &quot;classes&quot;: &quot;&quot;, &quot;html_code&quot;: &quot;&amp;#x42&quot;}, &quot;type&quot;: &quot;default&quot;, &quot;color&quot;: &quot;#ffffff&quot;, &quot;title&quot;: &quot;Signaleur (avec permis)&quot;, &quot;bgColor&quot;: &quot;#009c41&quot;, &quot;content&quot;: &quot;&quot;, &quot;offsetX&quot;: 0, &quot;offsetY&quot;: 0, &quot;tooltip&quot;: {&quot;show&quot;: true, &quot;direction&quot;: &quot;top&quot;, &quot;permanent&quot;: false}, &quot;visibility&quot;: &quot;public&quot;, &quot;showOnPrint&quot;: true, &quot;showOnPrintMap&quot;: false, &quot;showOnElevation&quot;: false, &quot;cumulatedLocation&quot;: false, &quot;showOnPrintElevation&quot;: false, &quot;stickedDistanceInMeter&quot;: -1, &quot;showTextOnPrintElevation&quot;: false}"/>
      </extensions>
    </wpt>
    <wpt lat="47.812396" lon="-4.373749">
      <name>Signaleur (avec permis)</name>
      <sym>5</sym>
      <type>WPT</type>
      <extensions>
        <option option="{&quot;icon&quot;: {&quot;id&quot;: &quot;5&quot;, &quot;i18n&quot;: &quot;Signaleur (avec permis)&quot;, &quot;type&quot;: &quot;default&quot;, &quot;classes&quot;: &quot;&quot;, &quot;html_code&quot;: &quot;&amp;#x42&quot;}, &quot;type&quot;: &quot;default&quot;, &quot;color&quot;: &quot;#ffffff&quot;, &quot;title&quot;: &quot;Signaleur (avec permis)&quot;, &quot;bgColor&quot;: &quot;#009c41&quot;, &quot;content&quot;: &quot;&quot;, &quot;offsetX&quot;: 0, &quot;offsetY&quot;: 0, &quot;tooltip&quot;: {&quot;show&quot;: true, &quot;direction&quot;: &quot;top&quot;, &quot;permanent&quot;: false}, &quot;visibility&quot;: &quot;public&quot;, &quot;showOnPrint&quot;: true, &quot;showOnPrintMap&quot;: false, &quot;showOnElevation&quot;: false, &quot;cumulatedLocation&quot;: false, &quot;showOnPrintElevation&quot;: false, &quot;stickedDistanceInMeter&quot;: -1, &quot;showTextOnPrintElevation&quot;: false}"/>
      </extensions>
    </wpt>
    <wpt lat="47.813268" lon="-4.37494">
      <name>Signaleur (avec permis)</name>
      <sym>5</sym>
      <type>WPT</type>
      <extensions>
        <option option="{&quot;icon&quot;: {&quot;id&quot;: &quot;5&quot;, &quot;i18n&quot;: &quot;Signaleur (avec permis)&quot;, &quot;type&quot;: &quot;default&quot;, &quot;classes&quot;: &quot;&quot;, &quot;html_code&quot;: &quot;&amp;#x42&quot;}, &quot;type&quot;: &quot;default&quot;, &quot;color&quot;: &quot;#ffffff&quot;, &quot;title&quot;: &quot;Signaleur (avec permis)&quot;, &quot;bgColor&quot;: &quot;#009c41&quot;, &quot;content&quot;: &quot;&quot;, &quot;offsetX&quot;: 0, &quot;offsetY&quot;: 0, &quot;tooltip&quot;: {&quot;show&quot;: true, &quot;direction&quot;: &quot;top&quot;, &quot;permanent&quot;: false}, &quot;visibility&quot;: &quot;public&quot;, &quot;showOnPrint&quot;: true, &quot;showOnPrintMap&quot;: false, &quot;showOnElevation&quot;: false, &quot;cumulatedLocation&quot;: false, &quot;showOnPrintElevation&quot;: false, &quot;stickedDistanceInMeter&quot;: -1, &quot;showTextOnPrintElevation&quot;: false}"/>
      </extensions>
    </wpt>
    <wpt lat="47.815243" lon="-4.375975">
      <name>Signaleur (avec permis)</name>
      <sym>5</sym>
      <type>WPT</type>
      <extensions>
        <option option="{&quot;icon&quot;: {&quot;id&quot;: &quot;5&quot;, &quot;i18n&quot;: &quot;Signaleur (avec permis)&quot;, &quot;type&quot;: &quot;default&quot;, &quot;classes&quot;: &quot;&quot;, &quot;html_code&quot;: &quot;&amp;#x42&quot;}, &quot;type&quot;: &quot;default&quot;, &quot;color&quot;: &quot;#ffffff&quot;, &quot;title&quot;: &quot;Signaleur (avec permis)&quot;, &quot;bgColor&quot;: &quot;#009c41&quot;, &quot;content&quot;: &quot;&quot;, &quot;offsetX&quot;: 0, &quot;offsetY&quot;: 0, &quot;tooltip&quot;: {&quot;show&quot;: true, &quot;direction&quot;: &quot;top&quot;, &quot;permanent&quot;: false}, &quot;visibility&quot;: &quot;public&quot;, &quot;showOnPrint&quot;: true, &quot;showOnPrintMap&quot;: false, &quot;showOnElevation&quot;: false, &quot;cumulatedLocation&quot;: false, &quot;showOnPrintElevation&quot;: false, &quot;stickedDistanceInMeter&quot;: 38900, &quot;showTextOnPrintElevation&quot;: false}"/>
      </extensions>
    </wpt>
    <wpt lat="47.815131" lon="-4.375877">
      <name>Signaleur (avec permis)</name>
      <sym>5</sym>
      <type>WPT</type>
      <extensions>
        <option option="{&quot;icon&quot;: {&quot;id&quot;: &quot;5&quot;, &quot;i18n&quot;: &quot;Signaleur (avec permis)&quot;, &quot;type&quot;: &quot;default&quot;, &quot;classes&quot;: &quot;&quot;, &quot;html_code&quot;: &quot;&amp;#x42&quot;}, &quot;type&quot;: &quot;default&quot;, &quot;color&quot;: &quot;#ffffff&quot;, &quot;title&quot;: &quot;Signaleur (avec permis)&quot;, &quot;bgColor&quot;: &quot;#009c41&quot;, &quot;content&quot;: &quot;&quot;, &quot;offsetX&quot;: 0, &quot;offsetY&quot;: 0, &quot;tooltip&quot;: {&quot;show&quot;: true, &quot;direction&quot;: &quot;top&quot;, &quot;permanent&quot;: false}, &quot;visibility&quot;: &quot;public&quot;, &quot;showOnPrint&quot;: true, &quot;showOnPrintMap&quot;: false, &quot;showOnElevation&quot;: false, &quot;cumulatedLocation&quot;: false, &quot;showOnPrintElevation&quot;: false, &quot;stickedDistanceInMeter&quot;: 38800, &quot;showTextOnPrintElevation&quot;: false}"/>
      </extensions>
    </wpt>
    <wpt lat="47.81707" lon="-4.376645">
      <name>Signaleur (avec permis)</name>
      <sym>5</sym>
      <type>WPT</type>
      <extensions>
        <option option="{&quot;icon&quot;: {&quot;id&quot;: &quot;5&quot;, &quot;i18n&quot;: &quot;Signaleur (avec permis)&quot;, &quot;type&quot;: &quot;default&quot;, &quot;classes&quot;: &quot;&quot;, &quot;html_code&quot;: &quot;&amp;#x42&quot;}, &quot;type&quot;: &quot;default&quot;, &quot;color&quot;: &quot;#ffffff&quot;, &quot;title&quot;: &quot;Signaleur (avec permis)&quot;, &quot;bgColor&quot;: &quot;#009c41&quot;, &quot;content&quot;: &quot;&quot;, &quot;offsetX&quot;: 0, &quot;offsetY&quot;: 0, &quot;tooltip&quot;: {&quot;show&quot;: true, &quot;direction&quot;: &quot;top&quot;, &quot;permanent&quot;: false}, &quot;visibility&quot;: &quot;public&quot;, &quot;showOnPrint&quot;: true, &quot;showOnPrintMap&quot;: false, &quot;showOnElevation&quot;: false, &quot;cumulatedLocation&quot;: false, &quot;showOnPrintElevation&quot;: false, &quot;stickedDistanceInMeter&quot;: 39100, &quot;showTextOnPrintElevation&quot;: false}"/>
      </extensions>
    </wpt>
    <wpt lat="47.817033" lon="-4.376637">
      <name>Signaleur (avec permis)</name>
      <sym>5</sym>
      <type>WPT</type>
      <extensions>
        <option option="{&quot;icon&quot;: {&quot;id&quot;: &quot;5&quot;, &quot;i18n&quot;: &quot;Signaleur (avec permis)&quot;, &quot;type&quot;: &quot;default&quot;, &quot;classes&quot;: &quot;&quot;, &quot;html_code&quot;: &quot;&amp;#x42&quot;}, &quot;type&quot;: &quot;default&quot;, &quot;color&quot;: &quot;#ffffff&quot;, &quot;title&quot;: &quot;Signaleur (avec permis)&quot;, &quot;bgColor&quot;: &quot;#009c41&quot;, &quot;content&quot;: &quot;&quot;, &quot;offsetX&quot;: 0, &quot;offsetY&quot;: 0, &quot;tooltip&quot;: {&quot;show&quot;: true, &quot;direction&quot;: &quot;top&quot;, &quot;permanent&quot;: false}, &quot;visibility&quot;: &quot;public&quot;, &quot;showOnPrint&quot;: true, &quot;showOnPrintMap&quot;: false, &quot;showOnElevation&quot;: false, &quot;cumulatedLocation&quot;: false, &quot;showOnPrintElevation&quot;: false, &quot;stickedDistanceInMeter&quot;: 39100, &quot;showTextOnPrintElevation&quot;: false}"/>
      </extensions>
    </wpt>
    <wpt lat="47.817649" lon="-4.377875">
      <name>Signaleur (avec permis)</name>
      <sym>5</sym>
      <type>WPT</type>
      <extensions>
        <option option="{&quot;icon&quot;: {&quot;id&quot;: &quot;5&quot;, &quot;i18n&quot;: &quot;Signaleur (avec permis)&quot;, &quot;type&quot;: &quot;default&quot;, &quot;classes&quot;: &quot;&quot;, &quot;html_code&quot;: &quot;&amp;#x42&quot;}, &quot;type&quot;: &quot;default&quot;, &quot;color&quot;: &quot;#ffffff&quot;, &quot;title&quot;: &quot;Signaleur (avec permis)&quot;, &quot;bgColor&quot;: &quot;#009c41&quot;, &quot;content&quot;: &quot;&quot;, &quot;offsetX&quot;: 0, &quot;offsetY&quot;: 0, &quot;tooltip&quot;: {&quot;show&quot;: true, &quot;direction&quot;: &quot;top&quot;, &quot;permanent&quot;: false}, &quot;visibility&quot;: &quot;public&quot;, &quot;showOnPrint&quot;: true, &quot;showOnPrintMap&quot;: false, &quot;showOnElevation&quot;: false, &quot;cumulatedLocation&quot;: false, &quot;showOnPrintElevation&quot;: false, &quot;stickedDistanceInMeter&quot;: -1, &quot;showTextOnPrintElevation&quot;: false}"/>
      </extensions>
    </wpt>
    <wpt lat="47.817599" lon="-4.377853">
      <name>Signaleur (avec permis)</name>
      <sym>5</sym>
      <type>WPT</type>
      <extensions>
        <option option="{&quot;icon&quot;: {&quot;id&quot;: &quot;5&quot;, &quot;i18n&quot;: &quot;Signaleur (avec permis)&quot;, &quot;type&quot;: &quot;default&quot;, &quot;classes&quot;: &quot;&quot;, &quot;html_code&quot;: &quot;&amp;#x42&quot;}, &quot;type&quot;: &quot;default&quot;, &quot;color&quot;: &quot;#ffffff&quot;, &quot;title&quot;: &quot;Signaleur (avec permis)&quot;, &quot;bgColor&quot;: &quot;#009c41&quot;, &quot;content&quot;: &quot;&quot;, &quot;offsetX&quot;: 0, &quot;offsetY&quot;: 0, &quot;tooltip&quot;: {&quot;show&quot;: true, &quot;direction&quot;: &quot;top&quot;, &quot;permanent&quot;: false}, &quot;visibility&quot;: &quot;public&quot;, &quot;showOnPrint&quot;: true, &quot;showOnPrintMap&quot;: false, &quot;showOnElevation&quot;: false, &quot;cumulatedLocation&quot;: false, &quot;showOnPrintElevation&quot;: false, &quot;stickedDistanceInMeter&quot;: -1, &quot;showTextOnPrintElevation&quot;: false}"/>
      </extensions>
    </wpt>
    <wpt lat="47.81804" lon="-4.378946">
      <name>Signaleur (avec permis)</name>
      <sym>5</sym>
      <type>WPT</type>
      <extensions>
        <option option="{&quot;icon&quot;: {&quot;id&quot;: &quot;5&quot;, &quot;i18n&quot;: &quot;Signaleur (avec permis)&quot;, &quot;type&quot;: &quot;default&quot;, &quot;classes&quot;: &quot;&quot;, &quot;html_code&quot;: &quot;&amp;#x42&quot;}, &quot;type&quot;: &quot;default&quot;, &quot;color&quot;: &quot;#ffffff&quot;, &quot;title&quot;: &quot;Signaleur (avec permis)&quot;, &quot;bgColor&quot;: &quot;#009c41&quot;, &quot;content&quot;: &quot;&quot;, &quot;offsetX&quot;: 0, &quot;offsetY&quot;: 0, &quot;tooltip&quot;: {&quot;show&quot;: true, &quot;direction&quot;: &quot;top&quot;, &quot;permanent&quot;: false}, &quot;visibility&quot;: &quot;public&quot;, &quot;showOnPrint&quot;: true, &quot;showOnPrintMap&quot;: false, &quot;showOnElevation&quot;: false, &quot;cumulatedLocation&quot;: false, &quot;showOnPrintElevation&quot;: false, &quot;stickedDistanceInMeter&quot;: 39300, &quot;showTextOnPrintElevation&quot;: false}"/>
      </extensions>
    </wpt>
    <wpt lat="47.81811" lon="-4.37872">
      <name>Signaleur (avec permis)</name>
      <sym>5</sym>
      <type>WPT</type>
      <extensions>
        <option option="{&quot;icon&quot;: {&quot;id&quot;: &quot;5&quot;, &quot;i18n&quot;: &quot;Signaleur (avec permis)&quot;, &quot;type&quot;: &quot;default&quot;, &quot;classes&quot;: &quot;&quot;, &quot;html_code&quot;: &quot;&amp;#x42&quot;}, &quot;type&quot;: &quot;default&quot;, &quot;color&quot;: &quot;#ffffff&quot;, &quot;title&quot;: &quot;Signaleur (avec permis)&quot;, &quot;bgColor&quot;: &quot;#009c41&quot;, &quot;content&quot;: &quot;&quot;, &quot;offsetX&quot;: 0, &quot;offsetY&quot;: 0, &quot;tooltip&quot;: {&quot;show&quot;: true, &quot;direction&quot;: &quot;top&quot;, &quot;permanent&quot;: false}, &quot;visibility&quot;: &quot;public&quot;, &quot;showOnPrint&quot;: true, &quot;showOnPrintMap&quot;: false, &quot;showOnElevation&quot;: false, &quot;cumulatedLocation&quot;: false, &quot;showOnPrintElevation&quot;: false, &quot;stickedDistanceInMeter&quot;: 39300, &quot;showTextOnPrintElevation&quot;: false}"/>
      </extensions>
    </wpt>
    <wpt lat="47.818838" lon="-4.380091">
      <name>Signaleur (avec permis)</name>
      <sym>5</sym>
      <type>WPT</type>
      <extensions>
        <option option="{&quot;icon&quot;: {&quot;id&quot;: &quot;5&quot;, &quot;i18n&quot;: &quot;Signaleur (avec permis)&quot;, &quot;type&quot;: &quot;default&quot;, &quot;classes&quot;: &quot;&quot;, &quot;html_code&quot;: &quot;&amp;#x42&quot;}, &quot;type&quot;: &quot;default&quot;, &quot;color&quot;: &quot;#ffffff&quot;, &quot;title&quot;: &quot;Signaleur (avec permis)&quot;, &quot;bgColor&quot;: &quot;#009c41&quot;, &quot;content&quot;: &quot;&quot;, &quot;offsetX&quot;: 0, &quot;offsetY&quot;: 0, &quot;tooltip&quot;: {&quot;show&quot;: true, &quot;direction&quot;: &quot;top&quot;, &quot;permanent&quot;: false}, &quot;visibility&quot;: &quot;public&quot;, &quot;showOnPrint&quot;: true, &quot;showOnPrintMap&quot;: false, &quot;showOnElevation&quot;: false, &quot;cumulatedLocation&quot;: false, &quot;showOnPrintElevation&quot;: false, &quot;stickedDistanceInMeter&quot;: -1, &quot;showTextOnPrintElevation&quot;: false}"/>
      </extensions>
    </wpt>
    <wpt lat="47.818694" lon="-4.380145">
      <name>Signaleur (avec permis)</name>
      <sym>5</sym>
      <type>WPT</type>
      <extensions>
        <option option="{&quot;icon&quot;: {&quot;id&quot;: &quot;5&quot;, &quot;i18n&quot;: &quot;Signaleur (avec permis)&quot;, &quot;type&quot;: &quot;default&quot;, &quot;classes&quot;: &quot;&quot;, &quot;html_code&quot;: &quot;&amp;#x42&quot;}, &quot;type&quot;: &quot;default&quot;, &quot;color&quot;: &quot;#ffffff&quot;, &quot;title&quot;: &quot;Signaleur (avec permis)&quot;, &quot;bgColor&quot;: &quot;#009c41&quot;, &quot;content&quot;: &quot;&quot;, &quot;offsetX&quot;: 0, &quot;offsetY&quot;: 0, &quot;tooltip&quot;: {&quot;show&quot;: true, &quot;direction&quot;: &quot;top&quot;, &quot;permanent&quot;: false}, &quot;visibility&quot;: &quot;public&quot;, &quot;showOnPrint&quot;: true, &quot;showOnPrintMap&quot;: false, &quot;showOnElevation&quot;: false, &quot;cumulatedLocation&quot;: false, &quot;showOnPrintElevation&quot;: false, &quot;stickedDistanceInMeter&quot;: -1, &quot;showTextOnPrintElevation&quot;: false}"/>
      </extensions>
    </wpt>
    <wpt lat="47.817642" lon="-4.379951">
      <name>Signaleur (avec permis)</name>
      <sym>5</sym>
      <type>WPT</type>
      <extensions>
        <option option="{&quot;icon&quot;: {&quot;id&quot;: &quot;5&quot;, &quot;i18n&quot;: &quot;Signaleur (avec permis)&quot;, &quot;type&quot;: &quot;default&quot;, &quot;classes&quot;: &quot;&quot;, &quot;html_code&quot;: &quot;&amp;#x42&quot;}, &quot;type&quot;: &quot;default&quot;, &quot;color&quot;: &quot;#ffffff&quot;, &quot;title&quot;: &quot;Signaleur (avec permis)&quot;, &quot;bgColor&quot;: &quot;#009c41&quot;, &quot;content&quot;: &quot;&quot;, &quot;offsetX&quot;: 0, &quot;offsetY&quot;: 0, &quot;tooltip&quot;: {&quot;show&quot;: true, &quot;direction&quot;: &quot;top&quot;, &quot;permanent&quot;: false}, &quot;visibility&quot;: &quot;public&quot;, &quot;showOnPrint&quot;: true, &quot;showOnPrintMap&quot;: false, &quot;showOnElevation&quot;: false, &quot;cumulatedLocation&quot;: false, &quot;showOnPrintElevation&quot;: false, &quot;stickedDistanceInMeter&quot;: -1, &quot;showTextOnPrintElevation&quot;: false}"/>
      </extensions>
    </wpt>
    <wpt lat="47.821618" lon="-4.377131">
      <name>Ravitaillement</name>
      <sym>3</sym>
      <type>WPT</type>
      <extensions>
        <option option="{&quot;icon&quot;: {&quot;id&quot;: &quot;3&quot;, &quot;i18n&quot;: &quot;Ravitaillement&quot;, &quot;type&quot;: &quot;default&quot;, &quot;classes&quot;: &quot;&quot;, &quot;html_code&quot;: &quot;&amp;#x55&quot;}, &quot;type&quot;: &quot;default&quot;, &quot;color&quot;: &quot;#ffffff&quot;, &quot;title&quot;: &quot;Ravitaillement&quot;, &quot;bgColor&quot;: &quot;#0077c0&quot;, &quot;content&quot;: &quot;&quot;, &quot;offsetX&quot;: 0, &quot;offsetY&quot;: 0, &quot;tooltip&quot;: {&quot;show&quot;: true, &quot;direction&quot;: &quot;top&quot;, &quot;permanent&quot;: false}, &quot;visibility&quot;: &quot;public&quot;, &quot;showOnPrint&quot;: true, &quot;showOnPrintMap&quot;: false, &quot;showOnElevation&quot;: false, &quot;cumulatedLocation&quot;: false, &quot;showOnPrintElevation&quot;: false, &quot;stickedDistanceInMeter&quot;: 40000, &quot;showTextOnPrintElevation&quot;: false}"/>
      </extensions>
    </wpt>
    <wpt lat="47.819641" lon="-4.379736">
      <name>Signaleur (avec permis)</name>
      <sym>5</sym>
      <type>WPT</type>
      <extensions>
        <option option="{&quot;icon&quot;: {&quot;id&quot;: &quot;5&quot;, &quot;i18n&quot;: &quot;Signaleur (avec permis)&quot;, &quot;type&quot;: &quot;default&quot;, &quot;classes&quot;: &quot;&quot;, &quot;html_code&quot;: &quot;&amp;#x42&quot;}, &quot;type&quot;: &quot;default&quot;, &quot;color&quot;: &quot;#ffffff&quot;, &quot;title&quot;: &quot;Signaleur (avec permis)&quot;, &quot;bgColor&quot;: &quot;#009c41&quot;, &quot;content&quot;: &quot;&quot;, &quot;offsetX&quot;: 0, &quot;offsetY&quot;: 0, &quot;tooltip&quot;: {&quot;show&quot;: true, &quot;direction&quot;: &quot;top&quot;, &quot;permanent&quot;: false}, &quot;visibility&quot;: &quot;public&quot;, &quot;showOnPrint&quot;: true, &quot;showOnPrintMap&quot;: false, &quot;showOnElevation&quot;: false, &quot;cumulatedLocation&quot;: false, &quot;showOnPrintElevation&quot;: false, &quot;stickedDistanceInMeter&quot;: -1, &quot;showTextOnPrintElevation&quot;: false}"/>
      </extensions>
    </wpt>
    <wpt lat="47.819847" lon="-4.379375">
      <name>Signaleur (avec permis)</name>
      <sym>5</sym>
      <type>WPT</type>
      <extensions>
        <option option="{&quot;icon&quot;: {&quot;id&quot;: &quot;5&quot;, &quot;i18n&quot;: &quot;Signaleur (avec permis)&quot;, &quot;type&quot;: &quot;default&quot;, &quot;classes&quot;: &quot;&quot;, &quot;html_code&quot;: &quot;&amp;#x42&quot;}, &quot;type&quot;: &quot;default&quot;, &quot;color&quot;: &quot;#ffffff&quot;, &quot;title&quot;: &quot;Signaleur (avec permis)&quot;, &quot;bgColor&quot;: &quot;#009c41&quot;, &quot;content&quot;: &quot;&quot;, &quot;offsetX&quot;: 0, &quot;offsetY&quot;: 0, &quot;tooltip&quot;: {&quot;show&quot;: true, &quot;direction&quot;: &quot;top&quot;, &quot;permanent&quot;: false}, &quot;visibility&quot;: &quot;public&quot;, &quot;showOnPrint&quot;: true, &quot;showOnPrintMap&quot;: false, &quot;showOnElevation&quot;: false, &quot;cumulatedLocation&quot;: false, &quot;showOnPrintElevation&quot;: false, &quot;stickedDistanceInMeter&quot;: -1, &quot;showTextOnPrintElevation&quot;: false}"/>
      </extensions>
    </wpt>
    <wpt lat="47.820075" lon="-4.379024">
      <name>Signaleur (avec permis)</name>
      <sym>5</sym>
      <type>WPT</type>
      <extensions>
        <option option="{&quot;icon&quot;: {&quot;id&quot;: &quot;5&quot;, &quot;i18n&quot;: &quot;Signaleur (avec permis)&quot;, &quot;type&quot;: &quot;default&quot;, &quot;classes&quot;: &quot;&quot;, &quot;html_code&quot;: &quot;&amp;#x42&quot;}, &quot;type&quot;: &quot;default&quot;, &quot;color&quot;: &quot;#ffffff&quot;, &quot;title&quot;: &quot;Signaleur (avec permis)&quot;, &quot;bgColor&quot;: &quot;#009c41&quot;, &quot;content&quot;: &quot;&quot;, &quot;offsetX&quot;: 0, &quot;offsetY&quot;: 0, &quot;tooltip&quot;: {&quot;show&quot;: true, &quot;direction&quot;: &quot;top&quot;, &quot;permanent&quot;: false}, &quot;visibility&quot;: &quot;public&quot;, &quot;showOnPrint&quot;: true, &quot;showOnPrintMap&quot;: false, &quot;showOnElevation&quot;: false, &quot;cumulatedLocation&quot;: false, &quot;showOnPrintElevation&quot;: false, &quot;stickedDistanceInMeter&quot;: -1, &quot;showTextOnPrintElevation&quot;: false}"/>
      </extensions>
    </wpt>
    <wpt lat="47.820979" lon="-4.377951">
      <name>Signaleur (avec permis)</name>
      <sym>5</sym>
      <type>WPT</type>
      <extensions>
        <option option="{&quot;icon&quot;: {&quot;id&quot;: &quot;5&quot;, &quot;i18n&quot;: &quot;Signaleur (avec permis)&quot;, &quot;type&quot;: &quot;default&quot;, &quot;classes&quot;: &quot;&quot;, &quot;html_code&quot;: &quot;&amp;#x42&quot;}, &quot;type&quot;: &quot;default&quot;, &quot;color&quot;: &quot;#ffffff&quot;, &quot;title&quot;: &quot;Signaleur (avec permis)&quot;, &quot;bgColor&quot;: &quot;#009c41&quot;, &quot;content&quot;: &quot;&quot;, &quot;offsetX&quot;: 0, &quot;offsetY&quot;: 0, &quot;tooltip&quot;: {&quot;show&quot;: true, &quot;direction&quot;: &quot;top&quot;, &quot;permanent&quot;: false}, &quot;visibility&quot;: &quot;public&quot;, &quot;showOnPrint&quot;: true, &quot;showOnPrintMap&quot;: false, &quot;showOnElevation&quot;: false, &quot;cumulatedLocation&quot;: false, &quot;showOnPrintElevation&quot;: false, &quot;stickedDistanceInMeter&quot;: -1, &quot;showTextOnPrintElevation&quot;: false}"/>
      </extensions>
    </wpt>
    <wpt lat="47.821958" lon="-4.376746">
      <name>Signaleur (avec permis)</name>
      <sym>5</sym>
      <type>WPT</type>
      <extensions>
        <option option="{&quot;icon&quot;: {&quot;id&quot;: &quot;5&quot;, &quot;i18n&quot;: &quot;Signaleur (avec permis)&quot;, &quot;type&quot;: &quot;default&quot;, &quot;classes&quot;: &quot;&quot;, &quot;html_code&quot;: &quot;&amp;#x42&quot;}, &quot;type&quot;: &quot;default&quot;, &quot;color&quot;: &quot;#ffffff&quot;, &quot;title&quot;: &quot;Signaleur (avec permis)&quot;, &quot;bgColor&quot;: &quot;#009c41&quot;, &quot;content&quot;: &quot;&quot;, &quot;offsetX&quot;: 0, &quot;offsetY&quot;: 0, &quot;tooltip&quot;: {&quot;show&quot;: true, &quot;direction&quot;: &quot;top&quot;, &quot;permanent&quot;: false}, &quot;visibility&quot;: &quot;public&quot;, &quot;showOnPrint&quot;: true, &quot;showOnPrintMap&quot;: false, &quot;showOnElevation&quot;: false, &quot;cumulatedLocation&quot;: false, &quot;showOnPrintElevation&quot;: false, &quot;stickedDistanceInMeter&quot;: -1, &quot;showTextOnPrintElevation&quot;: false}"/>
      </extensions>
    </wpt>
    <wpt lat="47.82422" lon="-4.373749">
      <name>Signaleur (avec permis)</name>
      <sym>5</sym>
      <type>WPT</type>
      <extensions>
        <option option="{&quot;icon&quot;: {&quot;id&quot;: &quot;5&quot;, &quot;i18n&quot;: &quot;Signaleur (avec permis)&quot;, &quot;type&quot;: &quot;default&quot;, &quot;classes&quot;: &quot;&quot;, &quot;html_code&quot;: &quot;&amp;#x42&quot;}, &quot;type&quot;: &quot;default&quot;, &quot;color&quot;: &quot;#ffffff&quot;, &quot;title&quot;: &quot;Signaleur (avec permis)&quot;, &quot;bgColor&quot;: &quot;#009c41&quot;, &quot;content&quot;: &quot;&quot;, &quot;offsetX&quot;: 0, &quot;offsetY&quot;: 0, &quot;tooltip&quot;: {&quot;show&quot;: true, &quot;direction&quot;: &quot;top&quot;, &quot;permanent&quot;: false}, &quot;visibility&quot;: &quot;public&quot;, &quot;showOnPrint&quot;: true, &quot;showOnPrintMap&quot;: false, &quot;showOnElevation&quot;: false, &quot;cumulatedLocation&quot;: false, &quot;showOnPrintElevation&quot;: false, &quot;stickedDistanceInMeter&quot;: -1, &quot;showTextOnPrintElevation&quot;: false}"/>
      </extensions>
    </wpt>
    <wpt lat="47.824171" lon="-4.371051">
      <name>Signaleur (avec permis)</name>
      <sym>5</sym>
      <type>WPT</type>
      <extensions>
        <option option="{&quot;icon&quot;: {&quot;id&quot;: &quot;5&quot;, &quot;i18n&quot;: &quot;Signaleur (avec permis)&quot;, &quot;type&quot;: &quot;default&quot;, &quot;classes&quot;: &quot;&quot;, &quot;html_code&quot;: &quot;&amp;#x42&quot;}, &quot;type&quot;: &quot;default&quot;, &quot;color&quot;: &quot;#ffffff&quot;, &quot;title&quot;: &quot;Signaleur (avec permis)&quot;, &quot;bgColor&quot;: &quot;#009c41&quot;, &quot;content&quot;: &quot;&quot;, &quot;offsetX&quot;: 0, &quot;offsetY&quot;: 0, &quot;tooltip&quot;: {&quot;show&quot;: true, &quot;direction&quot;: &quot;top&quot;, &quot;permanent&quot;: false}, &quot;visibility&quot;: &quot;public&quot;, &quot;showOnPrint&quot;: true, &quot;showOnPrintMap&quot;: false, &quot;showOnElevation&quot;: false, &quot;cumulatedLocation&quot;: false, &quot;showOnPrintElevation&quot;: false, &quot;stickedDistanceInMeter&quot;: -1, &quot;showTextOnPrintElevation&quot;: false}"/>
      </extensions>
    </wpt>
    <wpt lat="47.82406" lon="-4.37093">
      <name>Signaleur (avec permis)</name>
      <sym>5</sym>
      <type>WPT</type>
      <extensions>
        <option option="{&quot;icon&quot;: {&quot;id&quot;: &quot;5&quot;, &quot;i18n&quot;: &quot;Signaleur (avec permis)&quot;, &quot;type&quot;: &quot;default&quot;, &quot;classes&quot;: &quot;&quot;, &quot;html_code&quot;: &quot;&amp;#x42&quot;}, &quot;type&quot;: &quot;default&quot;, &quot;color&quot;: &quot;#ffffff&quot;, &quot;title&quot;: &quot;Signaleur (avec permis)&quot;, &quot;bgColor&quot;: &quot;#009c41&quot;, &quot;content&quot;: &quot;&quot;, &quot;offsetX&quot;: 0, &quot;offsetY&quot;: 0, &quot;tooltip&quot;: {&quot;show&quot;: true, &quot;direction&quot;: &quot;top&quot;, &quot;permanent&quot;: false}, &quot;visibility&quot;: &quot;public&quot;, &quot;showOnPrint&quot;: true, &quot;showOnPrintMap&quot;: false, &quot;showOnElevation&quot;: false, &quot;cumulatedLocation&quot;: false, &quot;showOnPrintElevation&quot;: false, &quot;stickedDistanceInMeter&quot;: -1, &quot;showTextOnPrintElevation&quot;: false}"/>
      </extensions>
    </wpt>
    <wpt lat="47.824209" lon="-4.370154">
      <name>Signaleur (avec permis)</name>
      <sym>5</sym>
      <type>WPT</type>
      <extensions>
        <option option="{&quot;icon&quot;: {&quot;id&quot;: &quot;5&quot;, &quot;i18n&quot;: &quot;Signaleur (avec permis)&quot;, &quot;type&quot;: &quot;default&quot;, &quot;classes&quot;: &quot;&quot;, &quot;html_code&quot;: &quot;&amp;#x42&quot;}, &quot;type&quot;: &quot;default&quot;, &quot;color&quot;: &quot;#ffffff&quot;, &quot;title&quot;: &quot;Signaleur (avec permis)&quot;, &quot;bgColor&quot;: &quot;#009c41&quot;, &quot;content&quot;: &quot;&quot;, &quot;offsetX&quot;: 0, &quot;offsetY&quot;: 0, &quot;tooltip&quot;: {&quot;show&quot;: true, &quot;direction&quot;: &quot;top&quot;, &quot;permanent&quot;: false}, &quot;visibility&quot;: &quot;public&quot;, &quot;showOnPrint&quot;: true, &quot;showOnPrintMap&quot;: false, &quot;showOnElevation&quot;: false, &quot;cumulatedLocation&quot;: false, &quot;showOnPrintElevation&quot;: false, &quot;stickedDistanceInMeter&quot;: -1, &quot;showTextOnPrintElevation&quot;: false}"/>
      </extensions>
    </wpt>
    <wpt lat="47.82426" lon="-4.369913">
      <name>Signaleur (avec permis)</name>
      <sym>5</sym>
      <type>WPT</type>
      <extensions>
        <option option="{&quot;icon&quot;: {&quot;id&quot;: &quot;5&quot;, &quot;i18n&quot;: &quot;Signaleur (avec permis)&quot;, &quot;type&quot;: &quot;default&quot;, &quot;classes&quot;: &quot;&quot;, &quot;html_code&quot;: &quot;&amp;#x42&quot;}, &quot;type&quot;: &quot;default&quot;, &quot;color&quot;: &quot;#ffffff&quot;, &quot;title&quot;: &quot;Signaleur (avec permis)&quot;, &quot;bgColor&quot;: &quot;#009c41&quot;, &quot;content&quot;: &quot;&quot;, &quot;offsetX&quot;: 0, &quot;offsetY&quot;: 0, &quot;tooltip&quot;: {&quot;show&quot;: true, &quot;direction&quot;: &quot;top&quot;, &quot;permanent&quot;: false}, &quot;visibility&quot;: &quot;public&quot;, &quot;showOnPrint&quot;: true, &quot;showOnPrintMap&quot;: false, &quot;showOnElevation&quot;: false, &quot;cumulatedLocation&quot;: false, &quot;showOnPrintElevation&quot;: false, &quot;stickedDistanceInMeter&quot;: -1, &quot;showTextOnPrintElevation&quot;: false}"/>
      </extensions>
    </wpt>
    <wpt lat="47.825165" lon="-4.367374">
      <name>Signaleur (avec permis)</name>
      <sym>5</sym>
      <type>WPT</type>
      <extensions>
        <option option="{&quot;icon&quot;: {&quot;id&quot;: &quot;5&quot;, &quot;i18n&quot;: &quot;Signaleur (avec permis)&quot;, &quot;type&quot;: &quot;default&quot;, &quot;classes&quot;: &quot;&quot;, &quot;html_code&quot;: &quot;&amp;#x42&quot;}, &quot;type&quot;: &quot;default&quot;, &quot;color&quot;: &quot;#ffffff&quot;, &quot;title&quot;: &quot;Signaleur (avec permis)&quot;, &quot;bgColor&quot;: &quot;#009c41&quot;, &quot;content&quot;: &quot;&quot;, &quot;offsetX&quot;: 0, &quot;offsetY&quot;: 0, &quot;tooltip&quot;: {&quot;show&quot;: true, &quot;direction&quot;: &quot;top&quot;, &quot;permanent&quot;: false}, &quot;visibility&quot;: &quot;public&quot;, &quot;showOnPrint&quot;: true, &quot;showOnPrintMap&quot;: false, &quot;showOnElevation&quot;: false, &quot;cumulatedLocation&quot;: false, &quot;showOnPrintElevation&quot;: false, &quot;stickedDistanceInMeter&quot;: -1, &quot;showTextOnPrintElevation&quot;: false}"/>
      </extensions>
    </wpt>
    <wpt lat="47.824959" lon="-4.367396">
      <name>Signaleur (avec permis)</name>
      <sym>5</sym>
      <type>WPT</type>
      <extensions>
        <option option="{&quot;icon&quot;: {&quot;id&quot;: &quot;5&quot;, &quot;i18n&quot;: &quot;Signaleur (avec permis)&quot;, &quot;type&quot;: &quot;default&quot;, &quot;classes&quot;: &quot;&quot;, &quot;html_code&quot;: &quot;&amp;#x42&quot;}, &quot;type&quot;: &quot;default&quot;, &quot;color&quot;: &quot;#ffffff&quot;, &quot;title&quot;: &quot;Signaleur (avec permis)&quot;, &quot;bgColor&quot;: &quot;#009c41&quot;, &quot;content&quot;: &quot;&quot;, &quot;offsetX&quot;: 0, &quot;offsetY&quot;: 0, &quot;tooltip&quot;: {&quot;show&quot;: true, &quot;direction&quot;: &quot;top&quot;, &quot;permanent&quot;: false}, &quot;visibility&quot;: &quot;public&quot;, &quot;showOnPrint&quot;: true, &quot;showOnPrintMap&quot;: false, &quot;showOnElevation&quot;: false, &quot;cumulatedLocation&quot;: false, &quot;showOnPrintElevation&quot;: false, &quot;stickedDistanceInMeter&quot;: -1, &quot;showTextOnPrintElevation&quot;: false}"/>
      </extensions>
    </wpt>
    <wpt lat="47.8276" lon="-4.363245">
      <name>Signaleur (avec permis)</name>
      <sym>5</sym>
      <type>WPT</type>
      <extensions>
        <option option="{&quot;icon&quot;: {&quot;id&quot;: &quot;5&quot;, &quot;i18n&quot;: &quot;Signaleur (avec permis)&quot;, &quot;type&quot;: &quot;default&quot;, &quot;classes&quot;: &quot;&quot;, &quot;html_code&quot;: &quot;&amp;#x42&quot;}, &quot;type&quot;: &quot;default&quot;, &quot;color&quot;: &quot;#ffffff&quot;, &quot;title&quot;: &quot;Signaleur (avec permis)&quot;, &quot;bgColor&quot;: &quot;#009c41&quot;, &quot;content&quot;: &quot;&quot;, &quot;offsetX&quot;: 0, &quot;offsetY&quot;: 0, &quot;tooltip&quot;: {&quot;show&quot;: true, &quot;direction&quot;: &quot;top&quot;, &quot;permanent&quot;: false}, &quot;visibility&quot;: &quot;public&quot;, &quot;showOnPrint&quot;: true, &quot;showOnPrintMap&quot;: false, &quot;showOnElevation&quot;: false, &quot;cumulatedLocation&quot;: false, &quot;showOnPrintElevation&quot;: false, &quot;stickedDistanceInMeter&quot;: -1, &quot;showTextOnPrintElevation&quot;: false}"/>
      </extensions>
    </wpt>
    <wpt lat="47.82711" lon="-4.363139">
      <name>Signaleur (avec permis)</name>
      <sym>5</sym>
      <type>WPT</type>
      <extensions>
        <option option="{&quot;icon&quot;: {&quot;id&quot;: &quot;5&quot;, &quot;i18n&quot;: &quot;Signaleur (avec permis)&quot;, &quot;type&quot;: &quot;default&quot;, &quot;classes&quot;: &quot;&quot;, &quot;html_code&quot;: &quot;&amp;#x42&quot;}, &quot;type&quot;: &quot;default&quot;, &quot;color&quot;: &quot;#ffffff&quot;, &quot;title&quot;: &quot;Signaleur (avec permis)&quot;, &quot;bgColor&quot;: &quot;#009c41&quot;, &quot;content&quot;: &quot;&quot;, &quot;offsetX&quot;: 0, &quot;offsetY&quot;: 0, &quot;tooltip&quot;: {&quot;show&quot;: true, &quot;direction&quot;: &quot;top&quot;, &quot;permanent&quot;: false}, &quot;visibility&quot;: &quot;public&quot;, &quot;showOnPrint&quot;: true, &quot;showOnPrintMap&quot;: false, &quot;showOnElevation&quot;: false, &quot;cumulatedLocation&quot;: false, &quot;showOnPrintElevation&quot;: false, &quot;stickedDistanceInMeter&quot;: 41400, &quot;showTextOnPrintElevation&quot;: false}"/>
      </extensions>
    </wpt>
    <wpt lat="47.826381" lon="-4.362333">
      <name>Signaleur (avec permis)</name>
      <sym>5</sym>
      <type>WPT</type>
      <extensions>
        <option option="{&quot;icon&quot;: {&quot;id&quot;: &quot;5&quot;, &quot;i18n&quot;: &quot;Signaleur (avec permis)&quot;, &quot;type&quot;: &quot;default&quot;, &quot;classes&quot;: &quot;&quot;, &quot;html_code&quot;: &quot;&amp;#x42&quot;}, &quot;type&quot;: &quot;default&quot;, &quot;color&quot;: &quot;#ffffff&quot;, &quot;title&quot;: &quot;Signaleur (avec permis)&quot;, &quot;bgColor&quot;: &quot;#009c41&quot;, &quot;content&quot;: &quot;&quot;, &quot;offsetX&quot;: 0, &quot;offsetY&quot;: 0, &quot;tooltip&quot;: {&quot;show&quot;: true, &quot;direction&quot;: &quot;top&quot;, &quot;permanent&quot;: false}, &quot;visibility&quot;: &quot;public&quot;, &quot;showOnPrint&quot;: true, &quot;showOnPrintMap&quot;: false, &quot;showOnElevation&quot;: false, &quot;cumulatedLocation&quot;: false, &quot;showOnPrintElevation&quot;: false, &quot;stickedDistanceInMeter&quot;: 41500, &quot;showTextOnPrintElevation&quot;: false}"/>
      </extensions>
    </wpt>
    <wpt lat="47.827006" lon="-4.360046">
      <name>Signaleur (avec permis)</name>
      <sym>5</sym>
      <type>WPT</type>
      <extensions>
        <option option="{&quot;icon&quot;: {&quot;id&quot;: &quot;5&quot;, &quot;i18n&quot;: &quot;Signaleur (avec permis)&quot;, &quot;type&quot;: &quot;default&quot;, &quot;classes&quot;: &quot;&quot;, &quot;html_code&quot;: &quot;&amp;#x42&quot;}, &quot;type&quot;: &quot;default&quot;, &quot;color&quot;: &quot;#ffffff&quot;, &quot;title&quot;: &quot;Signaleur (avec permis)&quot;, &quot;bgColor&quot;: &quot;#009c41&quot;, &quot;content&quot;: &quot;&quot;, &quot;offsetX&quot;: 0, &quot;offsetY&quot;: 0, &quot;tooltip&quot;: {&quot;show&quot;: true, &quot;direction&quot;: &quot;top&quot;, &quot;permanent&quot;: false}, &quot;visibility&quot;: &quot;public&quot;, &quot;showOnPrint&quot;: true, &quot;showOnPrintMap&quot;: false, &quot;showOnElevation&quot;: false, &quot;cumulatedLocation&quot;: false, &quot;showOnPrintElevation&quot;: false, &quot;stickedDistanceInMeter&quot;: 41700, &quot;showTextOnPrintElevation&quot;: false}"/>
      </extensions>
    </wpt>
    <wpt lat="47.827421" lon="-4.358043">
      <name>Signaleur (avec permis)</name>
      <sym>5</sym>
      <type>WPT</type>
      <extensions>
        <option option="{&quot;icon&quot;: {&quot;id&quot;: &quot;5&quot;, &quot;i18n&quot;: &quot;Signaleur (avec permis)&quot;, &quot;type&quot;: &quot;default&quot;, &quot;classes&quot;: &quot;&quot;, &quot;html_code&quot;: &quot;&amp;#x42&quot;}, &quot;type&quot;: &quot;default&quot;, &quot;color&quot;: &quot;#ffffff&quot;, &quot;title&quot;: &quot;Signaleur (avec permis)&quot;, &quot;bgColor&quot;: &quot;#009c41&quot;, &quot;content&quot;: &quot;&quot;, &quot;offsetX&quot;: 0, &quot;offsetY&quot;: 0, &quot;tooltip&quot;: {&quot;show&quot;: true, &quot;direction&quot;: &quot;top&quot;, &quot;permanent&quot;: false}, &quot;visibility&quot;: &quot;public&quot;, &quot;showOnPrint&quot;: true, &quot;showOnPrintMap&quot;: false, &quot;showOnElevation&quot;: false, &quot;cumulatedLocation&quot;: false, &quot;showOnPrintElevation&quot;: false, &quot;stickedDistanceInMeter&quot;: 41900, &quot;showTextOnPrintElevation&quot;: false}"/>
      </extensions>
    </wpt>
    <wpt lat="47.828196" lon="-4.356068">
      <name>Ravitaillement</name>
      <sym>3</sym>
      <type>WPT</type>
      <extensions>
        <option option="{&quot;icon&quot;: {&quot;id&quot;: &quot;3&quot;, &quot;i18n&quot;: &quot;Ravitaillement&quot;, &quot;type&quot;: &quot;default&quot;, &quot;classes&quot;: &quot;&quot;, &quot;html_code&quot;: &quot;&amp;#x55&quot;}, &quot;type&quot;: &quot;default&quot;, &quot;color&quot;: &quot;#ffffff&quot;, &quot;title&quot;: &quot;Ravitaillement&quot;, &quot;bgColor&quot;: &quot;#0077c0&quot;, &quot;content&quot;: &quot;&quot;, &quot;offsetX&quot;: 0, &quot;offsetY&quot;: 0, &quot;tooltip&quot;: {&quot;show&quot;: true, &quot;direction&quot;: &quot;top&quot;, &quot;permanent&quot;: false}, &quot;visibility&quot;: &quot;public&quot;, &quot;showOnPrint&quot;: true, &quot;showOnPrintMap&quot;: false, &quot;showOnElevation&quot;: false, &quot;cumulatedLocation&quot;: false, &quot;showOnPrintElevation&quot;: false, &quot;stickedDistanceInMeter&quot;: -1, &quot;showTextOnPrintElevation&quot;: false}"/>
      </extensions>
    </wpt>
    <wpt lat="47.828093" lon="-4.356168">
      <name>Secours</name>
      <sym>2</sym>
      <type>WPT</type>
      <extensions>
        <option option="{&quot;icon&quot;: {&quot;id&quot;: &quot;2&quot;, &quot;i18n&quot;: &quot;Secours&quot;, &quot;type&quot;: &quot;default&quot;, &quot;classes&quot;: &quot;&quot;, &quot;html_code&quot;: &quot;&amp;#x43&quot;}, &quot;type&quot;: &quot;default&quot;, &quot;color&quot;: &quot;#ffffff&quot;, &quot;title&quot;: &quot;Secours&quot;, &quot;bgColor&quot;: &quot;#b71c0c&quot;, &quot;content&quot;: &quot;&quot;, &quot;offsetX&quot;: 0, &quot;offsetY&quot;: 0, &quot;tooltip&quot;: {&quot;show&quot;: true, &quot;direction&quot;: &quot;top&quot;, &quot;permanent&quot;: false}, &quot;visibility&quot;: &quot;public&quot;, &quot;showOnPrint&quot;: true, &quot;showOnPrintMap&quot;: false, &quot;showOnElevation&quot;: false, &quot;cumulatedLocation&quot;: false, &quot;showOnPrintElevation&quot;: false, &quot;stickedDistanceInMeter&quot;: 42000, &quot;showTextOnPrintElevation&quot;: false}"/>
      </extensions>
    </wpt>
  </trk>
</gpx>
