<?xml version='1.0' encoding='UTF-8'?>
<gpx version="1.1" creator="https://www.komoot.de" xmlns="http://www.topografix.com/GPX/1/1" xmlns:xsi="http://www.w3.org/2001/XMLSchema-instance" xsi:schemaLocation="http://www.topografix.com/GPX/1/1 http://www.topografix.com/GPX/1/1/gpx.xsd">
  <metadata>
    <name>Trail de l’Odet ultra</name>
    <author>
      <link href="https://www.komoot.de">
        <text>komoot</text>
        <type>text/html</type>
      </link>
    </author>
  </metadata>
  <trk>
    <name>Trail de l’Odet ultra</name>
    <type>jogging</type>
    <trkseg>
      <trkpt lat="48.007730" lon="-4.025172">
        <ele>84.185661</ele>
        <time>2026-07-03T08:14:04.594Z</time>
      </trkpt>
      <trkpt lat="48.007964" lon="-4.025167">
        <ele>84.185661</ele>
        <time>2026-07-03T08:14:14.569Z</time>
      </trkpt>
      <trkpt lat="48.008037" lon="-4.025026">
        <ele>84.185661</ele>
        <time>2026-07-03T08:14:19.700Z</time>
      </trkpt>
      <trkpt lat="48.008119" lon="-4.025009">
        <ele>84.185661</ele>
        <time>2026-07-03T08:14:23.289Z</time>
      </trkpt>
      <trkpt lat="48.008327" lon="-4.024611">
        <ele>84.185661</ele>
        <time>2026-07-03T08:14:37.929Z</time>
      </trkpt>
      <trkpt lat="48.008217" lon="-4.024481">
        <ele>84.180984</ele>
        <time>2026-07-03T08:14:44.009Z</time>
      </trkpt>
      <trkpt lat="48.008159" lon="-4.024403">
        <ele>84.156462</ele>
        <time>2026-07-03T08:14:47.382Z</time>
      </trkpt>
      <trkpt lat="48.008014" lon="-4.024186">
        <ele>84.091970</ele>
        <time>2026-07-03T08:14:57.641Z</time>
      </trkpt>
      <trkpt lat="48.007985" lon="-4.024044">
        <ele>84.060750</ele>
        <time>2026-07-03T08:15:02.555Z</time>
      </trkpt>
      <trkpt lat="48.008126" lon="-4.023778">
        <ele>83.989386</ele>
        <time>2026-07-03T08:15:13.578Z</time>
      </trkpt>
      <trkpt lat="48.008296" lon="-4.023625">
        <ele>83.927016</ele>
        <time>2026-07-03T08:15:23.013Z</time>
      </trkpt>
      <trkpt lat="48.008264" lon="-4.023558">
        <ele>83.909705</ele>
        <time>2026-07-03T08:15:25.206Z</time>
      </trkpt>
      <trkpt lat="48.008199" lon="-4.023599">
        <ele>83.887531</ele>
        <time>2026-07-03T08:15:28.038Z</time>
      </trkpt>
      <trkpt lat="48.008117" lon="-4.023541">
        <ele>83.859017</ele>
        <time>2026-07-03T08:15:31.609Z</time>
      </trkpt>
      <trkpt lat="48.007966" lon="-4.023713">
        <ele>83.799346</ele>
        <time>2026-07-03T08:15:39.201Z</time>
      </trkpt>
      <trkpt lat="48.007110" lon="-4.023994">
        <ele>83.739483</ele>
        <time>2026-07-03T08:16:14.273Z</time>
      </trkpt>
      <trkpt lat="48.007126" lon="-4.023775">
        <ele>83.796715</ele>
        <time>2026-07-03T08:16:20.199Z</time>
      </trkpt>
      <trkpt lat="48.007513" lon="-4.022384">
        <ele>84.188075</ele>
        <time>2026-07-03T08:17:02.366Z</time>
      </trkpt>
      <trkpt lat="48.007568" lon="-4.022068">
        <ele>84.272900</ele>
        <time>2026-07-03T08:17:11.963Z</time>
      </trkpt>
      <trkpt lat="48.007617" lon="-4.021534">
        <ele>84.717144</ele>
        <time>2026-07-03T08:17:27.855Z</time>
      </trkpt>
      <trkpt lat="48.007657" lon="-4.020692">
        <ele>85.644772</ele>
        <time>2026-07-03T08:17:52.802Z</time>
      </trkpt>
      <trkpt lat="48.007671" lon="-4.019446">
        <ele>87.014231</ele>
        <time>2026-07-03T08:18:29.158Z</time>
      </trkpt>
      <trkpt lat="48.007773" lon="-4.019068">
        <ele>87.541665</ele>
        <time>2026-07-03T08:18:43.066Z</time>
      </trkpt>
      <trkpt lat="48.007844" lon="-4.018933">
        <ele>87.809770</ele>
        <time>2026-07-03T08:18:48.935Z</time>
      </trkpt>
      <trkpt lat="48.007947" lon="-4.018857">
        <ele>88.077831</ele>
        <time>2026-07-03T08:18:54.817Z</time>
      </trkpt>
      <trkpt lat="48.007900" lon="-4.018500">
        <ele>88.645904</ele>
        <time>2026-07-03T08:19:07.420Z</time>
      </trkpt>
      <trkpt lat="48.007906" lon="-4.018387">
        <ele>88.822885</ele>
        <time>2026-07-03T08:19:11.367Z</time>
      </trkpt>
      <trkpt lat="48.008025" lon="-4.017676">
        <ele>89.967177</ele>
        <time>2026-07-03T08:19:37.112Z</time>
      </trkpt>
      <trkpt lat="48.008062" lon="-4.017575">
        <ele>90.146960</ele>
        <time>2026-07-03T08:19:41.206Z</time>
      </trkpt>
      <trkpt lat="48.008215" lon="-4.017460">
        <ele>90.546615</ele>
        <time>2026-07-03T08:19:50.373Z</time>
      </trkpt>
      <trkpt lat="48.008539" lon="-4.017394">
        <ele>91.309717</ele>
        <time>2026-07-03T08:20:08.201Z</time>
      </trkpt>
      <trkpt lat="48.008728" lon="-4.017422">
        <ele>91.741392</ele>
        <time>2026-07-03T08:20:18.768Z</time>
      </trkpt>
      <trkpt lat="48.008827" lon="-4.017437">
        <ele>91.964110</ele>
        <time>2026-07-03T08:20:24.369Z</time>
      </trkpt>
      <trkpt lat="48.009305" lon="-4.017575">
        <ele>93.053744</ele>
        <time>2026-07-03T08:20:51.494Z</time>
      </trkpt>
      <trkpt lat="48.009716" lon="-4.017585">
        <ele>93.973768</ele>
        <time>2026-07-03T08:21:13.769Z</time>
      </trkpt>
      <trkpt lat="48.010041" lon="-4.017543">
        <ele>94.703897</ele>
        <time>2026-07-03T08:21:30.684Z</time>
      </trkpt>
      <trkpt lat="48.010127" lon="-4.017567">
        <ele>94.899709</ele>
        <time>2026-07-03T08:21:35.056Z</time>
      </trkpt>
      <trkpt lat="48.010630" lon="-4.017819">
        <ele>95.518761</ele>
        <time>2026-07-03T08:22:00.620Z</time>
      </trkpt>
      <trkpt lat="48.011017" lon="-4.017971">
        <ele>95.552777</ele>
        <time>2026-07-03T08:22:19.695Z</time>
      </trkpt>
      <trkpt lat="48.011489" lon="-4.018265">
        <ele>95.596245</ele>
        <time>2026-07-03T08:22:44.146Z</time>
      </trkpt>
      <trkpt lat="48.011808" lon="-4.016805">
        <ele>95.918926</ele>
        <time>2026-07-03T08:23:27.051Z</time>
      </trkpt>
      <trkpt lat="48.011772" lon="-4.016603">
        <ele>96.012225</ele>
        <time>2026-07-03T08:23:33.164Z</time>
      </trkpt>
      <trkpt lat="48.011860" lon="-4.015927">
        <ele>96.319590</ele>
        <time>2026-07-03T08:23:53.068Z</time>
      </trkpt>
      <trkpt lat="48.011845" lon="-4.015771">
        <ele>96.389929</ele>
        <time>2026-07-03T08:23:57.541Z</time>
      </trkpt>
      <trkpt lat="48.011973" lon="-4.015131">
        <ele>96.688059</ele>
        <time>2026-07-03T08:24:16.339Z</time>
      </trkpt>
      <trkpt lat="48.012040" lon="-4.015092">
        <ele>96.736028</ele>
        <time>2026-07-03T08:24:19.311Z</time>
      </trkpt>
      <trkpt lat="48.012344" lon="-4.015164">
        <ele>96.960491</ele>
        <time>2026-07-03T08:24:31.882Z</time>
      </trkpt>
      <trkpt lat="48.012425" lon="-4.015113">
        <ele>97.031291</ele>
        <time>2026-07-03T08:24:35.452Z</time>
      </trkpt>
      <trkpt lat="48.012468" lon="-4.015023">
        <ele>97.090889</ele>
        <time>2026-07-03T08:24:38.468Z</time>
      </trkpt>
      <trkpt lat="48.012594" lon="-4.014412">
        <ele>97.435430</ele>
        <time>2026-07-03T08:24:55.998Z</time>
      </trkpt>
      <trkpt lat="48.012630" lon="-4.014375">
        <ele>97.470622</ele>
        <time>2026-07-03T08:24:57.829Z</time>
      </trkpt>
      <trkpt lat="48.012673" lon="-4.014392">
        <ele>97.506451</ele>
        <time>2026-07-03T08:24:59.658Z</time>
      </trkpt>
      <trkpt lat="48.013086" lon="-4.014568">
        <ele>97.852390</ele>
        <time>2026-07-03T08:25:17.596Z</time>
      </trkpt>
      <trkpt lat="48.014857" lon="-4.015533">
        <ele>101.803553</ele>
        <time>2026-07-03T08:26:41.590Z</time>
      </trkpt>
      <trkpt lat="48.015069" lon="-4.015682">
        <ele>102.420199</ele>
        <time>2026-07-03T08:26:52.737Z</time>
      </trkpt>
      <trkpt lat="48.015091" lon="-4.015630">
        <ele>102.528539</ele>
        <time>2026-07-03T08:26:55.033Z</time>
      </trkpt>
      <trkpt lat="48.015135" lon="-4.015645">
        <ele>102.647333</ele>
        <time>2026-07-03T08:26:57.228Z</time>
      </trkpt>
      <trkpt lat="48.015155" lon="-4.015627">
        <ele>102.708784</ele>
        <time>2026-07-03T08:26:58.360Z</time>
      </trkpt>
      <trkpt lat="48.015165" lon="-4.015601">
        <ele>102.761594</ele>
        <time>2026-07-03T08:26:59.314Z</time>
      </trkpt>
      <trkpt lat="48.015167" lon="-4.015571">
        <ele>102.814681</ele>
        <time>2026-07-03T08:27:00.289Z</time>
      </trkpt>
      <trkpt lat="48.015206" lon="-4.015483">
        <ele>103.000556</ele>
        <time>2026-07-03T08:27:03.660Z</time>
      </trkpt>
      <trkpt lat="48.015400" lon="-4.015163">
        <ele>104.052151</ele>
        <time>2026-07-03T08:27:17.685Z</time>
      </trkpt>
      <trkpt lat="48.015650" lon="-4.014982">
        <ele>105.075619</ele>
        <time>2026-07-03T08:27:31.414Z</time>
      </trkpt>
      <trkpt lat="48.015714" lon="-4.014902">
        <ele>105.383000</ele>
        <time>2026-07-03T08:27:35.634Z</time>
      </trkpt>
      <trkpt lat="48.015778" lon="-4.014758">
        <ele>105.809108</ele>
        <time>2026-07-03T08:27:41.397Z</time>
      </trkpt>
      <trkpt lat="48.015836" lon="-4.014475">
        <ele>106.538611</ele>
        <time>2026-07-03T08:27:51.068Z</time>
      </trkpt>
      <trkpt lat="48.016721" lon="-4.014771">
        <ele>109.601579</ele>
        <time>2026-07-03T08:28:34.168Z</time>
      </trkpt>
      <trkpt lat="48.017285" lon="-4.015104">
        <ele>109.011588</ele>
        <time>2026-07-03T08:29:00.161Z</time>
      </trkpt>
      <trkpt lat="48.017784" lon="-4.015259">
        <ele>108.515716</ele>
        <time>2026-07-03T08:29:20.479Z</time>
      </trkpt>
      <trkpt lat="48.017865" lon="-4.015258">
        <ele>108.436904</ele>
        <time>2026-07-03T08:29:23.652Z</time>
      </trkpt>
      <trkpt lat="48.017908" lon="-4.015208">
        <ele>108.383903</ele>
        <time>2026-07-03T08:29:25.775Z</time>
      </trkpt>
      <trkpt lat="48.017905" lon="-4.015229">
        <ele>108.369927</ele>
        <time>2026-07-03T08:29:26.360Z</time>
      </trkpt>
      <trkpt lat="48.017931" lon="-4.015207">
        <ele>108.340860</ele>
        <time>2026-07-03T08:29:27.587Z</time>
      </trkpt>
      <trkpt lat="48.017950" lon="-4.015173">
        <ele>108.312027</ele>
        <time>2026-07-03T08:29:28.804Z</time>
      </trkpt>
      <trkpt lat="48.017969" lon="-4.015138">
        <ele>108.282691</ele>
        <time>2026-07-03T08:29:30.043Z</time>
      </trkpt>
      <trkpt lat="48.017981" lon="-4.015098">
        <ele>108.254160</ele>
        <time>2026-07-03T08:29:31.247Z</time>
      </trkpt>
      <trkpt lat="48.017994" lon="-4.015058">
        <ele>108.225218</ele>
        <time>2026-07-03T08:29:32.469Z</time>
      </trkpt>
      <trkpt lat="48.018004" lon="-4.015016">
        <ele>108.196204</ele>
        <time>2026-07-03T08:29:33.694Z</time>
      </trkpt>
      <trkpt lat="48.018014" lon="-4.014975">
        <ele>108.167803</ele>
        <time>2026-07-03T08:29:34.893Z</time>
      </trkpt>
      <trkpt lat="48.018024" lon="-4.014934">
        <ele>108.139401</ele>
        <time>2026-07-03T08:29:36.092Z</time>
      </trkpt>
      <trkpt lat="48.018034" lon="-4.014893">
        <ele>108.111000</ele>
        <time>2026-07-03T08:29:37.292Z</time>
      </trkpt>
      <trkpt lat="48.018046" lon="-4.014855">
        <ele>108.083652</ele>
        <time>2026-07-03T08:29:38.447Z</time>
      </trkpt>
      <trkpt lat="48.018058" lon="-4.014816">
        <ele>108.055714</ele>
        <time>2026-07-03T08:29:39.627Z</time>
      </trkpt>
      <trkpt lat="48.018072" lon="-4.014781">
        <ele>108.029174</ele>
        <time>2026-07-03T08:29:40.748Z</time>
      </trkpt>
      <trkpt lat="48.018086" lon="-4.014746">
        <ele>108.002633</ele>
        <time>2026-07-03T08:29:41.869Z</time>
      </trkpt>
      <trkpt lat="48.018102" lon="-4.014712">
        <ele>107.975579</ele>
        <time>2026-07-03T08:29:43.012Z</time>
      </trkpt>
      <trkpt lat="48.018117" lon="-4.014679">
        <ele>107.949613</ele>
        <time>2026-07-03T08:29:44.109Z</time>
      </trkpt>
      <trkpt lat="48.018133" lon="-4.014645">
        <ele>107.922558</ele>
        <time>2026-07-03T08:29:45.252Z</time>
      </trkpt>
      <trkpt lat="48.018149" lon="-4.014611">
        <ele>107.841609</ele>
        <time>2026-07-03T08:29:46.395Z</time>
      </trkpt>
      <trkpt lat="48.018163" lon="-4.014574">
        <ele>107.709298</ele>
        <time>2026-07-03T08:29:47.564Z</time>
      </trkpt>
      <trkpt lat="48.018178" lon="-4.014537">
        <ele>107.574635</ele>
        <time>2026-07-03T08:29:48.754Z</time>
      </trkpt>
      <trkpt lat="48.018189" lon="-4.014499">
        <ele>107.445760</ele>
        <time>2026-07-03T08:29:49.893Z</time>
      </trkpt>
      <trkpt lat="48.018200" lon="-4.014462">
        <ele>107.319735</ele>
        <time>2026-07-03T08:29:51.006Z</time>
      </trkpt>
      <trkpt lat="48.018210" lon="-4.014424">
        <ele>107.192636</ele>
        <time>2026-07-03T08:29:52.129Z</time>
      </trkpt>
      <trkpt lat="48.018220" lon="-4.014387">
        <ele>107.068429</ele>
        <time>2026-07-03T08:29:53.226Z</time>
      </trkpt>
      <trkpt lat="48.018233" lon="-4.014351">
        <ele>106.941093</ele>
        <time>2026-07-03T08:29:54.351Z</time>
      </trkpt>
      <trkpt lat="48.018245" lon="-4.014315">
        <ele>106.815901</ele>
        <time>2026-07-03T08:29:55.456Z</time>
      </trkpt>
      <trkpt lat="48.018259" lon="-4.014279">
        <ele>106.686290</ele>
        <time>2026-07-03T08:29:56.601Z</time>
      </trkpt>
      <trkpt lat="48.018273" lon="-4.014244">
        <ele>106.559361</ele>
        <time>2026-07-03T08:29:57.722Z</time>
      </trkpt>
      <trkpt lat="48.018287" lon="-4.014210">
        <ele>106.435092</ele>
        <time>2026-07-03T08:29:58.819Z</time>
      </trkpt>
      <trkpt lat="48.018300" lon="-4.014176">
        <ele>106.313199</ele>
        <time>2026-07-03T08:29:59.896Z</time>
      </trkpt>
      <trkpt lat="48.018316" lon="-4.014154">
        <ele>106.212047</ele>
        <time>2026-07-03T08:30:00.789Z</time>
      </trkpt>
      <trkpt lat="48.018332" lon="-4.014132">
        <ele>106.110895</ele>
        <time>2026-07-03T08:30:01.682Z</time>
      </trkpt>
      <trkpt lat="48.018351" lon="-4.014132">
        <ele>106.022484</ele>
        <time>2026-07-03T08:30:02.463Z</time>
      </trkpt>
      <trkpt lat="48.018371" lon="-4.014133">
        <ele>105.929368</ele>
        <time>2026-07-03T08:30:03.285Z</time>
      </trkpt>
      <trkpt lat="48.018390" lon="-4.014155">
        <ele>105.817542</ele>
        <time>2026-07-03T08:30:04.273Z</time>
      </trkpt>
      <trkpt lat="48.018408" lon="-4.014177">
        <ele>105.709356</ele>
        <time>2026-07-03T08:30:05.228Z</time>
      </trkpt>
      <trkpt lat="48.018425" lon="-4.014208">
        <ele>105.584588</ele>
        <time>2026-07-03T08:30:06.330Z</time>
      </trkpt>
      <trkpt lat="48.018442" lon="-4.014238">
        <ele>105.462210</ele>
        <time>2026-07-03T08:30:07.411Z</time>
      </trkpt>
      <trkpt lat="48.018462" lon="-4.014260">
        <ele>105.346670</ele>
        <time>2026-07-03T08:30:08.431Z</time>
      </trkpt>
      <trkpt lat="48.018482" lon="-4.014283">
        <ele>105.229258</ele>
        <time>2026-07-03T08:30:09.468Z</time>
      </trkpt>
      <trkpt lat="48.018505" lon="-4.014290">
        <ele>105.120040</ele>
        <time>2026-07-03T08:30:10.432Z</time>
      </trkpt>
      <trkpt lat="48.018529" lon="-4.014297">
        <ele>105.006258</ele>
        <time>2026-07-03T08:30:11.437Z</time>
      </trkpt>
      <trkpt lat="48.018554" lon="-4.014295">
        <ele>104.889761</ele>
        <time>2026-07-03T08:30:12.466Z</time>
      </trkpt>
      <trkpt lat="48.018579" lon="-4.014294">
        <ele>104.773390</ele>
        <time>2026-07-03T08:30:13.493Z</time>
      </trkpt>
      <trkpt lat="48.018604" lon="-4.014291">
        <ele>104.656686</ele>
        <time>2026-07-03T08:30:14.524Z</time>
      </trkpt>
      <trkpt lat="48.018630" lon="-4.014289">
        <ele>104.535543</ele>
        <time>2026-07-03T08:30:15.594Z</time>
      </trkpt>
      <trkpt lat="48.018657" lon="-4.014287">
        <ele>104.409753</ele>
        <time>2026-07-03T08:30:16.705Z</time>
      </trkpt>
      <trkpt lat="48.018684" lon="-4.014285">
        <ele>104.283963</ele>
        <time>2026-07-03T08:30:17.816Z</time>
      </trkpt>
      <trkpt lat="48.018714" lon="-4.014283">
        <ele>104.144229</ele>
        <time>2026-07-03T08:30:19.050Z</time>
      </trkpt>
      <trkpt lat="48.018743" lon="-4.014282">
        <ele>104.009250</ele>
        <time>2026-07-03T08:30:20.241Z</time>
      </trkpt>
      <trkpt lat="48.018774" lon="-4.014277">
        <ele>103.864164</ele>
        <time>2026-07-03T08:30:21.523Z</time>
      </trkpt>
      <trkpt lat="48.018805" lon="-4.014271">
        <ele>103.718712</ele>
        <time>2026-07-03T08:30:22.808Z</time>
      </trkpt>
      <trkpt lat="48.018835" lon="-4.014255">
        <ele>103.570499</ele>
        <time>2026-07-03T08:30:24.117Z</time>
      </trkpt>
      <trkpt lat="48.018865" lon="-4.014239">
        <ele>103.422287</ele>
        <time>2026-07-03T08:30:25.426Z</time>
      </trkpt>
      <trkpt lat="48.018891" lon="-4.014213">
        <ele>103.276735</ele>
        <time>2026-07-03T08:30:26.711Z</time>
      </trkpt>
      <trkpt lat="48.018918" lon="-4.014187">
        <ele>103.127292</ele>
        <time>2026-07-03T08:30:28.031Z</time>
      </trkpt>
      <trkpt lat="48.018937" lon="-4.014151">
        <ele>102.984564</ele>
        <time>2026-07-03T08:30:29.291Z</time>
      </trkpt>
      <trkpt lat="48.018957" lon="-4.014116">
        <ele>102.841289</ele>
        <time>2026-07-03T08:30:30.557Z</time>
      </trkpt>
      <trkpt lat="48.018968" lon="-4.014076">
        <ele>102.706680</ele>
        <time>2026-07-03T08:30:31.745Z</time>
      </trkpt>
      <trkpt lat="48.018980" lon="-4.014037">
        <ele>102.573067</ele>
        <time>2026-07-03T08:30:32.925Z</time>
      </trkpt>
      <trkpt lat="48.018983" lon="-4.013997">
        <ele>102.447789</ele>
        <time>2026-07-03T08:30:34.031Z</time>
      </trkpt>
      <trkpt lat="48.018986" lon="-4.013956">
        <ele>102.319418</ele>
        <time>2026-07-03T08:30:35.165Z</time>
      </trkpt>
      <trkpt lat="48.018985" lon="-4.013916">
        <ele>102.194833</ele>
        <time>2026-07-03T08:30:36.266Z</time>
      </trkpt>
      <trkpt lat="48.018985" lon="-4.013875">
        <ele>102.067223</ele>
        <time>2026-07-03T08:30:37.393Z</time>
      </trkpt>
      <trkpt lat="48.018984" lon="-4.013837">
        <ele>101.948859</ele>
        <time>2026-07-03T08:30:38.438Z</time>
      </trkpt>
      <trkpt lat="48.018983" lon="-4.013798">
        <ele>101.827384</ele>
        <time>2026-07-03T08:30:39.511Z</time>
      </trkpt>
      <trkpt lat="48.018985" lon="-4.013761">
        <ele>101.711848</ele>
        <time>2026-07-03T08:30:40.531Z</time>
      </trkpt>
      <trkpt lat="48.018987" lon="-4.013723">
        <ele>101.593210</ele>
        <time>2026-07-03T08:30:41.579Z</time>
      </trkpt>
      <trkpt lat="48.018995" lon="-4.013688">
        <ele>101.478089</ele>
        <time>2026-07-03T08:30:42.596Z</time>
      </trkpt>
      <trkpt lat="48.019002" lon="-4.013653">
        <ele>101.364389</ele>
        <time>2026-07-03T08:30:43.600Z</time>
      </trkpt>
      <trkpt lat="48.019013" lon="-4.013622">
        <ele>101.255167</ele>
        <time>2026-07-03T08:30:44.564Z</time>
      </trkpt>
      <trkpt lat="48.019024" lon="-4.013590">
        <ele>101.143186</ele>
        <time>2026-07-03T08:30:45.553Z</time>
      </trkpt>
      <trkpt lat="48.019039" lon="-4.013559">
        <ele>101.024101</ele>
        <time>2026-07-03T08:30:46.605Z</time>
      </trkpt>
      <trkpt lat="48.019054" lon="-4.013528">
        <ele>100.905016</ele>
        <time>2026-07-03T08:30:47.657Z</time>
      </trkpt>
      <trkpt lat="48.019073" lon="-4.013507">
        <ele>100.795068</ele>
        <time>2026-07-03T08:30:48.628Z</time>
      </trkpt>
      <trkpt lat="48.019092" lon="-4.013485">
        <ele>100.683242</ele>
        <time>2026-07-03T08:30:49.616Z</time>
      </trkpt>
      <trkpt lat="48.019111" lon="-4.013481">
        <ele>100.593959</ele>
        <time>2026-07-03T08:30:50.405Z</time>
      </trkpt>
      <trkpt lat="48.019131" lon="-4.013477">
        <ele>100.500067</ele>
        <time>2026-07-03T08:30:51.234Z</time>
      </trkpt>
      <trkpt lat="48.019153" lon="-4.013486">
        <ele>100.393933</ele>
        <time>2026-07-03T08:30:52.171Z</time>
      </trkpt>
      <trkpt lat="48.019175" lon="-4.013495">
        <ele>100.287800</ele>
        <time>2026-07-03T08:30:53.109Z</time>
      </trkpt>
      <trkpt lat="48.019200" lon="-4.013512">
        <ele>100.160002</ele>
        <time>2026-07-03T08:30:54.238Z</time>
      </trkpt>
      <trkpt lat="48.019225" lon="-4.013529">
        <ele>100.032205</ele>
        <time>2026-07-03T08:30:55.367Z</time>
      </trkpt>
      <trkpt lat="48.019255" lon="-4.013548">
        <ele>99.880600</ele>
        <time>2026-07-03T08:30:56.706Z</time>
      </trkpt>
      <trkpt lat="48.019284" lon="-4.013567">
        <ele>99.733268</ele>
        <time>2026-07-03T08:30:58.008Z</time>
      </trkpt>
      <trkpt lat="48.019313" lon="-4.013572">
        <ele>99.597432</ele>
        <time>2026-07-03T08:30:59.208Z</time>
      </trkpt>
      <trkpt lat="48.019341" lon="-4.013577">
        <ele>99.475639</ele>
        <time>2026-07-03T08:31:00.367Z</time>
      </trkpt>
      <trkpt lat="48.019361" lon="-4.013561">
        <ele>99.383510</ele>
        <time>2026-07-03T08:31:01.299Z</time>
      </trkpt>
      <trkpt lat="48.019381" lon="-4.013545">
        <ele>99.291381</ele>
        <time>2026-07-03T08:31:02.232Z</time>
      </trkpt>
      <trkpt lat="48.019396" lon="-4.013512">
        <ele>99.182990</ele>
        <time>2026-07-03T08:31:03.328Z</time>
      </trkpt>
      <trkpt lat="48.019411" lon="-4.013479">
        <ele>99.074598</ele>
        <time>2026-07-03T08:31:04.425Z</time>
      </trkpt>
      <trkpt lat="48.019426" lon="-4.013441">
        <ele>98.954728</ele>
        <time>2026-07-03T08:31:05.638Z</time>
      </trkpt>
      <trkpt lat="48.019441" lon="-4.013404">
        <ele>98.837190</ele>
        <time>2026-07-03T08:31:06.827Z</time>
      </trkpt>
      <trkpt lat="48.019453" lon="-4.013363">
        <ele>98.715610</ele>
        <time>2026-07-03T08:31:08.058Z</time>
      </trkpt>
      <trkpt lat="48.019465" lon="-4.013321">
        <ele>98.591537</ele>
        <time>2026-07-03T08:31:09.313Z</time>
      </trkpt>
      <trkpt lat="48.019469" lon="-4.013276">
        <ele>98.468212</ele>
        <time>2026-07-03T08:31:10.559Z</time>
      </trkpt>
      <trkpt lat="48.019474" lon="-4.013231">
        <ele>98.344287</ele>
        <time>2026-07-03T08:31:11.814Z</time>
      </trkpt>
      <trkpt lat="48.019475" lon="-4.013187">
        <ele>98.224684</ele>
        <time>2026-07-03T08:31:13.023Z</time>
      </trkpt>
      <trkpt lat="48.019477" lon="-4.013144">
        <ele>98.107586</ele>
        <time>2026-07-03T08:31:14.208Z</time>
      </trkpt>
      <trkpt lat="48.019478" lon="-4.013101">
        <ele>97.990698</ele>
        <time>2026-07-03T08:31:15.390Z</time>
      </trkpt>
      <trkpt lat="48.019479" lon="-4.013059">
        <ele>97.876526</ele>
        <time>2026-07-03T08:31:16.545Z</time>
      </trkpt>
      <trkpt lat="48.019480" lon="-4.013018">
        <ele>97.765069</ele>
        <time>2026-07-03T08:31:17.672Z</time>
      </trkpt>
      <trkpt lat="48.019482" lon="-4.012978">
        <ele>97.656099</ele>
        <time>2026-07-03T08:31:18.774Z</time>
      </trkpt>
      <trkpt lat="48.019484" lon="-4.012937">
        <ele>97.544420</ele>
        <time>2026-07-03T08:31:19.903Z</time>
      </trkpt>
      <trkpt lat="48.019486" lon="-4.012896">
        <ele>97.432741</ele>
        <time>2026-07-03T08:31:21.033Z</time>
      </trkpt>
      <trkpt lat="48.019489" lon="-4.012856">
        <ele>97.323393</ele>
        <time>2026-07-03T08:31:22.139Z</time>
      </trkpt>
      <trkpt lat="48.019492" lon="-4.012816">
        <ele>97.214046</ele>
        <time>2026-07-03T08:31:23.244Z</time>
      </trkpt>
      <trkpt lat="48.019496" lon="-4.012778">
        <ele>97.109542</ele>
        <time>2026-07-03T08:31:24.301Z</time>
      </trkpt>
      <trkpt lat="48.019499" lon="-4.012740">
        <ele>97.005592</ele>
        <time>2026-07-03T08:31:25.352Z</time>
      </trkpt>
      <trkpt lat="48.019501" lon="-4.012702">
        <ele>96.902040</ele>
        <time>2026-07-03T08:31:26.400Z</time>
      </trkpt>
      <trkpt lat="48.019504" lon="-4.012664">
        <ele>96.798090</ele>
        <time>2026-07-03T08:31:27.451Z</time>
      </trkpt>
      <trkpt lat="48.019496" lon="-4.012631">
        <ele>96.702733</ele>
        <time>2026-07-03T08:31:28.415Z</time>
      </trkpt>
      <trkpt lat="48.019489" lon="-4.012598">
        <ele>96.608683</ele>
        <time>2026-07-03T08:31:29.366Z</time>
      </trkpt>
      <trkpt lat="48.019480" lon="-4.012570">
        <ele>96.524289</ele>
        <time>2026-07-03T08:31:30.221Z</time>
      </trkpt>
      <trkpt lat="48.019471" lon="-4.012541">
        <ele>96.437439</ele>
        <time>2026-07-03T08:31:31.099Z</time>
      </trkpt>
      <trkpt lat="48.019469" lon="-4.012517">
        <ele>96.371735</ele>
        <time>2026-07-03T08:31:31.764Z</time>
      </trkpt>
      <trkpt lat="48.019467" lon="-4.012493">
        <ele>96.306031</ele>
        <time>2026-07-03T08:31:32.429Z</time>
      </trkpt>
      <trkpt lat="48.019476" lon="-4.012475">
        <ele>96.244979</ele>
        <time>2026-07-03T08:31:33.046Z</time>
      </trkpt>
      <trkpt lat="48.019484" lon="-4.012457">
        <ele>96.186268</ele>
        <time>2026-07-03T08:31:33.640Z</time>
      </trkpt>
      <trkpt lat="48.019501" lon="-4.012452">
        <ele>96.115898</ele>
        <time>2026-07-03T08:31:34.352Z</time>
      </trkpt>
      <trkpt lat="48.019518" lon="-4.012447">
        <ele>96.045529</ele>
        <time>2026-07-03T08:31:35.064Z</time>
      </trkpt>
      <trkpt lat="48.019540" lon="-4.012455">
        <ele>95.953570</ele>
        <time>2026-07-03T08:31:35.994Z</time>
      </trkpt>
      <trkpt lat="48.019562" lon="-4.012464">
        <ele>95.860932</ele>
        <time>2026-07-03T08:31:36.931Z</time>
      </trkpt>
      <trkpt lat="48.019591" lon="-4.012476">
        <ele>95.738719</ele>
        <time>2026-07-03T08:31:38.167Z</time>
      </trkpt>
      <trkpt lat="48.019621" lon="-4.012489">
        <ele>95.611859</ele>
        <time>2026-07-03T08:31:39.451Z</time>
      </trkpt>
      <trkpt lat="48.019655" lon="-4.012502">
        <ele>95.469322</ele>
        <time>2026-07-03T08:31:40.893Z</time>
      </trkpt>
      <trkpt lat="48.019689" lon="-4.012514">
        <ele>95.327434</ele>
        <time>2026-07-03T08:31:42.328Z</time>
      </trkpt>
      <trkpt lat="48.019727" lon="-4.012527">
        <ele>95.169107</ele>
        <time>2026-07-03T08:31:43.930Z</time>
      </trkpt>
      <trkpt lat="48.019764" lon="-4.012540">
        <ele>95.014737</ele>
        <time>2026-07-03T08:31:45.491Z</time>
      </trkpt>
      <trkpt lat="48.019797" lon="-4.012550">
        <ele>94.877981</ele>
        <time>2026-07-03T08:31:46.875Z</time>
      </trkpt>
      <trkpt lat="48.019831" lon="-4.012560">
        <ele>94.737242</ele>
        <time>2026-07-03T08:31:48.299Z</time>
      </trkpt>
      <trkpt lat="48.019831" lon="-4.012559">
        <ele>94.734525</ele>
        <time>2026-07-03T08:31:48.328Z</time>
      </trkpt>
      <trkpt lat="48.020228" lon="-4.012659">
        <ele>93.099374</ele>
        <time>2026-07-03T08:32:05.935Z</time>
      </trkpt>
      <trkpt lat="48.020294" lon="-4.012653">
        <ele>92.830818</ele>
        <time>2026-07-03T08:32:08.807Z</time>
      </trkpt>
      <trkpt lat="48.020370" lon="-4.012552">
        <ele>92.417823</ele>
        <time>2026-07-03T08:32:13.311Z</time>
      </trkpt>
      <trkpt lat="48.020613" lon="-4.011852">
        <ele>91.561546</ele>
        <time>2026-07-03T08:32:36.887Z</time>
      </trkpt>
      <trkpt lat="48.020966" lon="-4.010939">
        <ele>90.576945</ele>
        <time>2026-07-03T08:33:09.761Z</time>
      </trkpt>
      <trkpt lat="48.020998" lon="-4.010938">
        <ele>90.532267</ele>
        <time>2026-07-03T08:33:11.279Z</time>
      </trkpt>
      <trkpt lat="48.021153" lon="-4.011386">
        <ele>90.061344</ele>
        <time>2026-07-03T08:33:27.503Z</time>
      </trkpt>
      <trkpt lat="48.021278" lon="-4.011613">
        <ele>89.786820</ele>
        <time>2026-07-03T08:33:37.149Z</time>
      </trkpt>
      <trkpt lat="48.021335" lon="-4.011804">
        <ele>89.719234</ele>
        <time>2026-07-03T08:33:44.160Z</time>
      </trkpt>
      <trkpt lat="48.021244" lon="-4.012262">
        <ele>89.701967</ele>
        <time>2026-07-03T08:34:00.468Z</time>
      </trkpt>
      <trkpt lat="48.021204" lon="-4.012816">
        <ele>89.681829</ele>
        <time>2026-07-03T08:34:19.637Z</time>
      </trkpt>
      <trkpt lat="48.021143" lon="-4.013310">
        <ele>89.663675</ele>
        <time>2026-07-03T08:34:36.432Z</time>
      </trkpt>
      <trkpt lat="48.021082" lon="-4.013597">
        <ele>89.652791</ele>
        <time>2026-07-03T08:34:46.134Z</time>
      </trkpt>
      <trkpt lat="48.020904" lon="-4.014100">
        <ele>89.632226</ele>
        <time>2026-07-03T08:35:03.782Z</time>
      </trkpt>
      <trkpt lat="48.020847" lon="-4.014463">
        <ele>89.342392</ele>
        <time>2026-07-03T08:35:14.964Z</time>
      </trkpt>
      <trkpt lat="48.021149" lon="-4.014510">
        <ele>88.788837</ele>
        <time>2026-07-03T08:35:28.687Z</time>
      </trkpt>
      <trkpt lat="48.021389" lon="-4.014638">
        <ele>88.324283</ele>
        <time>2026-07-03T08:35:40.273Z</time>
      </trkpt>
      <trkpt lat="48.021553" lon="-4.014788">
        <ele>87.973782</ele>
        <time>2026-07-03T08:35:48.922Z</time>
      </trkpt>
      <trkpt lat="48.021686" lon="-4.014978">
        <ele>87.638414</ele>
        <time>2026-07-03T08:35:57.200Z</time>
      </trkpt>
      <trkpt lat="48.021599" lon="-4.015079">
        <ele>87.437602</ele>
        <time>2026-07-03T08:36:02.236Z</time>
      </trkpt>
      <trkpt lat="48.021471" lon="-4.015379">
        <ele>87.003691</ele>
        <time>2026-07-03T08:36:12.954Z</time>
      </trkpt>
      <trkpt lat="48.021318" lon="-4.015629">
        <ele>86.590485</ele>
        <time>2026-07-03T08:36:23.394Z</time>
      </trkpt>
      <trkpt lat="48.021408" lon="-4.015778">
        <ele>86.352395</ele>
        <time>2026-07-03T08:36:29.717Z</time>
      </trkpt>
      <trkpt lat="48.021445" lon="-4.015898">
        <ele>86.645470</ele>
        <time>2026-07-03T08:36:33.997Z</time>
      </trkpt>
      <trkpt lat="48.021499" lon="-4.015981">
        <ele>86.902287</ele>
        <time>2026-07-03T08:36:37.960Z</time>
      </trkpt>
      <trkpt lat="48.021546" lon="-4.015995">
        <ele>87.061206</ele>
        <time>2026-07-03T08:36:40.302Z</time>
      </trkpt>
      <trkpt lat="48.021462" lon="-4.016118">
        <ele>87.451098</ele>
        <time>2026-07-03T08:36:46.727Z</time>
      </trkpt>
      <trkpt lat="48.021443" lon="-4.016205">
        <ele>87.654086</ele>
        <time>2026-07-03T08:36:50.118Z</time>
      </trkpt>
      <trkpt lat="48.021525" lon="-4.016264">
        <ele>87.955854</ele>
        <time>2026-07-03T08:36:55.537Z</time>
      </trkpt>
      <trkpt lat="48.021677" lon="-4.016258">
        <ele>88.460074</ele>
        <time>2026-07-03T08:37:04.596Z</time>
      </trkpt>
      <trkpt lat="48.021706" lon="-4.016314">
        <ele>88.617156</ele>
        <time>2026-07-03T08:37:07.347Z</time>
      </trkpt>
      <trkpt lat="48.021740" lon="-4.016725">
        <ele>89.535682</ele>
        <time>2026-07-03T08:37:23.676Z</time>
      </trkpt>
      <trkpt lat="48.021556" lon="-4.017019">
        <ele>90.428711</ele>
        <time>2026-07-03T08:37:39.341Z</time>
      </trkpt>
      <trkpt lat="48.021231" lon="-4.017255">
        <ele>91.626827</ele>
        <time>2026-07-03T08:38:00.619Z</time>
      </trkpt>
      <trkpt lat="48.021094" lon="-4.017502">
        <ele>92.299368</ele>
        <time>2026-07-03T08:38:13.161Z</time>
      </trkpt>
      <trkpt lat="48.021004" lon="-4.018119">
        <ele>91.592917</ele>
        <time>2026-07-03T08:38:36.776Z</time>
      </trkpt>
      <trkpt lat="48.021052" lon="-4.018457">
        <ele>91.206374</ele>
        <time>2026-07-03T08:38:48.374Z</time>
      </trkpt>
      <trkpt lat="48.021111" lon="-4.018694">
        <ele>90.923478</ele>
        <time>2026-07-03T08:38:56.329Z</time>
      </trkpt>
      <trkpt lat="48.021148" lon="-4.018789">
        <ele>90.800498</ele>
        <time>2026-07-03T08:38:59.645Z</time>
      </trkpt>
      <trkpt lat="48.021169" lon="-4.018816">
        <ele>90.754174</ele>
        <time>2026-07-03T08:39:00.923Z</time>
      </trkpt>
      <trkpt lat="48.021248" lon="-4.018915">
        <ele>90.581769</ele>
        <time>2026-07-03T08:39:05.472Z</time>
      </trkpt>
      <trkpt lat="48.021294" lon="-4.018754">
        <ele>90.385917</ele>
        <time>2026-07-03T08:39:10.596Z</time>
      </trkpt>
      <trkpt lat="48.021499" lon="-4.018291">
        <ele>89.764768</ele>
        <time>2026-07-03T08:39:26.425Z</time>
      </trkpt>
      <trkpt lat="48.021621" lon="-4.018114">
        <ele>89.480441</ele>
        <time>2026-07-03T08:39:33.560Z</time>
      </trkpt>
      <trkpt lat="48.021743" lon="-4.018052">
        <ele>89.179945</ele>
        <time>2026-07-03T08:39:38.955Z</time>
      </trkpt>
      <trkpt lat="48.022418" lon="-4.017828">
        <ele>85.522233</ele>
        <time>2026-07-03T08:40:07.612Z</time>
      </trkpt>
      <trkpt lat="48.023351" lon="-4.017402">
        <ele>80.361558</ele>
        <time>2026-07-03T08:40:49.559Z</time>
      </trkpt>
      <trkpt lat="48.023353" lon="-4.017305">
        <ele>80.018194</ele>
        <time>2026-07-03T08:40:51.984Z</time>
      </trkpt>
      <trkpt lat="48.023369" lon="-4.017209">
        <ele>79.741952</ele>
        <time>2026-07-03T08:40:54.454Z</time>
      </trkpt>
      <trkpt lat="48.023224" lon="-4.017017">
        <ele>79.341894</ele>
        <time>2026-07-03T08:41:03.028Z</time>
      </trkpt>
      <trkpt lat="48.023151" lon="-4.016920">
        <ele>79.140176</ele>
        <time>2026-07-03T08:41:07.382Z</time>
      </trkpt>
      <trkpt lat="48.022905" lon="-4.016295">
        <ele>78.138357</ele>
        <time>2026-07-03T08:41:29.680Z</time>
      </trkpt>
      <trkpt lat="48.022828" lon="-4.016155">
        <ele>77.887960</ele>
        <time>2026-07-03T08:41:35.331Z</time>
      </trkpt>
      <trkpt lat="48.022985" lon="-4.015961">
        <ele>77.467268</ele>
        <time>2026-07-03T08:41:43.711Z</time>
      </trkpt>
      <trkpt lat="48.022970" lon="-4.015927">
        <ele>77.411001</ele>
        <time>2026-07-03T08:41:44.830Z</time>
      </trkpt>
      <trkpt lat="48.022954" lon="-4.015894">
        <ele>77.354695</ele>
        <time>2026-07-03T08:41:45.949Z</time>
      </trkpt>
      <trkpt lat="48.022936" lon="-4.015862">
        <ele>77.296933</ele>
        <time>2026-07-03T08:41:47.097Z</time>
      </trkpt>
      <trkpt lat="48.022917" lon="-4.015830">
        <ele>77.237820</ele>
        <time>2026-07-03T08:41:48.272Z</time>
      </trkpt>
      <trkpt lat="48.022896" lon="-4.015799">
        <ele>77.176867</ele>
        <time>2026-07-03T08:41:49.484Z</time>
      </trkpt>
      <trkpt lat="48.022876" lon="-4.015769">
        <ele>77.118351</ele>
        <time>2026-07-03T08:41:50.647Z</time>
      </trkpt>
      <trkpt lat="48.022855" lon="-4.015740">
        <ele>77.059306</ele>
        <time>2026-07-03T08:41:51.821Z</time>
      </trkpt>
      <trkpt lat="48.022834" lon="-4.015712">
        <ele>77.001189</ele>
        <time>2026-07-03T08:41:52.976Z</time>
      </trkpt>
      <trkpt lat="48.022810" lon="-4.015688">
        <ele>76.941552</ele>
        <time>2026-07-03T08:41:54.162Z</time>
      </trkpt>
      <trkpt lat="48.022787" lon="-4.015664">
        <ele>76.883621</ele>
        <time>2026-07-03T08:41:55.313Z</time>
      </trkpt>
      <trkpt lat="48.022762" lon="-4.015644">
        <ele>76.825057</ele>
        <time>2026-07-03T08:41:56.477Z</time>
      </trkpt>
      <trkpt lat="48.022737" lon="-4.015623">
        <ele>76.765829</ele>
        <time>2026-07-03T08:41:57.655Z</time>
      </trkpt>
      <trkpt lat="48.022713" lon="-4.015606">
        <ele>76.710976</ele>
        <time>2026-07-03T08:41:58.745Z</time>
      </trkpt>
      <trkpt lat="48.022689" lon="-4.015588">
        <ele>76.655518</ele>
        <time>2026-07-03T08:41:59.848Z</time>
      </trkpt>
      <trkpt lat="48.022665" lon="-4.015573">
        <ele>76.601790</ele>
        <time>2026-07-03T08:42:00.916Z</time>
      </trkpt>
      <trkpt lat="48.022641" lon="-4.015558">
        <ele>76.548062</ele>
        <time>2026-07-03T08:42:01.984Z</time>
      </trkpt>
      <trkpt lat="48.022620" lon="-4.015543">
        <ele>76.499991</ele>
        <time>2026-07-03T08:42:02.939Z</time>
      </trkpt>
      <trkpt lat="48.022600" lon="-4.015528">
        <ele>76.453776</ele>
        <time>2026-07-03T08:42:03.858Z</time>
      </trkpt>
      <trkpt lat="48.022584" lon="-4.015505">
        <ele>76.407932</ele>
        <time>2026-07-03T08:42:04.769Z</time>
      </trkpt>
      <trkpt lat="48.022569" lon="-4.015482">
        <ele>76.363553</ele>
        <time>2026-07-03T08:42:05.652Z</time>
      </trkpt>
      <trkpt lat="48.022561" lon="-4.015453">
        <ele>76.320217</ele>
        <time>2026-07-03T08:42:06.513Z</time>
      </trkpt>
      <trkpt lat="48.022553" lon="-4.015424">
        <ele>76.276881</ele>
        <time>2026-07-03T08:42:07.375Z</time>
      </trkpt>
      <trkpt lat="48.022555" lon="-4.015393">
        <ele>76.233857</ele>
        <time>2026-07-03T08:42:08.230Z</time>
      </trkpt>
      <trkpt lat="48.022557" lon="-4.015361">
        <ele>76.189457</ele>
        <time>2026-07-03T08:42:09.113Z</time>
      </trkpt>
      <trkpt lat="48.022558" lon="-4.015331">
        <ele>76.147962</ele>
        <time>2026-07-03T08:42:09.937Z</time>
      </trkpt>
      <trkpt lat="48.022560" lon="-4.015301">
        <ele>76.106313</ele>
        <time>2026-07-03T08:42:10.765Z</time>
      </trkpt>
      <trkpt lat="48.022554" lon="-4.015272">
        <ele>76.074016</ele>
        <time>2026-07-03T08:42:11.599Z</time>
      </trkpt>
      <trkpt lat="48.022549" lon="-4.015243">
        <ele>76.073271</ele>
        <time>2026-07-03T08:42:12.421Z</time>
      </trkpt>
      <trkpt lat="48.022540" lon="-4.015214">
        <ele>76.072477</ele>
        <time>2026-07-03T08:42:13.299Z</time>
      </trkpt>
      <trkpt lat="48.022531" lon="-4.015185">
        <ele>76.071682</ele>
        <time>2026-07-03T08:42:14.177Z</time>
      </trkpt>
      <trkpt lat="48.022525" lon="-4.015154">
        <ele>76.070879</ele>
        <time>2026-07-03T08:42:15.064Z</time>
      </trkpt>
      <trkpt lat="48.022520" lon="-4.015123">
        <ele>76.070086</ele>
        <time>2026-07-03T08:42:15.939Z</time>
      </trkpt>
      <trkpt lat="48.022519" lon="-4.015090">
        <ele>76.069265</ele>
        <time>2026-07-03T08:42:16.846Z</time>
      </trkpt>
      <trkpt lat="48.022519" lon="-4.015058">
        <ele>76.068469</ele>
        <time>2026-07-03T08:42:17.725Z</time>
      </trkpt>
      <trkpt lat="48.022519" lon="-4.015024">
        <ele>76.067624</ele>
        <time>2026-07-03T08:42:18.659Z</time>
      </trkpt>
      <trkpt lat="48.022521" lon="-4.014989">
        <ele>76.066751</ele>
        <time>2026-07-03T08:42:19.624Z</time>
      </trkpt>
      <trkpt lat="48.022523" lon="-4.014954">
        <ele>76.065877</ele>
        <time>2026-07-03T08:42:20.588Z</time>
      </trkpt>
      <trkpt lat="48.022526" lon="-4.014918">
        <ele>76.064975</ele>
        <time>2026-07-03T08:42:21.585Z</time>
      </trkpt>
      <trkpt lat="48.022531" lon="-4.014881">
        <ele>76.064037</ele>
        <time>2026-07-03T08:42:22.621Z</time>
      </trkpt>
      <trkpt lat="48.022535" lon="-4.014844">
        <ele>76.063105</ele>
        <time>2026-07-03T08:42:23.650Z</time>
      </trkpt>
      <trkpt lat="48.022540" lon="-4.014804">
        <ele>76.062093</ele>
        <time>2026-07-03T08:42:24.768Z</time>
      </trkpt>
      <trkpt lat="48.022544" lon="-4.014765">
        <ele>76.061112</ele>
        <time>2026-07-03T08:42:25.851Z</time>
      </trkpt>
      <trkpt lat="48.022548" lon="-4.014724">
        <ele>76.060082</ele>
        <time>2026-07-03T08:42:26.989Z</time>
      </trkpt>
      <trkpt lat="48.022551" lon="-4.014683">
        <ele>76.059056</ele>
        <time>2026-07-03T08:42:28.122Z</time>
      </trkpt>
      <trkpt lat="48.022555" lon="-4.014644">
        <ele>76.058075</ele>
        <time>2026-07-03T08:42:29.205Z</time>
      </trkpt>
      <trkpt lat="48.022559" lon="-4.014605">
        <ele>76.057094</ele>
        <time>2026-07-03T08:42:30.289Z</time>
      </trkpt>
      <trkpt lat="48.022560" lon="-4.014568">
        <ele>76.056174</ele>
        <time>2026-07-03T08:42:31.306Z</time>
      </trkpt>
      <trkpt lat="48.022562" lon="-4.014530">
        <ele>76.055226</ele>
        <time>2026-07-03T08:42:32.352Z</time>
      </trkpt>
      <trkpt lat="48.022564" lon="-4.014493">
        <ele>76.054303</ele>
        <time>2026-07-03T08:42:33.372Z</time>
      </trkpt>
      <trkpt lat="48.022566" lon="-4.014456">
        <ele>76.053380</ele>
        <time>2026-07-03T08:42:34.391Z</time>
      </trkpt>
      <trkpt lat="48.022575" lon="-4.014422">
        <ele>76.052471</ele>
        <time>2026-07-03T08:42:35.395Z</time>
      </trkpt>
      <trkpt lat="48.022584" lon="-4.014387">
        <ele>76.051539</ele>
        <time>2026-07-03T08:42:36.425Z</time>
      </trkpt>
      <trkpt lat="48.022602" lon="-4.014361">
        <ele>76.050608</ele>
        <time>2026-07-03T08:42:37.453Z</time>
      </trkpt>
      <trkpt lat="48.022621" lon="-4.014335">
        <ele>76.049651</ele>
        <time>2026-07-03T08:42:38.510Z</time>
      </trkpt>
      <trkpt lat="48.022646" lon="-4.014315">
        <ele>76.048597</ele>
        <time>2026-07-03T08:42:39.674Z</time>
      </trkpt>
      <trkpt lat="48.022636" lon="-4.014278">
        <ele>76.047605</ele>
        <time>2026-07-03T08:42:40.759Z</time>
      </trkpt>
      <trkpt lat="48.022644" lon="-4.014274">
        <ele>76.047291</ele>
        <time>2026-07-03T08:42:41.162Z</time>
      </trkpt>
      <trkpt lat="48.022700" lon="-4.014178">
        <ele>76.044124</ele>
        <time>2026-07-03T08:42:45.196Z</time>
      </trkpt>
      <trkpt lat="48.022739" lon="-4.014008">
        <ele>76.039655</ele>
        <time>2026-07-03T08:42:50.917Z</time>
      </trkpt>
      <trkpt lat="48.022737" lon="-4.013877">
        <ele>76.036398</ele>
        <time>2026-07-03T08:42:55.047Z</time>
      </trkpt>
      <trkpt lat="48.022675" lon="-4.013339">
        <ele>76.022824</ele>
        <time>2026-07-03T08:43:12.347Z</time>
      </trkpt>
      <trkpt lat="48.022710" lon="-4.013135">
        <ele>76.017588</ele>
        <time>2026-07-03T08:43:19.301Z</time>
      </trkpt>
      <trkpt lat="48.022868" lon="-4.012921">
        <ele>76.009663</ele>
        <time>2026-07-03T08:43:29.965Z</time>
      </trkpt>
      <trkpt lat="48.023165" lon="-4.012740">
        <ele>77.041570</ele>
        <time>2026-07-03T08:43:46.815Z</time>
      </trkpt>
      <trkpt lat="48.023398" lon="-4.012743">
        <ele>77.975696</ele>
        <time>2026-07-03T08:43:59.599Z</time>
      </trkpt>
      <trkpt lat="48.023476" lon="-4.012712">
        <ele>78.299254</ele>
        <time>2026-07-03T08:44:04.050Z</time>
      </trkpt>
      <trkpt lat="48.023695" lon="-4.012581">
        <ele>79.244876</ele>
        <time>2026-07-03T08:44:17.561Z</time>
      </trkpt>
      <trkpt lat="48.024043" lon="-4.012497">
        <ele>80.658062</ele>
        <time>2026-07-03T08:44:38.849Z</time>
      </trkpt>
      <trkpt lat="48.024283" lon="-4.012397">
        <ele>81.656877</ele>
        <time>2026-07-03T08:44:54.571Z</time>
      </trkpt>
      <trkpt lat="48.024356" lon="-4.012336">
        <ele>81.992135</ele>
        <time>2026-07-03T08:44:59.718Z</time>
      </trkpt>
      <trkpt lat="48.024607" lon="-4.012044">
        <ele>83.244737</ele>
        <time>2026-07-03T08:45:19.022Z</time>
      </trkpt>
      <trkpt lat="48.024711" lon="-4.011961">
        <ele>83.501941</ele>
        <time>2026-07-03T08:45:25.893Z</time>
      </trkpt>
      <trkpt lat="48.024895" lon="-4.011914">
        <ele>83.909203</ele>
        <time>2026-07-03T08:45:36.355Z</time>
      </trkpt>
      <trkpt lat="48.025174" lon="-4.011908">
        <ele>84.517980</ele>
        <time>2026-07-03T08:45:51.438Z</time>
      </trkpt>
      <trkpt lat="48.025261" lon="-4.011920">
        <ele>84.708600</ele>
        <time>2026-07-03T08:45:56.054Z</time>
      </trkpt>
      <trkpt lat="48.025265" lon="-4.011891">
        <ele>84.751807</ele>
        <time>2026-07-03T08:45:56.935Z</time>
      </trkpt>
      <trkpt lat="48.025356" lon="-4.011542">
        <ele>85.298393</ele>
        <time>2026-07-03T08:46:07.980Z</time>
      </trkpt>
      <trkpt lat="48.025432" lon="-4.011342">
        <ele>85.634044</ele>
        <time>2026-07-03T08:46:14.643Z</time>
      </trkpt>
      <trkpt lat="48.025788" lon="-4.010582">
        <ele>86.987959</ele>
        <time>2026-07-03T08:46:40.598Z</time>
      </trkpt>
      <trkpt lat="48.025880" lon="-4.010191">
        <ele>87.567944</ele>
        <time>2026-07-03T08:46:52.017Z</time>
      </trkpt>
      <trkpt lat="48.026195" lon="-4.010231">
        <ele>88.219667</ele>
        <time>2026-07-03T08:47:07.926Z</time>
      </trkpt>
      <trkpt lat="48.026755" lon="-4.010160">
        <ele>89.378273</ele>
        <time>2026-07-03T08:47:37.310Z</time>
      </trkpt>
      <trkpt lat="48.026946" lon="-4.010001">
        <ele>89.828938</ele>
        <time>2026-07-03T08:47:49.211Z</time>
      </trkpt>
      <trkpt lat="48.027101" lon="-4.009751">
        <ele>90.298948</ele>
        <time>2026-07-03T08:48:01.777Z</time>
      </trkpt>
      <trkpt lat="48.027231" lon="-4.009407">
        <ele>90.843708</ele>
        <time>2026-07-03T08:48:16.583Z</time>
      </trkpt>
      <trkpt lat="48.028078" lon="-4.008671">
        <ele>93.661617</ele>
        <time>2026-07-03T08:49:09.328Z</time>
      </trkpt>
      <trkpt lat="48.028208" lon="-4.008672">
        <ele>94.035909</ele>
        <time>2026-07-03T08:49:15.995Z</time>
      </trkpt>
      <trkpt lat="48.028327" lon="-4.008777">
        <ele>94.433729</ele>
        <time>2026-07-03T08:49:23.158Z</time>
      </trkpt>
      <trkpt lat="48.028323" lon="-4.009372">
        <ele>95.579436</ele>
        <time>2026-07-03T08:49:44.236Z</time>
      </trkpt>
      <trkpt lat="48.028149" lon="-4.009533">
        <ele>96.288381</ele>
        <time>2026-07-03T08:49:52.620Z</time>
      </trkpt>
      <trkpt lat="48.028134" lon="-4.009564">
        <ele>96.425212</ele>
        <time>2026-07-03T08:49:53.672Z</time>
      </trkpt>
      <trkpt lat="48.028119" lon="-4.009594">
        <ele>96.559162</ele>
        <time>2026-07-03T08:49:54.701Z</time>
      </trkpt>
      <trkpt lat="48.028104" lon="-4.009625">
        <ele>96.695993</ele>
        <time>2026-07-03T08:49:55.752Z</time>
      </trkpt>
      <trkpt lat="48.028090" lon="-4.009655">
        <ele>96.826811</ele>
        <time>2026-07-03T08:49:56.757Z</time>
      </trkpt>
      <trkpt lat="48.028075" lon="-4.009686">
        <ele>96.963642</ele>
        <time>2026-07-03T08:49:57.808Z</time>
      </trkpt>
      <trkpt lat="48.028062" lon="-4.009720">
        <ele>97.103696</ele>
        <time>2026-07-03T08:49:58.884Z</time>
      </trkpt>
      <trkpt lat="48.028049" lon="-4.009754">
        <ele>97.243750</ele>
        <time>2026-07-03T08:49:59.961Z</time>
      </trkpt>
      <trkpt lat="48.028043" lon="-4.009794">
        <ele>97.390346</ele>
        <time>2026-07-03T08:50:01.087Z</time>
      </trkpt>
      <trkpt lat="48.028037" lon="-4.009834">
        <ele>97.536942</ele>
        <time>2026-07-03T08:50:02.213Z</time>
      </trkpt>
      <trkpt lat="48.028045" lon="-4.009873">
        <ele>97.682820</ele>
        <time>2026-07-03T08:50:03.334Z</time>
      </trkpt>
      <trkpt lat="48.028053" lon="-4.009912">
        <ele>97.828699</ele>
        <time>2026-07-03T08:50:04.455Z</time>
      </trkpt>
      <trkpt lat="48.028073" lon="-4.009941">
        <ele>97.977669</ele>
        <time>2026-07-03T08:50:05.601Z</time>
      </trkpt>
      <trkpt lat="48.028092" lon="-4.009970">
        <ele>98.122847</ele>
        <time>2026-07-03T08:50:06.716Z</time>
      </trkpt>
      <trkpt lat="48.028116" lon="-4.009990">
        <ele>98.269764</ele>
        <time>2026-07-03T08:50:07.845Z</time>
      </trkpt>
      <trkpt lat="48.028141" lon="-4.010011">
        <ele>98.423094</ele>
        <time>2026-07-03T08:50:09.024Z</time>
      </trkpt>
      <trkpt lat="48.028163" lon="-4.010028">
        <ele>98.555512</ele>
        <time>2026-07-03T08:50:10.041Z</time>
      </trkpt>
      <trkpt lat="48.028184" lon="-4.010046">
        <ele>98.684945</ele>
        <time>2026-07-03T08:50:11.036Z</time>
      </trkpt>
      <trkpt lat="48.028203" lon="-4.010063">
        <ele>98.803341</ele>
        <time>2026-07-03T08:50:11.946Z</time>
      </trkpt>
      <trkpt lat="48.028222" lon="-4.010080">
        <ele>98.921738</ele>
        <time>2026-07-03T08:50:12.856Z</time>
      </trkpt>
      <trkpt lat="48.028238" lon="-4.010097">
        <ele>99.026692</ele>
        <time>2026-07-03T08:50:13.663Z</time>
      </trkpt>
      <trkpt lat="48.028255" lon="-4.010114">
        <ele>99.136050</ele>
        <time>2026-07-03T08:50:14.503Z</time>
      </trkpt>
      <trkpt lat="48.028273" lon="-4.010132">
        <ele>99.251840</ele>
        <time>2026-07-03T08:50:15.393Z</time>
      </trkpt>
      <trkpt lat="48.028291" lon="-4.010151">
        <ele>99.369656</ele>
        <time>2026-07-03T08:50:16.299Z</time>
      </trkpt>
      <trkpt lat="48.028309" lon="-4.010166">
        <ele>99.479843</ele>
        <time>2026-07-03T08:50:17.146Z</time>
      </trkpt>
      <trkpt lat="48.028328" lon="-4.010182">
        <ele>99.596444</ele>
        <time>2026-07-03T08:50:18.042Z</time>
      </trkpt>
      <trkpt lat="48.028347" lon="-4.010195">
        <ele>99.708172</ele>
        <time>2026-07-03T08:50:18.901Z</time>
      </trkpt>
      <trkpt lat="48.028367" lon="-4.010208">
        <ele>99.824784</ele>
        <time>2026-07-03T08:50:19.798Z</time>
      </trkpt>
      <trkpt lat="48.028386" lon="-4.010218">
        <ele>99.932491</ele>
        <time>2026-07-03T08:50:20.626Z</time>
      </trkpt>
      <trkpt lat="48.028406" lon="-4.010229">
        <ele>100.046440</ele>
        <time>2026-07-03T08:50:21.502Z</time>
      </trkpt>
      <trkpt lat="48.028426" lon="-4.010240">
        <ele>100.160389</ele>
        <time>2026-07-03T08:50:22.378Z</time>
      </trkpt>
      <trkpt lat="48.028446" lon="-4.010251">
        <ele>100.274339</ele>
        <time>2026-07-03T08:50:23.254Z</time>
      </trkpt>
      <trkpt lat="48.028466" lon="-4.010266">
        <ele>100.393981</ele>
        <time>2026-07-03T08:50:24.174Z</time>
      </trkpt>
      <trkpt lat="48.028487" lon="-4.010282">
        <ele>100.520009</ele>
        <time>2026-07-03T08:50:25.143Z</time>
      </trkpt>
      <trkpt lat="48.028509" lon="-4.010303">
        <ele>100.659574</ele>
        <time>2026-07-03T08:50:26.216Z</time>
      </trkpt>
      <trkpt lat="48.028531" lon="-4.010324">
        <ele>100.799139</ele>
        <time>2026-07-03T08:50:27.289Z</time>
      </trkpt>
      <trkpt lat="48.028554" lon="-4.010348">
        <ele>100.949110</ele>
        <time>2026-07-03T08:50:28.442Z</time>
      </trkpt>
      <trkpt lat="48.028577" lon="-4.010373">
        <ele>101.101156</ele>
        <time>2026-07-03T08:50:29.611Z</time>
      </trkpt>
      <trkpt lat="48.028598" lon="-4.010398">
        <ele>101.244690</ele>
        <time>2026-07-03T08:50:30.715Z</time>
      </trkpt>
      <trkpt lat="48.028620" lon="-4.010423">
        <ele>101.392444</ele>
        <time>2026-07-03T08:50:31.851Z</time>
      </trkpt>
      <trkpt lat="48.028640" lon="-4.010447">
        <ele>101.529567</ele>
        <time>2026-07-03T08:50:32.905Z</time>
      </trkpt>
      <trkpt lat="48.028660" lon="-4.010471">
        <ele>101.666691</ele>
        <time>2026-07-03T08:50:33.960Z</time>
      </trkpt>
      <trkpt lat="48.028680" lon="-4.010493">
        <ele>101.799455</ele>
        <time>2026-07-03T08:50:34.981Z</time>
      </trkpt>
      <trkpt lat="48.028700" lon="-4.010515">
        <ele>101.932220</ele>
        <time>2026-07-03T08:50:36.002Z</time>
      </trkpt>
      <trkpt lat="48.028719" lon="-4.010534">
        <ele>102.054442</ele>
        <time>2026-07-03T08:50:36.943Z</time>
      </trkpt>
      <trkpt lat="48.028739" lon="-4.010553">
        <ele>102.181145</ele>
        <time>2026-07-03T08:50:37.917Z</time>
      </trkpt>
      <trkpt lat="48.028755" lon="-4.010572">
        <ele>102.290397</ele>
        <time>2026-07-03T08:50:38.758Z</time>
      </trkpt>
      <trkpt lat="48.028771" lon="-4.010591">
        <ele>102.399650</ele>
        <time>2026-07-03T08:50:39.598Z</time>
      </trkpt>
      <trkpt lat="48.028782" lon="-4.010607">
        <ele>102.481707</ele>
        <time>2026-07-03T08:50:40.230Z</time>
      </trkpt>
      <trkpt lat="48.028793" lon="-4.010623">
        <ele>102.563764</ele>
        <time>2026-07-03T08:50:40.861Z</time>
      </trkpt>
      <trkpt lat="48.028801" lon="-4.010638">
        <ele>102.632373</ele>
        <time>2026-07-03T08:50:41.389Z</time>
      </trkpt>
      <trkpt lat="48.028810" lon="-4.010652">
        <ele>102.701817</ele>
        <time>2026-07-03T08:50:41.923Z</time>
      </trkpt>
      <trkpt lat="48.028819" lon="-4.010668">
        <ele>102.776581</ele>
        <time>2026-07-03T08:50:42.498Z</time>
      </trkpt>
      <trkpt lat="48.028827" lon="-4.010683">
        <ele>102.845190</ele>
        <time>2026-07-03T08:50:43.026Z</time>
      </trkpt>
      <trkpt lat="48.028836" lon="-4.010699">
        <ele>102.919954</ele>
        <time>2026-07-03T08:50:43.601Z</time>
      </trkpt>
      <trkpt lat="48.028845" lon="-4.010714">
        <ele>102.992018</ele>
        <time>2026-07-03T08:50:44.156Z</time>
      </trkpt>
      <trkpt lat="48.028854" lon="-4.010729">
        <ele>103.064082</ele>
        <time>2026-07-03T08:50:44.710Z</time>
      </trkpt>
      <trkpt lat="48.028862" lon="-4.010744">
        <ele>103.132691</ele>
        <time>2026-07-03T08:50:45.238Z</time>
      </trkpt>
      <trkpt lat="48.028874" lon="-4.010756">
        <ele>103.209884</ele>
        <time>2026-07-03T08:50:45.832Z</time>
      </trkpt>
      <trkpt lat="48.028886" lon="-4.010769">
        <ele>103.289121</ele>
        <time>2026-07-03T08:50:46.442Z</time>
      </trkpt>
      <trkpt lat="48.028899" lon="-4.010780">
        <ele>103.368992</ele>
        <time>2026-07-03T08:50:47.056Z</time>
      </trkpt>
      <trkpt lat="48.028912" lon="-4.010791">
        <ele>103.448864</ele>
        <time>2026-07-03T08:50:47.671Z</time>
      </trkpt>
      <trkpt lat="48.028925" lon="-4.010803">
        <ele>103.530556</ele>
        <time>2026-07-03T08:50:48.299Z</time>
      </trkpt>
      <trkpt lat="48.028938" lon="-4.010814">
        <ele>103.610428</ele>
        <time>2026-07-03T08:50:48.914Z</time>
      </trkpt>
      <trkpt lat="48.028949" lon="-4.010826">
        <ele>103.683237</ele>
        <time>2026-07-03T08:50:49.475Z</time>
      </trkpt>
      <trkpt lat="48.028960" lon="-4.010838">
        <ele>103.756046</ele>
        <time>2026-07-03T08:50:50.035Z</time>
      </trkpt>
      <trkpt lat="48.028972" lon="-4.010850">
        <ele>103.833239</ele>
        <time>2026-07-03T08:50:50.629Z</time>
      </trkpt>
      <trkpt lat="48.028983" lon="-4.010862">
        <ele>103.906048</ele>
        <time>2026-07-03T08:50:51.189Z</time>
      </trkpt>
      <trkpt lat="48.028993" lon="-4.010873">
        <ele>103.972430</ele>
        <time>2026-07-03T08:50:51.700Z</time>
      </trkpt>
      <trkpt lat="48.029004" lon="-4.010884">
        <ele>104.043190</ele>
        <time>2026-07-03T08:50:52.244Z</time>
      </trkpt>
      <trkpt lat="48.029014" lon="-4.010896">
        <ele>104.111752</ele>
        <time>2026-07-03T08:50:52.772Z</time>
      </trkpt>
      <trkpt lat="48.029024" lon="-4.010907">
        <ele>104.178134</ele>
        <time>2026-07-03T08:50:53.283Z</time>
      </trkpt>
      <trkpt lat="48.029035" lon="-4.010921">
        <ele>104.255375</ele>
        <time>2026-07-03T08:50:53.877Z</time>
      </trkpt>
      <trkpt lat="48.029046" lon="-4.010936">
        <ele>104.334979</ele>
        <time>2026-07-03T08:50:54.489Z</time>
      </trkpt>
      <trkpt lat="48.029054" lon="-4.010948">
        <ele>104.395571</ele>
        <time>2026-07-03T08:50:54.956Z</time>
      </trkpt>
      <trkpt lat="48.029062" lon="-4.010961">
        <ele>104.458746</ele>
        <time>2026-07-03T08:50:55.442Z</time>
      </trkpt>
      <trkpt lat="48.029069" lon="-4.010971">
        <ele>104.510513</ele>
        <time>2026-07-03T08:50:55.840Z</time>
      </trkpt>
      <trkpt lat="48.029075" lon="-4.010980">
        <ele>104.555956</ele>
        <time>2026-07-03T08:50:56.190Z</time>
      </trkpt>
      <trkpt lat="48.029081" lon="-4.010989">
        <ele>104.601400</ele>
        <time>2026-07-03T08:50:56.539Z</time>
      </trkpt>
      <trkpt lat="48.029086" lon="-4.010997">
        <ele>104.640556</ele>
        <time>2026-07-03T08:50:56.840Z</time>
      </trkpt>
      <trkpt lat="48.029093" lon="-4.011006">
        <ele>104.689921</ele>
        <time>2026-07-03T08:50:57.220Z</time>
      </trkpt>
      <trkpt lat="48.029100" lon="-4.011015">
        <ele>104.739285</ele>
        <time>2026-07-03T08:50:57.600Z</time>
      </trkpt>
      <trkpt lat="48.029106" lon="-4.011025">
        <ele>104.787328</ele>
        <time>2026-07-03T08:50:57.970Z</time>
      </trkpt>
      <trkpt lat="48.029112" lon="-4.011036">
        <ele>104.838088</ele>
        <time>2026-07-03T08:50:58.360Z</time>
      </trkpt>
      <trkpt lat="48.029120" lon="-4.011047">
        <ele>104.896202</ele>
        <time>2026-07-03T08:50:58.807Z</time>
      </trkpt>
      <trkpt lat="48.029129" lon="-4.011058">
        <ele>104.958358</ele>
        <time>2026-07-03T08:50:59.285Z</time>
      </trkpt>
      <trkpt lat="48.029137" lon="-4.011069">
        <ele>105.016472</ele>
        <time>2026-07-03T08:50:59.732Z</time>
      </trkpt>
      <trkpt lat="48.029145" lon="-4.011080">
        <ele>105.074586</ele>
        <time>2026-07-03T08:51:00.179Z</time>
      </trkpt>
      <trkpt lat="48.029152" lon="-4.011090">
        <ele>105.126353</ele>
        <time>2026-07-03T08:51:00.577Z</time>
      </trkpt>
      <trkpt lat="48.029159" lon="-4.011101">
        <ele>105.180651</ele>
        <time>2026-07-03T08:51:00.995Z</time>
      </trkpt>
      <trkpt lat="48.029167" lon="-4.011112">
        <ele>105.238765</ele>
        <time>2026-07-03T08:51:01.442Z</time>
      </trkpt>
      <trkpt lat="48.029175" lon="-4.011123">
        <ele>105.296879</ele>
        <time>2026-07-03T08:51:01.889Z</time>
      </trkpt>
      <trkpt lat="48.029184" lon="-4.011133">
        <ele>105.356835</ele>
        <time>2026-07-03T08:51:02.350Z</time>
      </trkpt>
      <trkpt lat="48.029194" lon="-4.011144">
        <ele>105.423217</ele>
        <time>2026-07-03T08:51:02.861Z</time>
      </trkpt>
      <trkpt lat="48.029206" lon="-4.011153">
        <ele>105.495003</ele>
        <time>2026-07-03T08:51:03.413Z</time>
      </trkpt>
      <trkpt lat="48.029218" lon="-4.011163">
        <ele>105.568461</ele>
        <time>2026-07-03T08:51:03.977Z</time>
      </trkpt>
      <trkpt lat="48.029228" lon="-4.011171">
        <ele>105.629105</ele>
        <time>2026-07-03T08:51:04.444Z</time>
      </trkpt>
      <trkpt lat="48.029237" lon="-4.011180">
        <ele>105.675709</ele>
        <time>2026-07-03T08:51:04.889Z</time>
      </trkpt>
      <trkpt lat="48.029246" lon="-4.011191">
        <ele>105.720523</ele>
        <time>2026-07-03T08:51:05.367Z</time>
      </trkpt>
      <trkpt lat="48.029254" lon="-4.011202">
        <ele>105.762423</ele>
        <time>2026-07-03T08:51:05.814Z</time>
      </trkpt>
      <trkpt lat="48.029260" lon="-4.011216">
        <ele>105.805295</ele>
        <time>2026-07-03T08:51:06.271Z</time>
      </trkpt>
      <trkpt lat="48.029266" lon="-4.011230">
        <ele>105.848167</ele>
        <time>2026-07-03T08:51:06.728Z</time>
      </trkpt>
      <trkpt lat="48.029270" lon="-4.011245">
        <ele>105.889802</ele>
        <time>2026-07-03T08:51:07.172Z</time>
      </trkpt>
      <trkpt lat="48.029274" lon="-4.011260">
        <ele>105.931437</ele>
        <time>2026-07-03T08:51:07.616Z</time>
      </trkpt>
      <trkpt lat="48.029278" lon="-4.011275">
        <ele>105.973072</ele>
        <time>2026-07-03T08:51:08.060Z</time>
      </trkpt>
      <trkpt lat="48.029281" lon="-4.011291">
        <ele>106.015915</ele>
        <time>2026-07-03T08:51:08.517Z</time>
      </trkpt>
      <trkpt lat="48.029286" lon="-4.011307">
        <ele>106.061449</ele>
        <time>2026-07-03T08:51:09.002Z</time>
      </trkpt>
      <trkpt lat="48.029291" lon="-4.011323">
        <ele>106.106983</ele>
        <time>2026-07-03T08:51:09.488Z</time>
      </trkpt>
      <trkpt lat="48.029295" lon="-4.011340">
        <ele>106.153447</ele>
        <time>2026-07-03T08:51:09.983Z</time>
      </trkpt>
      <trkpt lat="48.029299" lon="-4.011357">
        <ele>106.199911</ele>
        <time>2026-07-03T08:51:10.478Z</time>
      </trkpt>
      <trkpt lat="48.029299" lon="-4.011375">
        <ele>106.246320</ele>
        <time>2026-07-03T08:51:10.973Z</time>
      </trkpt>
      <trkpt lat="48.029300" lon="-4.011393">
        <ele>106.292889</ele>
        <time>2026-07-03T08:51:11.470Z</time>
      </trkpt>
      <trkpt lat="48.029293" lon="-4.011409">
        <ele>106.342184</ele>
        <time>2026-07-03T08:51:11.995Z</time>
      </trkpt>
      <trkpt lat="48.029287" lon="-4.011425">
        <ele>106.389480</ele>
        <time>2026-07-03T08:51:12.499Z</time>
      </trkpt>
      <trkpt lat="48.029275" lon="-4.011438">
        <ele>106.446609</ele>
        <time>2026-07-03T08:51:13.108Z</time>
      </trkpt>
      <trkpt lat="48.029263" lon="-4.011451">
        <ele>106.503739</ele>
        <time>2026-07-03T08:51:13.717Z</time>
      </trkpt>
      <trkpt lat="48.029249" lon="-4.011463">
        <ele>106.565952</ele>
        <time>2026-07-03T08:51:14.381Z</time>
      </trkpt>
      <trkpt lat="48.029234" lon="-4.011474">
        <ele>106.630362</ele>
        <time>2026-07-03T08:51:15.067Z</time>
      </trkpt>
      <trkpt lat="48.029218" lon="-4.011487">
        <ele>106.700565</ele>
        <time>2026-07-03T08:51:15.816Z</time>
      </trkpt>
      <trkpt lat="48.029203" lon="-4.011501">
        <ele>106.768736</ele>
        <time>2026-07-03T08:51:16.542Z</time>
      </trkpt>
      <trkpt lat="48.029187" lon="-4.011518">
        <ele>106.844408</ele>
        <time>2026-07-03T08:51:17.349Z</time>
      </trkpt>
      <trkpt lat="48.029275" lon="-4.011718">
        <ele>107.461661</ele>
        <time>2026-07-03T08:51:23.927Z</time>
      </trkpt>
      <trkpt lat="48.028975" lon="-4.012012">
        <ele>108.844524</ele>
        <time>2026-07-03T08:51:44.480Z</time>
      </trkpt>
      <trkpt lat="48.028739" lon="-4.012355">
        <ele>110.113351</ele>
        <time>2026-07-03T08:52:02.307Z</time>
      </trkpt>
      <trkpt lat="48.028650" lon="-4.012448">
        <ele>110.531956</ele>
        <time>2026-07-03T08:52:08.074Z</time>
      </trkpt>
      <trkpt lat="48.028727" lon="-4.012545">
        <ele>110.920123</ele>
        <time>2026-07-03T08:52:13.492Z</time>
      </trkpt>
      <trkpt lat="48.028936" lon="-4.012804">
        <ele>111.966633</ele>
        <time>2026-07-03T08:52:27.862Z</time>
      </trkpt>
      <trkpt lat="48.028947" lon="-4.012912">
        <ele>112.248298</ele>
        <time>2026-07-03T08:52:31.690Z</time>
      </trkpt>
      <trkpt lat="48.028977" lon="-4.014719">
        <ele>114.847635</ele>
        <time>2026-07-03T08:53:36.411Z</time>
      </trkpt>
      <trkpt lat="48.029123" lon="-4.015068">
        <ele>115.403540</ele>
        <time>2026-07-03T08:53:50.796Z</time>
      </trkpt>
      <trkpt lat="48.029750" lon="-4.016173">
        <ele>115.220966</ele>
        <time>2026-07-03T08:54:38.811Z</time>
      </trkpt>
      <trkpt lat="48.029809" lon="-4.016216">
        <ele>115.106411</ele>
        <time>2026-07-03T08:54:41.910Z</time>
      </trkpt>
      <trkpt lat="48.029793" lon="-4.016784">
        <ele>114.442856</ele>
        <time>2026-07-03T08:54:59.553Z</time>
      </trkpt>
      <trkpt lat="48.029542" lon="-4.017386">
        <ele>113.614824</ele>
        <time>2026-07-03T08:55:20.906Z</time>
      </trkpt>
      <trkpt lat="48.029331" lon="-4.018141">
        <ele>112.092397</ele>
        <time>2026-07-03T08:55:44.691Z</time>
      </trkpt>
      <trkpt lat="48.029133" lon="-4.018679">
        <ele>110.393115</ele>
        <time>2026-07-03T08:56:02.419Z</time>
      </trkpt>
      <trkpt lat="48.028850" lon="-4.018764">
        <ele>109.198726</ele>
        <time>2026-07-03T08:56:14.731Z</time>
      </trkpt>
      <trkpt lat="48.029008" lon="-4.019418">
        <ele>107.274521</ele>
        <time>2026-07-03T08:56:34.963Z</time>
      </trkpt>
      <trkpt lat="48.029011" lon="-4.019582">
        <ele>106.820535</ele>
        <time>2026-07-03T08:56:39.846Z</time>
      </trkpt>
      <trkpt lat="48.028926" lon="-4.020255">
        <ele>105.678663</ele>
        <time>2026-07-03T08:57:00.560Z</time>
      </trkpt>
      <trkpt lat="48.028906" lon="-4.020414">
        <ele>105.708782</ele>
        <time>2026-07-03T08:57:05.458Z</time>
      </trkpt>
      <trkpt lat="48.028971" lon="-4.020533">
        <ele>105.737386</ele>
        <time>2026-07-03T08:57:10.173Z</time>
      </trkpt>
      <trkpt lat="48.029181" lon="-4.020495">
        <ele>105.796271</ele>
        <time>2026-07-03T08:57:19.918Z</time>
      </trkpt>
      <trkpt lat="48.029426" lon="-4.020514">
        <ele>105.864564</ele>
        <time>2026-07-03T08:57:31.547Z</time>
      </trkpt>
      <trkpt lat="48.029865" lon="-4.020621">
        <ele>105.988383</ele>
        <time>2026-07-03T08:57:54.133Z</time>
      </trkpt>
      <trkpt lat="48.030006" lon="-4.020622">
        <ele>106.027634</ele>
        <time>2026-07-03T08:58:01.927Z</time>
      </trkpt>
      <trkpt lat="48.030082" lon="-4.019924">
        <ele>106.239056</ele>
        <time>2026-07-03T08:58:29.033Z</time>
      </trkpt>
      <trkpt lat="48.030118" lon="-4.019316">
        <ele>106.683321</ele>
        <time>2026-07-03T08:58:50.231Z</time>
      </trkpt>
      <trkpt lat="48.030099" lon="-4.019107">
        <ele>106.836842</ele>
        <time>2026-07-03T08:58:57.043Z</time>
      </trkpt>
      <trkpt lat="48.030157" lon="-4.018738">
        <ele>107.112738</ele>
        <time>2026-07-03T08:59:09.889Z</time>
      </trkpt>
      <trkpt lat="48.030254" lon="-4.018560">
        <ele>107.279863</ele>
        <time>2026-07-03T08:59:17.707Z</time>
      </trkpt>
      <trkpt lat="48.030366" lon="-4.018424">
        <ele>107.436892</ele>
        <time>2026-07-03T08:59:24.920Z</time>
      </trkpt>
      <trkpt lat="48.030519" lon="-4.018300">
        <ele>107.626302</ele>
        <time>2026-07-03T08:59:33.539Z</time>
      </trkpt>
      <trkpt lat="48.030722" lon="-4.018297">
        <ele>107.847256</ele>
        <time>2026-07-03T08:59:43.459Z</time>
      </trkpt>
      <trkpt lat="48.030812" lon="-4.018370">
        <ele>107.958694</ele>
        <time>2026-07-03T08:59:48.423Z</time>
      </trkpt>
      <trkpt lat="48.030886" lon="-4.018281">
        <ele>108.062052</ele>
        <time>2026-07-03T08:59:52.930Z</time>
      </trkpt>
      <trkpt lat="48.030932" lon="-4.017937">
        <ele>107.966626</ele>
        <time>2026-07-03T09:00:04.090Z</time>
      </trkpt>
      <trkpt lat="48.030927" lon="-4.017704">
        <ele>107.875140</ele>
        <time>2026-07-03T09:00:11.331Z</time>
      </trkpt>
      <trkpt lat="48.031033" lon="-4.017326">
        <ele>107.714283</ele>
        <time>2026-07-03T09:00:23.914Z</time>
      </trkpt>
      <trkpt lat="48.031074" lon="-4.017217">
        <ele>107.665204</ele>
        <time>2026-07-03T09:00:27.831Z</time>
      </trkpt>
      <trkpt lat="48.031212" lon="-4.016851">
        <ele>107.500313</ele>
        <time>2026-07-03T09:00:41.337Z</time>
      </trkpt>
      <trkpt lat="48.031286" lon="-4.016705">
        <ele>107.428420</ele>
        <time>2026-07-03T09:00:47.508Z</time>
      </trkpt>
      <trkpt lat="48.031372" lon="-4.016370">
        <ele>107.287598</ele>
        <time>2026-07-03T09:00:59.232Z</time>
      </trkpt>
      <trkpt lat="48.031751" lon="-4.015496">
        <ele>106.772844</ele>
        <time>2026-07-03T09:01:32.290Z</time>
      </trkpt>
      <trkpt lat="48.031831" lon="-4.015201">
        <ele>106.562605</ele>
        <time>2026-07-03T09:01:42.232Z</time>
      </trkpt>
      <trkpt lat="48.031859" lon="-4.014984">
        <ele>106.416648</ele>
        <time>2026-07-03T09:01:49.125Z</time>
      </trkpt>
      <trkpt lat="48.031871" lon="-4.014314">
        <ele>105.974000</ele>
        <time>2026-07-03T09:02:09.931Z</time>
      </trkpt>
      <trkpt lat="48.031828" lon="-4.014011">
        <ele>105.769433</ele>
        <time>2026-07-03T09:02:19.658Z</time>
      </trkpt>
      <trkpt lat="48.031737" lon="-4.013734">
        <ele>105.565609</ele>
        <time>2026-07-03T09:02:29.437Z</time>
      </trkpt>
      <trkpt lat="48.031605" lon="-4.013440">
        <ele>105.331738</ele>
        <time>2026-07-03T09:02:40.748Z</time>
      </trkpt>
      <trkpt lat="48.031469" lon="-4.012898">
        <ele>104.098212</ele>
        <time>2026-07-03T09:02:59.701Z</time>
      </trkpt>
      <trkpt lat="48.031414" lon="-4.012540">
        <ele>103.185612</ele>
        <time>2026-07-03T09:03:11.252Z</time>
      </trkpt>
      <trkpt lat="48.031349" lon="-4.012378">
        <ele>102.716243</ele>
        <time>2026-07-03T09:03:17.006Z</time>
      </trkpt>
      <trkpt lat="48.031199" lon="-4.012172">
        <ele>101.959608</ele>
        <time>2026-07-03T09:03:26.123Z</time>
      </trkpt>
      <trkpt lat="48.031101" lon="-4.012036">
        <ele>101.462891</ele>
        <time>2026-07-03T09:03:32.045Z</time>
      </trkpt>
      <trkpt lat="48.031035" lon="-4.011853">
        <ele>100.946328</ele>
        <time>2026-07-03T09:03:38.115Z</time>
      </trkpt>
      <trkpt lat="48.031034" lon="-4.011618">
        <ele>100.362468</ele>
        <time>2026-07-03T09:03:44.800Z</time>
      </trkpt>
      <trkpt lat="48.031128" lon="-4.011795">
        <ele>99.800916</ele>
        <time>2026-07-03T09:03:51.069Z</time>
      </trkpt>
      <trkpt lat="48.031354" lon="-4.012053">
        <ele>98.744576</ele>
        <time>2026-07-03T09:04:02.610Z</time>
      </trkpt>
      <trkpt lat="48.031709" lon="-4.012423">
        <ele>95.645636</ele>
        <time>2026-07-03T09:04:20.509Z</time>
      </trkpt>
      <trkpt lat="48.032179" lon="-4.012825">
        <ele>91.548396</ele>
        <time>2026-07-03T09:04:42.326Z</time>
      </trkpt>
      <trkpt lat="48.032297" lon="-4.013378">
        <ele>88.611056</ele>
        <time>2026-07-03T09:04:58.011Z</time>
      </trkpt>
      <trkpt lat="48.032360" lon="-4.013548">
        <ele>87.627545</ele>
        <time>2026-07-03T09:05:03.270Z</time>
      </trkpt>
      <trkpt lat="48.032410" lon="-4.013796">
        <ele>86.316805</ele>
        <time>2026-07-03T09:05:10.298Z</time>
      </trkpt>
      <trkpt lat="48.032522" lon="-4.014042">
        <ele>84.820461</ele>
        <time>2026-07-03T09:05:18.416Z</time>
      </trkpt>
      <trkpt lat="48.032562" lon="-4.014125">
        <ele>84.335088</ele>
        <time>2026-07-03T09:05:20.870Z</time>
      </trkpt>
      <trkpt lat="48.032615" lon="-4.014161">
        <ele>83.922104</ele>
        <time>2026-07-03T09:05:23.275Z</time>
      </trkpt>
      <trkpt lat="48.032656" lon="-4.014138">
        <ele>83.611433</ele>
        <time>2026-07-03T09:05:25.088Z</time>
      </trkpt>
      <trkpt lat="48.033197" lon="-4.015556">
        <ele>75.866287</ele>
        <time>2026-07-03T09:06:03.305Z</time>
      </trkpt>
      <trkpt lat="48.033331" lon="-4.016068">
        <ele>73.257872</ele>
        <time>2026-07-03T09:06:16.146Z</time>
      </trkpt>
      <trkpt lat="48.033448" lon="-4.016965">
        <ele>70.772380</ele>
        <time>2026-07-03T09:06:37.498Z</time>
      </trkpt>
      <trkpt lat="48.033478" lon="-4.016955">
        <ele>70.677256</ele>
        <time>2026-07-03T09:06:38.807Z</time>
      </trkpt>
      <trkpt lat="48.033562" lon="-4.016945">
        <ele>70.416465</ele>
        <time>2026-07-03T09:06:42.408Z</time>
      </trkpt>
      <trkpt lat="48.033586" lon="-4.016941">
        <ele>70.341729</ele>
        <time>2026-07-03T09:06:43.471Z</time>
      </trkpt>
      <trkpt lat="48.033780" lon="-4.017286">
        <ele>69.408856</ele>
        <time>2026-07-03T09:06:56.677Z</time>
      </trkpt>
      <trkpt lat="48.033848" lon="-4.017322">
        <ele>69.185608</ele>
        <time>2026-07-03T09:06:59.939Z</time>
      </trkpt>
      <trkpt lat="48.033953" lon="-4.017273">
        <ele>68.845193</ele>
        <time>2026-07-03T09:07:04.904Z</time>
      </trkpt>
      <trkpt lat="48.034114" lon="-4.017337">
        <ele>68.329619</ele>
        <time>2026-07-03T09:07:12.558Z</time>
      </trkpt>
      <trkpt lat="48.034159" lon="-4.017087">
        <ele>67.793829</ele>
        <time>2026-07-03T09:07:20.596Z</time>
      </trkpt>
      <trkpt lat="48.034155" lon="-4.016807">
        <ele>67.214239</ele>
        <time>2026-07-03T09:07:29.457Z</time>
      </trkpt>
      <trkpt lat="48.034080" lon="-4.016608">
        <ele>66.741502</ele>
        <time>2026-07-03T09:07:36.821Z</time>
      </trkpt>
      <trkpt lat="48.033671" lon="-4.015858">
        <ele>69.747838</ele>
        <time>2026-07-03T09:08:12.944Z</time>
      </trkpt>
      <trkpt lat="48.033584" lon="-4.015671">
        <ele>70.520116</ele>
        <time>2026-07-03T09:08:22.679Z</time>
      </trkpt>
      <trkpt lat="48.033352" lon="-4.015173">
        <ele>72.577674</ele>
        <time>2026-07-03T09:08:49.771Z</time>
      </trkpt>
      <trkpt lat="48.033113" lon="-4.014754">
        <ele>74.444689</ele>
        <time>2026-07-03T09:09:13.781Z</time>
      </trkpt>
      <trkpt lat="48.032761" lon="-4.014047">
        <ele>76.329031</ele>
        <time>2026-07-03T09:09:50.736Z</time>
      </trkpt>
      <trkpt lat="48.032711" lon="-4.013922">
        <ele>76.497781</ele>
        <time>2026-07-03T09:09:56.569Z</time>
      </trkpt>
      <trkpt lat="48.032675" lon="-4.013835">
        <ele>76.616313</ele>
        <time>2026-07-03T09:10:00.575Z</time>
      </trkpt>
      <trkpt lat="48.032431" lon="-4.013191">
        <ele>77.473862</ele>
        <time>2026-07-03T09:10:27.969Z</time>
      </trkpt>
      <trkpt lat="48.032192" lon="-4.012094">
        <ele>78.810559</ele>
        <time>2026-07-03T09:11:04.005Z</time>
      </trkpt>
      <trkpt lat="48.032202" lon="-4.012088">
        <ele>78.829227</ele>
        <time>2026-07-03T09:11:04.475Z</time>
      </trkpt>
      <trkpt lat="48.032225" lon="-4.012062">
        <ele>78.857494</ele>
        <time>2026-07-03T09:11:05.571Z</time>
      </trkpt>
      <trkpt lat="48.032226" lon="-4.011685">
        <ele>77.943789</ele>
        <time>2026-07-03T09:11:16.819Z</time>
      </trkpt>
      <trkpt lat="48.032285" lon="-4.011291">
        <ele>76.965241</ele>
        <time>2026-07-03T09:11:28.599Z</time>
      </trkpt>
      <trkpt lat="48.032398" lon="-4.010905">
        <ele>75.944015</ele>
        <time>2026-07-03T09:11:40.943Z</time>
      </trkpt>
      <trkpt lat="48.032415" lon="-4.010617">
        <ele>75.243306</ele>
        <time>2026-07-03T09:11:49.367Z</time>
      </trkpt>
      <trkpt lat="48.032400" lon="-4.010253">
        <ele>74.359444</ele>
        <time>2026-07-03T09:11:59.939Z</time>
      </trkpt>
      <trkpt lat="48.032412" lon="-4.010114">
        <ele>74.019769</ele>
        <time>2026-07-03T09:12:04.040Z</time>
      </trkpt>
      <trkpt lat="48.032451" lon="-4.009695">
        <ele>72.994494</ele>
        <time>2026-07-03T09:12:16.524Z</time>
      </trkpt>
      <trkpt lat="48.032561" lon="-4.009394">
        <ele>72.306606</ele>
        <time>2026-07-03T09:12:26.766Z</time>
      </trkpt>
      <trkpt lat="48.032850" lon="-4.008836">
        <ele>71.886005</ele>
        <time>2026-07-03T09:12:48.072Z</time>
      </trkpt>
      <trkpt lat="48.033130" lon="-4.008434">
        <ele>71.540095</ele>
        <time>2026-07-03T09:13:06.031Z</time>
      </trkpt>
      <trkpt lat="48.033251" lon="-4.008255">
        <ele>71.388418</ele>
        <time>2026-07-03T09:13:14.037Z</time>
      </trkpt>
      <trkpt lat="48.033266" lon="-4.008275">
        <ele>71.370509</ele>
        <time>2026-07-03T09:13:14.996Z</time>
      </trkpt>
      <trkpt lat="48.033341" lon="-4.008365">
        <ele>71.284813</ele>
        <time>2026-07-03T09:13:19.538Z</time>
      </trkpt>
      <trkpt lat="48.033351" lon="-4.008407">
        <ele>71.258245</ele>
        <time>2026-07-03T09:13:20.972Z</time>
      </trkpt>
      <trkpt lat="48.033587" lon="-4.008615">
        <ele>71.014121</ele>
        <time>2026-07-03T09:13:34.183Z</time>
      </trkpt>
      <trkpt lat="48.033820" lon="-4.008758">
        <ele>70.789674</ele>
        <time>2026-07-03T09:13:46.803Z</time>
      </trkpt>
      <trkpt lat="48.033876" lon="-4.008756">
        <ele>70.807456</ele>
        <time>2026-07-03T09:13:49.211Z</time>
      </trkpt>
      <trkpt lat="48.034955" lon="-4.009269">
        <ele>76.162894</ele>
        <time>2026-07-03T09:14:44.504Z</time>
      </trkpt>
      <trkpt lat="48.035004" lon="-4.009360">
        <ele>76.532434</ele>
        <time>2026-07-03T09:14:48.786Z</time>
      </trkpt>
      <trkpt lat="48.035055" lon="-4.009334">
        <ele>76.787298</ele>
        <time>2026-07-03T09:14:51.659Z</time>
      </trkpt>
      <trkpt lat="48.035614" lon="-4.009653">
        <ele>79.711617</ele>
        <time>2026-07-03T09:15:24.334Z</time>
      </trkpt>
      <trkpt lat="48.036067" lon="-4.009884">
        <ele>82.569546</ele>
        <time>2026-07-03T09:15:50.790Z</time>
      </trkpt>
      <trkpt lat="48.036457" lon="-4.009945">
        <ele>84.911059</ele>
        <time>2026-07-03T09:16:12.214Z</time>
      </trkpt>
      <trkpt lat="48.037582" lon="-4.010030">
        <ele>91.277798</ele>
        <time>2026-07-03T09:17:09.587Z</time>
      </trkpt>
      <trkpt lat="48.038375" lon="-4.010106">
        <ele>94.981803</ele>
        <time>2026-07-03T09:17:48.990Z</time>
      </trkpt>
      <trkpt lat="48.039618" lon="-4.010512">
        <ele>98.909606</ele>
        <time>2026-07-03T09:18:51.969Z</time>
      </trkpt>
      <trkpt lat="48.039714" lon="-4.009671">
        <ele>99.463651</ele>
        <time>2026-07-03T09:19:15.739Z</time>
      </trkpt>
      <trkpt lat="48.039715" lon="-4.009398">
        <ele>99.640938</ele>
        <time>2026-07-03T09:19:23.105Z</time>
      </trkpt>
      <trkpt lat="48.039377" lon="-4.009372">
        <ele>99.969657</ele>
        <time>2026-07-03T09:19:36.629Z</time>
      </trkpt>
      <trkpt lat="48.039346" lon="-4.009267">
        <ele>100.044195</ele>
        <time>2026-07-03T09:19:39.635Z</time>
      </trkpt>
      <trkpt lat="48.039375" lon="-4.009005">
        <ele>99.908893</ele>
        <time>2026-07-03T09:19:46.593Z</time>
      </trkpt>
      <trkpt lat="48.039582" lon="-4.008395">
        <ele>98.786242</ele>
        <time>2026-07-03T09:20:07.318Z</time>
      </trkpt>
      <trkpt lat="48.039714" lon="-4.007405">
        <ele>97.129528</ele>
        <time>2026-07-03T09:20:37.750Z</time>
      </trkpt>
      <trkpt lat="48.039763" lon="-4.007199">
        <ele>96.770698</ele>
        <time>2026-07-03T09:20:44.336Z</time>
      </trkpt>
      <trkpt lat="48.039998" lon="-4.006744">
        <ele>95.827144</ele>
        <time>2026-07-03T09:21:01.674Z</time>
      </trkpt>
      <trkpt lat="48.040261" lon="-4.006405">
        <ele>96.168458</ele>
        <time>2026-07-03T09:21:17.592Z</time>
      </trkpt>
      <trkpt lat="48.040548" lon="-4.006087">
        <ele>96.706439</ele>
        <time>2026-07-03T09:21:34.403Z</time>
      </trkpt>
      <trkpt lat="48.040940" lon="-4.005547">
        <ele>97.509147</ele>
        <time>2026-07-03T09:22:00.813Z</time>
      </trkpt>
      <trkpt lat="48.040970" lon="-4.005466">
        <ele>97.602397</ele>
        <time>2026-07-03T09:22:04.005Z</time>
      </trkpt>
      <trkpt lat="48.041023" lon="-4.005487">
        <ele>97.684980</ele>
        <time>2026-07-03T09:22:06.275Z</time>
      </trkpt>
      <trkpt lat="48.041038" lon="-4.005476">
        <ele>97.710142</ele>
        <time>2026-07-03T09:22:06.961Z</time>
      </trkpt>
      <trkpt lat="48.041054" lon="-4.005465">
        <ele>97.736666</ele>
        <time>2026-07-03T09:22:07.685Z</time>
      </trkpt>
      <trkpt lat="48.041067" lon="-4.005460">
        <ele>97.756883</ele>
        <time>2026-07-03T09:22:08.236Z</time>
      </trkpt>
      <trkpt lat="48.041081" lon="-4.005455">
        <ele>97.778563</ele>
        <time>2026-07-03T09:22:08.828Z</time>
      </trkpt>
      <trkpt lat="48.041095" lon="-4.005451">
        <ele>97.800031</ele>
        <time>2026-07-03T09:22:09.413Z</time>
      </trkpt>
      <trkpt lat="48.041108" lon="-4.005448">
        <ele>97.819844</ele>
        <time>2026-07-03T09:22:09.953Z</time>
      </trkpt>
      <trkpt lat="48.041122" lon="-4.005445">
        <ele>97.841146</ele>
        <time>2026-07-03T09:22:10.534Z</time>
      </trkpt>
      <trkpt lat="48.041135" lon="-4.005443">
        <ele>97.860830</ele>
        <time>2026-07-03T09:22:11.072Z</time>
      </trkpt>
      <trkpt lat="48.041148" lon="-4.005442">
        <ele>97.880436</ele>
        <time>2026-07-03T09:22:11.608Z</time>
      </trkpt>
      <trkpt lat="48.041161" lon="-4.005440">
        <ele>97.900120</ele>
        <time>2026-07-03T09:22:12.145Z</time>
      </trkpt>
      <trkpt lat="48.041172" lon="-4.005439">
        <ele>97.916719</ele>
        <time>2026-07-03T09:22:12.599Z</time>
      </trkpt>
      <trkpt lat="48.041184" lon="-4.005438">
        <ele>97.934822</ele>
        <time>2026-07-03T09:22:13.093Z</time>
      </trkpt>
      <trkpt lat="48.041197" lon="-4.005435">
        <ele>97.954634</ele>
        <time>2026-07-03T09:22:13.633Z</time>
      </trkpt>
      <trkpt lat="48.041210" lon="-4.005432">
        <ele>97.974447</ele>
        <time>2026-07-03T09:22:14.174Z</time>
      </trkpt>
      <trkpt lat="48.041222" lon="-4.005428">
        <ele>97.992964</ele>
        <time>2026-07-03T09:22:14.679Z</time>
      </trkpt>
      <trkpt lat="48.041233" lon="-4.005423">
        <ele>98.010281</ele>
        <time>2026-07-03T09:22:15.152Z</time>
      </trkpt>
      <trkpt lat="48.041244" lon="-4.005417">
        <ele>98.027917</ele>
        <time>2026-07-03T09:22:15.633Z</time>
      </trkpt>
      <trkpt lat="48.041254" lon="-4.005411">
        <ele>98.044145</ele>
        <time>2026-07-03T09:22:16.076Z</time>
      </trkpt>
      <trkpt lat="48.041265" lon="-4.005404">
        <ele>98.062151</ele>
        <time>2026-07-03T09:22:16.567Z</time>
      </trkpt>
      <trkpt lat="48.041276" lon="-4.005398">
        <ele>98.079787</ele>
        <time>2026-07-03T09:22:17.049Z</time>
      </trkpt>
      <trkpt lat="48.041287" lon="-4.005392">
        <ele>98.097422</ele>
        <time>2026-07-03T09:22:17.532Z</time>
      </trkpt>
      <trkpt lat="48.041297" lon="-4.005386">
        <ele>98.113651</ele>
        <time>2026-07-03T09:22:17.976Z</time>
      </trkpt>
      <trkpt lat="48.041306" lon="-4.005379">
        <ele>98.128930</ele>
        <time>2026-07-03T09:22:18.394Z</time>
      </trkpt>
      <trkpt lat="48.041315" lon="-4.005372">
        <ele>98.144210</ele>
        <time>2026-07-03T09:22:18.811Z</time>
      </trkpt>
      <trkpt lat="48.041322" lon="-4.005361">
        <ele>98.159503</ele>
        <time>2026-07-03T09:22:19.229Z</time>
      </trkpt>
      <trkpt lat="48.041330" lon="-4.005351">
        <ele>98.175206</ele>
        <time>2026-07-03T09:22:19.657Z</time>
      </trkpt>
      <trkpt lat="48.041335" lon="-4.005336">
        <ele>98.192085</ele>
        <time>2026-07-03T09:22:20.118Z</time>
      </trkpt>
      <trkpt lat="48.041340" lon="-4.005322">
        <ele>98.208069</ele>
        <time>2026-07-03T09:22:20.554Z</time>
      </trkpt>
      <trkpt lat="48.041343" lon="-4.005307">
        <ele>98.223836</ele>
        <time>2026-07-03T09:22:20.984Z</time>
      </trkpt>
      <trkpt lat="48.041346" lon="-4.005292">
        <ele>98.239603</ele>
        <time>2026-07-03T09:22:21.415Z</time>
      </trkpt>
      <trkpt lat="48.041348" lon="-4.005277">
        <ele>98.255006</ele>
        <time>2026-07-03T09:22:21.835Z</time>
      </trkpt>
      <trkpt lat="48.041351" lon="-4.005263">
        <ele>98.269811</ele>
        <time>2026-07-03T09:22:22.239Z</time>
      </trkpt>
      <trkpt lat="48.041355" lon="-4.005250">
        <ele>98.284222</ele>
        <time>2026-07-03T09:22:22.632Z</time>
      </trkpt>
      <trkpt lat="48.041359" lon="-4.005237">
        <ele>98.298634</ele>
        <time>2026-07-03T09:22:23.027Z</time>
      </trkpt>
      <trkpt lat="48.041363" lon="-4.005225">
        <ele>98.312137</ele>
        <time>2026-07-03T09:22:23.395Z</time>
      </trkpt>
      <trkpt lat="48.041366" lon="-4.005212">
        <ele>98.325986</ele>
        <time>2026-07-03T09:22:23.774Z</time>
      </trkpt>
      <trkpt lat="48.041369" lon="-4.005201">
        <ele>98.337950</ele>
        <time>2026-07-03T09:22:24.103Z</time>
      </trkpt>
      <trkpt lat="48.041372" lon="-4.005189">
        <ele>98.350852</ele>
        <time>2026-07-03T09:22:24.456Z</time>
      </trkpt>
      <trkpt lat="48.041375" lon="-4.005177">
        <ele>98.363753</ele>
        <time>2026-07-03T09:22:24.810Z</time>
      </trkpt>
      <trkpt lat="48.041378" lon="-4.005166">
        <ele>98.375717</ele>
        <time>2026-07-03T09:22:25.136Z</time>
      </trkpt>
      <trkpt lat="48.041382" lon="-4.005154">
        <ele>98.389220</ele>
        <time>2026-07-03T09:22:25.505Z</time>
      </trkpt>
      <trkpt lat="48.041386" lon="-4.005143">
        <ele>98.401830</ele>
        <time>2026-07-03T09:22:25.850Z</time>
      </trkpt>
      <trkpt lat="48.041389" lon="-4.005131">
        <ele>98.414731</ele>
        <time>2026-07-03T09:22:26.202Z</time>
      </trkpt>
      <trkpt lat="48.041393" lon="-4.005120">
        <ele>98.430980</ele>
        <time>2026-07-03T09:22:26.546Z</time>
      </trkpt>
      <trkpt lat="48.041395" lon="-4.005108">
        <ele>98.455924</ele>
        <time>2026-07-03T09:22:26.885Z</time>
      </trkpt>
      <trkpt lat="48.041398" lon="-4.005096">
        <ele>98.481764</ele>
        <time>2026-07-03T09:22:27.237Z</time>
      </trkpt>
      <trkpt lat="48.041402" lon="-4.005083">
        <ele>98.510628</ele>
        <time>2026-07-03T09:22:27.631Z</time>
      </trkpt>
      <trkpt lat="48.041406" lon="-4.005069">
        <ele>98.541336</ele>
        <time>2026-07-03T09:22:28.050Z</time>
      </trkpt>
      <trkpt lat="48.041411" lon="-4.005055">
        <ele>98.573350</ele>
        <time>2026-07-03T09:22:28.487Z</time>
      </trkpt>
      <trkpt lat="48.041416" lon="-4.005042">
        <ele>98.603600</ele>
        <time>2026-07-03T09:22:28.899Z</time>
      </trkpt>
      <trkpt lat="48.041422" lon="-4.005027">
        <ele>98.638855</ele>
        <time>2026-07-03T09:22:29.380Z</time>
      </trkpt>
      <trkpt lat="48.041427" lon="-4.005012">
        <ele>98.672662</ele>
        <time>2026-07-03T09:22:29.843Z</time>
      </trkpt>
      <trkpt lat="48.041430" lon="-4.004997">
        <ele>98.704241</ele>
        <time>2026-07-03T09:22:30.274Z</time>
      </trkpt>
      <trkpt lat="48.041434" lon="-4.004981">
        <ele>98.738695</ele>
        <time>2026-07-03T09:22:30.746Z</time>
      </trkpt>
      <trkpt lat="48.041436" lon="-4.004966">
        <ele>98.769545</ele>
        <time>2026-07-03T09:22:31.167Z</time>
      </trkpt>
      <trkpt lat="48.041439" lon="-4.004952">
        <ele>98.799197</ele>
        <time>2026-07-03T09:22:31.572Z</time>
      </trkpt>
      <trkpt lat="48.041442" lon="-4.004937">
        <ele>98.830777</ele>
        <time>2026-07-03T09:22:32.002Z</time>
      </trkpt>
      <trkpt lat="48.041445" lon="-4.004923">
        <ele>98.860429</ele>
        <time>2026-07-03T09:22:32.407Z</time>
      </trkpt>
      <trkpt lat="48.041447" lon="-4.004908">
        <ele>98.891279</ele>
        <time>2026-07-03T09:22:32.827Z</time>
      </trkpt>
      <trkpt lat="48.041450" lon="-4.004894">
        <ele>98.920932</ele>
        <time>2026-07-03T09:22:33.230Z</time>
      </trkpt>
      <trkpt lat="48.041452" lon="-4.004881">
        <ele>98.947838</ele>
        <time>2026-07-03T09:22:33.596Z</time>
      </trkpt>
      <trkpt lat="48.041453" lon="-4.004867">
        <ele>98.976236</ele>
        <time>2026-07-03T09:22:33.984Z</time>
      </trkpt>
      <trkpt lat="48.041454" lon="-4.004854">
        <ele>99.002630</ele>
        <time>2026-07-03T09:22:34.345Z</time>
      </trkpt>
      <trkpt lat="48.041455" lon="-4.004840">
        <ele>99.031028</ele>
        <time>2026-07-03T09:22:34.732Z</time>
      </trkpt>
      <trkpt lat="48.041456" lon="-4.004826">
        <ele>99.059426</ele>
        <time>2026-07-03T09:22:35.118Z</time>
      </trkpt>
      <trkpt lat="48.041457" lon="-4.004812">
        <ele>99.087824</ele>
        <time>2026-07-03T09:22:35.506Z</time>
      </trkpt>
      <trkpt lat="48.041460" lon="-4.004798">
        <ele>99.117477</ele>
        <time>2026-07-03T09:22:35.912Z</time>
      </trkpt>
      <trkpt lat="48.041463" lon="-4.004783">
        <ele>99.149056</ele>
        <time>2026-07-03T09:22:36.344Z</time>
      </trkpt>
      <trkpt lat="48.041469" lon="-4.004768">
        <ele>99.184312</ele>
        <time>2026-07-03T09:22:36.826Z</time>
      </trkpt>
      <trkpt lat="48.041474" lon="-4.004753">
        <ele>99.218118</ele>
        <time>2026-07-03T09:22:37.288Z</time>
      </trkpt>
      <trkpt lat="48.041480" lon="-4.004738">
        <ele>99.253374</ele>
        <time>2026-07-03T09:22:37.770Z</time>
      </trkpt>
      <trkpt lat="48.041485" lon="-4.004723">
        <ele>99.287180</ele>
        <time>2026-07-03T09:22:38.230Z</time>
      </trkpt>
      <trkpt lat="48.041489" lon="-4.004708">
        <ele>99.319752</ele>
        <time>2026-07-03T09:22:38.675Z</time>
      </trkpt>
      <trkpt lat="48.041493" lon="-4.004693">
        <ele>99.352324</ele>
        <time>2026-07-03T09:22:39.118Z</time>
      </trkpt>
      <trkpt lat="48.041494" lon="-4.004677">
        <ele>99.384737</ele>
        <time>2026-07-03T09:22:39.560Z</time>
      </trkpt>
      <trkpt lat="48.041496" lon="-4.004661">
        <ele>99.417567</ele>
        <time>2026-07-03T09:22:40.006Z</time>
      </trkpt>
      <trkpt lat="48.041498" lon="-4.004644">
        <ele>99.452383</ele>
        <time>2026-07-03T09:22:40.482Z</time>
      </trkpt>
      <trkpt lat="48.041500" lon="-4.004627">
        <ele>99.487198</ele>
        <time>2026-07-03T09:22:40.957Z</time>
      </trkpt>
      <trkpt lat="48.041503" lon="-4.004610">
        <ele>99.522661</ele>
        <time>2026-07-03T09:22:41.440Z</time>
      </trkpt>
      <trkpt lat="48.041505" lon="-4.004594">
        <ele>99.555491</ele>
        <time>2026-07-03T09:22:41.889Z</time>
      </trkpt>
      <trkpt lat="48.041510" lon="-4.004577">
        <ele>99.592951</ele>
        <time>2026-07-03T09:22:42.401Z</time>
      </trkpt>
      <trkpt lat="48.041514" lon="-4.004559">
        <ele>99.631209</ele>
        <time>2026-07-03T09:22:42.924Z</time>
      </trkpt>
      <trkpt lat="48.041521" lon="-4.004542">
        <ele>99.671479</ele>
        <time>2026-07-03T09:22:43.475Z</time>
      </trkpt>
      <trkpt lat="48.041528" lon="-4.004524">
        <ele>99.713479</ele>
        <time>2026-07-03T09:22:44.049Z</time>
      </trkpt>
      <trkpt lat="48.041538" lon="-4.004507">
        <ele>99.759149</ele>
        <time>2026-07-03T09:22:44.672Z</time>
      </trkpt>
      <trkpt lat="48.041547" lon="-4.004491">
        <ele>99.801323</ele>
        <time>2026-07-03T09:22:45.247Z</time>
      </trkpt>
      <trkpt lat="48.041556" lon="-4.004477">
        <ele>99.840496</ele>
        <time>2026-07-03T09:22:45.779Z</time>
      </trkpt>
      <trkpt lat="48.041566" lon="-4.004464">
        <ele>99.880465</ele>
        <time>2026-07-03T09:22:46.323Z</time>
      </trkpt>
      <trkpt lat="48.041577" lon="-4.004455">
        <ele>99.918290</ele>
        <time>2026-07-03T09:22:46.840Z</time>
      </trkpt>
      <trkpt lat="48.041588" lon="-4.004447">
        <ele>99.955189</ele>
        <time>2026-07-03T09:22:47.344Z</time>
      </trkpt>
      <trkpt lat="48.041600" lon="-4.004440">
        <ele>99.994046</ele>
        <time>2026-07-03T09:22:47.873Z</time>
      </trkpt>
      <trkpt lat="48.041613" lon="-4.004434">
        <ele>100.035088</ele>
        <time>2026-07-03T09:22:48.434Z</time>
      </trkpt>
      <trkpt lat="48.041630" lon="-4.004424">
        <ele>100.090197</ele>
        <time>2026-07-03T09:22:49.188Z</time>
      </trkpt>
      <trkpt lat="48.041646" lon="-4.004415">
        <ele>100.141765</ele>
        <time>2026-07-03T09:22:49.894Z</time>
      </trkpt>
      <trkpt lat="48.041663" lon="-4.004393">
        <ele>100.209582</ele>
        <time>2026-07-03T09:22:50.819Z</time>
      </trkpt>
      <trkpt lat="48.041680" lon="-4.004372">
        <ele>100.276096</ele>
        <time>2026-07-03T09:22:51.725Z</time>
      </trkpt>
      <trkpt lat="48.041692" lon="-4.004341">
        <ele>100.348346</ele>
        <time>2026-07-03T09:22:52.709Z</time>
      </trkpt>
      <trkpt lat="48.041704" lon="-4.004311">
        <ele>100.418857</ele>
        <time>2026-07-03T09:22:53.671Z</time>
      </trkpt>
      <trkpt lat="48.041712" lon="-4.004276">
        <ele>100.493462</ele>
        <time>2026-07-03T09:22:54.689Z</time>
      </trkpt>
      <trkpt lat="48.041719" lon="-4.004241">
        <ele>100.567146</ele>
        <time>2026-07-03T09:22:55.693Z</time>
      </trkpt>
      <trkpt lat="48.041725" lon="-4.004206">
        <ele>100.640024</ele>
        <time>2026-07-03T09:22:56.687Z</time>
      </trkpt>
      <trkpt lat="48.041732" lon="-4.004171">
        <ele>100.713708</ele>
        <time>2026-07-03T09:22:57.690Z</time>
      </trkpt>
      <trkpt lat="48.041739" lon="-4.004136">
        <ele>100.787392</ele>
        <time>2026-07-03T09:22:58.694Z</time>
      </trkpt>
      <trkpt lat="48.041746" lon="-4.004102">
        <ele>100.859147</ele>
        <time>2026-07-03T09:22:59.672Z</time>
      </trkpt>
      <trkpt lat="48.041752" lon="-4.004070">
        <ele>100.926180</ele>
        <time>2026-07-03T09:23:00.587Z</time>
      </trkpt>
      <trkpt lat="48.041759" lon="-4.004037">
        <ele>100.996009</ele>
        <time>2026-07-03T09:23:01.538Z</time>
      </trkpt>
      <trkpt lat="48.041764" lon="-4.004006">
        <ele>101.060328</ele>
        <time>2026-07-03T09:23:02.415Z</time>
      </trkpt>
      <trkpt lat="48.041724" lon="-4.003985">
        <ele>101.188216</ele>
        <time>2026-07-03T09:23:04.169Z</time>
      </trkpt>
      <trkpt lat="48.041730" lon="-4.003957">
        <ele>101.247520</ele>
        <time>2026-07-03T09:23:04.893Z</time>
      </trkpt>
      <trkpt lat="48.042004" lon="-4.002805">
        <ele>103.713702</ele>
        <time>2026-07-03T09:23:40.575Z</time>
      </trkpt>
      <trkpt lat="48.042104" lon="-4.002137">
        <ele>102.027294</ele>
        <time>2026-07-03T09:23:57.584Z</time>
      </trkpt>
      <trkpt lat="48.042566" lon="-4.001044">
        <ele>98.208303</ele>
        <time>2026-07-03T09:24:28.826Z</time>
      </trkpt>
      <trkpt lat="48.042951" lon="-3.999999">
        <ele>95.065776</ele>
        <time>2026-07-03T09:24:57.821Z</time>
      </trkpt>
      <trkpt lat="48.043000" lon="-3.999590">
        <ele>94.222080</ele>
        <time>2026-07-03T09:25:08.117Z</time>
      </trkpt>
      <trkpt lat="48.043027" lon="-3.998920">
        <ele>92.859187</ele>
        <time>2026-07-03T09:25:25.121Z</time>
      </trkpt>
      <trkpt lat="48.043001" lon="-3.998810">
        <ele>92.622286</ele>
        <time>2026-07-03T09:25:28.095Z</time>
      </trkpt>
      <trkpt lat="48.042912" lon="-3.998641">
        <ele>92.185464</ele>
        <time>2026-07-03T09:25:33.664Z</time>
      </trkpt>
      <trkpt lat="48.042766" lon="-3.998458">
        <ele>91.606947</ele>
        <time>2026-07-03T09:25:41.095Z</time>
      </trkpt>
      <trkpt lat="48.042703" lon="-3.998315">
        <ele>91.259214</ele>
        <time>2026-07-03T09:25:45.580Z</time>
      </trkpt>
      <trkpt lat="48.042653" lon="-3.998069">
        <ele>90.737140</ele>
        <time>2026-07-03T09:25:52.459Z</time>
      </trkpt>
      <trkpt lat="48.042583" lon="-3.997894">
        <ele>90.504960</ele>
        <time>2026-07-03T09:25:57.917Z</time>
      </trkpt>
      <trkpt lat="48.042341" lon="-3.997650">
        <ele>90.973516</ele>
        <time>2026-07-03T09:26:09.674Z</time>
      </trkpt>
      <trkpt lat="48.042185" lon="-3.997431">
        <ele>91.317006</ele>
        <time>2026-07-03T09:26:18.703Z</time>
      </trkpt>
      <trkpt lat="48.042140" lon="-3.997316">
        <ele>91.460033</ele>
        <time>2026-07-03T09:26:22.550Z</time>
      </trkpt>
      <trkpt lat="48.042128" lon="-3.997133">
        <ele>91.657406</ele>
        <time>2026-07-03T09:26:27.998Z</time>
      </trkpt>
      <trkpt lat="48.042167" lon="-3.996849">
        <ele>91.968612</ele>
        <time>2026-07-03T09:26:36.691Z</time>
      </trkpt>
      <trkpt lat="48.042235" lon="-3.996671">
        <ele>92.188666</ele>
        <time>2026-07-03T09:26:42.966Z</time>
      </trkpt>
      <trkpt lat="48.042351" lon="-3.996455">
        <ele>92.486051</ele>
        <time>2026-07-03T09:26:51.477Z</time>
      </trkpt>
      <trkpt lat="48.042447" lon="-3.996251">
        <ele>92.753824</ele>
        <time>2026-07-03T09:26:59.239Z</time>
      </trkpt>
      <trkpt lat="48.042655" lon="-3.996160">
        <ele>93.101754</ele>
        <time>2026-07-03T09:27:09.463Z</time>
      </trkpt>
      <trkpt lat="48.043444" lon="-3.993852">
        <ele>97.225318</ele>
        <time>2026-07-03T09:28:43.000Z</time>
      </trkpt>
      <trkpt lat="48.043463" lon="-3.993758">
        <ele>97.386066</ele>
        <time>2026-07-03T09:28:46.326Z</time>
      </trkpt>
      <trkpt lat="48.043428" lon="-3.993471">
        <ele>97.655396</ele>
        <time>2026-07-03T09:28:56.147Z</time>
      </trkpt>
      <trkpt lat="48.043910" lon="-3.992774">
        <ele>96.670176</ele>
        <time>2026-07-03T09:29:28.901Z</time>
      </trkpt>
      <trkpt lat="48.043710" lon="-3.992077">
        <ele>95.924978</ele>
        <time>2026-07-03T09:29:52.557Z</time>
      </trkpt>
      <trkpt lat="48.043729" lon="-3.992018">
        <ele>95.860637</ele>
        <time>2026-07-03T09:29:54.536Z</time>
      </trkpt>
      <trkpt lat="48.043956" lon="-3.991912">
        <ele>95.511172</ele>
        <time>2026-07-03T09:30:05.243Z</time>
      </trkpt>
      <trkpt lat="48.043956" lon="-3.991910">
        <ele>95.509207</ele>
        <time>2026-07-03T09:30:05.304Z</time>
      </trkpt>
      <trkpt lat="48.043984" lon="-3.991899">
        <ele>95.466664</ele>
        <time>2026-07-03T09:30:06.493Z</time>
      </trkpt>
      <trkpt lat="48.044012" lon="-3.991889">
        <ele>95.424360</ele>
        <time>2026-07-03T09:30:07.675Z</time>
      </trkpt>
      <trkpt lat="48.044039" lon="-3.991880">
        <ele>95.383709</ele>
        <time>2026-07-03T09:30:08.812Z</time>
      </trkpt>
      <trkpt lat="48.044066" lon="-3.991871">
        <ele>95.343058</ele>
        <time>2026-07-03T09:30:09.948Z</time>
      </trkpt>
      <trkpt lat="48.044092" lon="-3.991861">
        <ele>95.303607</ele>
        <time>2026-07-03T09:30:11.051Z</time>
      </trkpt>
      <trkpt lat="48.044118" lon="-3.991852">
        <ele>95.264389</ele>
        <time>2026-07-03T09:30:12.148Z</time>
      </trkpt>
      <trkpt lat="48.044143" lon="-3.991841">
        <ele>95.226094</ele>
        <time>2026-07-03T09:30:13.218Z</time>
      </trkpt>
      <trkpt lat="48.044168" lon="-3.991829">
        <ele>95.187510</ele>
        <time>2026-07-03T09:30:14.297Z</time>
      </trkpt>
      <trkpt lat="48.044193" lon="-3.991815">
        <ele>95.148281</ele>
        <time>2026-07-03T09:30:15.394Z</time>
      </trkpt>
      <trkpt lat="48.044218" lon="-3.991802">
        <ele>95.109386</ele>
        <time>2026-07-03T09:30:16.482Z</time>
      </trkpt>
      <trkpt lat="48.044241" lon="-3.991786">
        <ele>94.988164</ele>
        <time>2026-07-03T09:30:17.524Z</time>
      </trkpt>
      <trkpt lat="48.044264" lon="-3.991771">
        <ele>94.781193</ele>
        <time>2026-07-03T09:30:18.555Z</time>
      </trkpt>
      <trkpt lat="48.044281" lon="-3.991745">
        <ele>94.580636</ele>
        <time>2026-07-03T09:30:19.554Z</time>
      </trkpt>
      <trkpt lat="48.044298" lon="-3.991719">
        <ele>94.380079</ele>
        <time>2026-07-03T09:30:20.554Z</time>
      </trkpt>
      <trkpt lat="48.044303" lon="-3.991684">
        <ele>94.182705</ele>
        <time>2026-07-03T09:30:21.537Z</time>
      </trkpt>
      <trkpt lat="48.044308" lon="-3.991649">
        <ele>93.985331</ele>
        <time>2026-07-03T09:30:22.520Z</time>
      </trkpt>
      <trkpt lat="48.044305" lon="-3.991608">
        <ele>93.757876</ele>
        <time>2026-07-03T09:30:23.653Z</time>
      </trkpt>
      <trkpt lat="48.044302" lon="-3.991568">
        <ele>93.535902</ele>
        <time>2026-07-03T09:30:24.760Z</time>
      </trkpt>
      <trkpt lat="48.044294" lon="-3.991530">
        <ele>93.316197</ele>
        <time>2026-07-03T09:30:25.854Z</time>
      </trkpt>
      <trkpt lat="48.044287" lon="-3.991492">
        <ele>93.098827</ele>
        <time>2026-07-03T09:30:26.938Z</time>
      </trkpt>
      <trkpt lat="48.044279" lon="-3.991457">
        <ele>92.894841</ele>
        <time>2026-07-03T09:30:27.954Z</time>
      </trkpt>
      <trkpt lat="48.044272" lon="-3.991422">
        <ele>92.693373</ele>
        <time>2026-07-03T09:30:28.958Z</time>
      </trkpt>
      <trkpt lat="48.044263" lon="-3.991385">
        <ele>92.476241</ele>
        <time>2026-07-03T09:30:30.040Z</time>
      </trkpt>
      <trkpt lat="48.044254" lon="-3.991349">
        <ele>92.264283</ele>
        <time>2026-07-03T09:30:31.097Z</time>
      </trkpt>
      <trkpt lat="48.044246" lon="-3.991308">
        <ele>92.028745</ele>
        <time>2026-07-03T09:30:32.271Z</time>
      </trkpt>
      <trkpt lat="48.044239" lon="-3.991267">
        <ele>91.795383</ele>
        <time>2026-07-03T09:30:33.434Z</time>
      </trkpt>
      <trkpt lat="48.044233" lon="-3.991226">
        <ele>91.563925</ele>
        <time>2026-07-03T09:30:34.588Z</time>
      </trkpt>
      <trkpt lat="48.044226" lon="-3.991185">
        <ele>91.330563</ele>
        <time>2026-07-03T09:30:35.751Z</time>
      </trkpt>
      <trkpt lat="48.044219" lon="-3.991150">
        <ele>91.129094</ele>
        <time>2026-07-03T09:30:36.756Z</time>
      </trkpt>
      <trkpt lat="48.044211" lon="-3.991116">
        <ele>90.930319</ele>
        <time>2026-07-03T09:30:37.748Z</time>
      </trkpt>
      <trkpt lat="48.044199" lon="-3.991084">
        <ele>90.727981</ele>
        <time>2026-07-03T09:30:38.757Z</time>
      </trkpt>
      <trkpt lat="48.044188" lon="-3.991052">
        <ele>90.529548</ele>
        <time>2026-07-03T09:30:39.747Z</time>
      </trkpt>
      <trkpt lat="48.044172" lon="-3.991020">
        <ele>90.309181</ele>
        <time>2026-07-03T09:30:40.846Z</time>
      </trkpt>
      <trkpt lat="48.044156" lon="-3.990988">
        <ele>90.088815</ele>
        <time>2026-07-03T09:30:41.945Z</time>
      </trkpt>
      <trkpt lat="48.044138" lon="-3.990957">
        <ele>89.862381</ele>
        <time>2026-07-03T09:30:43.075Z</time>
      </trkpt>
      <trkpt lat="48.044119" lon="-3.990926">
        <ele>89.630455</ele>
        <time>2026-07-03T09:30:44.233Z</time>
      </trkpt>
      <trkpt lat="48.044100" lon="-3.990893">
        <ele>89.390283</ele>
        <time>2026-07-03T09:30:45.432Z</time>
      </trkpt>
      <trkpt lat="48.044080" lon="-3.990861">
        <ele>89.148705</ele>
        <time>2026-07-03T09:30:46.637Z</time>
      </trkpt>
      <trkpt lat="48.044060" lon="-3.990829">
        <ele>88.907128</ele>
        <time>2026-07-03T09:30:47.844Z</time>
      </trkpt>
      <trkpt lat="48.044040" lon="-3.990797">
        <ele>88.665551</ele>
        <time>2026-07-03T09:30:49.049Z</time>
      </trkpt>
      <trkpt lat="48.044021" lon="-3.990769">
        <ele>88.445535</ele>
        <time>2026-07-03T09:30:50.149Z</time>
      </trkpt>
      <trkpt lat="48.044002" lon="-3.990741">
        <ele>88.225520</ele>
        <time>2026-07-03T09:30:51.248Z</time>
      </trkpt>
      <trkpt lat="48.043984" lon="-3.990713">
        <ele>88.011302</ele>
        <time>2026-07-03T09:30:52.318Z</time>
      </trkpt>
      <trkpt lat="48.043965" lon="-3.990685">
        <ele>87.791286</ele>
        <time>2026-07-03T09:30:53.417Z</time>
      </trkpt>
      <trkpt lat="48.043949" lon="-3.990658">
        <ele>87.592314</ele>
        <time>2026-07-03T09:30:54.411Z</time>
      </trkpt>
      <trkpt lat="48.043933" lon="-3.990631">
        <ele>87.393342</ele>
        <time>2026-07-03T09:30:55.405Z</time>
      </trkpt>
      <trkpt lat="48.043918" lon="-3.990607">
        <ele>87.212159</ele>
        <time>2026-07-03T09:30:56.310Z</time>
      </trkpt>
      <trkpt lat="48.043903" lon="-3.990583">
        <ele>87.030976</ele>
        <time>2026-07-03T09:30:57.216Z</time>
      </trkpt>
      <trkpt lat="48.043887" lon="-3.990558">
        <ele>86.840117</ele>
        <time>2026-07-03T09:30:58.170Z</time>
      </trkpt>
      <trkpt lat="48.043872" lon="-3.990532">
        <ele>86.650727</ele>
        <time>2026-07-03T09:30:59.116Z</time>
      </trkpt>
      <trkpt lat="48.043858" lon="-3.990508">
        <ele>86.475074</ele>
        <time>2026-07-03T09:30:59.995Z</time>
      </trkpt>
      <trkpt lat="48.043844" lon="-3.990484">
        <ele>86.299420</ele>
        <time>2026-07-03T09:31:00.873Z</time>
      </trkpt>
      <trkpt lat="48.043830" lon="-3.990459">
        <ele>86.119574</ele>
        <time>2026-07-03T09:31:01.772Z</time>
      </trkpt>
      <trkpt lat="48.043817" lon="-3.990434">
        <ele>85.944911</ele>
        <time>2026-07-03T09:31:02.645Z</time>
      </trkpt>
      <trkpt lat="48.043802" lon="-3.990405">
        <ele>85.742706</ele>
        <time>2026-07-03T09:31:03.657Z</time>
      </trkpt>
      <trkpt lat="48.043786" lon="-3.990375">
        <ele>85.531068</ele>
        <time>2026-07-03T09:31:04.715Z</time>
      </trkpt>
      <trkpt lat="48.043770" lon="-3.990341">
        <ele>85.301773</ele>
        <time>2026-07-03T09:31:05.862Z</time>
      </trkpt>
      <trkpt lat="48.043755" lon="-3.990306">
        <ele>85.072501</ele>
        <time>2026-07-03T09:31:07.010Z</time>
      </trkpt>
      <trkpt lat="48.043739" lon="-3.990267">
        <ele>84.820157</ele>
        <time>2026-07-03T09:31:08.272Z</time>
      </trkpt>
      <trkpt lat="48.043723" lon="-3.990228">
        <ele>84.567814</ele>
        <time>2026-07-03T09:31:09.535Z</time>
      </trkpt>
      <trkpt lat="48.043707" lon="-3.990186">
        <ele>84.301228</ele>
        <time>2026-07-03T09:31:10.869Z</time>
      </trkpt>
      <trkpt lat="48.043692" lon="-3.990143">
        <ele>84.033752</ele>
        <time>2026-07-03T09:31:12.208Z</time>
      </trkpt>
      <trkpt lat="48.043678" lon="-3.990104">
        <ele>83.789631</ele>
        <time>2026-07-03T09:31:13.429Z</time>
      </trkpt>
      <trkpt lat="48.043665" lon="-3.990064">
        <ele>83.544355</ele>
        <time>2026-07-03T09:31:14.656Z</time>
      </trkpt>
      <trkpt lat="48.043653" lon="-3.990029">
        <ele>83.327435</ele>
        <time>2026-07-03T09:31:15.741Z</time>
      </trkpt>
      <trkpt lat="48.043641" lon="-3.989993">
        <ele>83.105593</ele>
        <time>2026-07-03T09:31:16.851Z</time>
      </trkpt>
      <trkpt lat="48.043631" lon="-3.989957">
        <ele>82.890605</ele>
        <time>2026-07-03T09:31:17.927Z</time>
      </trkpt>
      <trkpt lat="48.043620" lon="-3.989922">
        <ele>82.677323</ele>
        <time>2026-07-03T09:31:18.994Z</time>
      </trkpt>
      <trkpt lat="48.043612" lon="-3.989886">
        <ele>82.468109</ele>
        <time>2026-07-03T09:31:20.040Z</time>
      </trkpt>
      <trkpt lat="48.043603" lon="-3.989849">
        <ele>82.250975</ele>
        <time>2026-07-03T09:31:21.126Z</time>
      </trkpt>
      <trkpt lat="48.043596" lon="-3.989809">
        <ele>82.022950</ele>
        <time>2026-07-03T09:31:22.266Z</time>
      </trkpt>
      <trkpt lat="48.043589" lon="-3.989769">
        <ele>81.794924</ele>
        <time>2026-07-03T09:31:23.407Z</time>
      </trkpt>
      <trkpt lat="48.043583" lon="-3.989727">
        <ele>81.558073</ele>
        <time>2026-07-03T09:31:24.591Z</time>
      </trkpt>
      <trkpt lat="48.043576" lon="-3.989684">
        <ele>81.314006</ele>
        <time>2026-07-03T09:31:25.812Z</time>
      </trkpt>
      <trkpt lat="48.043569" lon="-3.989642">
        <ele>81.075294</ele>
        <time>2026-07-03T09:31:27.004Z</time>
      </trkpt>
      <trkpt lat="48.043561" lon="-3.989600">
        <ele>80.834454</ele>
        <time>2026-07-03T09:31:28.208Z</time>
      </trkpt>
      <trkpt lat="48.043552" lon="-3.989562">
        <ele>80.612129</ele>
        <time>2026-07-03T09:31:29.319Z</time>
      </trkpt>
      <trkpt lat="48.043544" lon="-3.989524">
        <ele>80.392421</ele>
        <time>2026-07-03T09:31:30.418Z</time>
      </trkpt>
      <trkpt lat="48.043537" lon="-3.989486">
        <ele>80.208496</ele>
        <time>2026-07-03T09:31:31.504Z</time>
      </trkpt>
      <trkpt lat="48.043529" lon="-3.989448">
        <ele>80.082188</ele>
        <time>2026-07-03T09:31:32.602Z</time>
      </trkpt>
      <trkpt lat="48.043525" lon="-3.989413">
        <ele>79.969614</ele>
        <time>2026-07-03T09:31:33.580Z</time>
      </trkpt>
      <trkpt lat="48.043521" lon="-3.989378">
        <ele>79.857039</ele>
        <time>2026-07-03T09:31:34.558Z</time>
      </trkpt>
      <trkpt lat="48.043517" lon="-3.989347">
        <ele>79.756942</ele>
        <time>2026-07-03T09:31:35.428Z</time>
      </trkpt>
      <trkpt lat="48.043514" lon="-3.989315">
        <ele>79.654496</ele>
        <time>2026-07-03T09:31:36.319Z</time>
      </trkpt>
      <trkpt lat="48.043510" lon="-3.989284">
        <ele>79.554400</ele>
        <time>2026-07-03T09:31:37.189Z</time>
      </trkpt>
      <trkpt lat="48.043506" lon="-3.989253">
        <ele>79.454303</ele>
        <time>2026-07-03T09:31:38.059Z</time>
      </trkpt>
      <trkpt lat="48.043503" lon="-3.989219">
        <ele>79.345574</ele>
        <time>2026-07-03T09:31:39.003Z</time>
      </trkpt>
      <trkpt lat="48.043500" lon="-3.989185">
        <ele>79.236845</ele>
        <time>2026-07-03T09:31:39.947Z</time>
      </trkpt>
      <trkpt lat="48.043496" lon="-3.989155">
        <ele>79.139859</ele>
        <time>2026-07-03T09:31:40.790Z</time>
      </trkpt>
      <trkpt lat="48.043491" lon="-3.989125">
        <ele>79.041836</ele>
        <time>2026-07-03T09:31:41.642Z</time>
      </trkpt>
      <trkpt lat="48.043486" lon="-3.989099">
        <ele>78.956062</ele>
        <time>2026-07-03T09:31:42.387Z</time>
      </trkpt>
      <trkpt lat="48.043482" lon="-3.989073">
        <ele>78.871477</ele>
        <time>2026-07-03T09:31:43.121Z</time>
      </trkpt>
      <trkpt lat="48.043483" lon="-3.989048">
        <ele>78.792075</ele>
        <time>2026-07-03T09:31:43.811Z</time>
      </trkpt>
      <trkpt lat="48.043483" lon="-3.989022">
        <ele>78.709644</ele>
        <time>2026-07-03T09:31:44.527Z</time>
      </trkpt>
      <trkpt lat="48.043489" lon="-3.988990">
        <ele>78.604276</ele>
        <time>2026-07-03T09:31:45.442Z</time>
      </trkpt>
      <trkpt lat="48.043494" lon="-3.988959">
        <ele>78.503173</ele>
        <time>2026-07-03T09:31:46.319Z</time>
      </trkpt>
      <trkpt lat="48.043497" lon="-3.988919">
        <ele>78.375561</ele>
        <time>2026-07-03T09:31:47.427Z</time>
      </trkpt>
      <trkpt lat="48.043501" lon="-3.988879">
        <ele>78.247333</ele>
        <time>2026-07-03T09:31:48.541Z</time>
      </trkpt>
      <trkpt lat="48.043498" lon="-3.988836">
        <ele>78.110265</ele>
        <time>2026-07-03T09:31:49.730Z</time>
      </trkpt>
      <trkpt lat="48.043496" lon="-3.988794">
        <ele>77.976770</ele>
        <time>2026-07-03T09:31:50.888Z</time>
      </trkpt>
      <trkpt lat="48.043490" lon="-3.988752">
        <ele>77.840606</ele>
        <time>2026-07-03T09:31:52.069Z</time>
      </trkpt>
      <trkpt lat="48.043485" lon="-3.988711">
        <ele>77.708474</ele>
        <time>2026-07-03T09:31:53.216Z</time>
      </trkpt>
      <trkpt lat="48.043477" lon="-3.988670">
        <ele>77.573064</ele>
        <time>2026-07-03T09:31:54.391Z</time>
      </trkpt>
      <trkpt lat="48.043469" lon="-3.988629">
        <ele>77.437654</ele>
        <time>2026-07-03T09:31:55.565Z</time>
      </trkpt>
      <trkpt lat="48.043461" lon="-3.988589">
        <ele>77.305284</ele>
        <time>2026-07-03T09:31:56.714Z</time>
      </trkpt>
      <trkpt lat="48.043453" lon="-3.988548">
        <ele>77.169874</ele>
        <time>2026-07-03T09:31:57.888Z</time>
      </trkpt>
      <trkpt lat="48.043445" lon="-3.988509">
        <ele>77.040538</ele>
        <time>2026-07-03T09:31:59.009Z</time>
      </trkpt>
      <trkpt lat="48.043437" lon="-3.988470">
        <ele>76.911203</ele>
        <time>2026-07-03T09:32:00.131Z</time>
      </trkpt>
      <trkpt lat="48.043428" lon="-3.988431">
        <ele>76.780398</ele>
        <time>2026-07-03T09:32:01.266Z</time>
      </trkpt>
      <trkpt lat="48.043419" lon="-3.988392">
        <ele>76.649592</ele>
        <time>2026-07-03T09:32:02.400Z</time>
      </trkpt>
      <trkpt lat="48.043408" lon="-3.988358">
        <ele>76.529840</ele>
        <time>2026-07-03T09:32:03.438Z</time>
      </trkpt>
      <trkpt lat="48.043397" lon="-3.988324">
        <ele>76.410087</ele>
        <time>2026-07-03T09:32:04.477Z</time>
      </trkpt>
      <trkpt lat="48.043382" lon="-3.988296">
        <ele>76.296332</ele>
        <time>2026-07-03T09:32:05.463Z</time>
      </trkpt>
      <trkpt lat="48.043367" lon="-3.988269">
        <ele>76.185034</ele>
        <time>2026-07-03T09:32:06.428Z</time>
      </trkpt>
      <trkpt lat="48.043357" lon="-3.988247">
        <ele>76.100691</ele>
        <time>2026-07-03T09:32:07.159Z</time>
      </trkpt>
      <trkpt lat="48.043348" lon="-3.988225">
        <ele>76.018920</ele>
        <time>2026-07-03T09:32:07.868Z</time>
      </trkpt>
      <trkpt lat="48.043354" lon="-3.988203">
        <ele>75.943590</ele>
        <time>2026-07-03T09:32:08.521Z</time>
      </trkpt>
      <trkpt lat="48.043361" lon="-3.988181">
        <ele>75.866344</ele>
        <time>2026-07-03T09:32:09.190Z</time>
      </trkpt>
      <trkpt lat="48.043377" lon="-3.988160">
        <ele>75.765401</ele>
        <time>2026-07-03T09:32:10.065Z</time>
      </trkpt>
      <trkpt lat="48.043393" lon="-3.988140">
        <ele>75.666520</ele>
        <time>2026-07-03T09:32:10.922Z</time>
      </trkpt>
      <trkpt lat="48.043413" lon="-3.988121">
        <ele>75.554164</ele>
        <time>2026-07-03T09:32:11.895Z</time>
      </trkpt>
      <trkpt lat="48.043433" lon="-3.988102">
        <ele>75.441809</ele>
        <time>2026-07-03T09:32:12.869Z</time>
      </trkpt>
      <trkpt lat="48.043452" lon="-3.988078">
        <ele>75.323878</ele>
        <time>2026-07-03T09:32:13.890Z</time>
      </trkpt>
      <trkpt lat="48.043472" lon="-3.988054">
        <ele>75.202285</ele>
        <time>2026-07-03T09:32:14.944Z</time>
      </trkpt>
      <trkpt lat="48.043488" lon="-3.988024">
        <ele>75.080616</ele>
        <time>2026-07-03T09:32:15.998Z</time>
      </trkpt>
      <trkpt lat="48.043504" lon="-3.987994">
        <ele>74.958948</ele>
        <time>2026-07-03T09:32:17.052Z</time>
      </trkpt>
      <trkpt lat="48.043515" lon="-3.987962">
        <ele>74.844869</ele>
        <time>2026-07-03T09:32:18.039Z</time>
      </trkpt>
      <trkpt lat="48.043526" lon="-3.987930">
        <ele>74.730791</ele>
        <time>2026-07-03T09:32:19.028Z</time>
      </trkpt>
      <trkpt lat="48.043535" lon="-3.987903">
        <ele>74.635140</ele>
        <time>2026-07-03T09:32:19.856Z</time>
      </trkpt>
      <trkpt lat="48.043544" lon="-3.987876">
        <ele>74.539490</ele>
        <time>2026-07-03T09:32:20.684Z</time>
      </trkpt>
      <trkpt lat="48.043553" lon="-3.987860">
        <ele>74.473197</ele>
        <time>2026-07-03T09:32:21.258Z</time>
      </trkpt>
      <trkpt lat="48.043563" lon="-3.987844">
        <ele>74.403757</ele>
        <time>2026-07-03T09:32:21.860Z</time>
      </trkpt>
      <trkpt lat="48.043575" lon="-3.987833">
        <ele>74.337015</ele>
        <time>2026-07-03T09:32:22.438Z</time>
      </trkpt>
      <trkpt lat="48.043587" lon="-3.987822">
        <ele>74.270273</ele>
        <time>2026-07-03T09:32:23.016Z</time>
      </trkpt>
      <trkpt lat="48.043598" lon="-3.987809">
        <ele>74.203792</ele>
        <time>2026-07-03T09:32:23.591Z</time>
      </trkpt>
      <trkpt lat="48.043608" lon="-3.987796">
        <ele>74.140963</ele>
        <time>2026-07-03T09:32:24.135Z</time>
      </trkpt>
      <trkpt lat="48.043614" lon="-3.987784">
        <ele>74.093455</ele>
        <time>2026-07-03T09:32:24.547Z</time>
      </trkpt>
      <trkpt lat="48.043620" lon="-3.987771">
        <ele>74.043373</ele>
        <time>2026-07-03T09:32:24.980Z</time>
      </trkpt>
      <trkpt lat="48.043626" lon="-3.987762">
        <ele>74.003077</ele>
        <time>2026-07-03T09:32:25.329Z</time>
      </trkpt>
      <trkpt lat="48.043632" lon="-3.987752">
        <ele>73.960478</ele>
        <time>2026-07-03T09:32:25.698Z</time>
      </trkpt>
      <trkpt lat="48.043642" lon="-3.987740">
        <ele>73.899682</ele>
        <time>2026-07-03T09:32:26.225Z</time>
      </trkpt>
      <trkpt lat="48.043652" lon="-3.987728">
        <ele>73.838885</ele>
        <time>2026-07-03T09:32:26.751Z</time>
      </trkpt>
      <trkpt lat="48.043667" lon="-3.987712">
        <ele>73.751519</ele>
        <time>2026-07-03T09:32:27.507Z</time>
      </trkpt>
      <trkpt lat="48.043681" lon="-3.987696">
        <ele>73.667968</ele>
        <time>2026-07-03T09:32:28.231Z</time>
      </trkpt>
      <trkpt lat="48.043697" lon="-3.987681">
        <ele>73.578422</ele>
        <time>2026-07-03T09:32:29.006Z</time>
      </trkpt>
      <trkpt lat="48.043713" lon="-3.987665">
        <ele>73.487153</ele>
        <time>2026-07-03T09:32:29.796Z</time>
      </trkpt>
      <trkpt lat="48.043728" lon="-3.987654">
        <ele>73.407932</ele>
        <time>2026-07-03T09:32:30.482Z</time>
      </trkpt>
      <trkpt lat="48.043744" lon="-3.987643">
        <ele>73.324427</ele>
        <time>2026-07-03T09:32:31.205Z</time>
      </trkpt>
      <trkpt lat="48.043759" lon="-3.987640">
        <ele>73.252662</ele>
        <time>2026-07-03T09:32:31.827Z</time>
      </trkpt>
      <trkpt lat="48.043774" lon="-3.987636">
        <ele>73.180409</ele>
        <time>2026-07-03T09:32:32.452Z</time>
      </trkpt>
      <trkpt lat="48.043787" lon="-3.987637">
        <ele>73.118680</ele>
        <time>2026-07-03T09:32:32.987Z</time>
      </trkpt>
      <trkpt lat="48.043801" lon="-3.987638">
        <ele>73.052214</ele>
        <time>2026-07-03T09:32:33.562Z</time>
      </trkpt>
      <trkpt lat="48.043814" lon="-3.987639">
        <ele>72.990485</ele>
        <time>2026-07-03T09:32:34.097Z</time>
      </trkpt>
      <trkpt lat="48.043826" lon="-3.987640">
        <ele>72.933492</ele>
        <time>2026-07-03T09:32:34.590Z</time>
      </trkpt>
      <trkpt lat="48.043834" lon="-3.987646">
        <ele>72.891053</ele>
        <time>2026-07-03T09:32:34.958Z</time>
      </trkpt>
      <trkpt lat="48.043842" lon="-3.987651">
        <ele>72.849937</ele>
        <time>2026-07-03T09:32:35.314Z</time>
      </trkpt>
      <trkpt lat="48.043847" lon="-3.987658">
        <ele>72.817461</ele>
        <time>2026-07-03T09:32:35.595Z</time>
      </trkpt>
      <trkpt lat="48.043853" lon="-3.987666">
        <ele>72.779344</ele>
        <time>2026-07-03T09:32:35.925Z</time>
      </trkpt>
      <trkpt lat="48.043861" lon="-3.987671">
        <ele>72.738229</ele>
        <time>2026-07-03T09:32:36.281Z</time>
      </trkpt>
      <trkpt lat="48.043869" lon="-3.987676">
        <ele>72.697113</ele>
        <time>2026-07-03T09:32:36.637Z</time>
      </trkpt>
      <trkpt lat="48.043879" lon="-3.987678">
        <ele>72.649270</ele>
        <time>2026-07-03T09:32:37.051Z</time>
      </trkpt>
      <trkpt lat="48.043890" lon="-3.987679">
        <ele>72.597010</ele>
        <time>2026-07-03T09:32:37.504Z</time>
      </trkpt>
      <trkpt lat="48.043902" lon="-3.987681">
        <ele>72.539753</ele>
        <time>2026-07-03T09:32:37.999Z</time>
      </trkpt>
      <trkpt lat="48.043913" lon="-3.987683">
        <ele>72.487205</ele>
        <time>2026-07-03T09:32:38.454Z</time>
      </trkpt>
      <trkpt lat="48.043926" lon="-3.987688">
        <ele>72.423552</ele>
        <time>2026-07-03T09:32:39.005Z</time>
      </trkpt>
      <trkpt lat="48.043938" lon="-3.987693">
        <ele>72.364480</ele>
        <time>2026-07-03T09:32:39.517Z</time>
      </trkpt>
      <trkpt lat="48.043950" lon="-3.987696">
        <ele>72.306785</ele>
        <time>2026-07-03T09:32:40.016Z</time>
      </trkpt>
      <trkpt lat="48.043963" lon="-3.987699">
        <ele>72.244408</ele>
        <time>2026-07-03T09:32:40.556Z</time>
      </trkpt>
      <trkpt lat="48.043977" lon="-3.987697">
        <ele>72.177717</ele>
        <time>2026-07-03T09:32:41.134Z</time>
      </trkpt>
      <trkpt lat="48.043991" lon="-3.987696">
        <ele>72.111251</ele>
        <time>2026-07-03T09:32:41.709Z</time>
      </trkpt>
      <trkpt lat="48.044006" lon="-3.987686">
        <ele>72.033374</ele>
        <time>2026-07-03T09:32:42.384Z</time>
      </trkpt>
      <trkpt lat="48.044020" lon="-3.987676">
        <ele>71.959803</ele>
        <time>2026-07-03T09:32:43.021Z</time>
      </trkpt>
      <trkpt lat="48.044035" lon="-3.987659">
        <ele>71.870558</ele>
        <time>2026-07-03T09:32:43.793Z</time>
      </trkpt>
      <trkpt lat="48.044050" lon="-3.987643">
        <ele>71.783192</ele>
        <time>2026-07-03T09:32:44.550Z</time>
      </trkpt>
      <trkpt lat="48.044065" lon="-3.987621">
        <ele>71.747606</ele>
        <time>2026-07-03T09:32:45.412Z</time>
      </trkpt>
      <trkpt lat="48.044080" lon="-3.987598">
        <ele>71.805716</ele>
        <time>2026-07-03T09:32:46.294Z</time>
      </trkpt>
      <trkpt lat="48.044098" lon="-3.987574">
        <ele>71.870947</ele>
        <time>2026-07-03T09:32:47.284Z</time>
      </trkpt>
      <trkpt lat="48.044115" lon="-3.987549">
        <ele>71.935439</ele>
        <time>2026-07-03T09:32:48.263Z</time>
      </trkpt>
      <trkpt lat="48.044132" lon="-3.987523">
        <ele>72.001212</ele>
        <time>2026-07-03T09:32:49.262Z</time>
      </trkpt>
      <trkpt lat="48.044150" lon="-3.987498">
        <ele>72.067660</ele>
        <time>2026-07-03T09:32:50.270Z</time>
      </trkpt>
      <trkpt lat="48.044165" lon="-3.987468">
        <ele>72.135412</ele>
        <time>2026-07-03T09:32:51.298Z</time>
      </trkpt>
      <trkpt lat="48.044180" lon="-3.987439">
        <ele>72.201725</ele>
        <time>2026-07-03T09:32:52.305Z</time>
      </trkpt>
      <trkpt lat="48.044196" lon="-3.987411">
        <ele>72.268342</ele>
        <time>2026-07-03T09:32:53.316Z</time>
      </trkpt>
      <trkpt lat="48.044212" lon="-3.987384">
        <ele>72.333594</ele>
        <time>2026-07-03T09:32:54.307Z</time>
      </trkpt>
      <trkpt lat="48.044229" lon="-3.987372">
        <ele>72.384446</ele>
        <time>2026-07-03T09:32:55.079Z</time>
      </trkpt>
      <trkpt lat="48.044246" lon="-3.987360">
        <ele>72.435298</ele>
        <time>2026-07-03T09:32:55.851Z</time>
      </trkpt>
      <trkpt lat="48.044263" lon="-3.987362">
        <ele>72.481428</ele>
        <time>2026-07-03T09:32:56.551Z</time>
      </trkpt>
      <trkpt lat="48.044280" lon="-3.987364">
        <ele>72.527558</ele>
        <time>2026-07-03T09:32:57.251Z</time>
      </trkpt>
      <trkpt lat="48.044295" lon="-3.987371">
        <ele>72.570065</ele>
        <time>2026-07-03T09:32:57.896Z</time>
      </trkpt>
      <trkpt lat="48.044310" lon="-3.987379">
        <ele>72.613145</ele>
        <time>2026-07-03T09:32:58.551Z</time>
      </trkpt>
      <trkpt lat="48.044322" lon="-3.987386">
        <ele>72.647988</ele>
        <time>2026-07-03T09:32:59.079Z</time>
      </trkpt>
      <trkpt lat="48.044333" lon="-3.987393">
        <ele>72.680326</ele>
        <time>2026-07-03T09:32:59.570Z</time>
      </trkpt>
      <trkpt lat="48.044344" lon="-3.987398">
        <ele>72.711427</ele>
        <time>2026-07-03T09:33:00.042Z</time>
      </trkpt>
      <trkpt lat="48.044355" lon="-3.987402">
        <ele>72.742051</ele>
        <time>2026-07-03T09:33:00.507Z</time>
      </trkpt>
      <trkpt lat="48.044369" lon="-3.987401">
        <ele>72.779966</ele>
        <time>2026-07-03T09:33:01.083Z</time>
      </trkpt>
      <trkpt lat="48.044382" lon="-3.987399">
        <ele>72.815319</ele>
        <time>2026-07-03T09:33:01.620Z</time>
      </trkpt>
      <trkpt lat="48.044400" lon="-3.987387">
        <ele>72.868630</ele>
        <time>2026-07-03T09:33:02.429Z</time>
      </trkpt>
      <trkpt lat="48.044419" lon="-3.987376">
        <ele>72.923744</ele>
        <time>2026-07-03T09:33:03.266Z</time>
      </trkpt>
      <trkpt lat="48.044440" lon="-3.987358">
        <ele>72.989219</ele>
        <time>2026-07-03T09:33:04.260Z</time>
      </trkpt>
      <trkpt lat="48.044461" lon="-3.987340">
        <ele>73.054694</ele>
        <time>2026-07-03T09:33:05.253Z</time>
      </trkpt>
      <trkpt lat="48.044482" lon="-3.987318">
        <ele>73.124051</ele>
        <time>2026-07-03T09:33:06.306Z</time>
      </trkpt>
      <trkpt lat="48.044504" lon="-3.987296">
        <ele>73.195640</ele>
        <time>2026-07-03T09:33:07.393Z</time>
      </trkpt>
      <trkpt lat="48.044522" lon="-3.987271">
        <ele>73.262088</ele>
        <time>2026-07-03T09:33:08.402Z</time>
      </trkpt>
      <trkpt lat="48.044541" lon="-3.987246">
        <ele>73.330543</ele>
        <time>2026-07-03T09:33:09.441Z</time>
      </trkpt>
      <trkpt lat="48.044556" lon="-3.987222">
        <ele>73.389961</ele>
        <time>2026-07-03T09:33:10.343Z</time>
      </trkpt>
      <trkpt lat="48.044572" lon="-3.987198">
        <ele>73.451259</ele>
        <time>2026-07-03T09:33:11.273Z</time>
      </trkpt>
      <trkpt lat="48.044585" lon="-3.987184">
        <ele>73.494593</ele>
        <time>2026-07-03T09:33:11.931Z</time>
      </trkpt>
      <trkpt lat="48.044598" lon="-3.987171">
        <ele>73.536896</ele>
        <time>2026-07-03T09:33:12.573Z</time>
      </trkpt>
      <trkpt lat="48.044613" lon="-3.987170">
        <ele>73.577514</ele>
        <time>2026-07-03T09:33:13.190Z</time>
      </trkpt>
      <trkpt lat="48.044627" lon="-3.987169">
        <ele>73.615429</ele>
        <time>2026-07-03T09:33:13.766Z</time>
      </trkpt>
      <trkpt lat="48.044642" lon="-3.987171">
        <ele>73.656168</ele>
        <time>2026-07-03T09:33:14.385Z</time>
      </trkpt>
      <trkpt lat="48.044656" lon="-3.987174">
        <ele>73.694427</ele>
        <time>2026-07-03T09:33:14.965Z</time>
      </trkpt>
      <trkpt lat="48.044673" lon="-3.987171">
        <ele>73.740734</ele>
        <time>2026-07-03T09:33:15.668Z</time>
      </trkpt>
      <trkpt lat="48.044690" lon="-3.987167">
        <ele>73.787288</ele>
        <time>2026-07-03T09:33:16.375Z</time>
      </trkpt>
      <trkpt lat="48.044709" lon="-3.987158">
        <ele>73.841202</ele>
        <time>2026-07-03T09:33:17.194Z</time>
      </trkpt>
      <trkpt lat="48.044728" lon="-3.987148">
        <ele>73.895689</ele>
        <time>2026-07-03T09:33:18.021Z</time>
      </trkpt>
      <trkpt lat="48.044748" lon="-3.987132">
        <ele>73.957045</ele>
        <time>2026-07-03T09:33:18.952Z</time>
      </trkpt>
      <trkpt lat="48.044767" lon="-3.987117">
        <ele>74.015163</ele>
        <time>2026-07-03T09:33:19.835Z</time>
      </trkpt>
      <trkpt lat="48.044785" lon="-3.987101">
        <ele>74.071805</ele>
        <time>2026-07-03T09:33:20.695Z</time>
      </trkpt>
      <trkpt lat="48.044803" lon="-3.987084">
        <ele>74.129393</ele>
        <time>2026-07-03T09:33:21.569Z</time>
      </trkpt>
      <trkpt lat="48.044822" lon="-3.987077">
        <ele>74.182327</ele>
        <time>2026-07-03T09:33:22.373Z</time>
      </trkpt>
      <trkpt lat="48.044840" lon="-3.987069">
        <ele>74.233125</ele>
        <time>2026-07-03T09:33:23.144Z</time>
      </trkpt>
      <trkpt lat="48.044857" lon="-3.987074">
        <ele>74.279993</ele>
        <time>2026-07-03T09:33:23.856Z</time>
      </trkpt>
      <trkpt lat="48.044874" lon="-3.987078">
        <ele>74.326547</ele>
        <time>2026-07-03T09:33:24.563Z</time>
      </trkpt>
      <trkpt lat="48.044887" lon="-3.987090">
        <ele>74.367871</ele>
        <time>2026-07-03T09:33:25.190Z</time>
      </trkpt>
      <trkpt lat="48.044900" lon="-3.987102">
        <ele>74.409196</ele>
        <time>2026-07-03T09:33:25.817Z</time>
      </trkpt>
      <trkpt lat="48.044912" lon="-3.987116">
        <ele>74.450365</ele>
        <time>2026-07-03T09:33:26.443Z</time>
      </trkpt>
      <trkpt lat="48.044923" lon="-3.987130">
        <ele>74.489436</ele>
        <time>2026-07-03T09:33:27.036Z</time>
      </trkpt>
      <trkpt lat="48.044933" lon="-3.987143">
        <ele>74.525277</ele>
        <time>2026-07-03T09:33:27.580Z</time>
      </trkpt>
      <trkpt lat="48.044944" lon="-3.987157">
        <ele>74.564348</ele>
        <time>2026-07-03T09:33:28.173Z</time>
      </trkpt>
      <trkpt lat="48.044953" lon="-3.987171">
        <ele>74.599474</ele>
        <time>2026-07-03T09:33:28.707Z</time>
      </trkpt>
      <trkpt lat="48.044963" lon="-3.987186">
        <ele>74.637785</ele>
        <time>2026-07-03T09:33:29.288Z</time>
      </trkpt>
      <trkpt lat="48.044977" lon="-3.987203">
        <ele>74.686566</ele>
        <time>2026-07-03T09:33:30.029Z</time>
      </trkpt>
      <trkpt lat="48.044990" lon="-3.987221">
        <ele>74.734488</ele>
        <time>2026-07-03T09:33:30.756Z</time>
      </trkpt>
      <trkpt lat="48.045004" lon="-3.987241">
        <ele>74.786858</ele>
        <time>2026-07-03T09:33:31.551Z</time>
      </trkpt>
      <trkpt lat="48.045019" lon="-3.987262">
        <ele>74.842437</ele>
        <time>2026-07-03T09:33:32.395Z</time>
      </trkpt>
      <trkpt lat="48.045033" lon="-3.987285">
        <ele>74.898691</ele>
        <time>2026-07-03T09:33:33.249Z</time>
      </trkpt>
      <trkpt lat="48.045048" lon="-3.987307">
        <ele>74.955521</ele>
        <time>2026-07-03T09:33:34.112Z</time>
      </trkpt>
      <trkpt lat="48.045063" lon="-3.987326">
        <ele>75.008693</ele>
        <time>2026-07-03T09:33:34.920Z</time>
      </trkpt>
      <trkpt lat="48.045079" lon="-3.987346">
        <ele>75.065100</ele>
        <time>2026-07-03T09:33:35.776Z</time>
      </trkpt>
      <trkpt lat="48.045099" lon="-3.987357">
        <ele>75.122745</ele>
        <time>2026-07-03T09:33:36.651Z</time>
      </trkpt>
      <trkpt lat="48.045120" lon="-3.987369">
        <ele>75.183558</ele>
        <time>2026-07-03T09:33:37.575Z</time>
      </trkpt>
      <trkpt lat="48.045144" lon="-3.987378">
        <ele>75.250492</ele>
        <time>2026-07-03T09:33:38.591Z</time>
      </trkpt>
      <trkpt lat="48.045167" lon="-3.987387">
        <ele>75.314805</ele>
        <time>2026-07-03T09:33:39.568Z</time>
      </trkpt>
      <trkpt lat="48.045191" lon="-3.987399">
        <ele>75.383260</ele>
        <time>2026-07-03T09:33:40.607Z</time>
      </trkpt>
      <trkpt lat="48.045215" lon="-3.987410">
        <ele>75.451164</ele>
        <time>2026-07-03T09:33:41.638Z</time>
      </trkpt>
      <trkpt lat="48.045241" lon="-3.987420">
        <ele>75.523787</ele>
        <time>2026-07-03T09:33:42.741Z</time>
      </trkpt>
      <trkpt lat="48.045266" lon="-3.987429">
        <ele>75.593347</ele>
        <time>2026-07-03T09:33:43.797Z</time>
      </trkpt>
      <trkpt lat="48.045287" lon="-3.987443">
        <ele>75.655543</ele>
        <time>2026-07-03T09:33:44.742Z</time>
      </trkpt>
      <trkpt lat="48.045308" lon="-3.987457">
        <ele>75.717738</ele>
        <time>2026-07-03T09:33:45.686Z</time>
      </trkpt>
      <trkpt lat="48.045318" lon="-3.987482">
        <ele>75.770426</ele>
        <time>2026-07-03T09:33:46.486Z</time>
      </trkpt>
      <trkpt lat="48.045328" lon="-3.987506">
        <ele>75.821571</ele>
        <time>2026-07-03T09:33:47.263Z</time>
      </trkpt>
      <trkpt lat="48.045329" lon="-3.987539">
        <ele>75.881314</ele>
        <time>2026-07-03T09:33:48.170Z</time>
      </trkpt>
      <trkpt lat="48.045330" lon="-3.987571">
        <ele>75.939250</ele>
        <time>2026-07-03T09:33:49.050Z</time>
      </trkpt>
      <trkpt lat="48.045327" lon="-3.987608">
        <ele>76.006655</ele>
        <time>2026-07-03T09:33:50.073Z</time>
      </trkpt>
      <trkpt lat="48.045324" lon="-3.987644">
        <ele>76.072266</ele>
        <time>2026-07-03T09:33:51.070Z</time>
      </trkpt>
      <trkpt lat="48.045320" lon="-3.987682">
        <ele>76.141837</ele>
        <time>2026-07-03T09:33:52.126Z</time>
      </trkpt>
      <trkpt lat="48.045317" lon="-3.987719">
        <ele>76.209243</ele>
        <time>2026-07-03T09:33:53.150Z</time>
      </trkpt>
      <trkpt lat="48.045315" lon="-3.987753">
        <ele>76.270970</ele>
        <time>2026-07-03T09:33:54.088Z</time>
      </trkpt>
      <trkpt lat="48.045313" lon="-3.987787">
        <ele>76.332698</ele>
        <time>2026-07-03T09:33:55.025Z</time>
      </trkpt>
      <trkpt lat="48.045312" lon="-3.987819">
        <ele>76.390634</ele>
        <time>2026-07-03T09:33:55.905Z</time>
      </trkpt>
      <trkpt lat="48.045310" lon="-3.987851">
        <ele>76.448759</ele>
        <time>2026-07-03T09:33:56.787Z</time>
      </trkpt>
      <trkpt lat="48.045310" lon="-3.987884">
        <ele>76.508440</ele>
        <time>2026-07-03T09:33:57.694Z</time>
      </trkpt>
      <trkpt lat="48.045309" lon="-3.987917">
        <ele>76.568183</ele>
        <time>2026-07-03T09:33:58.602Z</time>
      </trkpt>
      <trkpt lat="48.045311" lon="-3.987950">
        <ele>76.664003</ele>
        <time>2026-07-03T09:33:59.512Z</time>
      </trkpt>
      <trkpt lat="48.045312" lon="-3.987984">
        <ele>76.783515</ele>
        <time>2026-07-03T09:34:00.447Z</time>
      </trkpt>
      <trkpt lat="48.045316" lon="-3.988020">
        <ele>76.911669</ele>
        <time>2026-07-03T09:34:01.449Z</time>
      </trkpt>
      <trkpt lat="48.045320" lon="-3.988055">
        <ele>77.036360</ele>
        <time>2026-07-03T09:34:02.424Z</time>
      </trkpt>
      <trkpt lat="48.045324" lon="-3.988089">
        <ele>77.157591</ele>
        <time>2026-07-03T09:34:03.373Z</time>
      </trkpt>
      <trkpt lat="48.045327" lon="-3.988123">
        <ele>77.278023</ele>
        <time>2026-07-03T09:34:04.315Z</time>
      </trkpt>
      <trkpt lat="48.045328" lon="-3.988154">
        <ele>77.387011</ele>
        <time>2026-07-03T09:34:05.168Z</time>
      </trkpt>
      <trkpt lat="48.045328" lon="-3.988184">
        <ele>77.492361</ele>
        <time>2026-07-03T09:34:05.993Z</time>
      </trkpt>
      <trkpt lat="48.045325" lon="-3.988215">
        <ele>77.602357</ele>
        <time>2026-07-03T09:34:06.853Z</time>
      </trkpt>
      <trkpt lat="48.045322" lon="-3.988245">
        <ele>77.708879</ele>
        <time>2026-07-03T09:34:07.686Z</time>
      </trkpt>
      <trkpt lat="48.045318" lon="-3.988276">
        <ele>77.819750</ele>
        <time>2026-07-03T09:34:08.553Z</time>
      </trkpt>
      <trkpt lat="48.045314" lon="-3.988308">
        <ele>77.934070</ele>
        <time>2026-07-03T09:34:09.448Z</time>
      </trkpt>
      <trkpt lat="48.045311" lon="-3.988339">
        <ele>78.044066</ele>
        <time>2026-07-03T09:34:10.309Z</time>
      </trkpt>
      <trkpt lat="48.045308" lon="-3.988370">
        <ele>78.154062</ele>
        <time>2026-07-03T09:34:11.170Z</time>
      </trkpt>
      <trkpt lat="48.045306" lon="-3.988402">
        <ele>78.266925</ele>
        <time>2026-07-03T09:34:12.054Z</time>
      </trkpt>
      <trkpt lat="48.045305" lon="-3.988434">
        <ele>78.379421</ele>
        <time>2026-07-03T09:34:12.934Z</time>
      </trkpt>
      <trkpt lat="48.045306" lon="-3.988466">
        <ele>78.491917</ele>
        <time>2026-07-03T09:34:13.815Z</time>
      </trkpt>
      <trkpt lat="48.045307" lon="-3.988498">
        <ele>78.604413</ele>
        <time>2026-07-03T09:34:14.695Z</time>
      </trkpt>
      <trkpt lat="48.045312" lon="-3.988531">
        <ele>78.723237</ele>
        <time>2026-07-03T09:34:15.625Z</time>
      </trkpt>
      <trkpt lat="48.045316" lon="-3.988564">
        <ele>78.841011</ele>
        <time>2026-07-03T09:34:16.548Z</time>
      </trkpt>
      <trkpt lat="48.045322" lon="-3.988596">
        <ele>78.957720</ele>
        <time>2026-07-03T09:34:17.461Z</time>
      </trkpt>
      <trkpt lat="48.045329" lon="-3.988628">
        <ele>79.075956</ele>
        <time>2026-07-03T09:34:18.387Z</time>
      </trkpt>
      <trkpt lat="48.045336" lon="-3.988660">
        <ele>79.194191</ele>
        <time>2026-07-03T09:34:19.312Z</time>
      </trkpt>
      <trkpt lat="48.045344" lon="-3.988692">
        <ele>79.314164</ele>
        <time>2026-07-03T09:34:20.251Z</time>
      </trkpt>
      <trkpt lat="48.045353" lon="-3.988723">
        <ele>79.432848</ele>
        <time>2026-07-03T09:34:21.180Z</time>
      </trkpt>
      <trkpt lat="48.045362" lon="-3.988754">
        <ele>79.551531</ele>
        <time>2026-07-03T09:34:22.109Z</time>
      </trkpt>
      <trkpt lat="48.045371" lon="-3.988784">
        <ele>79.667001</ele>
        <time>2026-07-03T09:34:23.013Z</time>
      </trkpt>
      <trkpt lat="48.045381" lon="-3.988814">
        <ele>79.784720</ele>
        <time>2026-07-03T09:34:23.934Z</time>
      </trkpt>
      <trkpt lat="48.045388" lon="-3.988844">
        <ele>79.896302</ele>
        <time>2026-07-03T09:34:24.807Z</time>
      </trkpt>
      <trkpt lat="48.045396" lon="-3.988874">
        <ele>80.009723</ele>
        <time>2026-07-03T09:34:25.694Z</time>
      </trkpt>
      <trkpt lat="48.045402" lon="-3.988904">
        <ele>80.119686</ele>
        <time>2026-07-03T09:34:26.555Z</time>
      </trkpt>
      <trkpt lat="48.045409" lon="-3.988933">
        <ele>80.227958</ele>
        <time>2026-07-03T09:34:27.402Z</time>
      </trkpt>
      <trkpt lat="48.045417" lon="-3.988962">
        <ele>80.338125</ele>
        <time>2026-07-03T09:34:28.264Z</time>
      </trkpt>
      <trkpt lat="48.045424" lon="-3.988991">
        <ele>80.446398</ele>
        <time>2026-07-03T09:34:29.111Z</time>
      </trkpt>
      <trkpt lat="48.045433" lon="-3.989021">
        <ele>80.561868</ele>
        <time>2026-07-03T09:34:30.015Z</time>
      </trkpt>
      <trkpt lat="48.045441" lon="-3.989052">
        <ele>80.678558</ele>
        <time>2026-07-03T09:34:30.929Z</time>
      </trkpt>
      <trkpt lat="48.045451" lon="-3.989083">
        <ele>80.799430</ele>
        <time>2026-07-03T09:34:31.874Z</time>
      </trkpt>
      <trkpt lat="48.045461" lon="-3.989114">
        <ele>80.920301</ele>
        <time>2026-07-03T09:34:32.820Z</time>
      </trkpt>
      <trkpt lat="48.045472" lon="-3.989143">
        <ele>81.037388</ele>
        <time>2026-07-03T09:34:33.736Z</time>
      </trkpt>
      <trkpt lat="48.045482" lon="-3.989173">
        <ele>81.155107</ele>
        <time>2026-07-03T09:34:34.658Z</time>
      </trkpt>
      <trkpt lat="48.045493" lon="-3.989203">
        <ele>81.275261</ele>
        <time>2026-07-03T09:34:35.598Z</time>
      </trkpt>
      <trkpt lat="48.045504" lon="-3.989232">
        <ele>81.392348</ele>
        <time>2026-07-03T09:34:36.515Z</time>
      </trkpt>
      <trkpt lat="48.045515" lon="-3.989262">
        <ele>81.512502</ele>
        <time>2026-07-03T09:34:37.455Z</time>
      </trkpt>
      <trkpt lat="48.045527" lon="-3.989292">
        <ele>81.635269</ele>
        <time>2026-07-03T09:34:38.416Z</time>
      </trkpt>
      <trkpt lat="48.045538" lon="-3.989320">
        <ele>81.749315</ele>
        <time>2026-07-03T09:34:39.309Z</time>
      </trkpt>
      <trkpt lat="48.045550" lon="-3.989349">
        <ele>81.869082</ele>
        <time>2026-07-03T09:34:40.247Z</time>
      </trkpt>
      <trkpt lat="48.045560" lon="-3.989377">
        <ele>81.980559</ele>
        <time>2026-07-03T09:34:41.120Z</time>
      </trkpt>
      <trkpt lat="48.045570" lon="-3.989406">
        <ele>82.095145</ele>
        <time>2026-07-03T09:34:42.017Z</time>
      </trkpt>
      <trkpt lat="48.045580" lon="-3.989433">
        <ele>82.203537</ele>
        <time>2026-07-03T09:34:42.866Z</time>
      </trkpt>
      <trkpt lat="48.045590" lon="-3.989460">
        <ele>82.311929</ele>
        <time>2026-07-03T09:34:43.715Z</time>
      </trkpt>
      <trkpt lat="48.045601" lon="-3.989486">
        <ele>82.419979</ele>
        <time>2026-07-03T09:34:44.561Z</time>
      </trkpt>
      <trkpt lat="48.045612" lon="-3.989512">
        <ele>82.528028</ele>
        <time>2026-07-03T09:34:45.407Z</time>
      </trkpt>
      <trkpt lat="48.045624" lon="-3.989538">
        <ele>82.638975</ele>
        <time>2026-07-03T09:34:46.275Z</time>
      </trkpt>
      <trkpt lat="48.045636" lon="-3.989565">
        <ele>82.752830</ele>
        <time>2026-07-03T09:34:47.167Z</time>
      </trkpt>
      <trkpt lat="48.045649" lon="-3.989591">
        <ele>82.866843</ele>
        <time>2026-07-03T09:34:48.060Z</time>
      </trkpt>
      <trkpt lat="48.045662" lon="-3.989618">
        <ele>82.983687</ele>
        <time>2026-07-03T09:34:48.975Z</time>
      </trkpt>
      <trkpt lat="48.045673" lon="-3.989641">
        <ele>83.082995</ele>
        <time>2026-07-03T09:34:49.752Z</time>
      </trkpt>
      <trkpt lat="48.045685" lon="-3.989664">
        <ele>83.185447</ele>
        <time>2026-07-03T09:34:50.554Z</time>
      </trkpt>
      <trkpt lat="48.045695" lon="-3.989684">
        <ele>83.273150</ele>
        <time>2026-07-03T09:34:51.240Z</time>
      </trkpt>
      <trkpt lat="48.045706" lon="-3.989703">
        <ele>83.361412</ele>
        <time>2026-07-03T09:34:51.931Z</time>
      </trkpt>
      <trkpt lat="48.045715" lon="-3.989719">
        <ele>83.434840</ele>
        <time>2026-07-03T09:34:52.506Z</time>
      </trkpt>
      <trkpt lat="48.045724" lon="-3.989736">
        <ele>83.510990</ele>
        <time>2026-07-03T09:34:53.102Z</time>
      </trkpt>
      <trkpt lat="48.045731" lon="-3.989752">
        <ele>83.578137</ele>
        <time>2026-07-03T09:34:53.627Z</time>
      </trkpt>
      <trkpt lat="48.045740" lon="-3.989768">
        <ele>83.651566</ele>
        <time>2026-07-03T09:34:54.202Z</time>
      </trkpt>
      <trkpt lat="48.045746" lon="-3.989783">
        <ele>83.712949</ele>
        <time>2026-07-03T09:34:54.683Z</time>
      </trkpt>
      <trkpt lat="48.045753" lon="-3.989799">
        <ele>83.780097</ele>
        <time>2026-07-03T09:34:55.209Z</time>
      </trkpt>
      <trkpt lat="48.045759" lon="-3.989817">
        <ele>83.850728</ele>
        <time>2026-07-03T09:34:55.761Z</time>
      </trkpt>
      <trkpt lat="48.045765" lon="-3.989835">
        <ele>83.921358</ele>
        <time>2026-07-03T09:34:56.314Z</time>
      </trkpt>
      <trkpt lat="48.045771" lon="-3.989855">
        <ele>83.998338</ele>
        <time>2026-07-03T09:34:56.916Z</time>
      </trkpt>
      <trkpt lat="48.045776" lon="-3.989875">
        <ele>84.073321</ele>
        <time>2026-07-03T09:34:57.503Z</time>
      </trkpt>
      <trkpt lat="48.045783" lon="-3.989895">
        <ele>84.152596</ele>
        <time>2026-07-03T09:34:58.123Z</time>
      </trkpt>
      <trkpt lat="48.045790" lon="-3.989914">
        <ele>84.228778</ele>
        <time>2026-07-03T09:34:58.719Z</time>
      </trkpt>
      <trkpt lat="48.045797" lon="-3.989933">
        <ele>84.304959</ele>
        <time>2026-07-03T09:34:59.315Z</time>
      </trkpt>
      <trkpt lat="48.045804" lon="-3.989952">
        <ele>84.381141</ele>
        <time>2026-07-03T09:34:59.912Z</time>
      </trkpt>
      <trkpt lat="48.045810" lon="-3.989969">
        <ele>84.448647</ele>
        <time>2026-07-03T09:35:00.440Z</time>
      </trkpt>
      <trkpt lat="48.045817" lon="-3.989987">
        <ele>84.521773</ele>
        <time>2026-07-03T09:35:01.012Z</time>
      </trkpt>
      <trkpt lat="48.045823" lon="-3.990004">
        <ele>84.589279</ele>
        <time>2026-07-03T09:35:01.541Z</time>
      </trkpt>
      <trkpt lat="48.045828" lon="-3.990021">
        <ele>84.654499</ele>
        <time>2026-07-03T09:35:02.051Z</time>
      </trkpt>
      <trkpt lat="48.045835" lon="-3.990038">
        <ele>84.724611</ele>
        <time>2026-07-03T09:35:02.600Z</time>
      </trkpt>
      <trkpt lat="48.045841" lon="-3.990055">
        <ele>84.792117</ele>
        <time>2026-07-03T09:35:03.127Z</time>
      </trkpt>
      <trkpt lat="48.045846" lon="-3.990072">
        <ele>84.857337</ele>
        <time>2026-07-03T09:35:03.638Z</time>
      </trkpt>
      <trkpt lat="48.045851" lon="-3.990089">
        <ele>84.922556</ele>
        <time>2026-07-03T09:35:04.148Z</time>
      </trkpt>
      <trkpt lat="48.045855" lon="-3.990106">
        <ele>84.985843</ele>
        <time>2026-07-03T09:35:04.643Z</time>
      </trkpt>
      <trkpt lat="48.045858" lon="-3.990123">
        <ele>85.047586</ele>
        <time>2026-07-03T09:35:05.126Z</time>
      </trkpt>
      <trkpt lat="48.045862" lon="-3.990141">
        <ele>85.114196</ele>
        <time>2026-07-03T09:35:05.647Z</time>
      </trkpt>
      <trkpt lat="48.045866" lon="-3.990158">
        <ele>85.177483</ele>
        <time>2026-07-03T09:35:06.142Z</time>
      </trkpt>
      <trkpt lat="48.045871" lon="-3.990176">
        <ele>85.245931</ele>
        <time>2026-07-03T09:35:06.678Z</time>
      </trkpt>
      <trkpt lat="48.045877" lon="-3.990193">
        <ele>85.313437</ele>
        <time>2026-07-03T09:35:07.207Z</time>
      </trkpt>
      <trkpt lat="48.045883" lon="-3.990211">
        <ele>85.384068</ele>
        <time>2026-07-03T09:35:07.759Z</time>
      </trkpt>
      <trkpt lat="48.045889" lon="-3.990229">
        <ele>85.454698</ele>
        <time>2026-07-03T09:35:08.312Z</time>
      </trkpt>
      <trkpt lat="48.045895" lon="-3.990246">
        <ele>85.522205</ele>
        <time>2026-07-03T09:35:08.840Z</time>
      </trkpt>
      <trkpt lat="48.045901" lon="-3.990264">
        <ele>85.592835</ele>
        <time>2026-07-03T09:35:09.392Z</time>
      </trkpt>
      <trkpt lat="48.045908" lon="-3.990281">
        <ele>85.662948</ele>
        <time>2026-07-03T09:35:09.941Z</time>
      </trkpt>
      <trkpt lat="48.045914" lon="-3.990297">
        <ele>85.727369</ele>
        <time>2026-07-03T09:35:10.445Z</time>
      </trkpt>
      <trkpt lat="48.045921" lon="-3.990313">
        <ele>85.794517</ele>
        <time>2026-07-03T09:35:10.970Z</time>
      </trkpt>
      <trkpt lat="48.045928" lon="-3.990329">
        <ele>85.861665</ele>
        <time>2026-07-03T09:35:11.495Z</time>
      </trkpt>
      <trkpt lat="48.045936" lon="-3.990346">
        <ele>85.934669</ele>
        <time>2026-07-03T09:35:12.067Z</time>
      </trkpt>
      <trkpt lat="48.045944" lon="-3.990363">
        <ele>86.007673</ele>
        <time>2026-07-03T09:35:12.638Z</time>
      </trkpt>
      <trkpt lat="48.045952" lon="-3.990379">
        <ele>86.064670</ele>
        <time>2026-07-03T09:35:13.187Z</time>
      </trkpt>
      <trkpt lat="48.045959" lon="-3.990396">
        <ele>86.111758</ele>
        <time>2026-07-03T09:35:13.736Z</time>
      </trkpt>
      <trkpt lat="48.045966" lon="-3.990414">
        <ele>86.160870</ele>
        <time>2026-07-03T09:35:14.308Z</time>
      </trkpt>
      <trkpt lat="48.045973" lon="-3.990433">
        <ele>86.212034</ele>
        <time>2026-07-03T09:35:14.904Z</time>
      </trkpt>
      <trkpt lat="48.045979" lon="-3.990452">
        <ele>86.261592</ele>
        <time>2026-07-03T09:35:15.481Z</time>
      </trkpt>
      <trkpt lat="48.045985" lon="-3.990472">
        <ele>86.313292</ele>
        <time>2026-07-03T09:35:16.083Z</time>
      </trkpt>
      <trkpt lat="48.045992" lon="-3.990492">
        <ele>86.366534</ele>
        <time>2026-07-03T09:35:16.704Z</time>
      </trkpt>
      <trkpt lat="48.045998" lon="-3.990513">
        <ele>86.420394</ele>
        <time>2026-07-03T09:35:17.331Z</time>
      </trkpt>
      <trkpt lat="48.046004" lon="-3.990532">
        <ele>86.469952</ele>
        <time>2026-07-03T09:35:17.908Z</time>
      </trkpt>
      <trkpt lat="48.046010" lon="-3.990552">
        <ele>86.521652</ele>
        <time>2026-07-03T09:35:18.510Z</time>
      </trkpt>
      <trkpt lat="48.046016" lon="-3.990571">
        <ele>86.571210</ele>
        <time>2026-07-03T09:35:19.088Z</time>
      </trkpt>
      <trkpt lat="48.046021" lon="-3.990589">
        <ele>86.617181</ele>
        <time>2026-07-03T09:35:19.623Z</time>
      </trkpt>
      <trkpt lat="48.046026" lon="-3.990608">
        <ele>86.665337</ele>
        <time>2026-07-03T09:35:20.185Z</time>
      </trkpt>
      <trkpt lat="48.046032" lon="-3.990627">
        <ele>86.714895</ele>
        <time>2026-07-03T09:35:20.762Z</time>
      </trkpt>
      <trkpt lat="48.046037" lon="-3.990647">
        <ele>86.765254</ele>
        <time>2026-07-03T09:35:21.348Z</time>
      </trkpt>
      <trkpt lat="48.046043" lon="-3.990667">
        <ele>86.816954</ele>
        <time>2026-07-03T09:35:21.950Z</time>
      </trkpt>
      <trkpt lat="48.046050" lon="-3.990687">
        <ele>86.870196</ele>
        <time>2026-07-03T09:35:22.570Z</time>
      </trkpt>
      <trkpt lat="48.046056" lon="-3.990707">
        <ele>86.921896</ele>
        <time>2026-07-03T09:35:23.173Z</time>
      </trkpt>
      <trkpt lat="48.046063" lon="-3.990727">
        <ele>86.975138</ele>
        <time>2026-07-03T09:35:23.793Z</time>
      </trkpt>
      <trkpt lat="48.046070" lon="-3.990747">
        <ele>87.028379</ele>
        <time>2026-07-03T09:35:24.413Z</time>
      </trkpt>
      <trkpt lat="48.046077" lon="-3.990770">
        <ele>87.087980</ele>
        <time>2026-07-03T09:35:25.107Z</time>
      </trkpt>
      <trkpt lat="48.046084" lon="-3.990793">
        <ele>87.147580</ele>
        <time>2026-07-03T09:35:25.802Z</time>
      </trkpt>
      <trkpt lat="48.046089" lon="-3.990822">
        <ele>87.218212</ele>
        <time>2026-07-03T09:35:26.624Z</time>
      </trkpt>
      <trkpt lat="48.046093" lon="-3.990850">
        <ele>87.285739</ele>
        <time>2026-07-03T09:35:27.411Z</time>
      </trkpt>
      <trkpt lat="48.046097" lon="-3.990883">
        <ele>87.364836</ele>
        <time>2026-07-03T09:35:28.332Z</time>
      </trkpt>
      <trkpt lat="48.046100" lon="-3.990916">
        <ele>87.443380</ele>
        <time>2026-07-03T09:35:29.246Z</time>
      </trkpt>
      <trkpt lat="48.046107" lon="-3.990951">
        <ele>87.529540</ele>
        <time>2026-07-03T09:35:30.250Z</time>
      </trkpt>
      <trkpt lat="48.046113" lon="-3.990985">
        <ele>87.612473</ele>
        <time>2026-07-03T09:35:31.216Z</time>
      </trkpt>
      <trkpt lat="48.046126" lon="-3.991016">
        <ele>87.698777</ele>
        <time>2026-07-03T09:35:32.221Z</time>
      </trkpt>
      <trkpt lat="48.046140" lon="-3.991046">
        <ele>87.785063</ele>
        <time>2026-07-03T09:35:33.226Z</time>
      </trkpt>
      <trkpt lat="48.046157" lon="-3.991073">
        <ele>87.872536</ele>
        <time>2026-07-03T09:35:34.244Z</time>
      </trkpt>
      <trkpt lat="48.046174" lon="-3.991100">
        <ele>87.960008</ele>
        <time>2026-07-03T09:35:35.263Z</time>
      </trkpt>
      <trkpt lat="48.046192" lon="-3.991126">
        <ele>88.048282</ele>
        <time>2026-07-03T09:35:36.291Z</time>
      </trkpt>
      <trkpt lat="48.046210" lon="-3.991152">
        <ele>88.136555</ele>
        <time>2026-07-03T09:35:37.319Z</time>
      </trkpt>
      <trkpt lat="48.046226" lon="-3.991178">
        <ele>88.219898</ele>
        <time>2026-07-03T09:35:38.290Z</time>
      </trkpt>
      <trkpt lat="48.046243" lon="-3.991204">
        <ele>88.305669</ele>
        <time>2026-07-03T09:35:39.289Z</time>
      </trkpt>
      <trkpt lat="48.046257" lon="-3.991232">
        <ele>88.388131</ele>
        <time>2026-07-03T09:35:40.249Z</time>
      </trkpt>
      <trkpt lat="48.046272" lon="-3.991259">
        <ele>88.470925</ele>
        <time>2026-07-03T09:35:41.213Z</time>
      </trkpt>
      <trkpt lat="48.046285" lon="-3.991288">
        <ele>88.553272</ele>
        <time>2026-07-03T09:35:42.172Z</time>
      </trkpt>
      <trkpt lat="48.046298" lon="-3.991317">
        <ele>88.635619</ele>
        <time>2026-07-03T09:35:43.131Z</time>
      </trkpt>
      <trkpt lat="48.046304" lon="-3.991311">
        <ele>88.661080</ele>
        <time>2026-07-03T09:35:43.416Z</time>
      </trkpt>
      <trkpt lat="48.046546" lon="-3.991866">
        <ele>90.223802</ele>
        <time>2026-07-03T09:36:07.721Z</time>
      </trkpt>
      <trkpt lat="48.046945" lon="-3.992094">
        <ele>91.730591</ele>
        <time>2026-07-03T09:36:30.163Z</time>
      </trkpt>
      <trkpt lat="48.047564" lon="-3.992540">
        <ele>94.580081</ele>
        <time>2026-07-03T09:37:06.907Z</time>
      </trkpt>
      <trkpt lat="48.047694" lon="-3.992528">
        <ele>95.149976</ele>
        <time>2026-07-03T09:37:14.109Z</time>
      </trkpt>
      <trkpt lat="48.047763" lon="-3.992561">
        <ele>95.466940</ele>
        <time>2026-07-03T09:37:18.198Z</time>
      </trkpt>
      <trkpt lat="48.047803" lon="-3.992581">
        <ele>95.651478</ele>
        <time>2026-07-03T09:37:20.581Z</time>
      </trkpt>
      <trkpt lat="48.047889" lon="-3.992704">
        <ele>96.172092</ele>
        <time>2026-07-03T09:37:27.432Z</time>
      </trkpt>
      <trkpt lat="48.048136" lon="-3.993433">
        <ele>98.562691</ele>
        <time>2026-07-03T09:38:00.681Z</time>
      </trkpt>
      <trkpt lat="48.048212" lon="-3.993557">
        <ele>99.054764</ele>
        <time>2026-07-03T09:38:07.967Z</time>
      </trkpt>
      <trkpt lat="48.048543" lon="-3.993726">
        <ele>100.361149</ele>
        <time>2026-07-03T09:38:30.099Z</time>
      </trkpt>
      <trkpt lat="48.049105" lon="-3.993903">
        <ele>101.180137</ele>
        <time>2026-07-03T09:39:03.416Z</time>
      </trkpt>
      <trkpt lat="48.049326" lon="-3.993973">
        <ele>101.502273</ele>
        <time>2026-07-03T09:39:15.482Z</time>
      </trkpt>
      <trkpt lat="48.049219" lon="-3.993223">
        <ele>102.233331</ele>
        <time>2026-07-03T09:39:36.793Z</time>
      </trkpt>
      <trkpt lat="48.048997" lon="-3.991662">
        <ele>101.025786</ele>
        <time>2026-07-03T09:40:17.359Z</time>
      </trkpt>
      <trkpt lat="48.048851" lon="-3.990748">
        <ele>99.312430</ele>
        <time>2026-07-03T09:40:41.416Z</time>
      </trkpt>
      <trkpt lat="48.048809" lon="-3.990345">
        <ele>98.568787</ele>
        <time>2026-07-03T09:40:52.027Z</time>
      </trkpt>
      <trkpt lat="48.048809" lon="-3.990019">
        <ele>97.974409</ele>
        <time>2026-07-03T09:41:00.543Z</time>
      </trkpt>
      <trkpt lat="48.048897" lon="-3.988773">
        <ele>95.019694</ele>
        <time>2026-07-03T09:41:32.784Z</time>
      </trkpt>
      <trkpt lat="48.049119" lon="-3.987744">
        <ele>92.453637</ele>
        <time>2026-07-03T09:41:59.848Z</time>
      </trkpt>
      <trkpt lat="48.049265" lon="-3.987099">
        <ele>90.673315</ele>
        <time>2026-07-03T09:42:16.503Z</time>
      </trkpt>
      <trkpt lat="48.049402" lon="-3.986656">
        <ele>89.238943</ele>
        <time>2026-07-03T09:42:28.386Z</time>
      </trkpt>
      <trkpt lat="48.049569" lon="-3.986235">
        <ele>87.800367</ele>
        <time>2026-07-03T09:42:40.344Z</time>
      </trkpt>
      <trkpt lat="48.049969" lon="-3.985321">
        <ele>84.590089</ele>
        <time>2026-07-03T09:43:07.277Z</time>
      </trkpt>
      <trkpt lat="48.050169" lon="-3.984919">
        <ele>83.616968</ele>
        <time>2026-07-03T09:43:19.834Z</time>
      </trkpt>
      <trkpt lat="48.050756" lon="-3.983922">
        <ele>83.592248</ele>
        <time>2026-07-03T09:43:54.915Z</time>
      </trkpt>
      <trkpt lat="48.050937" lon="-3.983774">
        <ele>83.586506</ele>
        <time>2026-07-03T09:44:05.166Z</time>
      </trkpt>
      <trkpt lat="48.051871" lon="-3.983584">
        <ele>84.576053</ele>
        <time>2026-07-03T09:44:57.089Z</time>
      </trkpt>
      <trkpt lat="48.051929" lon="-3.983653">
        <ele>84.787421</ele>
        <time>2026-07-03T09:45:01.475Z</time>
      </trkpt>
      <trkpt lat="48.051940" lon="-3.983903">
        <ele>85.265114</ele>
        <time>2026-07-03T09:45:11.423Z</time>
      </trkpt>
      <trkpt lat="48.051900" lon="-3.985067">
        <ele>87.487384</ele>
        <time>2026-07-03T09:45:54.498Z</time>
      </trkpt>
      <trkpt lat="48.052268" lon="-3.985421">
        <ele>88.717056</ele>
        <time>2026-07-03T09:46:16.611Z</time>
      </trkpt>
      <trkpt lat="48.052378" lon="-3.985343">
        <ele>88.882799</ele>
        <time>2026-07-03T09:46:22.612Z</time>
      </trkpt>
      <trkpt lat="48.052413" lon="-3.984886">
        <ele>89.301451</ele>
        <time>2026-07-03T09:46:37.862Z</time>
      </trkpt>
      <trkpt lat="48.052482" lon="-3.984671">
        <ele>89.518513</ele>
        <time>2026-07-03T09:46:45.818Z</time>
      </trkpt>
      <trkpt lat="48.052534" lon="-3.984584">
        <ele>89.624732</ele>
        <time>2026-07-03T09:46:49.678Z</time>
      </trkpt>
      <trkpt lat="48.052695" lon="-3.984627">
        <ele>89.847408</ele>
        <time>2026-07-03T09:46:57.904Z</time>
      </trkpt>
      <trkpt lat="48.052902" lon="-3.984800">
        <ele>90.170248</ele>
        <time>2026-07-03T09:47:10.000Z</time>
      </trkpt>
      <trkpt lat="48.053070" lon="-3.985033">
        <ele>90.482164</ele>
        <time>2026-07-03T09:47:21.867Z</time>
      </trkpt>
      <trkpt lat="48.053369" lon="-3.985791">
        <ele>91.088713</ele>
        <time>2026-07-03T09:47:52.686Z</time>
      </trkpt>
      <trkpt lat="48.053790" lon="-3.986127">
        <ele>90.794519</ele>
        <time>2026-07-03T09:48:16.669Z</time>
      </trkpt>
      <trkpt lat="48.054539" lon="-3.986386">
        <ele>90.320547</ele>
        <time>2026-07-03T09:48:52.097Z</time>
      </trkpt>
      <trkpt lat="48.054706" lon="-3.986093">
        <ele>90.161858</ele>
        <time>2026-07-03T09:49:03.751Z</time>
      </trkpt>
      <trkpt lat="48.054747" lon="-3.986076">
        <ele>90.135627</ele>
        <time>2026-07-03T09:49:05.686Z</time>
      </trkpt>
      <trkpt lat="48.055104" lon="-3.986360">
        <ele>90.642869</ele>
        <time>2026-07-03T09:49:24.605Z</time>
      </trkpt>
      <trkpt lat="48.055317" lon="-3.986576">
        <ele>91.263392</ele>
        <time>2026-07-03T09:49:37.247Z</time>
      </trkpt>
      <trkpt lat="48.055346" lon="-3.986696">
        <ele>91.469069</ele>
        <time>2026-07-03T09:49:41.596Z</time>
      </trkpt>
      <trkpt lat="48.055277" lon="-3.987093">
        <ele>92.130258</ele>
        <time>2026-07-03T09:49:56.023Z</time>
      </trkpt>
      <trkpt lat="48.055144" lon="-3.987576">
        <ele>92.972265</ele>
        <time>2026-07-03T09:50:15.891Z</time>
      </trkpt>
      <trkpt lat="48.054683" lon="-3.989904">
        <ele>98.132714</ele>
        <time>2026-07-03T09:51:51.241Z</time>
      </trkpt>
      <trkpt lat="48.054597" lon="-3.990203">
        <ele>98.918209</ele>
        <time>2026-07-03T09:52:03.014Z</time>
      </trkpt>
      <trkpt lat="48.054485" lon="-3.990460">
        <ele>99.658558</ele>
        <time>2026-07-03T09:52:13.902Z</time>
      </trkpt>
      <trkpt lat="48.054026" lon="-3.991292">
        <ele>101.782377</ele>
        <time>2026-07-03T09:52:50.935Z</time>
      </trkpt>
      <trkpt lat="48.053853" lon="-3.991550">
        <ele>102.360200</ele>
        <time>2026-07-03T09:53:03.183Z</time>
      </trkpt>
      <trkpt lat="48.053773" lon="-3.991801">
        <ele>102.799879</ele>
        <time>2026-07-03T09:53:12.539Z</time>
      </trkpt>
      <trkpt lat="48.053747" lon="-3.992020">
        <ele>103.151572</ele>
        <time>2026-07-03T09:53:20.090Z</time>
      </trkpt>
      <trkpt lat="48.053758" lon="-3.992186">
        <ele>103.415331</ele>
        <time>2026-07-03T09:53:25.773Z</time>
      </trkpt>
      <trkpt lat="48.054027" lon="-3.992674">
        <ele>104.415464</ele>
        <time>2026-07-03T09:53:48.188Z</time>
      </trkpt>
      <trkpt lat="48.054164" lon="-3.993145">
        <ele>105.299315</ele>
        <time>2026-07-03T09:54:07.640Z</time>
      </trkpt>
      <trkpt lat="48.054214" lon="-3.993411">
        <ele>106.043960</ele>
        <time>2026-07-03T09:54:18.601Z</time>
      </trkpt>
      <trkpt lat="48.054216" lon="-3.993571">
        <ele>106.475217</ele>
        <time>2026-07-03T09:54:25.149Z</time>
      </trkpt>
      <trkpt lat="48.054188" lon="-3.993714">
        <ele>106.876780</ele>
        <time>2026-07-03T09:54:31.429Z</time>
      </trkpt>
      <trkpt lat="48.054132" lon="-3.993849">
        <ele>107.304952</ele>
        <time>2026-07-03T09:54:38.180Z</time>
      </trkpt>
      <trkpt lat="48.053999" lon="-3.994845">
        <ele>110.042104</ele>
        <time>2026-07-03T09:55:19.752Z</time>
      </trkpt>
      <trkpt lat="48.053868" lon="-3.995308">
        <ele>111.397019</ele>
        <time>2026-07-03T09:55:38.482Z</time>
      </trkpt>
      <trkpt lat="48.054038" lon="-3.995515">
        <ele>112.280730</ele>
        <time>2026-07-03T09:55:48.253Z</time>
      </trkpt>
      <trkpt lat="48.054091" lon="-3.995433">
        <ele>112.341976</ele>
        <time>2026-07-03T09:55:52.055Z</time>
      </trkpt>
      <trkpt lat="48.054447" lon="-3.994603">
        <ele>111.894517</ele>
        <time>2026-07-03T09:56:23.414Z</time>
      </trkpt>
      <trkpt lat="48.054510" lon="-3.994223">
        <ele>111.716877</ele>
        <time>2026-07-03T09:56:35.161Z</time>
      </trkpt>
      <trkpt lat="48.054587" lon="-3.993984">
        <ele>111.596498</ele>
        <time>2026-07-03T09:56:43.001Z</time>
      </trkpt>
      <trkpt lat="48.055893" lon="-3.994292">
        <ele>112.445495</ele>
        <time>2026-07-03T09:57:46.104Z</time>
      </trkpt>
      <trkpt lat="48.056083" lon="-3.994206">
        <ele>112.825136</ele>
        <time>2026-07-03T09:57:56.810Z</time>
      </trkpt>
      <trkpt lat="48.056775" lon="-3.994240">
        <ele>114.149301</ele>
        <time>2026-07-03T09:58:34.560Z</time>
      </trkpt>
      <trkpt lat="48.056844" lon="-3.994068">
        <ele>114.405731</ele>
        <time>2026-07-03T09:58:42.126Z</time>
      </trkpt>
      <trkpt lat="48.056931" lon="-3.993645">
        <ele>115.440363</ele>
        <time>2026-07-03T09:58:59.193Z</time>
      </trkpt>
      <trkpt lat="48.056977" lon="-3.992809">
        <ele>117.853251</ele>
        <time>2026-07-03T09:59:32.061Z</time>
      </trkpt>
      <trkpt lat="48.057668" lon="-3.992930">
        <ele>120.847346</ele>
        <time>2026-07-03T10:00:11.880Z</time>
      </trkpt>
      <trkpt lat="48.057772" lon="-3.993120">
        <ele>121.553756</ele>
        <time>2026-07-03T10:00:21.184Z</time>
      </trkpt>
      <trkpt lat="48.057732" lon="-3.993990">
        <ele>123.927710</ele>
        <time>2026-07-03T10:00:55.070Z</time>
      </trkpt>
      <trkpt lat="48.057605" lon="-3.994585">
        <ele>125.584303</ele>
        <time>2026-07-03T10:01:18.980Z</time>
      </trkpt>
      <trkpt lat="48.057587" lon="-3.995085">
        <ele>126.912343</ele>
        <time>2026-07-03T10:01:37.876Z</time>
      </trkpt>
      <trkpt lat="48.057622" lon="-3.995215">
        <ele>127.284054</ele>
        <time>2026-07-03T10:01:43.122Z</time>
      </trkpt>
      <trkpt lat="48.057899" lon="-3.995482">
        <ele>128.591591</ele>
        <time>2026-07-03T10:02:01.523Z</time>
      </trkpt>
      <trkpt lat="48.057985" lon="-3.995654">
        <ele>129.161292</ele>
        <time>2026-07-03T10:02:09.533Z</time>
      </trkpt>
      <trkpt lat="48.058112" lon="-3.996482">
        <ele>130.376379</ele>
        <time>2026-07-03T10:02:40.808Z</time>
      </trkpt>
      <trkpt lat="48.058124" lon="-3.996801">
        <ele>130.770371</ele>
        <time>2026-07-03T10:02:52.334Z</time>
      </trkpt>
      <trkpt lat="48.058083" lon="-3.997172">
        <ele>131.234076</ele>
        <time>2026-07-03T10:03:05.679Z</time>
      </trkpt>
      <trkpt lat="48.058089" lon="-3.997689">
        <ele>131.871704</ele>
        <time>2026-07-03T10:03:23.520Z</time>
      </trkpt>
      <trkpt lat="48.058198" lon="-3.998051">
        <ele>132.361306</ele>
        <time>2026-07-03T10:03:36.667Z</time>
      </trkpt>
      <trkpt lat="48.058482" lon="-3.998352">
        <ele>132.547318</ele>
        <time>2026-07-03T10:03:53.374Z</time>
      </trkpt>
      <trkpt lat="48.058529" lon="-3.998436">
        <ele>132.389865</ele>
        <time>2026-07-03T10:03:56.850Z</time>
      </trkpt>
      <trkpt lat="48.058487" lon="-3.998882">
        <ele>131.742501</ele>
        <time>2026-07-03T10:04:11.025Z</time>
      </trkpt>
      <trkpt lat="48.058553" lon="-3.998911">
        <ele>131.594578</ele>
        <time>2026-07-03T10:04:13.738Z</time>
      </trkpt>
      <trkpt lat="48.058855" lon="-3.999245">
        <ele>130.786980</ele>
        <time>2026-07-03T10:04:28.458Z</time>
      </trkpt>
      <trkpt lat="48.058840" lon="-3.999305">
        <ele>130.694908</ele>
        <time>2026-07-03T10:04:30.127Z</time>
      </trkpt>
      <trkpt lat="48.059460" lon="-3.999573">
        <ele>129.307110</ele>
        <time>2026-07-03T10:04:59.066Z</time>
      </trkpt>
      <trkpt lat="48.060399" lon="-4.000090">
        <ele>124.902285</ele>
        <time>2026-07-03T10:05:43.003Z</time>
      </trkpt>
      <trkpt lat="48.060592" lon="-4.000118">
        <ele>123.954333</ele>
        <time>2026-07-03T10:05:51.353Z</time>
      </trkpt>
      <trkpt lat="48.060748" lon="-3.999764">
        <ele>122.568889</ele>
        <time>2026-07-03T10:06:03.461Z</time>
      </trkpt>
      <trkpt lat="48.060839" lon="-3.999399">
        <ele>121.296031</ele>
        <time>2026-07-03T10:06:14.454Z</time>
      </trkpt>
      <trkpt lat="48.060901" lon="-3.998669">
        <ele>119.047495</ele>
        <time>2026-07-03T10:06:34.946Z</time>
      </trkpt>
      <trkpt lat="48.060872" lon="-3.997356">
        <ele>115.294412</ele>
        <time>2026-07-03T10:07:12.071Z</time>
      </trkpt>
      <trkpt lat="48.060854" lon="-3.996866">
        <ele>113.892445</ele>
        <time>2026-07-03T10:07:26.719Z</time>
      </trkpt>
      <trkpt lat="48.060816" lon="-3.996585">
        <ele>113.073403</ele>
        <time>2026-07-03T10:07:35.562Z</time>
      </trkpt>
      <trkpt lat="48.060816" lon="-3.996189">
        <ele>112.542203</ele>
        <time>2026-07-03T10:07:48.051Z</time>
      </trkpt>
      <trkpt lat="48.060952" lon="-3.995456">
        <ele>112.970165</ele>
        <time>2026-07-03T10:08:13.213Z</time>
      </trkpt>
      <trkpt lat="48.060974" lon="-3.995064">
        <ele>113.191469</ele>
        <time>2026-07-03T10:08:26.898Z</time>
      </trkpt>
      <trkpt lat="48.061056" lon="-3.994559">
        <ele>113.483833</ele>
        <time>2026-07-03T10:08:45.112Z</time>
      </trkpt>
      <trkpt lat="48.061118" lon="-3.994310">
        <ele>113.633319</ele>
        <time>2026-07-03T10:08:54.406Z</time>
      </trkpt>
      <trkpt lat="48.061269" lon="-3.993969">
        <ele>113.863442</ele>
        <time>2026-07-03T10:09:08.463Z</time>
      </trkpt>
      <trkpt lat="48.061256" lon="-3.993825">
        <ele>113.945188</ele>
        <time>2026-07-03T10:09:13.417Z</time>
      </trkpt>
      <trkpt lat="48.061417" lon="-3.993630">
        <ele>113.693953</ele>
        <time>2026-07-03T10:09:22.200Z</time>
      </trkpt>
      <trkpt lat="48.061698" lon="-3.993088">
        <ele>113.066503</ele>
        <time>2026-07-03T10:09:41.068Z</time>
      </trkpt>
      <trkpt lat="48.061418" lon="-3.993126">
        <ele>112.681712</ele>
        <time>2026-07-03T10:09:54.352Z</time>
      </trkpt>
      <trkpt lat="48.061123" lon="-3.993112">
        <ele>112.277761</ele>
        <time>2026-07-03T10:10:07.993Z</time>
      </trkpt>
      <trkpt lat="48.060791" lon="-3.992988">
        <ele>111.809431</ele>
        <time>2026-07-03T10:10:23.462Z</time>
      </trkpt>
      <trkpt lat="48.060505" lon="-3.992774">
        <ele>110.816836</ele>
        <time>2026-07-03T10:10:37.550Z</time>
      </trkpt>
      <trkpt lat="48.060256" lon="-3.992022">
        <ele>106.613618</ele>
        <time>2026-07-03T10:11:01.903Z</time>
      </trkpt>
      <trkpt lat="48.060122" lon="-3.991780">
        <ele>105.039644</ele>
        <time>2026-07-03T10:11:10.530Z</time>
      </trkpt>
      <trkpt lat="48.059998" lon="-3.991656">
        <ele>103.921985</ele>
        <time>2026-07-03T10:11:16.595Z</time>
      </trkpt>
      <trkpt lat="48.059883" lon="-3.991575">
        <ele>102.969489</ele>
        <time>2026-07-03T10:11:21.757Z</time>
      </trkpt>
      <trkpt lat="48.059886" lon="-3.991565">
        <ele>102.914591</ele>
        <time>2026-07-03T10:11:22.085Z</time>
      </trkpt>
      <trkpt lat="48.059864" lon="-3.991542">
        <ele>102.713470</ele>
        <time>2026-07-03T10:11:23.189Z</time>
      </trkpt>
      <trkpt lat="48.059843" lon="-3.991519">
        <ele>102.518445</ele>
        <time>2026-07-03T10:11:24.260Z</time>
      </trkpt>
      <trkpt lat="48.059822" lon="-3.991496">
        <ele>102.323420</ele>
        <time>2026-07-03T10:11:25.331Z</time>
      </trkpt>
      <trkpt lat="48.059801" lon="-3.991474">
        <ele>102.131310</ele>
        <time>2026-07-03T10:11:26.387Z</time>
      </trkpt>
      <trkpt lat="48.059781" lon="-3.991449">
        <ele>101.936014</ele>
        <time>2026-07-03T10:11:27.460Z</time>
      </trkpt>
      <trkpt lat="48.059762" lon="-3.991423">
        <ele>101.743064</ele>
        <time>2026-07-03T10:11:28.526Z</time>
      </trkpt>
      <trkpt lat="48.059747" lon="-3.991394">
        <ele>101.559402</ele>
        <time>2026-07-03T10:11:29.535Z</time>
      </trkpt>
      <trkpt lat="48.059733" lon="-3.991365">
        <ele>101.380229</ele>
        <time>2026-07-03T10:11:30.519Z</time>
      </trkpt>
      <trkpt lat="48.059730" lon="-3.991337">
        <ele>101.238200</ele>
        <time>2026-07-03T10:11:31.300Z</time>
      </trkpt>
      <trkpt lat="48.059728" lon="-3.991309">
        <ele>101.097164</ele>
        <time>2026-07-03T10:11:32.075Z</time>
      </trkpt>
      <trkpt lat="48.059739" lon="-3.991284">
        <ele>100.947254</ele>
        <time>2026-07-03T10:11:32.899Z</time>
      </trkpt>
      <trkpt lat="48.059750" lon="-3.991259">
        <ele>100.797344</ele>
        <time>2026-07-03T10:11:33.724Z</time>
      </trkpt>
      <trkpt lat="48.059773" lon="-3.991234">
        <ele>100.584307</ele>
        <time>2026-07-03T10:11:34.902Z</time>
      </trkpt>
      <trkpt lat="48.059795" lon="-3.991210">
        <ele>100.380276</ele>
        <time>2026-07-03T10:11:36.023Z</time>
      </trkpt>
      <trkpt lat="48.059820" lon="-3.991183">
        <ele>100.149225</ele>
        <time>2026-07-03T10:11:37.293Z</time>
      </trkpt>
      <trkpt lat="48.059845" lon="-3.991157">
        <ele>99.921069</ele>
        <time>2026-07-03T10:11:38.549Z</time>
      </trkpt>
      <trkpt lat="48.059866" lon="-3.991127">
        <ele>99.703489</ele>
        <time>2026-07-03T10:11:39.746Z</time>
      </trkpt>
      <trkpt lat="48.059887" lon="-3.991097">
        <ele>99.485908</ele>
        <time>2026-07-03T10:11:40.949Z</time>
      </trkpt>
      <trkpt lat="48.059905" lon="-3.991061">
        <ele>99.260732</ele>
        <time>2026-07-03T10:11:42.189Z</time>
      </trkpt>
      <trkpt lat="48.059923" lon="-3.991024">
        <ele>99.031525</ele>
        <time>2026-07-03T10:11:43.450Z</time>
      </trkpt>
      <trkpt lat="48.059938" lon="-3.990983">
        <ele>98.797425</ele>
        <time>2026-07-03T10:11:44.739Z</time>
      </trkpt>
      <trkpt lat="48.059952" lon="-3.990943">
        <ele>98.571279</ele>
        <time>2026-07-03T10:11:45.983Z</time>
      </trkpt>
      <trkpt lat="48.059963" lon="-3.990902">
        <ele>98.350004</ele>
        <time>2026-07-03T10:11:47.205Z</time>
      </trkpt>
      <trkpt lat="48.059974" lon="-3.990861">
        <ele>98.128730</ele>
        <time>2026-07-03T10:11:48.424Z</time>
      </trkpt>
      <trkpt lat="48.059983" lon="-3.990822">
        <ele>97.907265</ele>
        <time>2026-07-03T10:11:49.560Z</time>
      </trkpt>
      <trkpt lat="48.059992" lon="-3.990783">
        <ele>97.668426</ele>
        <time>2026-07-03T10:11:50.698Z</time>
      </trkpt>
      <trkpt lat="48.060001" lon="-3.990746">
        <ele>97.440498</ele>
        <time>2026-07-03T10:11:51.783Z</time>
      </trkpt>
      <trkpt lat="48.060010" lon="-3.990709">
        <ele>97.212571</ele>
        <time>2026-07-03T10:11:52.869Z</time>
      </trkpt>
      <trkpt lat="48.060019" lon="-3.990669">
        <ele>96.968252</ele>
        <time>2026-07-03T10:11:54.040Z</time>
      </trkpt>
      <trkpt lat="48.060028" lon="-3.990630">
        <ele>96.729413</ele>
        <time>2026-07-03T10:11:55.178Z</time>
      </trkpt>
      <trkpt lat="48.060037" lon="-3.990590">
        <ele>96.485094</ele>
        <time>2026-07-03T10:11:56.342Z</time>
      </trkpt>
      <trkpt lat="48.060046" lon="-3.990550">
        <ele>96.240776</ele>
        <time>2026-07-03T10:11:57.506Z</time>
      </trkpt>
      <trkpt lat="48.060056" lon="-3.990511">
        <ele>95.998971</ele>
        <time>2026-07-03T10:11:58.658Z</time>
      </trkpt>
      <trkpt lat="48.060066" lon="-3.990471">
        <ele>95.751753</ele>
        <time>2026-07-03T10:11:59.842Z</time>
      </trkpt>
      <trkpt lat="48.060075" lon="-3.990430">
        <ele>95.501941</ele>
        <time>2026-07-03T10:12:01.033Z</time>
      </trkpt>
      <trkpt lat="48.060084" lon="-3.990389">
        <ele>95.252130</ele>
        <time>2026-07-03T10:12:02.223Z</time>
      </trkpt>
      <trkpt lat="48.060090" lon="-3.990349">
        <ele>95.014821</ele>
        <time>2026-07-03T10:12:03.354Z</time>
      </trkpt>
      <trkpt lat="48.060096" lon="-3.990308">
        <ele>94.771860</ele>
        <time>2026-07-03T10:12:04.511Z</time>
      </trkpt>
      <trkpt lat="48.060094" lon="-3.990268">
        <ele>94.539664</ele>
        <time>2026-07-03T10:12:05.617Z</time>
      </trkpt>
      <trkpt lat="48.060091" lon="-3.990227">
        <ele>94.300908</ele>
        <time>2026-07-03T10:12:06.761Z</time>
      </trkpt>
      <trkpt lat="48.060087" lon="-3.990186">
        <ele>94.061054</ele>
        <time>2026-07-03T10:12:07.904Z</time>
      </trkpt>
      <trkpt lat="48.060083" lon="-3.990145">
        <ele>93.821201</ele>
        <time>2026-07-03T10:12:09.046Z</time>
      </trkpt>
      <trkpt lat="48.060083" lon="-3.990107">
        <ele>93.601229</ele>
        <time>2026-07-03T10:12:10.093Z</time>
      </trkpt>
      <trkpt lat="48.060084" lon="-3.990069">
        <ele>93.381087</ele>
        <time>2026-07-03T10:12:11.142Z</time>
      </trkpt>
      <trkpt lat="48.060090" lon="-3.990034">
        <ele>93.171923</ele>
        <time>2026-07-03T10:12:12.138Z</time>
      </trkpt>
      <trkpt lat="48.060095" lon="-3.990000">
        <ele>92.970398</ele>
        <time>2026-07-03T10:12:13.096Z</time>
      </trkpt>
      <trkpt lat="48.060100" lon="-3.989968">
        <ele>92.780163</ele>
        <time>2026-07-03T10:12:14.002Z</time>
      </trkpt>
      <trkpt lat="48.060104" lon="-3.989935">
        <ele>92.586019</ele>
        <time>2026-07-03T10:12:14.927Z</time>
      </trkpt>
      <trkpt lat="48.060103" lon="-3.989903">
        <ele>92.400577</ele>
        <time>2026-07-03T10:12:15.811Z</time>
      </trkpt>
      <trkpt lat="48.060101" lon="-3.989872">
        <ele>92.220293</ele>
        <time>2026-07-03T10:12:16.671Z</time>
      </trkpt>
      <trkpt lat="48.060099" lon="-3.989835">
        <ele>92.005410</ele>
        <time>2026-07-03T10:12:17.695Z</time>
      </trkpt>
      <trkpt lat="48.060097" lon="-3.989798">
        <ele>91.790528</ele>
        <time>2026-07-03T10:12:18.719Z</time>
      </trkpt>
      <trkpt lat="48.060095" lon="-3.989755">
        <ele>91.541010</ele>
        <time>2026-07-03T10:12:19.908Z</time>
      </trkpt>
      <trkpt lat="48.060093" lon="-3.989713">
        <ele>91.297267</ele>
        <time>2026-07-03T10:12:21.070Z</time>
      </trkpt>
      <trkpt lat="48.060093" lon="-3.989668">
        <ele>91.036774</ele>
        <time>2026-07-03T10:12:22.312Z</time>
      </trkpt>
      <trkpt lat="48.060092" lon="-3.989623">
        <ele>90.776137</ele>
        <time>2026-07-03T10:12:23.554Z</time>
      </trkpt>
      <trkpt lat="48.060093" lon="-3.989578">
        <ele>90.515501</ele>
        <time>2026-07-03T10:12:24.795Z</time>
      </trkpt>
      <trkpt lat="48.060095" lon="-3.989532">
        <ele>90.248656</ele>
        <time>2026-07-03T10:12:26.065Z</time>
      </trkpt>
      <trkpt lat="48.060097" lon="-3.989489">
        <ele>89.999139</ele>
        <time>2026-07-03T10:12:27.253Z</time>
      </trkpt>
      <trkpt lat="48.060099" lon="-3.989446">
        <ele>89.749621</ele>
        <time>2026-07-03T10:12:28.442Z</time>
      </trkpt>
      <trkpt lat="48.060101" lon="-3.989406">
        <ele>89.517425</ele>
        <time>2026-07-03T10:12:29.547Z</time>
      </trkpt>
      <trkpt lat="48.060104" lon="-3.989366">
        <ele>89.284422</ele>
        <time>2026-07-03T10:12:30.656Z</time>
      </trkpt>
      <trkpt lat="48.060105" lon="-3.989330">
        <ele>89.075848</ele>
        <time>2026-07-03T10:12:31.649Z</time>
      </trkpt>
      <trkpt lat="48.060107" lon="-3.989293">
        <ele>88.860966</ele>
        <time>2026-07-03T10:12:32.671Z</time>
      </trkpt>
      <trkpt lat="48.060107" lon="-3.989257">
        <ele>88.652571</ele>
        <time>2026-07-03T10:12:33.663Z</time>
      </trkpt>
      <trkpt lat="48.060106" lon="-3.989220">
        <ele>88.438213</ele>
        <time>2026-07-03T10:12:34.684Z</time>
      </trkpt>
      <trkpt lat="48.060104" lon="-3.989181">
        <ele>88.211789</ele>
        <time>2026-07-03T10:12:35.760Z</time>
      </trkpt>
      <trkpt lat="48.060103" lon="-3.989143">
        <ele>87.991647</ele>
        <time>2026-07-03T10:12:36.807Z</time>
      </trkpt>
      <trkpt lat="48.060104" lon="-3.989105">
        <ele>87.771505</ele>
        <time>2026-07-03T10:12:37.854Z</time>
      </trkpt>
      <trkpt lat="48.060105" lon="-3.989068">
        <ele>87.557147</ele>
        <time>2026-07-03T10:12:38.873Z</time>
      </trkpt>
      <trkpt lat="48.060116" lon="-3.989041">
        <ele>87.374102</ele>
        <time>2026-07-03T10:12:39.743Z</time>
      </trkpt>
      <trkpt lat="48.060127" lon="-3.989014">
        <ele>87.191057</ele>
        <time>2026-07-03T10:12:40.613Z</time>
      </trkpt>
      <trkpt lat="48.060144" lon="-3.988990">
        <ele>86.988619</ele>
        <time>2026-07-03T10:12:41.575Z</time>
      </trkpt>
      <trkpt lat="48.060161" lon="-3.988966">
        <ele>86.786181</ele>
        <time>2026-07-03T10:12:42.537Z</time>
      </trkpt>
      <trkpt lat="48.060178" lon="-3.988942">
        <ele>86.583743</ele>
        <time>2026-07-03T10:12:43.499Z</time>
      </trkpt>
      <trkpt lat="48.060195" lon="-3.988919">
        <ele>86.385233</ele>
        <time>2026-07-03T10:12:44.441Z</time>
      </trkpt>
      <trkpt lat="48.060214" lon="-3.988903">
        <ele>86.196396</ele>
        <time>2026-07-03T10:12:45.338Z</time>
      </trkpt>
      <trkpt lat="48.060234" lon="-3.988887">
        <ele>85.999965</ele>
        <time>2026-07-03T10:12:46.272Z</time>
      </trkpt>
      <trkpt lat="48.060258" lon="-3.988879">
        <ele>85.787000</ele>
        <time>2026-07-03T10:12:47.283Z</time>
      </trkpt>
      <trkpt lat="48.060282" lon="-3.988870">
        <ele>85.572701</ele>
        <time>2026-07-03T10:12:48.301Z</time>
      </trkpt>
      <trkpt lat="48.060307" lon="-3.988864">
        <ele>85.353403</ele>
        <time>2026-07-03T10:12:49.342Z</time>
      </trkpt>
      <trkpt lat="48.060333" lon="-3.988857">
        <ele>85.124595</ele>
        <time>2026-07-03T10:12:50.428Z</time>
      </trkpt>
      <trkpt lat="48.060358" lon="-3.988851">
        <ele>84.905296</ele>
        <time>2026-07-03T10:12:51.469Z</time>
      </trkpt>
      <trkpt lat="48.060383" lon="-3.988845">
        <ele>84.685998</ele>
        <time>2026-07-03T10:12:52.510Z</time>
      </trkpt>
      <trkpt lat="48.060406" lon="-3.988839">
        <ele>84.483785</ele>
        <time>2026-07-03T10:12:53.470Z</time>
      </trkpt>
      <trkpt lat="48.060430" lon="-3.988833">
        <ele>84.273034</ele>
        <time>2026-07-03T10:12:54.470Z</time>
      </trkpt>
      <trkpt lat="48.060454" lon="-3.988829">
        <ele>84.063879</ele>
        <time>2026-07-03T10:12:55.462Z</time>
      </trkpt>
      <trkpt lat="48.060478" lon="-3.988824">
        <ele>83.854004</ele>
        <time>2026-07-03T10:12:56.458Z</time>
      </trkpt>
      <trkpt lat="48.060503" lon="-3.988818">
        <ele>83.634706</ele>
        <time>2026-07-03T10:12:57.498Z</time>
      </trkpt>
      <trkpt lat="48.060528" lon="-3.988811">
        <ele>83.414417</ele>
        <time>2026-07-03T10:12:58.544Z</time>
      </trkpt>
      <trkpt lat="48.060553" lon="-3.988799">
        <ele>83.187017</ele>
        <time>2026-07-03T10:12:59.624Z</time>
      </trkpt>
      <trkpt lat="48.060579" lon="-3.988788">
        <ele>82.952996</ele>
        <time>2026-07-03T10:13:00.734Z</time>
      </trkpt>
      <trkpt lat="48.060604" lon="-3.988774">
        <ele>82.721796</ele>
        <time>2026-07-03T10:13:01.831Z</time>
      </trkpt>
      <trkpt lat="48.060629" lon="-3.988761">
        <ele>82.492562</ele>
        <time>2026-07-03T10:13:02.918Z</time>
      </trkpt>
      <trkpt lat="48.060654" lon="-3.988747">
        <ele>82.430372</ele>
        <time>2026-07-03T10:13:04.015Z</time>
      </trkpt>
      <trkpt lat="48.060679" lon="-3.988733">
        <ele>82.419441</ele>
        <time>2026-07-03T10:13:05.112Z</time>
      </trkpt>
      <trkpt lat="48.060705" lon="-3.988719">
        <ele>82.408126</ele>
        <time>2026-07-03T10:13:06.247Z</time>
      </trkpt>
      <trkpt lat="48.060730" lon="-3.988705">
        <ele>82.397196</ele>
        <time>2026-07-03T10:13:07.343Z</time>
      </trkpt>
      <trkpt lat="48.060756" lon="-3.988693">
        <ele>82.386054</ele>
        <time>2026-07-03T10:13:08.460Z</time>
      </trkpt>
      <trkpt lat="48.060782" lon="-3.988681">
        <ele>82.374912</ele>
        <time>2026-07-03T10:13:09.578Z</time>
      </trkpt>
      <trkpt lat="48.060809" lon="-3.988673">
        <ele>82.363641</ele>
        <time>2026-07-03T10:13:10.708Z</time>
      </trkpt>
      <trkpt lat="48.060836" lon="-3.988665">
        <ele>82.352370</ele>
        <time>2026-07-03T10:13:11.838Z</time>
      </trkpt>
      <trkpt lat="48.060863" lon="-3.988660">
        <ele>82.341230</ele>
        <time>2026-07-03T10:13:12.955Z</time>
      </trkpt>
      <trkpt lat="48.060890" lon="-3.988654">
        <ele>82.330052</ele>
        <time>2026-07-03T10:13:14.076Z</time>
      </trkpt>
      <trkpt lat="48.060915" lon="-3.988648">
        <ele>82.319684</ele>
        <time>2026-07-03T10:13:15.116Z</time>
      </trkpt>
      <trkpt lat="48.060941" lon="-3.988642">
        <ele>82.308911</ele>
        <time>2026-07-03T10:13:16.196Z</time>
      </trkpt>
      <trkpt lat="48.060965" lon="-3.988635">
        <ele>82.298899</ele>
        <time>2026-07-03T10:13:17.200Z</time>
      </trkpt>
      <trkpt lat="48.060990" lon="-3.988627">
        <ele>82.288430</ele>
        <time>2026-07-03T10:13:18.249Z</time>
      </trkpt>
      <trkpt lat="48.061014" lon="-3.988618">
        <ele>82.278298</ele>
        <time>2026-07-03T10:13:19.265Z</time>
      </trkpt>
      <trkpt lat="48.061038" lon="-3.988609">
        <ele>82.268167</ele>
        <time>2026-07-03T10:13:20.281Z</time>
      </trkpt>
      <trkpt lat="48.061064" lon="-3.988599">
        <ele>82.257174</ele>
        <time>2026-07-03T10:13:21.383Z</time>
      </trkpt>
      <trkpt lat="48.061090" lon="-3.988588">
        <ele>82.246110</ele>
        <time>2026-07-03T10:13:22.493Z</time>
      </trkpt>
      <trkpt lat="48.061117" lon="-3.988577">
        <ele>82.234651</ele>
        <time>2026-07-03T10:13:23.641Z</time>
      </trkpt>
      <trkpt lat="48.061143" lon="-3.988566">
        <ele>82.223587</ele>
        <time>2026-07-03T10:13:24.751Z</time>
      </trkpt>
      <trkpt lat="48.061169" lon="-3.988558">
        <ele>82.212717</ele>
        <time>2026-07-03T10:13:25.841Z</time>
      </trkpt>
      <trkpt lat="48.061195" lon="-3.988549">
        <ele>82.201789</ele>
        <time>2026-07-03T10:13:26.936Z</time>
      </trkpt>
      <trkpt lat="48.061219" lon="-3.988541">
        <ele>82.191720</ele>
        <time>2026-07-03T10:13:27.946Z</time>
      </trkpt>
      <trkpt lat="48.061244" lon="-3.988533">
        <ele>82.181252</ele>
        <time>2026-07-03T10:13:28.996Z</time>
      </trkpt>
      <trkpt lat="48.061266" lon="-3.988524">
        <ele>82.171912</ele>
        <time>2026-07-03T10:13:29.932Z</time>
      </trkpt>
      <trkpt lat="48.061288" lon="-3.988514">
        <ele>82.162497</ele>
        <time>2026-07-03T10:13:30.877Z</time>
      </trkpt>
      <trkpt lat="48.061305" lon="-3.988502">
        <ele>82.154800</ele>
        <time>2026-07-03T10:13:31.648Z</time>
      </trkpt>
      <trkpt lat="48.061323" lon="-3.988490">
        <ele>82.146731</ele>
        <time>2026-07-03T10:13:32.457Z</time>
      </trkpt>
      <trkpt lat="48.061340" lon="-3.988479">
        <ele>82.139146</ele>
        <time>2026-07-03T10:13:33.218Z</time>
      </trkpt>
      <trkpt lat="48.061357" lon="-3.988468">
        <ele>82.131562</ele>
        <time>2026-07-03T10:13:33.978Z</time>
      </trkpt>
      <trkpt lat="48.061380" lon="-3.988453">
        <ele>82.121288</ele>
        <time>2026-07-03T10:13:35.009Z</time>
      </trkpt>
      <trkpt lat="48.061403" lon="-3.988438">
        <ele>82.111014</ele>
        <time>2026-07-03T10:13:36.039Z</time>
      </trkpt>
      <trkpt lat="48.061427" lon="-3.988419">
        <ele>82.099895</ele>
        <time>2026-07-03T10:13:37.154Z</time>
      </trkpt>
      <trkpt lat="48.061451" lon="-3.988401">
        <ele>82.088902</ele>
        <time>2026-07-03T10:13:38.256Z</time>
      </trkpt>
      <trkpt lat="48.061474" lon="-3.988384">
        <ele>82.078397</ele>
        <time>2026-07-03T10:13:39.309Z</time>
      </trkpt>
      <trkpt lat="48.061497" lon="-3.988368">
        <ele>82.068011</ele>
        <time>2026-07-03T10:13:40.351Z</time>
      </trkpt>
      <trkpt lat="48.061519" lon="-3.988351">
        <ele>82.057872</ele>
        <time>2026-07-03T10:13:41.367Z</time>
      </trkpt>
      <trkpt lat="48.061541" lon="-3.988335">
        <ele>82.047855</ele>
        <time>2026-07-03T10:13:42.372Z</time>
      </trkpt>
      <trkpt lat="48.061564" lon="-3.988316">
        <ele>82.037097</ele>
        <time>2026-07-03T10:13:43.450Z</time>
      </trkpt>
      <trkpt lat="48.061587" lon="-3.988297">
        <ele>82.026338</ele>
        <time>2026-07-03T10:13:44.529Z</time>
      </trkpt>
      <trkpt lat="48.061609" lon="-3.988281">
        <ele>82.016322</ele>
        <time>2026-07-03T10:13:45.533Z</time>
      </trkpt>
      <trkpt lat="48.061632" lon="-3.988264">
        <ele>82.005817</ele>
        <time>2026-07-03T10:13:46.587Z</time>
      </trkpt>
      <trkpt lat="48.061654" lon="-3.988252">
        <ele>81.996228</ele>
        <time>2026-07-03T10:13:47.548Z</time>
      </trkpt>
      <trkpt lat="48.061676" lon="-3.988241">
        <ele>81.986730</ele>
        <time>2026-07-03T10:13:48.500Z</time>
      </trkpt>
      <trkpt lat="48.061694" lon="-3.988235">
        <ele>81.979178</ele>
        <time>2026-07-03T10:13:49.258Z</time>
      </trkpt>
      <trkpt lat="48.061712" lon="-3.988229">
        <ele>81.971627</ele>
        <time>2026-07-03T10:13:50.015Z</time>
      </trkpt>
      <trkpt lat="48.061728" lon="-3.988228">
        <ele>81.965069</ele>
        <time>2026-07-03T10:13:50.672Z</time>
      </trkpt>
      <trkpt lat="48.061744" lon="-3.988227">
        <ele>81.958512</ele>
        <time>2026-07-03T10:13:51.330Z</time>
      </trkpt>
      <trkpt lat="48.061759" lon="-3.988230">
        <ele>81.952315</ele>
        <time>2026-07-03T10:13:51.951Z</time>
      </trkpt>
      <trkpt lat="48.061774" lon="-3.988232">
        <ele>81.946148</ele>
        <time>2026-07-03T10:13:52.569Z</time>
      </trkpt>
      <trkpt lat="48.061788" lon="-3.988236">
        <ele>81.940312</ele>
        <time>2026-07-03T10:13:53.155Z</time>
      </trkpt>
      <trkpt lat="48.061801" lon="-3.988240">
        <ele>81.934877</ele>
        <time>2026-07-03T10:13:53.700Z</time>
      </trkpt>
      <trkpt lat="48.061814" lon="-3.988247">
        <ele>81.929219</ele>
        <time>2026-07-03T10:13:54.267Z</time>
      </trkpt>
      <trkpt lat="48.061827" lon="-3.988255">
        <ele>81.923463</ele>
        <time>2026-07-03T10:13:54.844Z</time>
      </trkpt>
      <trkpt lat="48.061841" lon="-3.988266">
        <ele>81.916988</ele>
        <time>2026-07-03T10:13:55.493Z</time>
      </trkpt>
      <trkpt lat="48.061855" lon="-3.988277">
        <ele>81.910513</ele>
        <time>2026-07-03T10:13:56.143Z</time>
      </trkpt>
      <trkpt lat="48.061868" lon="-3.988286">
        <ele>81.904647</ele>
        <time>2026-07-03T10:13:56.731Z</time>
      </trkpt>
      <trkpt lat="48.061880" lon="-3.988295">
        <ele>81.899151</ele>
        <time>2026-07-03T10:13:57.282Z</time>
      </trkpt>
      <trkpt lat="48.061892" lon="-3.988300">
        <ele>81.894050</ele>
        <time>2026-07-03T10:13:57.793Z</time>
      </trkpt>
      <trkpt lat="48.061903" lon="-3.988304">
        <ele>81.889414</ele>
        <time>2026-07-03T10:13:58.258Z</time>
      </trkpt>
      <trkpt lat="48.061913" lon="-3.988306">
        <ele>81.885283</ele>
        <time>2026-07-03T10:13:58.672Z</time>
      </trkpt>
      <trkpt lat="48.061923" lon="-3.988309">
        <ele>81.881107</ele>
        <time>2026-07-03T10:13:59.091Z</time>
      </trkpt>
      <trkpt lat="48.061931" lon="-3.988315">
        <ele>81.877442</ele>
        <time>2026-07-03T10:13:59.458Z</time>
      </trkpt>
      <trkpt lat="48.061939" lon="-3.988320">
        <ele>81.873892</ele>
        <time>2026-07-03T10:13:59.814Z</time>
      </trkpt>
      <trkpt lat="48.061947" lon="-3.988328">
        <ele>81.869952</ele>
        <time>2026-07-03T10:14:00.209Z</time>
      </trkpt>
      <trkpt lat="48.061955" lon="-3.988337">
        <ele>81.865853</ele>
        <time>2026-07-03T10:14:00.620Z</time>
      </trkpt>
      <trkpt lat="48.061966" lon="-3.988345">
        <ele>81.860845</ele>
        <time>2026-07-03T10:14:01.123Z</time>
      </trkpt>
      <trkpt lat="48.061977" lon="-3.988354">
        <ele>81.855711</ele>
        <time>2026-07-03T10:14:01.637Z</time>
      </trkpt>
      <trkpt lat="48.061989" lon="-3.988361">
        <ele>81.850437</ele>
        <time>2026-07-03T10:14:02.166Z</time>
      </trkpt>
      <trkpt lat="48.062002" lon="-3.988368">
        <ele>81.844780</ele>
        <time>2026-07-03T10:14:02.734Z</time>
      </trkpt>
      <trkpt lat="48.062014" lon="-3.988374">
        <ele>81.839599</ele>
        <time>2026-07-03T10:14:03.253Z</time>
      </trkpt>
      <trkpt lat="48.062027" lon="-3.988380">
        <ele>81.834028</ele>
        <time>2026-07-03T10:14:03.812Z</time>
      </trkpt>
      <trkpt lat="48.062040" lon="-3.988385">
        <ele>81.828531</ele>
        <time>2026-07-03T10:14:04.363Z</time>
      </trkpt>
      <trkpt lat="48.062054" lon="-3.988390">
        <ele>81.822637</ele>
        <time>2026-07-03T10:14:04.954Z</time>
      </trkpt>
      <trkpt lat="48.062067" lon="-3.988395">
        <ele>81.817141</ele>
        <time>2026-07-03T10:14:05.505Z</time>
      </trkpt>
      <trkpt lat="48.062080" lon="-3.988400">
        <ele>81.811645</ele>
        <time>2026-07-03T10:14:06.056Z</time>
      </trkpt>
      <trkpt lat="48.062093" lon="-3.988404">
        <ele>81.806210</ele>
        <time>2026-07-03T10:14:06.601Z</time>
      </trkpt>
      <trkpt lat="48.062106" lon="-3.988408">
        <ele>81.800775</ele>
        <time>2026-07-03T10:14:07.146Z</time>
      </trkpt>
      <trkpt lat="48.062119" lon="-3.988407">
        <ele>81.795445</ele>
        <time>2026-07-03T10:14:07.680Z</time>
      </trkpt>
      <trkpt lat="48.062131" lon="-3.988407">
        <ele>81.790531</ele>
        <time>2026-07-03T10:14:08.173Z</time>
      </trkpt>
      <trkpt lat="48.062143" lon="-3.988396">
        <ele>81.784768</ele>
        <time>2026-07-03T10:14:08.751Z</time>
      </trkpt>
      <trkpt lat="48.062156" lon="-3.988385">
        <ele>81.778653</ele>
        <time>2026-07-03T10:14:09.364Z</time>
      </trkpt>
      <trkpt lat="48.062166" lon="-3.988362">
        <ele>81.771143</ele>
        <time>2026-07-03T10:14:10.117Z</time>
      </trkpt>
      <trkpt lat="48.062176" lon="-3.988339">
        <ele>81.763634</ele>
        <time>2026-07-03T10:14:10.870Z</time>
      </trkpt>
      <trkpt lat="48.062182" lon="-3.988306">
        <ele>81.754275</ele>
        <time>2026-07-03T10:14:11.808Z</time>
      </trkpt>
      <trkpt lat="48.062169" lon="-3.988308">
        <ele>81.748923</ele>
        <time>2026-07-03T10:14:12.339Z</time>
      </trkpt>
      <trkpt lat="48.062163" lon="-3.988205">
        <ele>81.720628</ele>
        <time>2026-07-03T10:14:15.748Z</time>
      </trkpt>
      <trkpt lat="48.062376" lon="-3.987671">
        <ele>82.746314</ele>
        <time>2026-07-03T10:14:36.203Z</time>
      </trkpt>
      <trkpt lat="48.062555" lon="-3.986662">
        <ele>84.711391</ele>
        <time>2026-07-03T10:15:11.740Z</time>
      </trkpt>
      <trkpt lat="48.062537" lon="-3.986308">
        <ele>85.379672</ele>
        <time>2026-07-03T10:15:25.017Z</time>
      </trkpt>
      <trkpt lat="48.062485" lon="-3.986283">
        <ele>85.533508</ele>
        <time>2026-07-03T10:15:28.236Z</time>
      </trkpt>
      <trkpt lat="48.062145" lon="-3.986240">
        <ele>86.494552</ele>
        <time>2026-07-03T10:15:49.198Z</time>
      </trkpt>
      <trkpt lat="48.062024" lon="-3.986127">
        <ele>87.003817</ele>
        <time>2026-07-03T10:15:58.136Z</time>
      </trkpt>
      <trkpt lat="48.061840" lon="-3.985757">
        <ele>88.600842</ele>
        <time>2026-07-03T10:16:17.649Z</time>
      </trkpt>
      <trkpt lat="48.061742" lon="-3.985688">
        <ele>89.162020</ele>
        <time>2026-07-03T10:16:24.636Z</time>
      </trkpt>
      <trkpt lat="48.061597" lon="-3.985502">
        <ele>90.151610</ele>
        <time>2026-07-03T10:16:36.592Z</time>
      </trkpt>
      <trkpt lat="48.061476" lon="-3.985153">
        <ele>91.513083</ele>
        <time>2026-07-03T10:16:52.979Z</time>
      </trkpt>
      <trkpt lat="48.061630" lon="-3.984451">
        <ele>94.071607</ele>
        <time>2026-07-03T10:17:18.586Z</time>
      </trkpt>
      <trkpt lat="48.061692" lon="-3.983888">
        <ele>96.047474</ele>
        <time>2026-07-03T10:17:36.823Z</time>
      </trkpt>
      <trkpt lat="48.061689" lon="-3.983571">
        <ele>96.100879</ele>
        <time>2026-07-03T10:17:46.469Z</time>
      </trkpt>
      <trkpt lat="48.061629" lon="-3.983159">
        <ele>96.119248</ele>
        <time>2026-07-03T10:17:59.163Z</time>
      </trkpt>
      <trkpt lat="48.061525" lon="-3.982318">
        <ele>96.156506</ele>
        <time>2026-07-03T10:18:24.402Z</time>
      </trkpt>
      <trkpt lat="48.061396" lon="-3.982360">
        <ele>96.165111</ele>
        <time>2026-07-03T10:18:29.866Z</time>
      </trkpt>
      <trkpt lat="48.061151" lon="-3.982348">
        <ele>96.181089</ele>
        <time>2026-07-03T10:18:39.633Z</time>
      </trkpt>
      <trkpt lat="48.060994" lon="-3.982307">
        <ele>96.191477</ele>
        <time>2026-07-03T10:18:45.743Z</time>
      </trkpt>
      <trkpt lat="48.060916" lon="-3.982232">
        <ele>96.197521</ele>
        <time>2026-07-03T10:18:49.207Z</time>
      </trkpt>
      <trkpt lat="48.060728" lon="-3.982393">
        <ele>95.508911</ele>
        <time>2026-07-03T10:18:57.123Z</time>
      </trkpt>
      <trkpt lat="48.060515" lon="-3.982718">
        <ele>93.488367</ele>
        <time>2026-07-03T10:19:07.767Z</time>
      </trkpt>
      <trkpt lat="48.059801" lon="-3.984005">
        <ele>86.063649</ele>
        <time>2026-07-03T10:19:46.018Z</time>
      </trkpt>
      <trkpt lat="48.059751" lon="-3.983946">
        <ele>85.640715</ele>
        <time>2026-07-03T10:19:48.213Z</time>
      </trkpt>
      <trkpt lat="48.059591" lon="-3.983920">
        <ele>84.571791</ele>
        <time>2026-07-03T10:19:53.797Z</time>
      </trkpt>
      <trkpt lat="48.059348" lon="-3.983761">
        <ele>83.911328</ele>
        <time>2026-07-03T10:20:03.358Z</time>
      </trkpt>
      <trkpt lat="48.058998" lon="-3.983683">
        <ele>83.347630</ele>
        <time>2026-07-03T10:20:16.987Z</time>
      </trkpt>
      <trkpt lat="48.058867" lon="-3.983706">
        <ele>83.137516</ele>
        <time>2026-07-03T10:20:22.327Z</time>
      </trkpt>
      <trkpt lat="48.058661" lon="-3.983729">
        <ele>82.808447</ele>
        <time>2026-07-03T10:20:31.060Z</time>
      </trkpt>
      <trkpt lat="48.058610" lon="-3.983762">
        <ele>82.719932</ele>
        <time>2026-07-03T10:20:33.357Z</time>
      </trkpt>
      <trkpt lat="48.058575" lon="-3.983601">
        <ele>82.539675</ele>
        <time>2026-07-03T10:20:39.152Z</time>
      </trkpt>
      <trkpt lat="48.058512" lon="-3.983555">
        <ele>82.428003</ele>
        <time>2026-07-03T10:20:42.616Z</time>
      </trkpt>
      <trkpt lat="48.058184" lon="-3.983481">
        <ele>81.899595</ele>
        <time>2026-07-03T10:20:58.986Z</time>
      </trkpt>
      <trkpt lat="48.057815" lon="-3.983298">
        <ele>81.265302</ele>
        <time>2026-07-03T10:21:17.549Z</time>
      </trkpt>
      <trkpt lat="48.057686" lon="-3.983326">
        <ele>81.030084</ele>
        <time>2026-07-03T10:21:23.836Z</time>
      </trkpt>
      <trkpt lat="48.057425" lon="-3.983303">
        <ele>80.558294</ele>
        <time>2026-07-03T10:21:36.408Z</time>
      </trkpt>
      <trkpt lat="48.056753" lon="-3.983652">
        <ele>79.274690</ele>
        <time>2026-07-03T10:22:09.345Z</time>
      </trkpt>
      <trkpt lat="48.056285" lon="-3.983832">
        <ele>78.402725</ele>
        <time>2026-07-03T10:22:30.917Z</time>
      </trkpt>
      <trkpt lat="48.055938" lon="-3.983881">
        <ele>77.576735</ele>
        <time>2026-07-03T10:22:46.489Z</time>
      </trkpt>
      <trkpt lat="48.055653" lon="-3.983873">
        <ele>76.791420</ele>
        <time>2026-07-03T10:22:59.362Z</time>
      </trkpt>
      <trkpt lat="48.055513" lon="-3.983926">
        <ele>76.393562</ele>
        <time>2026-07-03T10:23:05.874Z</time>
      </trkpt>
      <trkpt lat="48.055170" lon="-3.983957">
        <ele>75.446871</ele>
        <time>2026-07-03T10:23:21.452Z</time>
      </trkpt>
      <trkpt lat="48.054908" lon="-3.983944">
        <ele>74.724662</ele>
        <time>2026-07-03T10:23:33.300Z</time>
      </trkpt>
      <trkpt lat="48.054745" lon="-3.983893">
        <ele>74.265880</ele>
        <time>2026-07-03T10:23:40.826Z</time>
      </trkpt>
      <trkpt lat="48.054568" lon="-3.983901">
        <ele>73.778021</ele>
        <time>2026-07-03T10:23:48.816Z</time>
      </trkpt>
      <trkpt lat="48.054250" lon="-3.984097">
        <ele>73.174314</ele>
        <time>2026-07-03T10:24:04.433Z</time>
      </trkpt>
      <trkpt lat="48.054189" lon="-3.984074">
        <ele>73.165568</ele>
        <time>2026-07-03T10:24:07.309Z</time>
      </trkpt>
      <trkpt lat="48.053886" lon="-3.983771">
        <ele>73.114901</ele>
        <time>2026-07-03T10:24:24.042Z</time>
      </trkpt>
      <trkpt lat="48.053662" lon="-3.983653">
        <ele>73.081886</ele>
        <time>2026-07-03T10:24:35.165Z</time>
      </trkpt>
      <trkpt lat="48.053140" lon="-3.982734">
        <ele>72.969816</ele>
        <time>2026-07-03T10:25:14.605Z</time>
      </trkpt>
      <trkpt lat="48.053097" lon="-3.982533">
        <ele>72.950204</ele>
        <time>2026-07-03T10:25:22.085Z</time>
      </trkpt>
      <trkpt lat="48.053385" lon="-3.982444">
        <ele>74.008783</ele>
        <time>2026-07-03T10:25:38.315Z</time>
      </trkpt>
      <trkpt lat="48.053435" lon="-3.982414">
        <ele>74.249208</ele>
        <time>2026-07-03T10:25:41.385Z</time>
      </trkpt>
      <trkpt lat="48.053502" lon="-3.982375">
        <ele>74.570062</ele>
        <time>2026-07-03T10:25:45.512Z</time>
      </trkpt>
      <trkpt lat="48.053944" lon="-3.982251">
        <ele>76.577065</ele>
        <time>2026-07-03T10:26:12.359Z</time>
      </trkpt>
      <trkpt lat="48.054126" lon="-3.982284">
        <ele>77.395264</ele>
        <time>2026-07-03T10:26:23.693Z</time>
      </trkpt>
      <trkpt lat="48.054507" lon="-3.982439">
        <ele>79.157391</ele>
        <time>2026-07-03T10:26:47.538Z</time>
      </trkpt>
      <trkpt lat="48.054796" lon="-3.982446">
        <ele>80.447349</ele>
        <time>2026-07-03T10:27:04.560Z</time>
      </trkpt>
      <trkpt lat="48.054959" lon="-3.982375">
        <ele>81.228245</ele>
        <time>2026-07-03T10:27:14.426Z</time>
      </trkpt>
      <trkpt lat="48.055066" lon="-3.982073">
        <ele>82.348573</ele>
        <time>2026-07-03T10:27:27.766Z</time>
      </trkpt>
      <trkpt lat="48.055173" lon="-3.981617">
        <ele>83.932621</ele>
        <time>2026-07-03T10:27:43.710Z</time>
      </trkpt>
      <trkpt lat="48.055269" lon="-3.981388">
        <ele>84.818619</ele>
        <time>2026-07-03T10:27:52.566Z</time>
      </trkpt>
      <trkpt lat="48.055344" lon="-3.981386">
        <ele>85.186453</ele>
        <time>2026-07-03T10:27:56.299Z</time>
      </trkpt>
      <trkpt lat="48.055588" lon="-3.981493">
        <ele>86.433289</ele>
        <time>2026-07-03T10:28:08.776Z</time>
      </trkpt>
      <trkpt lat="48.056098" lon="-3.981631">
        <ele>88.974735</ele>
        <time>2026-07-03T10:28:34.537Z</time>
      </trkpt>
      <trkpt lat="48.056475" lon="-3.981690">
        <ele>90.995544</ele>
        <time>2026-07-03T10:28:54.641Z</time>
      </trkpt>
      <trkpt lat="48.056660" lon="-3.981683">
        <ele>92.043889</ele>
        <time>2026-07-03T10:29:04.845Z</time>
      </trkpt>
      <trkpt lat="48.057815" lon="-3.981545">
        <ele>98.607705</ele>
        <time>2026-07-03T10:30:06.523Z</time>
      </trkpt>
      <trkpt lat="48.058304" lon="-3.981455">
        <ele>100.762204</ele>
        <time>2026-07-03T10:30:30.664Z</time>
      </trkpt>
      <trkpt lat="48.058534" lon="-3.981478">
        <ele>101.482621</ele>
        <time>2026-07-03T10:30:41.744Z</time>
      </trkpt>
      <trkpt lat="48.058937" lon="-3.981611">
        <ele>102.772384</ele>
        <time>2026-07-03T10:31:00.956Z</time>
      </trkpt>
      <trkpt lat="48.059129" lon="-3.980664">
        <ele>104.839509</ele>
        <time>2026-07-03T10:31:35.990Z</time>
      </trkpt>
      <trkpt lat="48.059114" lon="-3.980510">
        <ele>105.164585</ele>
        <time>2026-07-03T10:31:41.402Z</time>
      </trkpt>
      <trkpt lat="48.059052" lon="-3.980348">
        <ele>105.554524</ele>
        <time>2026-07-03T10:31:47.884Z</time>
      </trkpt>
      <trkpt lat="48.059055" lon="-3.980263">
        <ele>105.662166</ele>
        <time>2026-07-03T10:31:50.869Z</time>
      </trkpt>
      <trkpt lat="48.059389" lon="-3.979639">
        <ele>106.445682</ele>
        <time>2026-07-03T10:32:18.623Z</time>
      </trkpt>
      <trkpt lat="48.059449" lon="-3.979489">
        <ele>106.617010</ele>
        <time>2026-07-03T10:32:24.578Z</time>
      </trkpt>
      <trkpt lat="48.059511" lon="-3.979120">
        <ele>106.989911</ele>
        <time>2026-07-03T10:32:37.527Z</time>
      </trkpt>
      <trkpt lat="48.059595" lon="-3.979043">
        <ele>107.134367</ele>
        <time>2026-07-03T10:32:42.577Z</time>
      </trkpt>
      <trkpt lat="48.059712" lon="-3.979100">
        <ele>107.314801</ele>
        <time>2026-07-03T10:32:48.857Z</time>
      </trkpt>
      <trkpt lat="48.059741" lon="-3.978669">
        <ele>107.739346</ele>
        <time>2026-07-03T10:33:01.400Z</time>
      </trkpt>
      <trkpt lat="48.059710" lon="-3.978496">
        <ele>107.914886</ele>
        <time>2026-07-03T10:33:06.562Z</time>
      </trkpt>
      <trkpt lat="48.059747" lon="-3.978303">
        <ele>108.111667</ele>
        <time>2026-07-03T10:33:12.399Z</time>
      </trkpt>
      <trkpt lat="48.060003" lon="-3.977595">
        <ele>108.141175</ele>
        <time>2026-07-03T10:33:35.000Z</time>
      </trkpt>
      <trkpt lat="48.060064" lon="-3.977381">
        <ele>108.107987</ele>
        <time>2026-07-03T10:33:41.339Z</time>
      </trkpt>
      <trkpt lat="48.060136" lon="-3.976956">
        <ele>108.045443</ele>
        <time>2026-07-03T10:33:53.260Z</time>
      </trkpt>
      <trkpt lat="48.060187" lon="-3.976846">
        <ele>108.026346</ele>
        <time>2026-07-03T10:33:56.899Z</time>
      </trkpt>
      <trkpt lat="48.059988" lon="-3.976709">
        <ele>107.979592</ele>
        <time>2026-07-03T10:34:05.765Z</time>
      </trkpt>
      <trkpt lat="48.059955" lon="-3.976680">
        <ele>107.971424</ele>
        <time>2026-07-03T10:34:07.595Z</time>
      </trkpt>
      <trkpt lat="48.060040" lon="-3.976449">
        <ele>107.933807</ele>
        <time>2026-07-03T10:34:14.672Z</time>
      </trkpt>
      <trkpt lat="48.059986" lon="-3.976377">
        <ele>107.918369</ele>
        <time>2026-07-03T10:34:17.545Z</time>
      </trkpt>
      <trkpt lat="48.060221" lon="-3.975806">
        <ele>107.677386</ele>
        <time>2026-07-03T10:34:35.477Z</time>
      </trkpt>
      <trkpt lat="48.060479" lon="-3.975429">
        <ele>107.240260</ele>
        <time>2026-07-03T10:34:49.968Z</time>
      </trkpt>
      <trkpt lat="48.060691" lon="-3.975041">
        <ele>106.834261</ele>
        <time>2026-07-03T10:35:03.542Z</time>
      </trkpt>
      <trkpt lat="48.061091" lon="-3.974071">
        <ele>105.910907</ele>
        <time>2026-07-03T10:35:33.741Z</time>
      </trkpt>
      <trkpt lat="48.061351" lon="-3.973558">
        <ele>105.631899</ele>
        <time>2026-07-03T10:35:50.580Z</time>
      </trkpt>
      <trkpt lat="48.061641" lon="-3.972882">
        <ele>105.536473</ele>
        <time>2026-07-03T10:36:11.846Z</time>
      </trkpt>
      <trkpt lat="48.061730" lon="-3.972803">
        <ele>105.518079</ele>
        <time>2026-07-03T10:36:15.914Z</time>
      </trkpt>
      <trkpt lat="48.061715" lon="-3.972766">
        <ele>105.512938</ele>
        <time>2026-07-03T10:36:17.098Z</time>
      </trkpt>
      <trkpt lat="48.061728" lon="-3.972729">
        <ele>105.507972</ele>
        <time>2026-07-03T10:36:18.245Z</time>
      </trkpt>
      <trkpt lat="48.061741" lon="-3.972692">
        <ele>105.503006</ele>
        <time>2026-07-03T10:36:19.392Z</time>
      </trkpt>
      <trkpt lat="48.061755" lon="-3.972655">
        <ele>105.497955</ele>
        <time>2026-07-03T10:36:20.559Z</time>
      </trkpt>
      <trkpt lat="48.061769" lon="-3.972618">
        <ele>105.492904</ele>
        <time>2026-07-03T10:36:21.725Z</time>
      </trkpt>
      <trkpt lat="48.061783" lon="-3.972582">
        <ele>105.487956</ele>
        <time>2026-07-03T10:36:22.868Z</time>
      </trkpt>
      <trkpt lat="48.061797" lon="-3.972547">
        <ele>105.483111</ele>
        <time>2026-07-03T10:36:23.988Z</time>
      </trkpt>
      <trkpt lat="48.061813" lon="-3.972519">
        <ele>105.478735</ele>
        <time>2026-07-03T10:36:24.999Z</time>
      </trkpt>
      <trkpt lat="48.061828" lon="-3.972491">
        <ele>105.474472</ele>
        <time>2026-07-03T10:36:25.983Z</time>
      </trkpt>
      <trkpt lat="48.061848" lon="-3.972466">
        <ele>105.469839</ele>
        <time>2026-07-03T10:36:27.053Z</time>
      </trkpt>
      <trkpt lat="48.061868" lon="-3.972442">
        <ele>105.465282</ele>
        <time>2026-07-03T10:36:28.106Z</time>
      </trkpt>
      <trkpt lat="48.061891" lon="-3.972417">
        <ele>105.460229</ele>
        <time>2026-07-03T10:36:29.273Z</time>
      </trkpt>
      <trkpt lat="48.061914" lon="-3.972392">
        <ele>105.455176</ele>
        <time>2026-07-03T10:36:30.440Z</time>
      </trkpt>
      <trkpt lat="48.061938" lon="-3.972369">
        <ele>105.450110</ele>
        <time>2026-07-03T10:36:31.611Z</time>
      </trkpt>
      <trkpt lat="48.061962" lon="-3.972347">
        <ele>105.445107</ele>
        <time>2026-07-03T10:36:32.766Z</time>
      </trkpt>
      <trkpt lat="48.061985" lon="-3.972323">
        <ele>105.440123</ele>
        <time>2026-07-03T10:36:33.917Z</time>
      </trkpt>
      <trkpt lat="48.062008" lon="-3.972300">
        <ele>105.435206</ele>
        <time>2026-07-03T10:36:35.053Z</time>
      </trkpt>
      <trkpt lat="48.062025" lon="-3.972272">
        <ele>105.430712</ele>
        <time>2026-07-03T10:36:36.091Z</time>
      </trkpt>
      <trkpt lat="48.062038" lon="-3.972226">
        <ele>105.424779</ele>
        <time>2026-07-03T10:36:37.462Z</time>
      </trkpt>
      <trkpt lat="48.062033" lon="-3.972208">
        <ele>105.422463</ele>
        <time>2026-07-03T10:36:37.996Z</time>
      </trkpt>
      <trkpt lat="48.062029" lon="-3.972189">
        <ele>105.420097</ele>
        <time>2026-07-03T10:36:38.543Z</time>
      </trkpt>
      <trkpt lat="48.062025" lon="-3.972170">
        <ele>105.417731</ele>
        <time>2026-07-03T10:36:39.090Z</time>
      </trkpt>
      <trkpt lat="48.062020" lon="-3.972151">
        <ele>105.415305</ele>
        <time>2026-07-03T10:36:39.650Z</time>
      </trkpt>
      <trkpt lat="48.062016" lon="-3.972133">
        <ele>105.413051</ele>
        <time>2026-07-03T10:36:40.171Z</time>
      </trkpt>
      <trkpt lat="48.062011" lon="-3.972114">
        <ele>105.410626</ele>
        <time>2026-07-03T10:36:40.731Z</time>
      </trkpt>
      <trkpt lat="48.062007" lon="-3.972095">
        <ele>105.408259</ele>
        <time>2026-07-03T10:36:41.278Z</time>
      </trkpt>
      <trkpt lat="48.062003" lon="-3.972077">
        <ele>105.406006</ele>
        <time>2026-07-03T10:36:41.798Z</time>
      </trkpt>
      <trkpt lat="48.061998" lon="-3.972058">
        <ele>105.403580</ele>
        <time>2026-07-03T10:36:42.358Z</time>
      </trkpt>
      <trkpt lat="48.061994" lon="-3.972039">
        <ele>105.401214</ele>
        <time>2026-07-03T10:36:42.905Z</time>
      </trkpt>
      <trkpt lat="48.061990" lon="-3.972020">
        <ele>105.398847</ele>
        <time>2026-07-03T10:36:43.452Z</time>
      </trkpt>
      <trkpt lat="48.061985" lon="-3.972002">
        <ele>105.396532</ele>
        <time>2026-07-03T10:36:43.987Z</time>
      </trkpt>
      <trkpt lat="48.061981" lon="-3.971983">
        <ele>105.394165</ele>
        <time>2026-07-03T10:36:44.533Z</time>
      </trkpt>
      <trkpt lat="48.061976" lon="-3.971964">
        <ele>105.391739</ele>
        <time>2026-07-03T10:36:45.094Z</time>
      </trkpt>
      <trkpt lat="48.061972" lon="-3.971946">
        <ele>105.389486</ele>
        <time>2026-07-03T10:36:45.614Z</time>
      </trkpt>
      <trkpt lat="48.061968" lon="-3.971927">
        <ele>105.387119</ele>
        <time>2026-07-03T10:36:46.161Z</time>
      </trkpt>
      <trkpt lat="48.061963" lon="-3.971908">
        <ele>105.384694</ele>
        <time>2026-07-03T10:36:46.721Z</time>
      </trkpt>
      <trkpt lat="48.061959" lon="-3.971889">
        <ele>105.382327</ele>
        <time>2026-07-03T10:36:47.268Z</time>
      </trkpt>
      <trkpt lat="48.061938" lon="-3.971870">
        <ele>105.377965</ele>
        <time>2026-07-03T10:36:48.276Z</time>
      </trkpt>
      <trkpt lat="48.061915" lon="-3.971858">
        <ele>105.373636</ele>
        <time>2026-07-03T10:36:49.276Z</time>
      </trkpt>
      <trkpt lat="48.061891" lon="-3.971846">
        <ele>105.369138</ele>
        <time>2026-07-03T10:36:50.315Z</time>
      </trkpt>
      <trkpt lat="48.061865" lon="-3.971839">
        <ele>105.364442</ele>
        <time>2026-07-03T10:36:51.400Z</time>
      </trkpt>
      <trkpt lat="48.061838" lon="-3.971833">
        <ele>105.359590</ele>
        <time>2026-07-03T10:36:52.521Z</time>
      </trkpt>
      <trkpt lat="48.061812" lon="-3.971835">
        <ele>105.354963</ele>
        <time>2026-07-03T10:36:53.591Z</time>
      </trkpt>
      <trkpt lat="48.061786" lon="-3.971836">
        <ele>105.466766</ele>
        <time>2026-07-03T10:36:54.659Z</time>
      </trkpt>
      <trkpt lat="48.061765" lon="-3.971846">
        <ele>105.591902</ele>
        <time>2026-07-03T10:36:55.564Z</time>
      </trkpt>
      <trkpt lat="48.061745" lon="-3.971856">
        <ele>105.711640</ele>
        <time>2026-07-03T10:36:56.430Z</time>
      </trkpt>
      <trkpt lat="48.061731" lon="-3.971862">
        <ele>105.794332</ele>
        <time>2026-07-03T10:36:57.028Z</time>
      </trkpt>
      <trkpt lat="48.061716" lon="-3.971868">
        <ele>105.882496</ele>
        <time>2026-07-03T10:36:57.666Z</time>
      </trkpt>
      <trkpt lat="48.061710" lon="-3.971857">
        <ele>105.936379</ele>
        <time>2026-07-03T10:36:58.056Z</time>
      </trkpt>
      <trkpt lat="48.061703" lon="-3.971846">
        <ele>105.994019</ele>
        <time>2026-07-03T10:36:58.473Z</time>
      </trkpt>
      <trkpt lat="48.061705" lon="-3.971820">
        <ele>106.093339</ele>
        <time>2026-07-03T10:36:59.192Z</time>
      </trkpt>
      <trkpt lat="48.061706" lon="-3.971794">
        <ele>106.192171</ele>
        <time>2026-07-03T10:36:59.907Z</time>
      </trkpt>
      <trkpt lat="48.061716" lon="-3.971764">
        <ele>106.319393</ele>
        <time>2026-07-03T10:37:00.828Z</time>
      </trkpt>
      <trkpt lat="48.061726" lon="-3.971735">
        <ele>106.443232</ele>
        <time>2026-07-03T10:37:01.724Z</time>
      </trkpt>
      <trkpt lat="48.061743" lon="-3.971716">
        <ele>106.563718</ele>
        <time>2026-07-03T10:37:02.596Z</time>
      </trkpt>
      <trkpt lat="48.061760" lon="-3.971697">
        <ele>106.684205</ele>
        <time>2026-07-03T10:37:03.467Z</time>
      </trkpt>
      <trkpt lat="48.061780" lon="-3.971688">
        <ele>106.802794</ele>
        <time>2026-07-03T10:37:04.326Z</time>
      </trkpt>
      <trkpt lat="48.061801" lon="-3.971679">
        <ele>106.926832</ele>
        <time>2026-07-03T10:37:05.224Z</time>
      </trkpt>
      <trkpt lat="48.061823" lon="-3.971676">
        <ele>107.052271</ele>
        <time>2026-07-03T10:37:06.132Z</time>
      </trkpt>
      <trkpt lat="48.061844" lon="-3.971673">
        <ele>107.172056</ele>
        <time>2026-07-03T10:37:06.999Z</time>
      </trkpt>
      <trkpt lat="48.061865" lon="-3.971675">
        <ele>107.291540</ele>
        <time>2026-07-03T10:37:07.864Z</time>
      </trkpt>
      <trkpt lat="48.061886" lon="-3.971677">
        <ele>107.411025</ele>
        <time>2026-07-03T10:37:08.729Z</time>
      </trkpt>
      <trkpt lat="48.061906" lon="-3.971681">
        <ele>107.525599</ele>
        <time>2026-07-03T10:37:09.558Z</time>
      </trkpt>
      <trkpt lat="48.061926" lon="-3.971684">
        <ele>107.639733</ele>
        <time>2026-07-03T10:37:10.385Z</time>
      </trkpt>
      <trkpt lat="48.061945" lon="-3.971687">
        <ele>107.748219</ele>
        <time>2026-07-03T10:37:11.171Z</time>
      </trkpt>
      <trkpt lat="48.061963" lon="-3.971690">
        <ele>107.851059</ele>
        <time>2026-07-03T10:37:11.915Z</time>
      </trkpt>
      <trkpt lat="48.061982" lon="-3.971690">
        <ele>107.958946</ele>
        <time>2026-07-03T10:37:12.697Z</time>
      </trkpt>
      <trkpt lat="48.062001" lon="-3.971690">
        <ele>108.066832</ele>
        <time>2026-07-03T10:37:13.478Z</time>
      </trkpt>
      <trkpt lat="48.062001" lon="-3.971697">
        <ele>108.093397</ele>
        <time>2026-07-03T10:37:13.657Z</time>
      </trkpt>
      <trkpt lat="48.062038" lon="-3.971697">
        <ele>108.303491</ele>
        <time>2026-07-03T10:37:15.637Z</time>
      </trkpt>
      <trkpt lat="48.062191" lon="-3.971602">
        <ele>109.244094</ele>
        <time>2026-07-03T10:37:24.418Z</time>
      </trkpt>
      <trkpt lat="48.062427" lon="-3.971352">
        <ele>110.885997</ele>
        <time>2026-07-03T10:37:39.954Z</time>
      </trkpt>
      <trkpt lat="48.062568" lon="-3.971070">
        <ele>112.222501</ele>
        <time>2026-07-03T10:37:53.295Z</time>
      </trkpt>
      <trkpt lat="48.062783" lon="-3.970204">
        <ele>115.648770</ele>
        <time>2026-07-03T10:38:28.162Z</time>
      </trkpt>
      <trkpt lat="48.062902" lon="-3.969879">
        <ele>116.361777</ele>
        <time>2026-07-03T10:38:41.236Z</time>
      </trkpt>
      <trkpt lat="48.062988" lon="-3.969487">
        <ele>117.155590</ele>
        <time>2026-07-03T10:38:55.133Z</time>
      </trkpt>
      <trkpt lat="48.062692" lon="-3.969328">
        <ele>118.060997</ele>
        <time>2026-07-03T10:39:12.633Z</time>
      </trkpt>
      <trkpt lat="48.062659" lon="-3.969253">
        <ele>118.233766</ele>
        <time>2026-07-03T10:39:15.838Z</time>
      </trkpt>
      <trkpt lat="48.062726" lon="-3.968839">
        <ele>119.053335</ele>
        <time>2026-07-03T10:39:30.610Z</time>
      </trkpt>
      <trkpt lat="48.062670" lon="-3.968317">
        <ele>120.070535</ele>
        <time>2026-07-03T10:39:47.948Z</time>
      </trkpt>
      <trkpt lat="48.062726" lon="-3.967853">
        <ele>120.811184</ele>
        <time>2026-07-03T10:40:02.863Z</time>
      </trkpt>
      <trkpt lat="48.062825" lon="-3.966312">
        <ele>121.657000</ele>
        <time>2026-07-03T10:40:52.252Z</time>
      </trkpt>
      <trkpt lat="48.063025" lon="-3.965616">
        <ele>122.070924</ele>
        <time>2026-07-03T10:41:18.044Z</time>
      </trkpt>
      <trkpt lat="48.063130" lon="-3.965541">
        <ele>122.166041</ele>
        <time>2026-07-03T10:41:24.304Z</time>
      </trkpt>
      <trkpt lat="48.063490" lon="-3.965583">
        <ele>124.462110</ele>
        <time>2026-07-03T10:41:44.467Z</time>
      </trkpt>
      <trkpt lat="48.063795" lon="-3.965566">
        <ele>126.743643</ele>
        <time>2026-07-03T10:42:03.239Z</time>
      </trkpt>
      <trkpt lat="48.064559" lon="-3.965674">
        <ele>132.480164</ele>
        <time>2026-07-03T10:42:58.548Z</time>
      </trkpt>
      <trkpt lat="48.064921" lon="-3.965867">
        <ele>135.352839</ele>
        <time>2026-07-03T10:43:28.892Z</time>
      </trkpt>
      <trkpt lat="48.065223" lon="-3.966119">
        <ele>138.123870</ele>
        <time>2026-07-03T10:43:51.864Z</time>
      </trkpt>
      <trkpt lat="48.065494" lon="-3.966163">
        <ele>140.328219</ele>
        <time>2026-07-03T10:44:09.669Z</time>
      </trkpt>
      <trkpt lat="48.065804" lon="-3.966336">
        <ele>143.003747</ele>
        <time>2026-07-03T10:44:30.631Z</time>
      </trkpt>
      <trkpt lat="48.065868" lon="-3.966543">
        <ele>144.236322</ele>
        <time>2026-07-03T10:44:39.726Z</time>
      </trkpt>
      <trkpt lat="48.066000" lon="-3.966513">
        <ele>145.316003</ele>
        <time>2026-07-03T10:44:47.491Z</time>
      </trkpt>
      <trkpt lat="48.066955" lon="-3.966829">
        <ele>151.205836</ele>
        <time>2026-07-03T10:45:38.433Z</time>
      </trkpt>
      <trkpt lat="48.067187" lon="-3.966816">
        <ele>151.827584</ele>
        <time>2026-07-03T10:45:49.426Z</time>
      </trkpt>
      <trkpt lat="48.067556" lon="-3.966889">
        <ele>152.824390</ele>
        <time>2026-07-03T10:46:09.354Z</time>
      </trkpt>
      <trkpt lat="48.067847" lon="-3.966821">
        <ele>153.613153</ele>
        <time>2026-07-03T10:46:24.680Z</time>
      </trkpt>
      <trkpt lat="48.068322" lon="-3.966780">
        <ele>154.887350</ele>
        <time>2026-07-03T10:46:48.386Z</time>
      </trkpt>
      <trkpt lat="48.069575" lon="-3.966727">
        <ele>154.000733</ele>
        <time>2026-07-03T10:47:48.163Z</time>
      </trkpt>
      <trkpt lat="48.069530" lon="-3.966079">
        <ele>153.630852</ele>
        <time>2026-07-03T10:48:05.351Z</time>
      </trkpt>
      <trkpt lat="48.069417" lon="-3.965181">
        <ele>152.608741</ele>
        <time>2026-07-03T10:48:29.112Z</time>
      </trkpt>
      <trkpt lat="48.069399" lon="-3.964128">
        <ele>151.223873</ele>
        <time>2026-07-03T10:48:56.308Z</time>
      </trkpt>
      <trkpt lat="48.069404" lon="-3.963331">
        <ele>150.175984</ele>
        <time>2026-07-03T10:49:17.203Z</time>
      </trkpt>
      <trkpt lat="48.069462" lon="-3.961895">
        <ele>149.600245</ele>
        <time>2026-07-03T10:50:02.717Z</time>
      </trkpt>
      <trkpt lat="48.069572" lon="-3.961138">
        <ele>149.383560</ele>
        <time>2026-07-03T10:50:27.819Z</time>
      </trkpt>
      <trkpt lat="48.069681" lon="-3.960654">
        <ele>149.240702</ele>
        <time>2026-07-03T10:50:44.439Z</time>
      </trkpt>
      <trkpt lat="48.069917" lon="-3.959833">
        <ele>149.152363</ele>
        <time>2026-07-03T10:51:13.427Z</time>
      </trkpt>
      <trkpt lat="48.070367" lon="-3.959752">
        <ele>149.107163</ele>
        <time>2026-07-03T10:51:35.311Z</time>
      </trkpt>
      <trkpt lat="48.071054" lon="-3.959554">
        <ele>149.037392</ele>
        <time>2026-07-03T10:52:08.988Z</time>
      </trkpt>
      <trkpt lat="48.071685" lon="-3.959490">
        <ele>149.192875</ele>
        <time>2026-07-03T10:52:38.926Z</time>
      </trkpt>
      <trkpt lat="48.071961" lon="-3.959553">
        <ele>149.288645</ele>
        <time>2026-07-03T10:52:52.414Z</time>
      </trkpt>
      <trkpt lat="48.071809" lon="-3.959970">
        <ele>149.397522</ele>
        <time>2026-07-03T10:53:05.679Z</time>
      </trkpt>
      <trkpt lat="48.071742" lon="-3.960412">
        <ele>149.501406</ele>
        <time>2026-07-03T10:53:18.575Z</time>
      </trkpt>
      <trkpt lat="48.071943" lon="-3.960485">
        <ele>149.572356</ele>
        <time>2026-07-03T10:53:27.474Z</time>
      </trkpt>
      <trkpt lat="48.072081" lon="-3.960319">
        <ele>149.633089</ele>
        <time>2026-07-03T10:53:36.451Z</time>
      </trkpt>
      <trkpt lat="48.072651" lon="-3.960478">
        <ele>150.067240</ele>
        <time>2026-07-03T10:54:05.690Z</time>
      </trkpt>
      <trkpt lat="48.072819" lon="-3.960500">
        <ele>150.196174</ele>
        <time>2026-07-03T10:54:14.367Z</time>
      </trkpt>
      <trkpt lat="48.073006" lon="-3.960717">
        <ele>150.377086</ele>
        <time>2026-07-03T10:54:26.413Z</time>
      </trkpt>
      <trkpt lat="48.073050" lon="-3.960937">
        <ele>150.494400</ele>
        <time>2026-07-03T10:54:34.101Z</time>
      </trkpt>
      <trkpt lat="48.073054" lon="-3.961315">
        <ele>150.687526</ele>
        <time>2026-07-03T10:54:46.564Z</time>
      </trkpt>
      <trkpt lat="48.073086" lon="-3.961707">
        <ele>150.889269</ele>
        <time>2026-07-03T10:54:59.435Z</time>
      </trkpt>
      <trkpt lat="48.073237" lon="-3.961943">
        <ele>150.991866</ele>
        <time>2026-07-03T10:55:09.932Z</time>
      </trkpt>
      <trkpt lat="48.073493" lon="-3.962216">
        <ele>150.850741</ele>
        <time>2026-07-03T10:55:24.945Z</time>
      </trkpt>
      <trkpt lat="48.073703" lon="-3.962334">
        <ele>150.750035</ele>
        <time>2026-07-03T10:55:35.623Z</time>
      </trkpt>
      <trkpt lat="48.073936" lon="-3.962369">
        <ele>150.644903</ele>
        <time>2026-07-03T10:55:46.720Z</time>
      </trkpt>
      <trkpt lat="48.074113" lon="-3.962307">
        <ele>150.563290</ele>
        <time>2026-07-03T10:55:55.327Z</time>
      </trkpt>
      <trkpt lat="48.074128" lon="-3.962307">
        <ele>150.556556</ele>
        <time>2026-07-03T10:55:56.031Z</time>
      </trkpt>
      <trkpt lat="48.074276" lon="-3.962307">
        <ele>150.490111</ele>
        <time>2026-07-03T10:56:03.052Z</time>
      </trkpt>
      <trkpt lat="48.074776" lon="-3.962162">
        <ele>150.261458</ele>
        <time>2026-07-03T10:56:27.319Z</time>
      </trkpt>
      <trkpt lat="48.074997" lon="-3.962133">
        <ele>150.218127</ele>
        <time>2026-07-03T10:56:37.891Z</time>
      </trkpt>
      <trkpt lat="48.075196" lon="-3.962157">
        <ele>150.237434</ele>
        <time>2026-07-03T10:56:47.466Z</time>
      </trkpt>
      <trkpt lat="48.075183" lon="-3.961956">
        <ele>150.250483</ele>
        <time>2026-07-03T10:56:53.947Z</time>
      </trkpt>
      <trkpt lat="48.075396" lon="-3.960223">
        <ele>150.364338</ele>
        <time>2026-07-03T10:57:51.409Z</time>
      </trkpt>
      <trkpt lat="48.075418" lon="-3.959005">
        <ele>150.450420</ele>
        <time>2026-07-03T10:58:31.325Z</time>
      </trkpt>
      <trkpt lat="48.075450" lon="-3.958475">
        <ele>150.488952</ele>
        <time>2026-07-03T10:58:48.609Z</time>
      </trkpt>
      <trkpt lat="48.073462" lon="-3.958195">
        <ele>149.800830</ele>
        <time>2026-07-03T11:00:10.270Z</time>
      </trkpt>
      <trkpt lat="48.072670" lon="-3.957727">
        <ele>149.203434</ele>
        <time>2026-07-03T11:00:43.971Z</time>
      </trkpt>
      <trkpt lat="48.071956" lon="-3.957258">
        <ele>148.563141</ele>
        <time>2026-07-03T11:01:20.076Z</time>
      </trkpt>
      <trkpt lat="48.071379" lon="-3.956926">
        <ele>148.055522</ele>
        <time>2026-07-03T11:01:49.606Z</time>
      </trkpt>
      <trkpt lat="48.071147" lon="-3.956917">
        <ele>148.079111</ele>
        <time>2026-07-03T11:02:01.107Z</time>
      </trkpt>
      <trkpt lat="48.070934" lon="-3.957012">
        <ele>148.592380</ele>
        <time>2026-07-03T11:02:12.373Z</time>
      </trkpt>
      <trkpt lat="48.070661" lon="-3.957134">
        <ele>149.250337</ele>
        <time>2026-07-03T11:02:27.199Z</time>
      </trkpt>
      <trkpt lat="48.069405" lon="-3.957123">
        <ele>152.135748</ele>
        <time>2026-07-03T11:03:35.472Z</time>
      </trkpt>
      <trkpt lat="48.068658" lon="-3.956991">
        <ele>153.526759</ele>
        <time>2026-07-03T11:04:16.095Z</time>
      </trkpt>
      <trkpt lat="48.068074" lon="-3.956838">
        <ele>154.623165</ele>
        <time>2026-07-03T11:04:46.808Z</time>
      </trkpt>
      <trkpt lat="48.067059" lon="-3.956687">
        <ele>154.815193</ele>
        <time>2026-07-03T11:05:36.578Z</time>
      </trkpt>
      <trkpt lat="48.066595" lon="-3.956582">
        <ele>154.356558</ele>
        <time>2026-07-03T11:05:58.701Z</time>
      </trkpt>
      <trkpt lat="48.065573" lon="-3.956099">
        <ele>152.309022</ele>
        <time>2026-07-03T11:06:48.015Z</time>
      </trkpt>
      <trkpt lat="48.064994" lon="-3.955872">
        <ele>149.972680</ele>
        <time>2026-07-03T11:07:14.743Z</time>
      </trkpt>
      <trkpt lat="48.064669" lon="-3.955826">
        <ele>148.698419</ele>
        <time>2026-07-03T11:07:28.941Z</time>
      </trkpt>
      <trkpt lat="48.064422" lon="-3.955723">
        <ele>147.697545</ele>
        <time>2026-07-03T11:07:39.949Z</time>
      </trkpt>
      <trkpt lat="48.064251" lon="-3.955780">
        <ele>147.013706</ele>
        <time>2026-07-03T11:07:47.410Z</time>
      </trkpt>
      <trkpt lat="48.063861" lon="-3.955962">
        <ele>145.028664</ele>
        <time>2026-07-03T11:08:04.575Z</time>
      </trkpt>
      <trkpt lat="48.062592" lon="-3.956680">
        <ele>138.014768</ele>
        <time>2026-07-03T11:09:02.056Z</time>
      </trkpt>
      <trkpt lat="48.062382" lon="-3.956915">
        <ele>137.084706</ele>
        <time>2026-07-03T11:09:13.853Z</time>
      </trkpt>
      <trkpt lat="48.061733" lon="-3.957242">
        <ele>135.811890</ele>
        <time>2026-07-03T11:09:40.655Z</time>
      </trkpt>
      <trkpt lat="48.061571" lon="-3.957290">
        <ele>135.504942</ele>
        <time>2026-07-03T11:09:47.238Z</time>
      </trkpt>
      <trkpt lat="48.061429" lon="-3.957275">
        <ele>135.240357</ele>
        <time>2026-07-03T11:09:52.975Z</time>
      </trkpt>
      <trkpt lat="48.060497" lon="-3.957532">
        <ele>133.651652</ele>
        <time>2026-07-03T11:10:37.731Z</time>
      </trkpt>
      <trkpt lat="48.059980" lon="-3.957838">
        <ele>132.974078</ele>
        <time>2026-07-03T11:11:03.607Z</time>
      </trkpt>
      <trkpt lat="48.059839" lon="-3.957918">
        <ele>132.790302</ele>
        <time>2026-07-03T11:11:09.603Z</time>
      </trkpt>
      <trkpt lat="48.059678" lon="-3.957955">
        <ele>132.591791</ele>
        <time>2026-07-03T11:11:16.073Z</time>
      </trkpt>
      <trkpt lat="48.058944" lon="-3.957831">
        <ele>131.609649</ele>
        <time>2026-07-03T11:11:45.733Z</time>
      </trkpt>
      <trkpt lat="48.057231" lon="-3.957464">
        <ele>127.666551</ele>
        <time>2026-07-03T11:12:53.804Z</time>
      </trkpt>
      <trkpt lat="48.055904" lon="-3.957364">
        <ele>118.533040</ele>
        <time>2026-07-03T11:13:40.693Z</time>
      </trkpt>
      <trkpt lat="48.055691" lon="-3.957458">
        <ele>117.006482</ele>
        <time>2026-07-03T11:13:48.120Z</time>
      </trkpt>
      <trkpt lat="48.055596" lon="-3.957463">
        <ele>116.353037</ele>
        <time>2026-07-03T11:13:51.281Z</time>
      </trkpt>
      <trkpt lat="48.055519" lon="-3.957411">
        <ele>115.772304</ele>
        <time>2026-07-03T11:13:54.096Z</time>
      </trkpt>
      <trkpt lat="48.055317" lon="-3.957374">
        <ele>114.114801</ele>
        <time>2026-07-03T11:14:00.906Z</time>
      </trkpt>
      <trkpt lat="48.055170" lon="-3.957395">
        <ele>112.839235</ele>
        <time>2026-07-03T11:14:05.814Z</time>
      </trkpt>
      <trkpt lat="48.055107" lon="-3.957458">
        <ele>112.184665</ele>
        <time>2026-07-03T11:14:08.324Z</time>
      </trkpt>
      <trkpt lat="48.055082" lon="-3.957530">
        <ele>111.716208</ele>
        <time>2026-07-03T11:14:10.123Z</time>
      </trkpt>
      <trkpt lat="48.055065" lon="-3.957578">
        <ele>111.402565</ele>
        <time>2026-07-03T11:14:11.346Z</time>
      </trkpt>
      <trkpt lat="48.054802" lon="-3.958343">
        <ele>106.435607</ele>
        <time>2026-07-03T11:14:33.846Z</time>
      </trkpt>
      <trkpt lat="48.054477" lon="-3.958980">
        <ele>101.808674</ele>
        <time>2026-07-03T11:14:55.395Z</time>
      </trkpt>
      <trkpt lat="48.054306" lon="-3.959383">
        <ele>99.374825</ele>
        <time>2026-07-03T11:15:08.472Z</time>
      </trkpt>
      <trkpt lat="48.054192" lon="-3.959856">
        <ele>97.653384</ele>
        <time>2026-07-03T11:15:22.396Z</time>
      </trkpt>
      <trkpt lat="48.053994" lon="-3.960935">
        <ele>93.822576</ele>
        <time>2026-07-03T11:15:54.178Z</time>
      </trkpt>
      <trkpt lat="48.053966" lon="-3.961254">
        <ele>92.721049</ele>
        <time>2026-07-03T11:16:03.618Z</time>
      </trkpt>
      <trkpt lat="48.054015" lon="-3.961377">
        <ele>92.230821</ele>
        <time>2026-07-03T11:16:07.843Z</time>
      </trkpt>
      <trkpt lat="48.054060" lon="-3.962093">
        <ele>90.493112</ele>
        <time>2026-07-03T11:16:29.456Z</time>
      </trkpt>
      <trkpt lat="48.054040" lon="-3.962593">
        <ele>90.217720</ele>
        <time>2026-07-03T11:16:44.919Z</time>
      </trkpt>
      <trkpt lat="48.054331" lon="-3.964363">
        <ele>89.215573</ele>
        <time>2026-07-03T11:17:43.096Z</time>
      </trkpt>
      <trkpt lat="48.054569" lon="-3.964603">
        <ele>89.943615</ele>
        <time>2026-07-03T11:17:57.659Z</time>
      </trkpt>
      <trkpt lat="48.054915" lon="-3.964696">
        <ele>91.267913</ele>
        <time>2026-07-03T11:18:16.341Z</time>
      </trkpt>
      <trkpt lat="48.055292" lon="-3.964665">
        <ele>92.690266</ele>
        <time>2026-07-03T11:18:37.527Z</time>
      </trkpt>
      <trkpt lat="48.055411" lon="-3.964441">
        <ele>93.410749</ele>
        <time>2026-07-03T11:18:48.695Z</time>
      </trkpt>
      <trkpt lat="48.055483" lon="-3.964186">
        <ele>94.107775</ele>
        <time>2026-07-03T11:18:59.791Z</time>
      </trkpt>
      <trkpt lat="48.055612" lon="-3.963992">
        <ele>94.796818</ele>
        <time>2026-07-03T11:19:10.996Z</time>
      </trkpt>
      <trkpt lat="48.055700" lon="-3.963954">
        <ele>95.141858</ele>
        <time>2026-07-03T11:19:16.687Z</time>
      </trkpt>
      <trkpt lat="48.055824" lon="-3.963745">
        <ele>95.845529</ele>
        <time>2026-07-03T11:19:28.341Z</time>
      </trkpt>
      <trkpt lat="48.056180" lon="-3.963521">
        <ele>97.736686</ele>
        <time>2026-07-03T11:19:52.301Z</time>
      </trkpt>
      <trkpt lat="48.056562" lon="-3.963065">
        <ele>100.162893</ele>
        <time>2026-07-03T11:20:21.743Z</time>
      </trkpt>
      <trkpt lat="48.056717" lon="-3.962919">
        <ele>101.072230</ele>
        <time>2026-07-03T11:20:32.445Z</time>
      </trkpt>
      <trkpt lat="48.056857" lon="-3.962911">
        <ele>101.767793</ele>
        <time>2026-07-03T11:20:40.492Z</time>
      </trkpt>
      <trkpt lat="48.057012" lon="-3.963058">
        <ele>102.678901</ele>
        <time>2026-07-03T11:20:51.020Z</time>
      </trkpt>
      <trkpt lat="48.057068" lon="-3.963187">
        <ele>103.189330</ele>
        <time>2026-07-03T11:20:56.899Z</time>
      </trkpt>
      <trkpt lat="48.057089" lon="-3.963235">
        <ele>103.379698</ele>
        <time>2026-07-03T11:20:59.081Z</time>
      </trkpt>
      <trkpt lat="48.057120" lon="-3.963421">
        <ele>104.015809</ele>
        <time>2026-07-03T11:21:06.373Z</time>
      </trkpt>
      <trkpt lat="48.057093" lon="-3.963617">
        <ele>104.679874</ele>
        <time>2026-07-03T11:21:14.137Z</time>
      </trkpt>
      <trkpt lat="48.057111" lon="-3.963777">
        <ele>105.070241</ele>
        <time>2026-07-03T11:21:20.481Z</time>
      </trkpt>
      <trkpt lat="48.057139" lon="-3.963835">
        <ele>105.210184</ele>
        <time>2026-07-03T11:21:23.257Z</time>
      </trkpt>
      <trkpt lat="48.057175" lon="-3.963815">
        <ele>105.322562</ele>
        <time>2026-07-03T11:21:25.496Z</time>
      </trkpt>
      <trkpt lat="48.057237" lon="-3.963651">
        <ele>105.691097</ele>
        <time>2026-07-03T11:21:32.761Z</time>
      </trkpt>
      <trkpt lat="48.057277" lon="-3.963653">
        <ele>105.808218</ele>
        <time>2026-07-03T11:21:35.095Z</time>
      </trkpt>
      <trkpt lat="48.057335" lon="-3.963729">
        <ele>106.033842</ele>
        <time>2026-07-03T11:21:39.513Z</time>
      </trkpt>
      <trkpt lat="48.057378" lon="-3.963740">
        <ele>106.161502</ele>
        <time>2026-07-03T11:21:41.970Z</time>
      </trkpt>
      <trkpt lat="48.057543" lon="-3.963539">
        <ele>106.784168</ele>
        <time>2026-07-03T11:21:54.169Z</time>
      </trkpt>
      <trkpt lat="48.057640" lon="-3.963468">
        <ele>107.100177</ele>
        <time>2026-07-03T11:22:00.265Z</time>
      </trkpt>
      <trkpt lat="48.057761" lon="-3.963416">
        <ele>107.468588</ele>
        <time>2026-07-03T11:22:07.361Z</time>
      </trkpt>
      <trkpt lat="48.057877" lon="-3.963407">
        <ele>107.808505</ele>
        <time>2026-07-03T11:22:13.873Z</time>
      </trkpt>
      <trkpt lat="48.057943" lon="-3.963734">
        <ele>108.476623</ele>
        <time>2026-07-03T11:22:24.522Z</time>
      </trkpt>
      <trkpt lat="48.058076" lon="-3.964101">
        <ele>109.293177</ele>
        <time>2026-07-03T11:22:37.184Z</time>
      </trkpt>
      <trkpt lat="48.058218" lon="-3.964406">
        <ele>110.020199</ele>
        <time>2026-07-03T11:22:48.007Z</time>
      </trkpt>
      <trkpt lat="48.058415" lon="-3.964726">
        <ele>109.197455</ele>
        <time>2026-07-03T11:22:59.939Z</time>
      </trkpt>
      <trkpt lat="48.058477" lon="-3.964777">
        <ele>108.942398</ele>
        <time>2026-07-03T11:23:02.742Z</time>
      </trkpt>
      <trkpt lat="48.058557" lon="-3.964809">
        <ele>108.643876</ele>
        <time>2026-07-03T11:23:05.963Z</time>
      </trkpt>
      <trkpt lat="48.058908" lon="-3.964831">
        <ele>107.377443</ele>
        <time>2026-07-03T11:23:19.238Z</time>
      </trkpt>
      <trkpt lat="48.059194" lon="-3.964939">
        <ele>106.314107</ele>
        <time>2026-07-03T11:23:30.144Z</time>
      </trkpt>
      <trkpt lat="48.059281" lon="-3.965016">
        <ele>105.949716</ele>
        <time>2026-07-03T11:23:33.803Z</time>
      </trkpt>
      <trkpt lat="48.059472" lon="-3.965378">
        <ele>104.838496</ele>
        <time>2026-07-03T11:23:44.914Z</time>
      </trkpt>
      <trkpt lat="48.059344" lon="-3.965688">
        <ele>103.960552</ele>
        <time>2026-07-03T11:23:55.144Z</time>
      </trkpt>
      <trkpt lat="48.059147" lon="-3.966068">
        <ele>102.349596</ele>
        <time>2026-07-03T11:24:08.611Z</time>
      </trkpt>
      <trkpt lat="48.058939" lon="-3.966342">
        <ele>100.809756</ele>
        <time>2026-07-03T11:24:20.215Z</time>
      </trkpt>
      <trkpt lat="48.058540" lon="-3.966768">
        <ele>98.086176</ele>
        <time>2026-07-03T11:24:41.029Z</time>
      </trkpt>
      <trkpt lat="48.058475" lon="-3.966931">
        <ele>97.381285</ele>
        <time>2026-07-03T11:24:46.519Z</time>
      </trkpt>
      <trkpt lat="48.058270" lon="-3.967193">
        <ele>95.883229</ele>
        <time>2026-07-03T11:24:58.079Z</time>
      </trkpt>
      <trkpt lat="48.057969" lon="-3.967688">
        <ele>93.420991</ele>
        <time>2026-07-03T11:25:17.218Z</time>
      </trkpt>
      <trkpt lat="48.057936" lon="-3.967806">
        <ele>92.990519</ele>
        <time>2026-07-03T11:25:20.890Z</time>
      </trkpt>
      <trkpt lat="48.057939" lon="-3.967970">
        <ele>92.438394</ele>
        <time>2026-07-03T11:25:25.564Z</time>
      </trkpt>
      <trkpt lat="48.057903" lon="-3.968064">
        <ele>92.073798</ele>
        <time>2026-07-03T11:25:28.645Z</time>
      </trkpt>
      <trkpt lat="48.057657" lon="-3.968379">
        <ele>90.443459</ele>
        <time>2026-07-03T11:25:42.447Z</time>
      </trkpt>
      <trkpt lat="48.057548" lon="-3.968776">
        <ele>88.999072</ele>
        <time>2026-07-03T11:25:54.699Z</time>
      </trkpt>
      <trkpt lat="48.057381" lon="-3.968939">
        <ele>87.995098</ele>
        <time>2026-07-03T11:26:03.232Z</time>
      </trkpt>
      <trkpt lat="48.057269" lon="-3.969115">
        <ele>87.177266</ele>
        <time>2026-07-03T11:26:10.196Z</time>
      </trkpt>
      <trkpt lat="48.057143" lon="-3.969508">
        <ele>85.710374</ele>
        <time>2026-07-03T11:26:22.707Z</time>
      </trkpt>
      <trkpt lat="48.056862" lon="-3.969908">
        <ele>84.274193</ele>
        <time>2026-07-03T11:26:39.610Z</time>
      </trkpt>
      <trkpt lat="48.056662" lon="-3.970596">
        <ele>83.322110</ele>
        <time>2026-07-03T11:27:01.826Z</time>
      </trkpt>
      <trkpt lat="48.056594" lon="-3.971193">
        <ele>82.553583</ele>
        <time>2026-07-03T11:27:20.349Z</time>
      </trkpt>
      <trkpt lat="48.056542" lon="-3.971921">
        <ele>81.624476</ele>
        <time>2026-07-03T11:27:43.480Z</time>
      </trkpt>
      <trkpt lat="48.056567" lon="-3.972068">
        <ele>81.431986</ele>
        <time>2026-07-03T11:27:48.440Z</time>
      </trkpt>
      <trkpt lat="48.056711" lon="-3.972310">
        <ele>81.338435</ele>
        <time>2026-07-03T11:27:59.354Z</time>
      </trkpt>
      <trkpt lat="48.056750" lon="-3.972436">
        <ele>81.532194</ele>
        <time>2026-07-03T11:28:04.218Z</time>
      </trkpt>
      <trkpt lat="48.056870" lon="-3.973250">
        <ele>82.695357</ele>
        <time>2026-07-03T11:28:33.621Z</time>
      </trkpt>
      <trkpt lat="48.056936" lon="-3.973450">
        <ele>83.006600</ele>
        <time>2026-07-03T11:28:41.556Z</time>
      </trkpt>
      <trkpt lat="48.056974" lon="-3.973675">
        <ele>83.330435</ele>
        <time>2026-07-03T11:28:49.865Z</time>
      </trkpt>
      <trkpt lat="48.056998" lon="-3.974052">
        <ele>83.858883</ele>
        <time>2026-07-03T11:29:03.626Z</time>
      </trkpt>
      <trkpt lat="48.056339" lon="-3.974559">
        <ele>84.973110</ele>
        <time>2026-07-03T11:29:37.705Z</time>
      </trkpt>
      <trkpt lat="48.055975" lon="-3.974924">
        <ele>85.060957</ele>
        <time>2026-07-03T11:29:55.944Z</time>
      </trkpt>
      <trkpt lat="48.055850" lon="-3.975099">
        <ele>85.095276</ele>
        <time>2026-07-03T11:30:02.945Z</time>
      </trkpt>
      <trkpt lat="48.056349" lon="-3.975208">
        <ele>85.196373</ele>
        <time>2026-07-03T11:30:23.370Z</time>
      </trkpt>
      <trkpt lat="48.057136" lon="-3.975618">
        <ele>85.178589</ele>
        <time>2026-07-03T11:30:56.708Z</time>
      </trkpt>
      <trkpt lat="48.057056" lon="-3.976077">
        <ele>85.086992</ele>
        <time>2026-07-03T11:31:09.818Z</time>
      </trkpt>
      <trkpt lat="48.057013" lon="-3.976854">
        <ele>84.936441</ele>
        <time>2026-07-03T11:31:31.598Z</time>
      </trkpt>
      <trkpt lat="48.056968" lon="-3.977180">
        <ele>84.872162</ele>
        <time>2026-07-03T11:31:40.696Z</time>
      </trkpt>
      <trkpt lat="48.056921" lon="-3.977867">
        <ele>84.494381</ele>
        <time>2026-07-03T11:31:59.550Z</time>
      </trkpt>
      <trkpt lat="48.056882" lon="-3.977890">
        <ele>84.381143</ele>
        <time>2026-07-03T11:32:01.533Z</time>
      </trkpt>
      <trkpt lat="48.056725" lon="-3.978540">
        <ele>83.133296</ele>
        <time>2026-07-03T11:32:23.176Z</time>
      </trkpt>
      <trkpt lat="48.056547" lon="-3.979642">
        <ele>81.086365</ele>
        <time>2026-07-03T11:32:56.750Z</time>
      </trkpt>
      <trkpt lat="48.056484" lon="-3.979722">
        <ele>80.863153</ele>
        <time>2026-07-03T11:33:00.362Z</time>
      </trkpt>
      <trkpt lat="48.056447" lon="-3.979726">
        <ele>80.762946</ele>
        <time>2026-07-03T11:33:01.989Z</time>
      </trkpt>
      <trkpt lat="48.056190" lon="-3.979660">
        <ele>80.058574</ele>
        <time>2026-07-03T11:33:13.497Z</time>
      </trkpt>
      <trkpt lat="48.055969" lon="-3.979411">
        <ele>79.299531</ele>
        <time>2026-07-03T11:33:25.750Z</time>
      </trkpt>
      <trkpt lat="48.055712" lon="-3.979259">
        <ele>78.538414</ele>
        <time>2026-07-03T11:33:37.923Z</time>
      </trkpt>
      <trkpt lat="48.055642" lon="-3.979128">
        <ele>78.229666</ele>
        <time>2026-07-03T11:33:42.845Z</time>
      </trkpt>
      <trkpt lat="48.055563" lon="-3.979127">
        <ele>78.012081</ele>
        <time>2026-07-03T11:33:46.331Z</time>
      </trkpt>
      <trkpt lat="48.055538" lon="-3.979098">
        <ele>77.924955</ele>
        <time>2026-07-03T11:33:47.705Z</time>
      </trkpt>
      <trkpt lat="48.055525" lon="-3.978932">
        <ele>77.617275</ele>
        <time>2026-07-03T11:33:52.619Z</time>
      </trkpt>
      <trkpt lat="48.055428" lon="-3.978805">
        <ele>77.262268</ele>
        <time>2026-07-03T11:33:58.362Z</time>
      </trkpt>
      <trkpt lat="48.055391" lon="-3.978801">
        <ele>77.160099</ele>
        <time>2026-07-03T11:34:00.021Z</time>
      </trkpt>
      <trkpt lat="48.055305" lon="-3.979057">
        <ele>76.632654</ele>
        <time>2026-07-03T11:34:08.724Z</time>
      </trkpt>
      <trkpt lat="48.055517" lon="-3.979220">
        <ele>75.976182</ele>
        <time>2026-07-03T11:34:19.752Z</time>
      </trkpt>
      <trkpt lat="48.055428" lon="-3.979435">
        <ele>75.510632</ele>
        <time>2026-07-03T11:34:27.649Z</time>
      </trkpt>
      <trkpt lat="48.055399" lon="-3.979497">
        <ele>75.371326</ele>
        <time>2026-07-03T11:34:30.004Z</time>
      </trkpt>
      <trkpt lat="48.055163" lon="-3.979652">
        <ele>74.982696</ele>
        <time>2026-07-03T11:34:42.189Z</time>
      </trkpt>
      <trkpt lat="48.055108" lon="-3.979724">
        <ele>75.001101</ele>
        <time>2026-07-03T11:34:45.618Z</time>
      </trkpt>
      <trkpt lat="48.055072" lon="-3.979709">
        <ele>75.010513</ele>
        <time>2026-07-03T11:34:47.361Z</time>
      </trkpt>
      <trkpt lat="48.054958" lon="-3.979754">
        <ele>75.040205</ele>
        <time>2026-07-03T11:34:52.981Z</time>
      </trkpt>
      <trkpt lat="48.054932" lon="-3.979799">
        <ele>75.050217</ele>
        <time>2026-07-03T11:34:54.862Z</time>
      </trkpt>
      <trkpt lat="48.054941" lon="-3.979903">
        <ele>75.067870</ele>
        <time>2026-07-03T11:34:58.204Z</time>
      </trkpt>
      <trkpt lat="48.054873" lon="-3.980002">
        <ele>75.091765</ele>
        <time>2026-07-03T11:35:02.704Z</time>
      </trkpt>
      <trkpt lat="48.054795" lon="-3.980028">
        <ele>75.111891</ele>
        <time>2026-07-03T11:35:06.509Z</time>
      </trkpt>
      <trkpt lat="48.054776" lon="-3.979998">
        <ele>75.118847</ele>
        <time>2026-07-03T11:35:07.846Z</time>
      </trkpt>
      <trkpt lat="48.054687" lon="-3.979617">
        <ele>75.186786</ele>
        <time>2026-07-03T11:35:20.724Z</time>
      </trkpt>
      <trkpt lat="48.054612" lon="-3.979511">
        <ele>75.212770</ele>
        <time>2026-07-03T11:35:25.708Z</time>
      </trkpt>
      <trkpt lat="48.054524" lon="-3.979527">
        <ele>75.235095</ele>
        <time>2026-07-03T11:35:29.984Z</time>
      </trkpt>
      <trkpt lat="48.054276" lon="-3.979811">
        <ele>75.313747</ele>
        <time>2026-07-03T11:35:45.497Z</time>
      </trkpt>
      <trkpt lat="48.054065" lon="-3.979953">
        <ele>75.372014</ele>
        <time>2026-07-03T11:35:57.260Z</time>
      </trkpt>
      <trkpt lat="48.053872" lon="-3.979985">
        <ele>75.585202</ele>
        <time>2026-07-03T11:36:07.343Z</time>
      </trkpt>
      <trkpt lat="48.053660" lon="-3.979901">
        <ele>76.386317</ele>
        <time>2026-07-03T11:36:19.006Z</time>
      </trkpt>
      <trkpt lat="48.053565" lon="-3.979587">
        <ele>77.227898</ele>
        <time>2026-07-03T11:36:31.655Z</time>
      </trkpt>
      <trkpt lat="48.053578" lon="-3.978940">
        <ele>78.808409</ele>
        <time>2026-07-03T11:36:56.524Z</time>
      </trkpt>
      <trkpt lat="48.053559" lon="-3.978484">
        <ele>79.923997</ele>
        <time>2026-07-03T11:37:15.250Z</time>
      </trkpt>
      <trkpt lat="48.053517" lon="-3.978157">
        <ele>80.737049</ele>
        <time>2026-07-03T11:37:29.029Z</time>
      </trkpt>
      <trkpt lat="48.053468" lon="-3.977991">
        <ele>81.180138</ele>
        <time>2026-07-03T11:37:35.991Z</time>
      </trkpt>
      <trkpt lat="48.053459" lon="-3.977812">
        <ele>81.618443</ele>
        <time>2026-07-03T11:37:42.730Z</time>
      </trkpt>
      <trkpt lat="48.053435" lon="-3.977752">
        <ele>81.789175</ele>
        <time>2026-07-03T11:37:45.215Z</time>
      </trkpt>
      <trkpt lat="48.053248" lon="-3.977599">
        <ele>81.859446</ele>
        <time>2026-07-03T11:37:56.693Z</time>
      </trkpt>
      <trkpt lat="48.052779" lon="-3.977409">
        <ele>81.498980</ele>
        <time>2026-07-03T11:38:21.650Z</time>
      </trkpt>
      <trkpt lat="48.052664" lon="-3.977740">
        <ele>81.313990</ele>
        <time>2026-07-03T11:38:31.848Z</time>
      </trkpt>
      <trkpt lat="48.052542" lon="-3.977940">
        <ele>81.179721</ele>
        <time>2026-07-03T11:38:39.151Z</time>
      </trkpt>
      <trkpt lat="48.052410" lon="-3.978071">
        <ele>81.062206</ele>
        <time>2026-07-03T11:38:45.389Z</time>
      </trkpt>
      <trkpt lat="48.051904" lon="-3.978395">
        <ele>80.653882</ele>
        <time>2026-07-03T11:39:05.862Z</time>
      </trkpt>
      <trkpt lat="48.051726" lon="-3.978616">
        <ele>79.732745</ele>
        <time>2026-07-03T11:39:14.193Z</time>
      </trkpt>
      <trkpt lat="48.051590" lon="-3.979031">
        <ele>78.445607</ele>
        <time>2026-07-03T11:39:25.510Z</time>
      </trkpt>
      <trkpt lat="48.051302" lon="-3.980277">
        <ele>74.774051</ele>
        <time>2026-07-03T11:39:57.693Z</time>
      </trkpt>
      <trkpt lat="48.051280" lon="-3.980373">
        <ele>74.491427</ele>
        <time>2026-07-03T11:40:00.185Z</time>
      </trkpt>
      <trkpt lat="48.051198" lon="-3.980850">
        <ele>73.166474</ele>
        <time>2026-07-03T11:40:12.600Z</time>
      </trkpt>
      <trkpt lat="48.051097" lon="-3.981921">
        <ele>74.614892</ele>
        <time>2026-07-03T11:40:42.130Z</time>
      </trkpt>
      <trkpt lat="48.051092" lon="-3.982028">
        <ele>74.758530</ele>
        <time>2026-07-03T11:40:45.405Z</time>
      </trkpt>
      <trkpt lat="48.050967" lon="-3.983274">
        <ele>76.445786</ele>
        <time>2026-07-03T11:41:26.587Z</time>
      </trkpt>
      <trkpt lat="48.050901" lon="-3.983614">
        <ele>77.139522</ele>
        <time>2026-07-03T11:41:38.480Z</time>
      </trkpt>
      <trkpt lat="48.050756" lon="-3.983922">
        <ele>78.313984</ele>
        <time>2026-07-03T11:41:51.224Z</time>
      </trkpt>
      <trkpt lat="48.050169" lon="-3.984919">
        <ele>82.456004</ele>
        <time>2026-07-03T11:42:35.567Z</time>
      </trkpt>
      <trkpt lat="48.049969" lon="-3.985321">
        <ele>84.018319</ele>
        <time>2026-07-03T11:42:51.815Z</time>
      </trkpt>
      <trkpt lat="48.049569" lon="-3.986235">
        <ele>87.434818</ele>
        <time>2026-07-03T11:43:27.938Z</time>
      </trkpt>
      <trkpt lat="48.049402" lon="-3.986656">
        <ele>88.968144</ele>
        <time>2026-07-03T11:43:44.512Z</time>
      </trkpt>
      <trkpt lat="48.049265" lon="-3.987099">
        <ele>90.496987</ele>
        <time>2026-07-03T11:44:01.141Z</time>
      </trkpt>
      <trkpt lat="48.049119" lon="-3.987744">
        <ele>92.629927</ele>
        <time>2026-07-03T11:44:23.997Z</time>
      </trkpt>
      <trkpt lat="48.048897" lon="-3.988773">
        <ele>95.180688</ele>
        <time>2026-07-03T11:44:58.712Z</time>
      </trkpt>
      <trkpt lat="48.048809" lon="-3.990019">
        <ele>97.763939</ele>
        <time>2026-07-03T11:45:36.947Z</time>
      </trkpt>
      <trkpt lat="48.048809" lon="-3.990345">
        <ele>98.436074</ele>
        <time>2026-07-03T11:45:46.647Z</time>
      </trkpt>
      <trkpt lat="48.048851" lon="-3.990748">
        <ele>99.244166</ele>
        <time>2026-07-03T11:45:58.815Z</time>
      </trkpt>
      <trkpt lat="48.048997" lon="-3.991662">
        <ele>100.781829</ele>
        <time>2026-07-03T11:46:27.754Z</time>
      </trkpt>
      <trkpt lat="48.049219" lon="-3.993223">
        <ele>103.393215</ele>
        <time>2026-07-03T11:47:17.547Z</time>
      </trkpt>
      <trkpt lat="48.049326" lon="-3.993973">
        <ele>102.065761</ele>
        <time>2026-07-03T11:47:38.416Z</time>
      </trkpt>
      <trkpt lat="48.049105" lon="-3.993903">
        <ele>101.352448</ele>
        <time>2026-07-03T11:47:48.670Z</time>
      </trkpt>
      <trkpt lat="48.048543" lon="-3.993726">
        <ele>99.538942</ele>
        <time>2026-07-03T11:48:13.629Z</time>
      </trkpt>
      <trkpt lat="48.048212" lon="-3.993557">
        <ele>98.434554</ele>
        <time>2026-07-03T11:48:28.209Z</time>
      </trkpt>
      <trkpt lat="48.048136" lon="-3.993433">
        <ele>98.079441</ele>
        <time>2026-07-03T11:48:32.897Z</time>
      </trkpt>
      <trkpt lat="48.047889" lon="-3.992704">
        <ele>96.434972</ele>
        <time>2026-07-03T11:48:56.108Z</time>
      </trkpt>
      <trkpt lat="48.047803" lon="-3.992581">
        <ele>96.079668</ele>
        <time>2026-07-03T11:49:01.310Z</time>
      </trkpt>
      <trkpt lat="48.047763" lon="-3.992561">
        <ele>95.953726</ele>
        <time>2026-07-03T11:49:03.172Z</time>
      </trkpt>
      <trkpt lat="48.047694" lon="-3.992528">
        <ele>95.737407</ele>
        <time>2026-07-03T11:49:06.402Z</time>
      </trkpt>
      <trkpt lat="48.047564" lon="-3.992540">
        <ele>95.348470</ele>
        <time>2026-07-03T11:49:12.150Z</time>
      </trkpt>
      <trkpt lat="48.046945" lon="-3.992094">
        <ele>93.296793</ele>
        <time>2026-07-03T11:49:43.642Z</time>
      </trkpt>
      <trkpt lat="48.046546" lon="-3.991866">
        <ele>92.693534</ele>
        <time>2026-07-03T11:50:04.209Z</time>
      </trkpt>
      <trkpt lat="48.046304" lon="-3.991311">
        <ele>93.352853</ele>
        <time>2026-07-03T11:50:26.376Z</time>
      </trkpt>
      <trkpt lat="48.046236" lon="-3.991157">
        <ele>93.536494</ele>
        <time>2026-07-03T11:50:32.715Z</time>
      </trkpt>
      <trkpt lat="48.046162" lon="-3.991116">
        <ele>93.653946</ele>
        <time>2026-07-03T11:50:36.823Z</time>
      </trkpt>
      <trkpt lat="48.045759" lon="-3.991444">
        <ele>94.336805</ele>
        <time>2026-07-03T11:51:00.995Z</time>
      </trkpt>
      <trkpt lat="48.045543" lon="-3.991573">
        <ele>94.682973</ele>
        <time>2026-07-03T11:51:13.354Z</time>
      </trkpt>
      <trkpt lat="48.045437" lon="-3.991555">
        <ele>94.841754</ele>
        <time>2026-07-03T11:51:19.020Z</time>
      </trkpt>
      <trkpt lat="48.045210" lon="-3.991432">
        <ele>95.204490</ele>
        <time>2026-07-03T11:51:31.895Z</time>
      </trkpt>
      <trkpt lat="48.045038" lon="-3.991462">
        <ele>95.478377</ele>
        <time>2026-07-03T11:51:41.129Z</time>
      </trkpt>
      <trkpt lat="48.044850" lon="-3.991555">
        <ele>95.791565</ele>
        <time>2026-07-03T11:51:51.598Z</time>
      </trkpt>
      <trkpt lat="48.044368" lon="-3.991719">
        <ele>96.573392</ele>
        <time>2026-07-03T11:52:17.296Z</time>
      </trkpt>
      <trkpt lat="48.043956" lon="-3.991912">
        <ele>97.256240</ele>
        <time>2026-07-03T11:52:39.259Z</time>
      </trkpt>
      <trkpt lat="48.043729" lon="-3.992018">
        <ele>97.632363</ele>
        <time>2026-07-03T11:52:51.228Z</time>
      </trkpt>
      <trkpt lat="48.043710" lon="-3.992077">
        <ele>97.701612</ele>
        <time>2026-07-03T11:52:53.430Z</time>
      </trkpt>
      <trkpt lat="48.043910" lon="-3.992774">
        <ele>97.687955</ele>
        <time>2026-07-03T11:53:18.576Z</time>
      </trkpt>
      <trkpt lat="48.043428" lon="-3.993471">
        <ele>97.058454</ele>
        <time>2026-07-03T11:53:50.717Z</time>
      </trkpt>
      <trkpt lat="48.043463" lon="-3.993758">
        <ele>96.875316</ele>
        <time>2026-07-03T11:53:59.897Z</time>
      </trkpt>
      <trkpt lat="48.043444" lon="-3.993852">
        <ele>96.813669</ele>
        <time>2026-07-03T11:54:02.971Z</time>
      </trkpt>
      <trkpt lat="48.042655" lon="-3.996160">
        <ele>93.007585</ele>
        <time>2026-07-03T11:55:21.208Z</time>
      </trkpt>
      <trkpt lat="48.042447" lon="-3.996251">
        <ele>92.407035</ele>
        <time>2026-07-03T11:55:29.417Z</time>
      </trkpt>
      <trkpt lat="48.042351" lon="-3.996455">
        <ele>91.944839</ele>
        <time>2026-07-03T11:55:35.763Z</time>
      </trkpt>
      <trkpt lat="48.042235" lon="-3.996671">
        <ele>91.431531</ele>
        <time>2026-07-03T11:55:42.878Z</time>
      </trkpt>
      <trkpt lat="48.042167" lon="-3.996849">
        <ele>91.344454</ele>
        <time>2026-07-03T11:55:48.128Z</time>
      </trkpt>
      <trkpt lat="48.042128" lon="-3.997133">
        <ele>91.396359</ele>
        <time>2026-07-03T11:55:55.658Z</time>
      </trkpt>
      <trkpt lat="48.042140" lon="-3.997316">
        <ele>91.429279</ele>
        <time>2026-07-03T11:56:00.494Z</time>
      </trkpt>
      <trkpt lat="48.042185" lon="-3.997431">
        <ele>91.453134</ele>
        <time>2026-07-03T11:56:04.015Z</time>
      </trkpt>
      <trkpt lat="48.042341" lon="-3.997650">
        <ele>91.510423</ele>
        <time>2026-07-03T11:56:12.616Z</time>
      </trkpt>
      <trkpt lat="48.042583" lon="-3.997894">
        <ele>91.588572</ele>
        <time>2026-07-03T11:56:24.964Z</time>
      </trkpt>
      <trkpt lat="48.042653" lon="-3.998069">
        <ele>91.625080</ele>
        <time>2026-07-03T11:56:30.747Z</time>
      </trkpt>
      <trkpt lat="48.042703" lon="-3.998315">
        <ele>91.671111</ele>
        <time>2026-07-03T11:56:38.147Z</time>
      </trkpt>
      <trkpt lat="48.042766" lon="-3.998458">
        <ele>91.701770</ele>
        <time>2026-07-03T11:56:43.173Z</time>
      </trkpt>
      <trkpt lat="48.042912" lon="-3.998641">
        <ele>91.752776</ele>
        <time>2026-07-03T11:56:51.656Z</time>
      </trkpt>
      <trkpt lat="48.043001" lon="-3.998810">
        <ele>91.791290</ele>
        <time>2026-07-03T11:56:58.213Z</time>
      </trkpt>
      <trkpt lat="48.043027" lon="-3.998920">
        <ele>91.998341</ele>
        <time>2026-07-03T11:57:01.793Z</time>
      </trkpt>
      <trkpt lat="48.043000" lon="-3.999590">
        <ele>93.999141</ele>
        <time>2026-07-03T11:57:22.896Z</time>
      </trkpt>
      <trkpt lat="48.042951" lon="-3.999999">
        <ele>95.237732</ele>
        <time>2026-07-03T11:57:36.469Z</time>
      </trkpt>
      <trkpt lat="48.042566" lon="-4.001044">
        <ele>98.794389</ele>
        <time>2026-07-03T11:58:17.200Z</time>
      </trkpt>
      <trkpt lat="48.042104" lon="-4.002137">
        <ele>101.010973</ele>
        <time>2026-07-03T11:59:01.978Z</time>
      </trkpt>
      <trkpt lat="48.042004" lon="-4.002805">
        <ele>101.870172</ele>
        <time>2026-07-03T11:59:24.005Z</time>
      </trkpt>
      <trkpt lat="48.041730" lon="-4.003957">
        <ele>102.720121</ele>
        <time>2026-07-03T11:59:56.171Z</time>
      </trkpt>
      <trkpt lat="48.041742" lon="-4.003963">
        <ele>102.665916</ele>
        <time>2026-07-03T11:59:56.681Z</time>
      </trkpt>
      <trkpt lat="48.041734" lon="-4.003997">
        <ele>102.562676</ele>
        <time>2026-07-03T11:59:57.671Z</time>
      </trkpt>
      <trkpt lat="48.041726" lon="-4.004031">
        <ele>102.459436</ele>
        <time>2026-07-03T11:59:58.662Z</time>
      </trkpt>
      <trkpt lat="48.041719" lon="-4.004063">
        <ele>102.362998</ele>
        <time>2026-07-03T11:59:59.588Z</time>
      </trkpt>
      <trkpt lat="48.041713" lon="-4.004095">
        <ele>102.267805</ele>
        <time>2026-07-03T12:00:00.502Z</time>
      </trkpt>
      <trkpt lat="48.041708" lon="-4.004127">
        <ele>102.173679</ele>
        <time>2026-07-03T12:00:01.406Z</time>
      </trkpt>
      <trkpt lat="48.041703" lon="-4.004158">
        <ele>102.082339</ele>
        <time>2026-07-03T12:00:02.283Z</time>
      </trkpt>
      <trkpt lat="48.041698" lon="-4.004192">
        <ele>101.982625</ele>
        <time>2026-07-03T12:00:03.240Z</time>
      </trkpt>
      <trkpt lat="48.041693" lon="-4.004225">
        <ele>101.885708</ele>
        <time>2026-07-03T12:00:04.170Z</time>
      </trkpt>
      <trkpt lat="48.041687" lon="-4.004262">
        <ele>101.776657</ele>
        <time>2026-07-03T12:00:05.217Z</time>
      </trkpt>
      <trkpt lat="48.041681" lon="-4.004298">
        <ele>101.670387</ele>
        <time>2026-07-03T12:00:06.238Z</time>
      </trkpt>
      <trkpt lat="48.041672" lon="-4.004331">
        <ele>101.568305</ele>
        <time>2026-07-03T12:00:07.219Z</time>
      </trkpt>
      <trkpt lat="48.041663" lon="-4.004364">
        <ele>101.466222</ele>
        <time>2026-07-03T12:00:08.200Z</time>
      </trkpt>
      <trkpt lat="48.041646" lon="-4.004386">
        <ele>101.369916</ele>
        <time>2026-07-03T12:00:09.123Z</time>
      </trkpt>
      <trkpt lat="48.041630" lon="-4.004407">
        <ele>101.278722</ele>
        <time>2026-07-03T12:00:09.997Z</time>
      </trkpt>
      <trkpt lat="48.041606" lon="-4.004423">
        <ele>101.166153</ele>
        <time>2026-07-03T12:00:11.087Z</time>
      </trkpt>
      <trkpt lat="48.041583" lon="-4.004439">
        <ele>101.057484</ele>
        <time>2026-07-03T12:00:12.131Z</time>
      </trkpt>
      <trkpt lat="48.041559" lon="-4.004459">
        <ele>100.939785</ele>
        <time>2026-07-03T12:00:13.262Z</time>
      </trkpt>
      <trkpt lat="48.041534" lon="-4.004480">
        <ele>100.816948</ele>
        <time>2026-07-03T12:00:14.442Z</time>
      </trkpt>
      <trkpt lat="48.041515" lon="-4.004507">
        <ele>100.704671</ele>
        <time>2026-07-03T12:00:15.518Z</time>
      </trkpt>
      <trkpt lat="48.041495" lon="-4.004534">
        <ele>100.589249</ele>
        <time>2026-07-03T12:00:16.627Z</time>
      </trkpt>
      <trkpt lat="48.041483" lon="-4.004566">
        <ele>100.484159</ele>
        <time>2026-07-03T12:00:17.643Z</time>
      </trkpt>
      <trkpt lat="48.041471" lon="-4.004599">
        <ele>100.376562</ele>
        <time>2026-07-03T12:00:18.677Z</time>
      </trkpt>
      <trkpt lat="48.041463" lon="-4.004634">
        <ele>100.270615</ele>
        <time>2026-07-03T12:00:19.695Z</time>
      </trkpt>
      <trkpt lat="48.041455" lon="-4.004669">
        <ele>100.164669</ele>
        <time>2026-07-03T12:00:20.713Z</time>
      </trkpt>
      <trkpt lat="48.041449" lon="-4.004704">
        <ele>100.061176</ele>
        <time>2026-07-03T12:00:21.704Z</time>
      </trkpt>
      <trkpt lat="48.041443" lon="-4.004739">
        <ele>99.957683</ele>
        <time>2026-07-03T12:00:22.697Z</time>
      </trkpt>
      <trkpt lat="48.041437" lon="-4.004772">
        <ele>99.859728</ele>
        <time>2026-07-03T12:00:23.646Z</time>
      </trkpt>
      <trkpt lat="48.041431" lon="-4.004805">
        <ele>99.761774</ele>
        <time>2026-07-03T12:00:24.587Z</time>
      </trkpt>
      <trkpt lat="48.041427" lon="-4.004835">
        <ele>99.674153</ele>
        <time>2026-07-03T12:00:25.429Z</time>
      </trkpt>
      <trkpt lat="48.041423" lon="-4.004866">
        <ele>99.583722</ele>
        <time>2026-07-03T12:00:26.297Z</time>
      </trkpt>
      <trkpt lat="48.041420" lon="-4.004896">
        <ele>99.496837</ele>
        <time>2026-07-03T12:00:27.132Z</time>
      </trkpt>
      <trkpt lat="48.041416" lon="-4.004925">
        <ele>99.412024</ele>
        <time>2026-07-03T12:00:27.945Z</time>
      </trkpt>
      <trkpt lat="48.041412" lon="-4.004955">
        <ele>99.324403</ele>
        <time>2026-07-03T12:00:28.785Z</time>
      </trkpt>
      <trkpt lat="48.041408" lon="-4.004984">
        <ele>99.239589</ele>
        <time>2026-07-03T12:00:29.608Z</time>
      </trkpt>
      <trkpt lat="48.041401" lon="-4.005013">
        <ele>99.151277</ele>
        <time>2026-07-03T12:00:30.456Z</time>
      </trkpt>
      <trkpt lat="48.041395" lon="-4.005042">
        <ele>99.064327</ele>
        <time>2026-07-03T12:00:31.291Z</time>
      </trkpt>
      <trkpt lat="48.041386" lon="-4.005068">
        <ele>98.980466</ele>
        <time>2026-07-03T12:00:32.097Z</time>
      </trkpt>
      <trkpt lat="48.041378" lon="-4.005095">
        <ele>98.895876</ele>
        <time>2026-07-03T12:00:32.909Z</time>
      </trkpt>
      <trkpt lat="48.041369" lon="-4.005120">
        <ele>98.814548</ele>
        <time>2026-07-03T12:00:33.690Z</time>
      </trkpt>
      <trkpt lat="48.041360" lon="-4.005145">
        <ele>98.733220</ele>
        <time>2026-07-03T12:00:34.471Z</time>
      </trkpt>
      <trkpt lat="48.041351" lon="-4.005170">
        <ele>98.651892</ele>
        <time>2026-07-03T12:00:35.252Z</time>
      </trkpt>
      <trkpt lat="48.041342" lon="-4.005195">
        <ele>98.570564</ele>
        <time>2026-07-03T12:00:36.041Z</time>
      </trkpt>
      <trkpt lat="48.041333" lon="-4.005220">
        <ele>98.489237</ele>
        <time>2026-07-03T12:00:36.821Z</time>
      </trkpt>
      <trkpt lat="48.041324" lon="-4.005245">
        <ele>98.407909</ele>
        <time>2026-07-03T12:00:37.602Z</time>
      </trkpt>
      <trkpt lat="48.041314" lon="-4.005271">
        <ele>98.321994</ele>
        <time>2026-07-03T12:00:38.427Z</time>
      </trkpt>
      <trkpt lat="48.041305" lon="-4.005298">
        <ele>98.235579</ele>
        <time>2026-07-03T12:00:39.256Z</time>
      </trkpt>
      <trkpt lat="48.041293" lon="-4.005322">
        <ele>98.149740</ele>
        <time>2026-07-03T12:00:40.080Z</time>
      </trkpt>
      <trkpt lat="48.041282" lon="-4.005345">
        <ele>98.068741</ele>
        <time>2026-07-03T12:00:40.858Z</time>
      </trkpt>
      <trkpt lat="48.041267" lon="-4.005362">
        <ele>97.988115</ele>
        <time>2026-07-03T12:00:41.632Z</time>
      </trkpt>
      <trkpt lat="48.041251" lon="-4.005378">
        <ele>97.905661</ele>
        <time>2026-07-03T12:00:42.430Z</time>
      </trkpt>
      <trkpt lat="48.041233" lon="-4.005390">
        <ele>97.821235</ele>
        <time>2026-07-03T12:00:43.240Z</time>
      </trkpt>
      <trkpt lat="48.041215" lon="-4.005402">
        <ele>97.736808</ele>
        <time>2026-07-03T12:00:44.050Z</time>
      </trkpt>
      <trkpt lat="48.041198" lon="-4.005409">
        <ele>97.661270</ele>
        <time>2026-07-03T12:00:44.775Z</time>
      </trkpt>
      <trkpt lat="48.041181" lon="-4.005416">
        <ele>97.585731</ele>
        <time>2026-07-03T12:00:45.500Z</time>
      </trkpt>
      <trkpt lat="48.041164" lon="-4.005418">
        <ele>97.512677</ele>
        <time>2026-07-03T12:00:46.200Z</time>
      </trkpt>
      <trkpt lat="48.041146" lon="-4.005421">
        <ele>97.435087</ele>
        <time>2026-07-03T12:00:46.945Z</time>
      </trkpt>
      <trkpt lat="48.041128" lon="-4.005421">
        <ele>97.357974</ele>
        <time>2026-07-03T12:00:47.684Z</time>
      </trkpt>
      <trkpt lat="48.041109" lon="-4.005422">
        <ele>97.276527</ele>
        <time>2026-07-03T12:00:48.471Z</time>
      </trkpt>
      <trkpt lat="48.041088" lon="-4.005424">
        <ele>97.186379</ele>
        <time>2026-07-03T12:00:49.335Z</time>
      </trkpt>
      <trkpt lat="48.041068" lon="-4.005427">
        <ele>97.100268</ele>
        <time>2026-07-03T12:00:50.160Z</time>
      </trkpt>
      <trkpt lat="48.041046" lon="-4.005431">
        <ele>97.005325</ele>
        <time>2026-07-03T12:00:51.071Z</time>
      </trkpt>
      <trkpt lat="48.041024" lon="-4.005435">
        <ele>96.910382</ele>
        <time>2026-07-03T12:00:51.981Z</time>
      </trkpt>
      <trkpt lat="48.041000" lon="-4.005445">
        <ele>96.803649</ele>
        <time>2026-07-03T12:00:53.005Z</time>
      </trkpt>
      <trkpt lat="48.040968" lon="-4.005458">
        <ele>96.661593</ele>
        <time>2026-07-03T12:00:54.359Z</time>
      </trkpt>
      <trkpt lat="48.040970" lon="-4.005466">
        <ele>96.637129</ele>
        <time>2026-07-03T12:00:54.627Z</time>
      </trkpt>
      <trkpt lat="48.040940" lon="-4.005547">
        <ele>96.371900</ele>
        <time>2026-07-03T12:00:57.448Z</time>
      </trkpt>
      <trkpt lat="48.040548" lon="-4.006087">
        <ele>95.899759</ele>
        <time>2026-07-03T12:01:22.790Z</time>
      </trkpt>
      <trkpt lat="48.040261" lon="-4.006405">
        <ele>96.346171</ele>
        <time>2026-07-03T12:01:40.511Z</time>
      </trkpt>
      <trkpt lat="48.039998" lon="-4.006744">
        <ele>96.780105</ele>
        <time>2026-07-03T12:01:58.744Z</time>
      </trkpt>
      <trkpt lat="48.039763" lon="-4.007199">
        <ele>97.260560</ele>
        <time>2026-07-03T12:02:19.496Z</time>
      </trkpt>
      <trkpt lat="48.039714" lon="-4.007405">
        <ele>97.443275</ele>
        <time>2026-07-03T12:02:27.433Z</time>
      </trkpt>
      <trkpt lat="48.039582" lon="-4.008395">
        <ele>98.464981</ele>
        <time>2026-07-03T12:03:03.948Z</time>
      </trkpt>
      <trkpt lat="48.039375" lon="-4.009005">
        <ele>99.222392</ele>
        <time>2026-07-03T12:03:28.498Z</time>
      </trkpt>
      <trkpt lat="48.039346" lon="-4.009267">
        <ele>99.516432</ele>
        <time>2026-07-03T12:03:36.311Z</time>
      </trkpt>
      <trkpt lat="48.039377" lon="-4.009372">
        <ele>99.643520</ele>
        <time>2026-07-03T12:03:39.649Z</time>
      </trkpt>
      <trkpt lat="48.039715" lon="-4.009398">
        <ele>100.203980</ele>
        <time>2026-07-03T12:03:54.244Z</time>
      </trkpt>
      <trkpt lat="48.039714" lon="-4.009671">
        <ele>100.506254</ele>
        <time>2026-07-03T12:04:01.916Z</time>
      </trkpt>
      <trkpt lat="48.039618" lon="-4.010512">
        <ele>99.256915</ele>
        <time>2026-07-03T12:04:25.088Z</time>
      </trkpt>
      <trkpt lat="48.038375" lon="-4.010106">
        <ele>95.062898</ele>
        <time>2026-07-03T12:05:12.048Z</time>
      </trkpt>
      <trkpt lat="48.037582" lon="-4.010030">
        <ele>91.115907</ele>
        <time>2026-07-03T12:05:41.313Z</time>
      </trkpt>
      <trkpt lat="48.036457" lon="-4.009945">
        <ele>85.263166</ele>
        <time>2026-07-03T12:06:22.278Z</time>
      </trkpt>
      <trkpt lat="48.036067" lon="-4.009884">
        <ele>82.866001</ele>
        <time>2026-07-03T12:06:36.132Z</time>
      </trkpt>
      <trkpt lat="48.035614" lon="-4.009653">
        <ele>79.940148</ele>
        <time>2026-07-03T12:06:52.940Z</time>
      </trkpt>
      <trkpt lat="48.035055" lon="-4.009334">
        <ele>76.282510</ele>
        <time>2026-07-03T12:07:14.058Z</time>
      </trkpt>
      <trkpt lat="48.035004" lon="-4.009360">
        <ele>75.953118</ele>
        <time>2026-07-03T12:07:15.961Z</time>
      </trkpt>
      <trkpt lat="48.034955" lon="-4.009269">
        <ele>75.475515</ele>
        <time>2026-07-03T12:07:18.752Z</time>
      </trkpt>
      <trkpt lat="48.033876" lon="-4.008756">
        <ele>71.863916</ele>
        <time>2026-07-03T12:08:00.801Z</time>
      </trkpt>
      <trkpt lat="48.033820" lon="-4.008758">
        <ele>71.711889</ele>
        <time>2026-07-03T12:08:03.044Z</time>
      </trkpt>
      <trkpt lat="48.033762" lon="-4.008647">
        <ele>71.456235</ele>
        <time>2026-07-03T12:08:06.909Z</time>
      </trkpt>
      <trkpt lat="48.033748" lon="-4.008639">
        <ele>71.415560</ele>
        <time>2026-07-03T12:08:07.524Z</time>
      </trkpt>
      <trkpt lat="48.033734" lon="-4.008631">
        <ele>71.374885</ele>
        <time>2026-07-03T12:08:08.139Z</time>
      </trkpt>
      <trkpt lat="48.033728" lon="-4.008635">
        <ele>71.357056</ele>
        <time>2026-07-03T12:08:08.409Z</time>
      </trkpt>
      <trkpt lat="48.033722" lon="-4.008639">
        <ele>71.339227</ele>
        <time>2026-07-03T12:08:08.679Z</time>
      </trkpt>
      <trkpt lat="48.033720" lon="-4.008649">
        <ele>71.320285</ele>
        <time>2026-07-03T12:08:08.965Z</time>
      </trkpt>
      <trkpt lat="48.033717" lon="-4.008659">
        <ele>71.300394</ele>
        <time>2026-07-03T12:08:09.266Z</time>
      </trkpt>
      <trkpt lat="48.033711" lon="-4.008669">
        <ele>71.276011</ele>
        <time>2026-07-03T12:08:09.635Z</time>
      </trkpt>
      <trkpt lat="48.033706" lon="-4.008678">
        <ele>71.254776</ele>
        <time>2026-07-03T12:08:09.956Z</time>
      </trkpt>
      <trkpt lat="48.033697" lon="-4.008687">
        <ele>71.225392</ele>
        <time>2026-07-03T12:08:10.401Z</time>
      </trkpt>
      <trkpt lat="48.033688" lon="-4.008696">
        <ele>71.196008</ele>
        <time>2026-07-03T12:08:10.845Z</time>
      </trkpt>
      <trkpt lat="48.033678" lon="-4.008706">
        <ele>71.163359</ele>
        <time>2026-07-03T12:08:11.339Z</time>
      </trkpt>
      <trkpt lat="48.033669" lon="-4.008716">
        <ele>71.132929</ele>
        <time>2026-07-03T12:08:11.800Z</time>
      </trkpt>
      <trkpt lat="48.033659" lon="-4.008726">
        <ele>71.100280</ele>
        <time>2026-07-03T12:08:12.294Z</time>
      </trkpt>
      <trkpt lat="48.033650" lon="-4.008736">
        <ele>71.069850</ele>
        <time>2026-07-03T12:08:12.754Z</time>
      </trkpt>
      <trkpt lat="48.033640" lon="-4.008747">
        <ele>71.036159</ele>
        <time>2026-07-03T12:08:13.264Z</time>
      </trkpt>
      <trkpt lat="48.033630" lon="-4.008757">
        <ele>71.003510</ele>
        <time>2026-07-03T12:08:13.758Z</time>
      </trkpt>
      <trkpt lat="48.033621" lon="-4.008767">
        <ele>70.973080</ele>
        <time>2026-07-03T12:08:14.218Z</time>
      </trkpt>
      <trkpt lat="48.033611" lon="-4.008777">
        <ele>70.940432</ele>
        <time>2026-07-03T12:08:14.712Z</time>
      </trkpt>
      <trkpt lat="48.033601" lon="-4.008783">
        <ele>70.911189</ele>
        <time>2026-07-03T12:08:15.154Z</time>
      </trkpt>
      <trkpt lat="48.033591" lon="-4.008789">
        <ele>70.881946</ele>
        <time>2026-07-03T12:08:15.597Z</time>
      </trkpt>
      <trkpt lat="48.033580" lon="-4.008788">
        <ele>70.852037</ele>
        <time>2026-07-03T12:08:16.049Z</time>
      </trkpt>
      <trkpt lat="48.033569" lon="-4.008787">
        <ele>70.822128</ele>
        <time>2026-07-03T12:08:16.502Z</time>
      </trkpt>
      <trkpt lat="48.033555" lon="-4.008782">
        <ele>70.783063</ele>
        <time>2026-07-03T12:08:17.093Z</time>
      </trkpt>
      <trkpt lat="48.033541" lon="-4.008778">
        <ele>70.744380</ele>
        <time>2026-07-03T12:08:17.678Z</time>
      </trkpt>
      <trkpt lat="48.033525" lon="-4.008775">
        <ele>70.700616</ele>
        <time>2026-07-03T12:08:18.340Z</time>
      </trkpt>
      <trkpt lat="48.033509" lon="-4.008773">
        <ele>70.657041</ele>
        <time>2026-07-03T12:08:18.999Z</time>
      </trkpt>
      <trkpt lat="48.033494" lon="-4.008779">
        <ele>70.614900</ele>
        <time>2026-07-03T12:08:19.637Z</time>
      </trkpt>
      <trkpt lat="48.033479" lon="-4.008785">
        <ele>70.572759</ele>
        <time>2026-07-03T12:08:20.274Z</time>
      </trkpt>
      <trkpt lat="48.033469" lon="-4.008802">
        <ele>70.531668</ele>
        <time>2026-07-03T12:08:20.896Z</time>
      </trkpt>
      <trkpt lat="48.033460" lon="-4.008820">
        <ele>70.490879</ele>
        <time>2026-07-03T12:08:21.513Z</time>
      </trkpt>
      <trkpt lat="48.033459" lon="-4.008838">
        <ele>70.458099</ele>
        <time>2026-07-03T12:08:22.009Z</time>
      </trkpt>
      <trkpt lat="48.033459" lon="-4.008856">
        <ele>70.425432</ele>
        <time>2026-07-03T12:08:22.503Z</time>
      </trkpt>
      <trkpt lat="48.033462" lon="-4.008874">
        <ele>70.391766</ele>
        <time>2026-07-03T12:08:23.012Z</time>
      </trkpt>
      <trkpt lat="48.033466" lon="-4.008893">
        <ele>70.355615</ele>
        <time>2026-07-03T12:08:23.559Z</time>
      </trkpt>
      <trkpt lat="48.033469" lon="-4.008916">
        <ele>70.313087</ele>
        <time>2026-07-03T12:08:24.203Z</time>
      </trkpt>
      <trkpt lat="48.033472" lon="-4.008939">
        <ele>70.270559</ele>
        <time>2026-07-03T12:08:24.846Z</time>
      </trkpt>
      <trkpt lat="48.033471" lon="-4.008966">
        <ele>70.221484</ele>
        <time>2026-07-03T12:08:25.588Z</time>
      </trkpt>
      <trkpt lat="48.033469" lon="-4.008993">
        <ele>70.172183</ele>
        <time>2026-07-03T12:08:26.334Z</time>
      </trkpt>
      <trkpt lat="48.033461" lon="-4.009020">
        <ele>70.118588</ele>
        <time>2026-07-03T12:08:27.145Z</time>
      </trkpt>
      <trkpt lat="48.033452" lon="-4.009047">
        <ele>70.063837</ele>
        <time>2026-07-03T12:08:27.973Z</time>
      </trkpt>
      <trkpt lat="48.033438" lon="-4.009072">
        <ele>70.004657</ele>
        <time>2026-07-03T12:08:28.869Z</time>
      </trkpt>
      <trkpt lat="48.033423" lon="-4.009097">
        <ele>69.943700</ele>
        <time>2026-07-03T12:08:29.791Z</time>
      </trkpt>
      <trkpt lat="48.033406" lon="-4.009118">
        <ele>69.883856</ele>
        <time>2026-07-03T12:08:30.696Z</time>
      </trkpt>
      <trkpt lat="48.033389" lon="-4.009140">
        <ele>69.822841</ele>
        <time>2026-07-03T12:08:31.619Z</time>
      </trkpt>
      <trkpt lat="48.033370" lon="-4.009164">
        <ele>69.755342</ele>
        <time>2026-07-03T12:08:32.640Z</time>
      </trkpt>
      <trkpt lat="48.033352" lon="-4.009188">
        <ele>69.689892</ele>
        <time>2026-07-03T12:08:33.630Z</time>
      </trkpt>
      <trkpt lat="48.033336" lon="-4.009214">
        <ele>69.625766</ele>
        <time>2026-07-03T12:08:34.600Z</time>
      </trkpt>
      <trkpt lat="48.033320" lon="-4.009240">
        <ele>69.632910</ele>
        <time>2026-07-03T12:08:35.570Z</time>
      </trkpt>
      <trkpt lat="48.033307" lon="-4.009264">
        <ele>69.639832</ele>
        <time>2026-07-03T12:08:36.418Z</time>
      </trkpt>
      <trkpt lat="48.033293" lon="-4.009289">
        <ele>69.647140</ele>
        <time>2026-07-03T12:08:37.314Z</time>
      </trkpt>
      <trkpt lat="48.033283" lon="-4.009316">
        <ele>69.654057</ele>
        <time>2026-07-03T12:08:38.161Z</time>
      </trkpt>
      <trkpt lat="48.033274" lon="-4.009343">
        <ele>69.660818</ele>
        <time>2026-07-03T12:08:38.989Z</time>
      </trkpt>
      <trkpt lat="48.033270" lon="-4.009376">
        <ele>69.668334</ele>
        <time>2026-07-03T12:08:39.910Z</time>
      </trkpt>
      <trkpt lat="48.033265" lon="-4.009408">
        <ele>69.675699</ele>
        <time>2026-07-03T12:08:40.812Z</time>
      </trkpt>
      <trkpt lat="48.033267" lon="-4.009441">
        <ele>69.683125</ele>
        <time>2026-07-03T12:08:41.722Z</time>
      </trkpt>
      <trkpt lat="48.033269" lon="-4.009475">
        <ele>69.690774</ele>
        <time>2026-07-03T12:08:42.659Z</time>
      </trkpt>
      <trkpt lat="48.033272" lon="-4.009506">
        <ele>69.697793</ele>
        <time>2026-07-03T12:08:43.519Z</time>
      </trkpt>
      <trkpt lat="48.033276" lon="-4.009537">
        <ele>69.704869</ele>
        <time>2026-07-03T12:08:44.386Z</time>
      </trkpt>
      <trkpt lat="48.033276" lon="-4.009565">
        <ele>69.711144</ele>
        <time>2026-07-03T12:08:45.155Z</time>
      </trkpt>
      <trkpt lat="48.033275" lon="-4.009593">
        <ele>69.717428</ele>
        <time>2026-07-03T12:08:45.924Z</time>
      </trkpt>
      <trkpt lat="48.033277" lon="-4.009621">
        <ele>69.723739</ele>
        <time>2026-07-03T12:08:46.698Z</time>
      </trkpt>
      <trkpt lat="48.033279" lon="-4.009649">
        <ele>69.730049</ele>
        <time>2026-07-03T12:08:47.471Z</time>
      </trkpt>
      <trkpt lat="48.033278" lon="-4.009677">
        <ele>69.736333</ele>
        <time>2026-07-03T12:08:48.241Z</time>
      </trkpt>
      <trkpt lat="48.033278" lon="-4.009706">
        <ele>69.742833</ele>
        <time>2026-07-03T12:08:49.037Z</time>
      </trkpt>
      <trkpt lat="48.033270" lon="-4.009737">
        <ele>69.750279</ele>
        <time>2026-07-03T12:08:49.949Z</time>
      </trkpt>
      <trkpt lat="48.033262" lon="-4.009768">
        <ele>69.757726</ele>
        <time>2026-07-03T12:08:50.861Z</time>
      </trkpt>
      <trkpt lat="48.033256" lon="-4.009797">
        <ele>69.764529</ele>
        <time>2026-07-03T12:08:51.695Z</time>
      </trkpt>
      <trkpt lat="48.033250" lon="-4.009826">
        <ele>69.771332</ele>
        <time>2026-07-03T12:08:52.528Z</time>
      </trkpt>
      <trkpt lat="48.033245" lon="-4.009853">
        <ele>69.777611</ele>
        <time>2026-07-03T12:08:53.298Z</time>
      </trkpt>
      <trkpt lat="48.033241" lon="-4.009880">
        <ele>69.783809</ele>
        <time>2026-07-03T12:08:54.057Z</time>
      </trkpt>
      <trkpt lat="48.033231" lon="-4.009907">
        <ele>69.790726</ele>
        <time>2026-07-03T12:08:54.904Z</time>
      </trkpt>
      <trkpt lat="48.033221" lon="-4.009934">
        <ele>69.797643</ele>
        <time>2026-07-03T12:08:55.752Z</time>
      </trkpt>
      <trkpt lat="48.033209" lon="-4.009961">
        <ele>69.804908</ele>
        <time>2026-07-03T12:08:56.642Z</time>
      </trkpt>
      <trkpt lat="48.033197" lon="-4.009988">
        <ele>69.812174</ele>
        <time>2026-07-03T12:08:57.532Z</time>
      </trkpt>
      <trkpt lat="48.033187" lon="-4.010013">
        <ele>69.818703</ele>
        <time>2026-07-03T12:08:58.332Z</time>
      </trkpt>
      <trkpt lat="48.033178" lon="-4.010038">
        <ele>69.825066</ele>
        <time>2026-07-03T12:08:59.111Z</time>
      </trkpt>
      <trkpt lat="48.033170" lon="-4.010061">
        <ele>69.830876</ele>
        <time>2026-07-03T12:08:59.823Z</time>
      </trkpt>
      <trkpt lat="48.033162" lon="-4.010085">
        <ele>69.836885</ele>
        <time>2026-07-03T12:09:00.559Z</time>
      </trkpt>
      <trkpt lat="48.033153" lon="-4.010106">
        <ele>69.842475</ele>
        <time>2026-07-03T12:09:01.244Z</time>
      </trkpt>
      <trkpt lat="48.033144" lon="-4.010127">
        <ele>69.848065</ele>
        <time>2026-07-03T12:09:01.929Z</time>
      </trkpt>
      <trkpt lat="48.033134" lon="-4.010147">
        <ele>69.853662</ele>
        <time>2026-07-03T12:09:02.614Z</time>
      </trkpt>
      <trkpt lat="48.033124" lon="-4.010166">
        <ele>69.859081</ele>
        <time>2026-07-03T12:09:03.278Z</time>
      </trkpt>
      <trkpt lat="48.033117" lon="-4.010187">
        <ele>69.864339</ele>
        <time>2026-07-03T12:09:03.923Z</time>
      </trkpt>
      <trkpt lat="48.033109" lon="-4.010207">
        <ele>69.869562</ele>
        <time>2026-07-03T12:09:04.562Z</time>
      </trkpt>
      <trkpt lat="48.033104" lon="-4.010231">
        <ele>69.875196</ele>
        <time>2026-07-03T12:09:05.253Z</time>
      </trkpt>
      <trkpt lat="48.033099" lon="-4.010255">
        <ele>69.880829</ele>
        <time>2026-07-03T12:09:05.943Z</time>
      </trkpt>
      <trkpt lat="48.033098" lon="-4.010280">
        <ele>69.886442</ele>
        <time>2026-07-03T12:09:06.631Z</time>
      </trkpt>
      <trkpt lat="48.033096" lon="-4.010305">
        <ele>69.892085</ele>
        <time>2026-07-03T12:09:07.322Z</time>
      </trkpt>
      <trkpt lat="48.033101" lon="-4.010328">
        <ele>69.897505</ele>
        <time>2026-07-03T12:09:07.986Z</time>
      </trkpt>
      <trkpt lat="48.033106" lon="-4.010351">
        <ele>69.902925</ele>
        <time>2026-07-03T12:09:08.650Z</time>
      </trkpt>
      <trkpt lat="48.033117" lon="-4.010373">
        <ele>69.909081</ele>
        <time>2026-07-03T12:09:09.404Z</time>
      </trkpt>
      <trkpt lat="48.033127" lon="-4.010394">
        <ele>69.914859</ele>
        <time>2026-07-03T12:09:10.112Z</time>
      </trkpt>
      <trkpt lat="48.033137" lon="-4.010416">
        <ele>69.920820</ele>
        <time>2026-07-03T12:09:10.843Z</time>
      </trkpt>
      <trkpt lat="48.033147" lon="-4.010438">
        <ele>69.926782</ele>
        <time>2026-07-03T12:09:11.573Z</time>
      </trkpt>
      <trkpt lat="48.033154" lon="-4.010460">
        <ele>69.932242</ele>
        <time>2026-07-03T12:09:12.242Z</time>
      </trkpt>
      <trkpt lat="48.033161" lon="-4.010482">
        <ele>69.937702</ele>
        <time>2026-07-03T12:09:12.911Z</time>
      </trkpt>
      <trkpt lat="48.033168" lon="-4.010505">
        <ele>69.943366</ele>
        <time>2026-07-03T12:09:13.605Z</time>
      </trkpt>
      <trkpt lat="48.033175" lon="-4.010529">
        <ele>69.949234</ele>
        <time>2026-07-03T12:09:14.324Z</time>
      </trkpt>
      <trkpt lat="48.033184" lon="-4.010553">
        <ele>69.955400</ele>
        <time>2026-07-03T12:09:15.079Z</time>
      </trkpt>
      <trkpt lat="48.033192" lon="-4.010577">
        <ele>69.961410</ele>
        <time>2026-07-03T12:09:15.816Z</time>
      </trkpt>
      <trkpt lat="48.033200" lon="-4.010601">
        <ele>69.967420</ele>
        <time>2026-07-03T12:09:16.552Z</time>
      </trkpt>
      <trkpt lat="48.033207" lon="-4.010625">
        <ele>69.973288</ele>
        <time>2026-07-03T12:09:17.271Z</time>
      </trkpt>
      <trkpt lat="48.033215" lon="-4.010648">
        <ele>69.979098</ele>
        <time>2026-07-03T12:09:17.983Z</time>
      </trkpt>
      <trkpt lat="48.033222" lon="-4.010671">
        <ele>69.984761</ele>
        <time>2026-07-03T12:09:18.677Z</time>
      </trkpt>
      <trkpt lat="48.033225" lon="-4.010697">
        <ele>69.990674</ele>
        <time>2026-07-03T12:09:19.401Z</time>
      </trkpt>
      <trkpt lat="48.033228" lon="-4.010722">
        <ele>69.996366</ele>
        <time>2026-07-03T12:09:20.098Z</time>
      </trkpt>
      <trkpt lat="48.033229" lon="-4.010751">
        <ele>70.002874</ele>
        <time>2026-07-03T12:09:20.896Z</time>
      </trkpt>
      <trkpt lat="48.033229" lon="-4.010780">
        <ele>70.009373</ele>
        <time>2026-07-03T12:09:21.692Z</time>
      </trkpt>
      <trkpt lat="48.033228" lon="-4.010810">
        <ele>70.016105</ele>
        <time>2026-07-03T12:09:22.517Z</time>
      </trkpt>
      <trkpt lat="48.033226" lon="-4.010840">
        <ele>70.022861</ele>
        <time>2026-07-03T12:09:23.344Z</time>
      </trkpt>
      <trkpt lat="48.033226" lon="-4.010871">
        <ele>70.029809</ele>
        <time>2026-07-03T12:09:24.196Z</time>
      </trkpt>
      <trkpt lat="48.033225" lon="-4.010903">
        <ele>70.036988</ele>
        <time>2026-07-03T12:09:25.075Z</time>
      </trkpt>
      <trkpt lat="48.033227" lon="-4.010936">
        <ele>70.044414</ele>
        <time>2026-07-03T12:09:25.985Z</time>
      </trkpt>
      <trkpt lat="48.033229" lon="-4.010970">
        <ele>70.052063</ele>
        <time>2026-07-03T12:09:26.922Z</time>
      </trkpt>
      <trkpt lat="48.033232" lon="-4.011004">
        <ele>70.059749</ele>
        <time>2026-07-03T12:09:27.864Z</time>
      </trkpt>
      <trkpt lat="48.033235" lon="-4.011038">
        <ele>70.067435</ele>
        <time>2026-07-03T12:09:28.805Z</time>
      </trkpt>
      <trkpt lat="48.033238" lon="-4.011071">
        <ele>70.074898</ele>
        <time>2026-07-03T12:09:29.720Z</time>
      </trkpt>
      <trkpt lat="48.033241" lon="-4.011104">
        <ele>70.082362</ele>
        <time>2026-07-03T12:09:30.634Z</time>
      </trkpt>
      <trkpt lat="48.033244" lon="-4.011136">
        <ele>70.089604</ele>
        <time>2026-07-03T12:09:31.521Z</time>
      </trkpt>
      <trkpt lat="48.033247" lon="-4.011168">
        <ele>70.096845</ele>
        <time>2026-07-03T12:09:32.408Z</time>
      </trkpt>
      <trkpt lat="48.033247" lon="-4.011200">
        <ele>70.104017</ele>
        <time>2026-07-03T12:09:33.287Z</time>
      </trkpt>
      <trkpt lat="48.033248" lon="-4.011233">
        <ele>70.111420</ele>
        <time>2026-07-03T12:09:34.194Z</time>
      </trkpt>
      <trkpt lat="48.033249" lon="-4.011266">
        <ele>70.118823</ele>
        <time>2026-07-03T12:09:35.101Z</time>
      </trkpt>
      <trkpt lat="48.033250" lon="-4.011300">
        <ele>70.126450</ele>
        <time>2026-07-03T12:09:36.035Z</time>
      </trkpt>
      <trkpt lat="48.033253" lon="-4.011335">
        <ele>70.134358</ele>
        <time>2026-07-03T12:09:37.004Z</time>
      </trkpt>
      <trkpt lat="48.033255" lon="-4.011371">
        <ele>70.142454</ele>
        <time>2026-07-03T12:09:37.996Z</time>
      </trkpt>
      <trkpt lat="48.033259" lon="-4.011408">
        <ele>70.150853</ele>
        <time>2026-07-03T12:09:39.025Z</time>
      </trkpt>
      <trkpt lat="48.033262" lon="-4.011446">
        <ele>70.159429</ele>
        <time>2026-07-03T12:09:40.075Z</time>
      </trkpt>
      <trkpt lat="48.033264" lon="-4.011483">
        <ele>70.167748</ele>
        <time>2026-07-03T12:09:41.094Z</time>
      </trkpt>
      <trkpt lat="48.033266" lon="-4.011520">
        <ele>70.176067</ele>
        <time>2026-07-03T12:09:42.114Z</time>
      </trkpt>
      <trkpt lat="48.033267" lon="-4.011558">
        <ele>70.184590</ele>
        <time>2026-07-03T12:09:43.158Z</time>
      </trkpt>
      <trkpt lat="48.033267" lon="-4.011595">
        <ele>70.192882</ele>
        <time>2026-07-03T12:09:44.174Z</time>
      </trkpt>
      <trkpt lat="48.033268" lon="-4.011634">
        <ele>70.201628</ele>
        <time>2026-07-03T12:09:45.245Z</time>
      </trkpt>
      <trkpt lat="48.033270" lon="-4.011673">
        <ele>70.210394</ele>
        <time>2026-07-03T12:09:46.319Z</time>
      </trkpt>
      <trkpt lat="48.033278" lon="-4.011711">
        <ele>70.219322</ele>
        <time>2026-07-03T12:09:47.413Z</time>
      </trkpt>
      <trkpt lat="48.033286" lon="-4.011749">
        <ele>70.226059</ele>
        <time>2026-07-03T12:09:48.507Z</time>
      </trkpt>
      <trkpt lat="48.033306" lon="-4.011775">
        <ele>70.182944</ele>
        <time>2026-07-03T12:09:49.595Z</time>
      </trkpt>
      <trkpt lat="48.033327" lon="-4.011801">
        <ele>70.138588</ele>
        <time>2026-07-03T12:09:50.714Z</time>
      </trkpt>
      <trkpt lat="48.033353" lon="-4.011816">
        <ele>70.093248</ele>
        <time>2026-07-03T12:09:51.858Z</time>
      </trkpt>
      <trkpt lat="48.033379" lon="-4.011832">
        <ele>70.047506</ele>
        <time>2026-07-03T12:09:53.013Z</time>
      </trkpt>
      <trkpt lat="48.033403" lon="-4.011844">
        <ele>70.006334</ele>
        <time>2026-07-03T12:09:54.052Z</time>
      </trkpt>
      <trkpt lat="48.033428" lon="-4.011857">
        <ele>69.963271</ele>
        <time>2026-07-03T12:09:55.138Z</time>
      </trkpt>
      <trkpt lat="48.033450" lon="-4.011870">
        <ele>69.924785</ele>
        <time>2026-07-03T12:09:56.110Z</time>
      </trkpt>
      <trkpt lat="48.033472" lon="-4.011883">
        <ele>69.886299</ele>
        <time>2026-07-03T12:09:57.081Z</time>
      </trkpt>
      <trkpt lat="48.033491" lon="-4.011897">
        <ele>69.851838</ele>
        <time>2026-07-03T12:09:57.951Z</time>
      </trkpt>
      <trkpt lat="48.033509" lon="-4.011910">
        <ele>69.819316</ele>
        <time>2026-07-03T12:09:58.771Z</time>
      </trkpt>
      <trkpt lat="48.033525" lon="-4.011924">
        <ele>69.789156</ele>
        <time>2026-07-03T12:09:59.532Z</time>
      </trkpt>
      <trkpt lat="48.033541" lon="-4.011939">
        <ele>69.758432</ele>
        <time>2026-07-03T12:10:00.308Z</time>
      </trkpt>
      <trkpt lat="48.033555" lon="-4.011957">
        <ele>69.728394</ele>
        <time>2026-07-03T12:10:01.066Z</time>
      </trkpt>
      <trkpt lat="48.033568" lon="-4.011975">
        <ele>69.699570</ele>
        <time>2026-07-03T12:10:01.793Z</time>
      </trkpt>
      <trkpt lat="48.033574" lon="-4.011995">
        <ele>69.675721</ele>
        <time>2026-07-03T12:10:02.395Z</time>
      </trkpt>
      <trkpt lat="48.033579" lon="-4.012014">
        <ele>69.653507</ele>
        <time>2026-07-03T12:10:02.956Z</time>
      </trkpt>
      <trkpt lat="48.033572" lon="-4.012036">
        <ele>69.627001</ele>
        <time>2026-07-03T12:10:03.625Z</time>
      </trkpt>
      <trkpt lat="48.033564" lon="-4.012058">
        <ele>69.599756</ele>
        <time>2026-07-03T12:10:04.312Z</time>
      </trkpt>
      <trkpt lat="48.033549" lon="-4.012088">
        <ele>69.559003</ele>
        <time>2026-07-03T12:10:05.341Z</time>
      </trkpt>
      <trkpt lat="48.033533" lon="-4.012117">
        <ele>69.518100</ele>
        <time>2026-07-03T12:10:06.373Z</time>
      </trkpt>
      <trkpt lat="48.033519" lon="-4.012156">
        <ele>69.469943</ele>
        <time>2026-07-03T12:10:07.588Z</time>
      </trkpt>
      <trkpt lat="48.033506" lon="-4.012194">
        <ele>69.423505</ele>
        <time>2026-07-03T12:10:08.760Z</time>
      </trkpt>
      <trkpt lat="48.033499" lon="-4.012231">
        <ele>69.381671</ele>
        <time>2026-07-03T12:10:09.816Z</time>
      </trkpt>
      <trkpt lat="48.033492" lon="-4.012268">
        <ele>69.339837</ele>
        <time>2026-07-03T12:10:10.872Z</time>
      </trkpt>
      <trkpt lat="48.033488" lon="-4.012301">
        <ele>69.303350</ele>
        <time>2026-07-03T12:10:11.792Z</time>
      </trkpt>
      <trkpt lat="48.033485" lon="-4.012334">
        <ele>69.267118</ele>
        <time>2026-07-03T12:10:12.707Z</time>
      </trkpt>
      <trkpt lat="48.033478" lon="-4.012363">
        <ele>69.233575</ele>
        <time>2026-07-03T12:10:13.553Z</time>
      </trkpt>
      <trkpt lat="48.033471" lon="-4.012391">
        <ele>69.201053</ele>
        <time>2026-07-03T12:10:14.374Z</time>
      </trkpt>
      <trkpt lat="48.033461" lon="-4.012418">
        <ele>69.167474</ele>
        <time>2026-07-03T12:10:15.222Z</time>
      </trkpt>
      <trkpt lat="48.033451" lon="-4.012445">
        <ele>69.133895</ele>
        <time>2026-07-03T12:10:16.069Z</time>
      </trkpt>
      <trkpt lat="48.033442" lon="-4.012476">
        <ele>69.097127</ele>
        <time>2026-07-03T12:10:16.997Z</time>
      </trkpt>
      <trkpt lat="48.033433" lon="-4.012507">
        <ele>69.060359</ele>
        <time>2026-07-03T12:10:17.925Z</time>
      </trkpt>
      <trkpt lat="48.033427" lon="-4.012542">
        <ele>69.021050</ele>
        <time>2026-07-03T12:10:18.917Z</time>
      </trkpt>
      <trkpt lat="48.033420" lon="-4.012577">
        <ele>68.981305</ele>
        <time>2026-07-03T12:10:19.920Z</time>
      </trkpt>
      <trkpt lat="48.033410" lon="-4.012610">
        <ele>68.941888</ele>
        <time>2026-07-03T12:10:20.915Z</time>
      </trkpt>
      <trkpt lat="48.033399" lon="-4.012643">
        <ele>68.901773</ele>
        <time>2026-07-03T12:10:21.928Z</time>
      </trkpt>
      <trkpt lat="48.033385" lon="-4.012671">
        <ele>68.863736</ele>
        <time>2026-07-03T12:10:22.888Z</time>
      </trkpt>
      <trkpt lat="48.033372" lon="-4.012699">
        <ele>68.826651</ele>
        <time>2026-07-03T12:10:23.824Z</time>
      </trkpt>
      <trkpt lat="48.033363" lon="-4.012725">
        <ele>68.794799</ele>
        <time>2026-07-03T12:10:24.628Z</time>
      </trkpt>
      <trkpt lat="48.033355" lon="-4.012752">
        <ele>68.762670</ele>
        <time>2026-07-03T12:10:25.439Z</time>
      </trkpt>
      <trkpt lat="48.033352" lon="-4.012779">
        <ele>68.732893</ele>
        <time>2026-07-03T12:10:26.191Z</time>
      </trkpt>
      <trkpt lat="48.033350" lon="-4.012806">
        <ele>68.703339</ele>
        <time>2026-07-03T12:10:26.937Z</time>
      </trkpt>
      <trkpt lat="48.033348" lon="-4.012837">
        <ele>68.669456</ele>
        <time>2026-07-03T12:10:27.792Z</time>
      </trkpt>
      <trkpt lat="48.033346" lon="-4.012868">
        <ele>68.635573</ele>
        <time>2026-07-03T12:10:28.648Z</time>
      </trkpt>
      <trkpt lat="48.033347" lon="-4.012902">
        <ele>68.598547</ele>
        <time>2026-07-03T12:10:29.582Z</time>
      </trkpt>
      <trkpt lat="48.033348" lon="-4.012936">
        <ele>68.561521</ele>
        <time>2026-07-03T12:10:30.517Z</time>
      </trkpt>
      <trkpt lat="48.033353" lon="-4.012970">
        <ele>68.523647</ele>
        <time>2026-07-03T12:10:31.473Z</time>
      </trkpt>
      <trkpt lat="48.033358" lon="-4.013003">
        <ele>68.486835</ele>
        <time>2026-07-03T12:10:32.402Z</time>
      </trkpt>
      <trkpt lat="48.033366" lon="-4.013033">
        <ele>68.451697</ele>
        <time>2026-07-03T12:10:33.289Z</time>
      </trkpt>
      <trkpt lat="48.033373" lon="-4.013063">
        <ele>68.417128</ele>
        <time>2026-07-03T12:10:34.162Z</time>
      </trkpt>
      <trkpt lat="48.033385" lon="-4.013084">
        <ele>68.387076</ele>
        <time>2026-07-03T12:10:34.920Z</time>
      </trkpt>
      <trkpt lat="48.033396" lon="-4.013105">
        <ele>68.358054</ele>
        <time>2026-07-03T12:10:35.653Z</time>
      </trkpt>
      <trkpt lat="48.033409" lon="-4.013125">
        <ele>68.327710</ele>
        <time>2026-07-03T12:10:36.419Z</time>
      </trkpt>
      <trkpt lat="48.033421" lon="-4.013144">
        <ele>68.299276</ele>
        <time>2026-07-03T12:10:37.136Z</time>
      </trkpt>
      <trkpt lat="48.033433" lon="-4.013167">
        <ele>68.267538</ele>
        <time>2026-07-03T12:10:37.937Z</time>
      </trkpt>
      <trkpt lat="48.033445" lon="-4.013189">
        <ele>68.236651</ele>
        <time>2026-07-03T12:10:38.717Z</time>
      </trkpt>
      <trkpt lat="48.033457" lon="-4.013217">
        <ele>68.200469</ele>
        <time>2026-07-03T12:10:39.630Z</time>
      </trkpt>
      <trkpt lat="48.033468" lon="-4.013245">
        <ele>68.165138</ele>
        <time>2026-07-03T12:10:40.522Z</time>
      </trkpt>
      <trkpt lat="48.033476" lon="-4.013273">
        <ele>68.132012</ele>
        <time>2026-07-03T12:10:41.358Z</time>
      </trkpt>
      <trkpt lat="48.033483" lon="-4.013301">
        <ele>68.099490</ele>
        <time>2026-07-03T12:10:42.179Z</time>
      </trkpt>
      <trkpt lat="48.033485" lon="-4.013324">
        <ele>68.074256</ele>
        <time>2026-07-03T12:10:42.816Z</time>
      </trkpt>
      <trkpt lat="48.033487" lon="-4.013346">
        <ele>68.050102</ele>
        <time>2026-07-03T12:10:43.425Z</time>
      </trkpt>
      <trkpt lat="48.033486" lon="-4.013364">
        <ele>68.030451</ele>
        <time>2026-07-03T12:10:43.921Z</time>
      </trkpt>
      <trkpt lat="48.033485" lon="-4.013381">
        <ele>68.011885</ele>
        <time>2026-07-03T12:10:44.390Z</time>
      </trkpt>
      <trkpt lat="48.033483" lon="-4.013400">
        <ele>67.990959</ele>
        <time>2026-07-03T12:10:44.918Z</time>
      </trkpt>
      <trkpt lat="48.033480" lon="-4.013419">
        <ele>67.969720</ele>
        <time>2026-07-03T12:10:45.454Z</time>
      </trkpt>
      <trkpt lat="48.033474" lon="-4.013440">
        <ele>67.944875</ele>
        <time>2026-07-03T12:10:46.081Z</time>
      </trkpt>
      <trkpt lat="48.033469" lon="-4.013461">
        <ele>67.920623</ele>
        <time>2026-07-03T12:10:46.693Z</time>
      </trkpt>
      <trkpt lat="48.033461" lon="-4.013485">
        <ele>67.891448</ele>
        <time>2026-07-03T12:10:47.429Z</time>
      </trkpt>
      <trkpt lat="48.033453" lon="-4.013509">
        <ele>67.862273</ele>
        <time>2026-07-03T12:10:48.166Z</time>
      </trkpt>
      <trkpt lat="48.033451" lon="-4.013536">
        <ele>67.832719</ele>
        <time>2026-07-03T12:10:48.912Z</time>
      </trkpt>
      <trkpt lat="48.033450" lon="-4.013563">
        <ele>67.803300</ele>
        <time>2026-07-03T12:10:49.654Z</time>
      </trkpt>
      <trkpt lat="48.033458" lon="-4.013592">
        <ele>67.769170</ele>
        <time>2026-07-03T12:10:50.516Z</time>
      </trkpt>
      <trkpt lat="48.033465" lon="-4.013620">
        <ele>67.736648</ele>
        <time>2026-07-03T12:10:51.336Z</time>
      </trkpt>
      <trkpt lat="48.033475" lon="-4.013652">
        <ele>67.698220</ele>
        <time>2026-07-03T12:10:52.306Z</time>
      </trkpt>
      <trkpt lat="48.033485" lon="-4.013684">
        <ele>67.659792</ele>
        <time>2026-07-03T12:10:53.276Z</time>
      </trkpt>
      <trkpt lat="48.033499" lon="-4.013714">
        <ele>67.619991</ele>
        <time>2026-07-03T12:10:54.280Z</time>
      </trkpt>
      <trkpt lat="48.033513" lon="-4.013743">
        <ele>67.581078</ele>
        <time>2026-07-03T12:10:55.262Z</time>
      </trkpt>
      <trkpt lat="48.033529" lon="-4.013765">
        <ele>67.545716</ele>
        <time>2026-07-03T12:10:56.155Z</time>
      </trkpt>
      <trkpt lat="48.033545" lon="-4.013788">
        <ele>67.509608</ele>
        <time>2026-07-03T12:10:57.066Z</time>
      </trkpt>
      <trkpt lat="48.033557" lon="-4.013808">
        <ele>67.480374</ele>
        <time>2026-07-03T12:10:57.804Z</time>
      </trkpt>
      <trkpt lat="48.033569" lon="-4.013828">
        <ele>67.451140</ele>
        <time>2026-07-03T12:10:58.542Z</time>
      </trkpt>
      <trkpt lat="48.033575" lon="-4.013856">
        <ele>67.419152</ele>
        <time>2026-07-03T12:10:59.349Z</time>
      </trkpt>
      <trkpt lat="48.033581" lon="-4.013883">
        <ele>67.388198</ele>
        <time>2026-07-03T12:11:00.130Z</time>
      </trkpt>
      <trkpt lat="48.033587" lon="-4.013918">
        <ele>67.348889</ele>
        <time>2026-07-03T12:11:01.123Z</time>
      </trkpt>
      <trkpt lat="48.033593" lon="-4.013952">
        <ele>67.310632</ele>
        <time>2026-07-03T12:11:02.088Z</time>
      </trkpt>
      <trkpt lat="48.033603" lon="-4.013987">
        <ele>67.265826</ele>
        <time>2026-07-03T12:11:03.133Z</time>
      </trkpt>
      <trkpt lat="48.033612" lon="-4.014023">
        <ele>67.219618</ele>
        <time>2026-07-03T12:11:04.189Z</time>
      </trkpt>
      <trkpt lat="48.033627" lon="-4.014052">
        <ele>67.175539</ele>
        <time>2026-07-03T12:11:05.196Z</time>
      </trkpt>
      <trkpt lat="48.033642" lon="-4.014082">
        <ele>67.130502</ele>
        <time>2026-07-03T12:11:06.224Z</time>
      </trkpt>
      <trkpt lat="48.033655" lon="-4.014108">
        <ele>67.091470</ele>
        <time>2026-07-03T12:11:07.116Z</time>
      </trkpt>
      <trkpt lat="48.033668" lon="-4.014135">
        <ele>67.051469</ele>
        <time>2026-07-03T12:11:08.029Z</time>
      </trkpt>
      <trkpt lat="48.033679" lon="-4.014163">
        <ele>67.012425</ele>
        <time>2026-07-03T12:11:08.921Z</time>
      </trkpt>
      <trkpt lat="48.033691" lon="-4.014192">
        <ele>66.971423</ele>
        <time>2026-07-03T12:11:09.858Z</time>
      </trkpt>
      <trkpt lat="48.033701" lon="-4.014225">
        <ele>66.927864</ele>
        <time>2026-07-03T12:11:10.852Z</time>
      </trkpt>
      <trkpt lat="48.033711" lon="-4.014258">
        <ele>66.884305</ele>
        <time>2026-07-03T12:11:11.847Z</time>
      </trkpt>
      <trkpt lat="48.033714" lon="-4.014295">
        <ele>66.839494</ele>
        <time>2026-07-03T12:11:12.871Z</time>
      </trkpt>
      <trkpt lat="48.033717" lon="-4.014332">
        <ele>66.794684</ele>
        <time>2026-07-03T12:11:13.894Z</time>
      </trkpt>
      <trkpt lat="48.033711" lon="-4.014368">
        <ele>66.750077</ele>
        <time>2026-07-03T12:11:14.913Z</time>
      </trkpt>
      <trkpt lat="48.033705" lon="-4.014405">
        <ele>66.704304</ele>
        <time>2026-07-03T12:11:15.958Z</time>
      </trkpt>
      <trkpt lat="48.033696" lon="-4.014443">
        <ele>66.655836</ele>
        <time>2026-07-03T12:11:17.065Z</time>
      </trkpt>
      <trkpt lat="48.033687" lon="-4.014481">
        <ele>66.607368</ele>
        <time>2026-07-03T12:11:18.172Z</time>
      </trkpt>
      <trkpt lat="48.033678" lon="-4.014519">
        <ele>66.558900</ele>
        <time>2026-07-03T12:11:19.279Z</time>
      </trkpt>
      <trkpt lat="48.033668" lon="-4.014556">
        <ele>66.510919</ele>
        <time>2026-07-03T12:11:20.375Z</time>
      </trkpt>
      <trkpt lat="48.033658" lon="-4.014594">
        <ele>66.461822</ele>
        <time>2026-07-03T12:11:21.496Z</time>
      </trkpt>
      <trkpt lat="48.033648" lon="-4.014632">
        <ele>66.412724</ele>
        <time>2026-07-03T12:11:22.617Z</time>
      </trkpt>
      <trkpt lat="48.033640" lon="-4.014669">
        <ele>66.365972</ele>
        <time>2026-07-03T12:11:23.685Z</time>
      </trkpt>
      <trkpt lat="48.033632" lon="-4.014706">
        <ele>66.319220</ele>
        <time>2026-07-03T12:11:24.753Z</time>
      </trkpt>
      <trkpt lat="48.033625" lon="-4.014736">
        <ele>66.281018</ele>
        <time>2026-07-03T12:11:25.625Z</time>
      </trkpt>
      <trkpt lat="48.033617" lon="-4.014766">
        <ele>66.242187</ele>
        <time>2026-07-03T12:11:26.512Z</time>
      </trkpt>
      <trkpt lat="48.033604" lon="-4.014784">
        <ele>66.210334</ele>
        <time>2026-07-03T12:11:27.240Z</time>
      </trkpt>
      <trkpt lat="48.033590" lon="-4.014802">
        <ele>66.177138</ele>
        <time>2026-07-03T12:11:27.998Z</time>
      </trkpt>
      <trkpt lat="48.033571" lon="-4.014815">
        <ele>66.139571</ele>
        <time>2026-07-03T12:11:28.856Z</time>
      </trkpt>
      <trkpt lat="48.033552" lon="-4.014829">
        <ele>66.101488</ele>
        <time>2026-07-03T12:11:29.725Z</time>
      </trkpt>
      <trkpt lat="48.033535" lon="-4.014850">
        <ele>66.061843</ele>
        <time>2026-07-03T12:11:30.631Z</time>
      </trkpt>
      <trkpt lat="48.033519" lon="-4.014871">
        <ele>66.023567</ele>
        <time>2026-07-03T12:11:31.505Z</time>
      </trkpt>
      <trkpt lat="48.033514" lon="-4.014904">
        <ele>65.982886</ele>
        <time>2026-07-03T12:11:32.434Z</time>
      </trkpt>
      <trkpt lat="48.033510" lon="-4.014938">
        <ele>65.941380</ele>
        <time>2026-07-03T12:11:33.382Z</time>
      </trkpt>
      <trkpt lat="48.033518" lon="-4.014978">
        <ele>65.891184</ele>
        <time>2026-07-03T12:11:34.528Z</time>
      </trkpt>
      <trkpt lat="48.033526" lon="-4.015018">
        <ele>65.840987</ele>
        <time>2026-07-03T12:11:35.675Z</time>
      </trkpt>
      <trkpt lat="48.033540" lon="-4.015056">
        <ele>65.788825</ele>
        <time>2026-07-03T12:11:36.866Z</time>
      </trkpt>
      <trkpt lat="48.033554" lon="-4.015094">
        <ele>65.736663</ele>
        <time>2026-07-03T12:11:38.057Z</time>
      </trkpt>
      <trkpt lat="48.033568" lon="-4.015128">
        <ele>65.688656</ele>
        <time>2026-07-03T12:11:39.153Z</time>
      </trkpt>
      <trkpt lat="48.033582" lon="-4.015162">
        <ele>65.640650</ele>
        <time>2026-07-03T12:11:40.250Z</time>
      </trkpt>
      <trkpt lat="48.033595" lon="-4.015195">
        <ele>65.594602</ele>
        <time>2026-07-03T12:11:41.301Z</time>
      </trkpt>
      <trkpt lat="48.033609" lon="-4.015228">
        <ele>65.547615</ele>
        <time>2026-07-03T12:11:42.375Z</time>
      </trkpt>
      <trkpt lat="48.033625" lon="-4.015254">
        <ele>65.505133</ele>
        <time>2026-07-03T12:11:43.345Z</time>
      </trkpt>
      <trkpt lat="48.033642" lon="-4.015280">
        <ele>65.461413</ele>
        <time>2026-07-03T12:11:44.344Z</time>
      </trkpt>
      <trkpt lat="48.033660" lon="-4.015298">
        <ele>65.422481</ele>
        <time>2026-07-03T12:11:45.233Z</time>
      </trkpt>
      <trkpt lat="48.033678" lon="-4.015317">
        <ele>65.382868</ele>
        <time>2026-07-03T12:11:46.138Z</time>
      </trkpt>
      <trkpt lat="48.033696" lon="-4.015335">
        <ele>65.343935</ele>
        <time>2026-07-03T12:11:47.027Z</time>
      </trkpt>
      <trkpt lat="48.033714" lon="-4.015352">
        <ele>65.305658</ele>
        <time>2026-07-03T12:11:47.901Z</time>
      </trkpt>
      <trkpt lat="48.033730" lon="-4.015369">
        <ele>65.270369</ele>
        <time>2026-07-03T12:11:48.707Z</time>
      </trkpt>
      <trkpt lat="48.033745" lon="-4.015387">
        <ele>65.235791</ele>
        <time>2026-07-03T12:11:49.497Z</time>
      </trkpt>
      <trkpt lat="48.033761" lon="-4.015408">
        <ele>65.197515</ele>
        <time>2026-07-03T12:11:50.371Z</time>
      </trkpt>
      <trkpt lat="48.033777" lon="-4.015429">
        <ele>65.159239</ele>
        <time>2026-07-03T12:11:51.245Z</time>
      </trkpt>
      <trkpt lat="48.033793" lon="-4.015455">
        <ele>65.116757</ele>
        <time>2026-07-03T12:11:52.215Z</time>
      </trkpt>
      <trkpt lat="48.033809" lon="-4.015481">
        <ele>65.074275</ele>
        <time>2026-07-03T12:11:53.186Z</time>
      </trkpt>
      <trkpt lat="48.033826" lon="-4.015507">
        <ele>65.030556</ele>
        <time>2026-07-03T12:11:54.184Z</time>
      </trkpt>
      <trkpt lat="48.033843" lon="-4.015532">
        <ele>64.987688</ele>
        <time>2026-07-03T12:11:55.163Z</time>
      </trkpt>
      <trkpt lat="48.033859" lon="-4.015556">
        <ele>64.946943</ele>
        <time>2026-07-03T12:11:56.094Z</time>
      </trkpt>
      <trkpt lat="48.033875" lon="-4.015580">
        <ele>64.906198</ele>
        <time>2026-07-03T12:11:57.024Z</time>
      </trkpt>
      <trkpt lat="48.033890" lon="-4.015605">
        <ele>64.865815</ele>
        <time>2026-07-03T12:11:57.946Z</time>
      </trkpt>
      <trkpt lat="48.033904" lon="-4.015629">
        <ele>64.827524</ele>
        <time>2026-07-03T12:11:58.821Z</time>
      </trkpt>
      <trkpt lat="48.033920" lon="-4.015651">
        <ele>64.788445</ele>
        <time>2026-07-03T12:11:59.713Z</time>
      </trkpt>
      <trkpt lat="48.033935" lon="-4.015672">
        <ele>64.751501</ele>
        <time>2026-07-03T12:12:00.557Z</time>
      </trkpt>
      <trkpt lat="48.033950" lon="-4.015694">
        <ele>64.713726</ele>
        <time>2026-07-03T12:12:01.420Z</time>
      </trkpt>
      <trkpt lat="48.033965" lon="-4.015716">
        <ele>64.675951</ele>
        <time>2026-07-03T12:12:02.282Z</time>
      </trkpt>
      <trkpt lat="48.033978" lon="-4.015741">
        <ele>64.637876</ele>
        <time>2026-07-03T12:12:03.152Z</time>
      </trkpt>
      <trkpt lat="48.033992" lon="-4.015765">
        <ele>64.599585</ele>
        <time>2026-07-03T12:12:04.026Z</time>
      </trkpt>
      <trkpt lat="48.034005" lon="-4.015793">
        <ele>64.558602</ele>
        <time>2026-07-03T12:12:04.962Z</time>
      </trkpt>
      <trkpt lat="48.034018" lon="-4.015821">
        <ele>64.517619</ele>
        <time>2026-07-03T12:12:05.898Z</time>
      </trkpt>
      <trkpt lat="48.034032" lon="-4.015849">
        <ele>64.475585</ele>
        <time>2026-07-03T12:12:06.858Z</time>
      </trkpt>
      <trkpt lat="48.034045" lon="-4.015877">
        <ele>64.434603</ele>
        <time>2026-07-03T12:12:07.794Z</time>
      </trkpt>
      <trkpt lat="48.034060" lon="-4.015904">
        <ele>64.392400</ele>
        <time>2026-07-03T12:12:08.758Z</time>
      </trkpt>
      <trkpt lat="48.034074" lon="-4.015930">
        <ele>64.352266</ele>
        <time>2026-07-03T12:12:09.674Z</time>
      </trkpt>
      <trkpt lat="48.034089" lon="-4.015954">
        <ele>64.312770</ele>
        <time>2026-07-03T12:12:10.576Z</time>
      </trkpt>
      <trkpt lat="48.034104" lon="-4.015978">
        <ele>64.273273</ele>
        <time>2026-07-03T12:12:11.478Z</time>
      </trkpt>
      <trkpt lat="48.034118" lon="-4.016002">
        <ele>64.234983</ele>
        <time>2026-07-03T12:12:12.353Z</time>
      </trkpt>
      <trkpt lat="48.034133" lon="-4.016026">
        <ele>64.195486</ele>
        <time>2026-07-03T12:12:13.255Z</time>
      </trkpt>
      <trkpt lat="48.034146" lon="-4.016053">
        <ele>64.155486</ele>
        <time>2026-07-03T12:12:14.169Z</time>
      </trkpt>
      <trkpt lat="48.034159" lon="-4.016080">
        <ele>64.115485</ele>
        <time>2026-07-03T12:12:15.082Z</time>
      </trkpt>
      <trkpt lat="48.034173" lon="-4.016108">
        <ele>64.073451</ele>
        <time>2026-07-03T12:12:16.042Z</time>
      </trkpt>
      <trkpt lat="48.034186" lon="-4.016136">
        <ele>64.084528</ele>
        <time>2026-07-03T12:12:16.978Z</time>
      </trkpt>
      <trkpt lat="48.034198" lon="-4.016164">
        <ele>64.103698</ele>
        <time>2026-07-03T12:12:17.892Z</time>
      </trkpt>
      <trkpt lat="48.034210" lon="-4.016192">
        <ele>64.122869</ele>
        <time>2026-07-03T12:12:18.805Z</time>
      </trkpt>
      <trkpt lat="48.034220" lon="-4.016225">
        <ele>64.143753</ele>
        <time>2026-07-03T12:12:19.800Z</time>
      </trkpt>
      <trkpt lat="48.034231" lon="-4.016257">
        <ele>64.164493</ele>
        <time>2026-07-03T12:12:20.788Z</time>
      </trkpt>
      <trkpt lat="48.034240" lon="-4.016290">
        <ele>64.185037</ele>
        <time>2026-07-03T12:12:21.767Z</time>
      </trkpt>
      <trkpt lat="48.034249" lon="-4.016323">
        <ele>64.205580</ele>
        <time>2026-07-03T12:12:22.746Z</time>
      </trkpt>
      <trkpt lat="48.034259" lon="-4.016353">
        <ele>64.224903</ele>
        <time>2026-07-03T12:12:23.666Z</time>
      </trkpt>
      <trkpt lat="48.034270" lon="-4.016383">
        <ele>64.244625</ele>
        <time>2026-07-03T12:12:24.605Z</time>
      </trkpt>
      <trkpt lat="48.034282" lon="-4.016412">
        <ele>64.264283</ele>
        <time>2026-07-03T12:12:25.542Z</time>
      </trkpt>
      <trkpt lat="48.034294" lon="-4.016440">
        <ele>64.283453</ele>
        <time>2026-07-03T12:12:26.455Z</time>
      </trkpt>
      <trkpt lat="48.034304" lon="-4.016471">
        <ele>64.303293</ele>
        <time>2026-07-03T12:12:27.401Z</time>
      </trkpt>
      <trkpt lat="48.034315" lon="-4.016501">
        <ele>64.323015</ele>
        <time>2026-07-03T12:12:28.340Z</time>
      </trkpt>
      <trkpt lat="48.034320" lon="-4.016527">
        <ele>64.338610</ele>
        <time>2026-07-03T12:12:29.083Z</time>
      </trkpt>
      <trkpt lat="48.034326" lon="-4.016554">
        <ele>64.355010</ele>
        <time>2026-07-03T12:12:29.864Z</time>
      </trkpt>
      <trkpt lat="48.034324" lon="-4.016576">
        <ele>64.367808</ele>
        <time>2026-07-03T12:12:30.473Z</time>
      </trkpt>
      <trkpt lat="48.034323" lon="-4.016599">
        <ele>64.381094</ele>
        <time>2026-07-03T12:12:31.106Z</time>
      </trkpt>
      <trkpt lat="48.034322" lon="-4.016624">
        <ele>64.395531</ele>
        <time>2026-07-03T12:12:31.794Z</time>
      </trkpt>
      <trkpt lat="48.034322" lon="-4.016648">
        <ele>64.409365</ele>
        <time>2026-07-03T12:12:32.453Z</time>
      </trkpt>
      <trkpt lat="48.034328" lon="-4.016676">
        <ele>64.426314</ele>
        <time>2026-07-03T12:12:33.260Z</time>
      </trkpt>
      <trkpt lat="48.034334" lon="-4.016704">
        <ele>64.443262</ele>
        <time>2026-07-03T12:12:34.068Z</time>
      </trkpt>
      <trkpt lat="48.034344" lon="-4.016735">
        <ele>64.463102</ele>
        <time>2026-07-03T12:12:35.012Z</time>
      </trkpt>
      <trkpt lat="48.034353" lon="-4.016766">
        <ele>64.482583</ele>
        <time>2026-07-03T12:12:35.940Z</time>
      </trkpt>
      <trkpt lat="48.034362" lon="-4.016798">
        <ele>64.502594</ele>
        <time>2026-07-03T12:12:36.893Z</time>
      </trkpt>
      <trkpt lat="48.034370" lon="-4.016831">
        <ele>64.522827</ele>
        <time>2026-07-03T12:12:37.857Z</time>
      </trkpt>
      <trkpt lat="48.034378" lon="-4.016864">
        <ele>64.543061</ele>
        <time>2026-07-03T12:12:38.821Z</time>
      </trkpt>
      <trkpt lat="48.034386" lon="-4.016897">
        <ele>64.563294</ele>
        <time>2026-07-03T12:12:39.784Z</time>
      </trkpt>
      <trkpt lat="48.034392" lon="-4.016927">
        <ele>64.581344</ele>
        <time>2026-07-03T12:12:40.644Z</time>
      </trkpt>
      <trkpt lat="48.034398" lon="-4.016957">
        <ele>64.599394</ele>
        <time>2026-07-03T12:12:41.504Z</time>
      </trkpt>
      <trkpt lat="48.034403" lon="-4.016986">
        <ele>64.616657</ele>
        <time>2026-07-03T12:12:42.326Z</time>
      </trkpt>
      <trkpt lat="48.034407" lon="-4.017016">
        <ele>64.634290</ele>
        <time>2026-07-03T12:12:43.166Z</time>
      </trkpt>
      <trkpt lat="48.034414" lon="-4.017043">
        <ele>64.650983</ele>
        <time>2026-07-03T12:12:43.961Z</time>
      </trkpt>
      <trkpt lat="48.034427" lon="-4.017077">
        <ele>64.673559</ele>
        <time>2026-07-03T12:12:45.036Z</time>
      </trkpt>
      <trkpt lat="48.034432" lon="-4.017085">
        <ele>64.679871</ele>
        <time>2026-07-03T12:12:45.337Z</time>
      </trkpt>
      <trkpt lat="48.034437" lon="-4.017092">
        <ele>64.685775</ele>
        <time>2026-07-03T12:12:45.618Z</time>
      </trkpt>
      <trkpt lat="48.034442" lon="-4.017099">
        <ele>64.691679</ele>
        <time>2026-07-03T12:12:45.899Z</time>
      </trkpt>
      <trkpt lat="48.034447" lon="-4.017107">
        <ele>64.697991</ele>
        <time>2026-07-03T12:12:46.200Z</time>
      </trkpt>
      <trkpt lat="48.034452" lon="-4.017114">
        <ele>64.703895</ele>
        <time>2026-07-03T12:12:46.481Z</time>
      </trkpt>
      <trkpt lat="48.034457" lon="-4.017121">
        <ele>64.709800</ele>
        <time>2026-07-03T12:12:46.762Z</time>
      </trkpt>
      <trkpt lat="48.034461" lon="-4.017129">
        <ele>64.715558</ele>
        <time>2026-07-03T12:12:47.037Z</time>
      </trkpt>
      <trkpt lat="48.034466" lon="-4.017136">
        <ele>64.721462</ele>
        <time>2026-07-03T12:12:47.318Z</time>
      </trkpt>
      <trkpt lat="48.034471" lon="-4.017143">
        <ele>64.727366</ele>
        <time>2026-07-03T12:12:47.599Z</time>
      </trkpt>
      <trkpt lat="48.034476" lon="-4.017151">
        <ele>64.733678</ele>
        <time>2026-07-03T12:12:47.900Z</time>
      </trkpt>
      <trkpt lat="48.034481" lon="-4.017158">
        <ele>64.739582</ele>
        <time>2026-07-03T12:12:48.181Z</time>
      </trkpt>
      <trkpt lat="48.034486" lon="-4.017165">
        <ele>64.745486</ele>
        <time>2026-07-03T12:12:48.462Z</time>
      </trkpt>
      <trkpt lat="48.034491" lon="-4.017173">
        <ele>64.751798</ele>
        <time>2026-07-03T12:12:48.763Z</time>
      </trkpt>
      <trkpt lat="48.034496" lon="-4.017180">
        <ele>64.757702</ele>
        <time>2026-07-03T12:12:49.044Z</time>
      </trkpt>
      <trkpt lat="48.034502" lon="-4.017196">
        <ele>64.768276</ele>
        <time>2026-07-03T12:12:49.548Z</time>
      </trkpt>
      <trkpt lat="48.034508" lon="-4.017221">
        <ele>64.783587</ele>
        <time>2026-07-03T12:12:50.277Z</time>
      </trkpt>
      <trkpt lat="48.034514" lon="-4.017247">
        <ele>64.799442</ele>
        <time>2026-07-03T12:12:51.032Z</time>
      </trkpt>
      <trkpt lat="48.034515" lon="-4.017277">
        <ele>64.816756</ele>
        <time>2026-07-03T12:12:51.857Z</time>
      </trkpt>
      <trkpt lat="48.034516" lon="-4.017307">
        <ele>64.834070</ele>
        <time>2026-07-03T12:12:52.681Z</time>
      </trkpt>
      <trkpt lat="48.034515" lon="-4.017341">
        <ele>64.853688</ele>
        <time>2026-07-03T12:12:53.616Z</time>
      </trkpt>
      <trkpt lat="48.034515" lon="-4.017375">
        <ele>64.873286</ele>
        <time>2026-07-03T12:12:54.549Z</time>
      </trkpt>
      <trkpt lat="48.034519" lon="-4.017408">
        <ele>64.892618</ele>
        <time>2026-07-03T12:12:55.470Z</time>
      </trkpt>
      <trkpt lat="48.034524" lon="-4.017442">
        <ele>64.912685</ele>
        <time>2026-07-03T12:12:56.426Z</time>
      </trkpt>
      <trkpt lat="48.034539" lon="-4.017465">
        <ele>64.931204</ele>
        <time>2026-07-03T12:12:57.308Z</time>
      </trkpt>
      <trkpt lat="48.034553" lon="-4.017489">
        <ele>64.949563</ele>
        <time>2026-07-03T12:12:58.182Z</time>
      </trkpt>
      <trkpt lat="48.034576" lon="-4.017505">
        <ele>64.971430</ele>
        <time>2026-07-03T12:12:59.224Z</time>
      </trkpt>
      <trkpt lat="48.034599" lon="-4.017522">
        <ele>64.993546</ele>
        <time>2026-07-03T12:13:00.277Z</time>
      </trkpt>
      <trkpt lat="48.034625" lon="-4.017535">
        <ele>65.017178</ele>
        <time>2026-07-03T12:13:01.403Z</time>
      </trkpt>
      <trkpt lat="48.034651" lon="-4.017547">
        <ele>65.040634</ele>
        <time>2026-07-03T12:13:02.520Z</time>
      </trkpt>
      <trkpt lat="48.034675" lon="-4.017558">
        <ele>65.062273</ele>
        <time>2026-07-03T12:13:03.551Z</time>
      </trkpt>
      <trkpt lat="48.034700" lon="-4.017568">
        <ele>65.084581</ele>
        <time>2026-07-03T12:13:04.614Z</time>
      </trkpt>
      <trkpt lat="48.034720" lon="-4.017577">
        <ele>65.102585</ele>
        <time>2026-07-03T12:13:05.471Z</time>
      </trkpt>
      <trkpt lat="48.034741" lon="-4.017586">
        <ele>65.121417</ele>
        <time>2026-07-03T12:13:06.368Z</time>
      </trkpt>
      <trkpt lat="48.034761" lon="-4.017598">
        <ele>65.139993</ele>
        <time>2026-07-03T12:13:07.253Z</time>
      </trkpt>
      <trkpt lat="48.034780" lon="-4.017610">
        <ele>65.157773</ele>
        <time>2026-07-03T12:13:08.100Z</time>
      </trkpt>
      <trkpt lat="48.034801" lon="-4.017622">
        <ele>65.177152</ele>
        <time>2026-07-03T12:13:09.023Z</time>
      </trkpt>
      <trkpt lat="48.034822" lon="-4.017634">
        <ele>65.196531</ele>
        <time>2026-07-03T12:13:09.946Z</time>
      </trkpt>
      <trkpt lat="48.034844" lon="-4.017644">
        <ele>65.216352</ele>
        <time>2026-07-03T12:13:10.890Z</time>
      </trkpt>
      <trkpt lat="48.034866" lon="-4.017655">
        <ele>65.236349</ele>
        <time>2026-07-03T12:13:11.843Z</time>
      </trkpt>
      <trkpt lat="48.034888" lon="-4.017665">
        <ele>65.256170</ele>
        <time>2026-07-03T12:13:12.787Z</time>
      </trkpt>
      <trkpt lat="48.034910" lon="-4.017675">
        <ele>65.275992</ele>
        <time>2026-07-03T12:13:13.731Z</time>
      </trkpt>
      <trkpt lat="48.034932" lon="-4.017686">
        <ele>65.295988</ele>
        <time>2026-07-03T12:13:14.684Z</time>
      </trkpt>
      <trkpt lat="48.034954" lon="-4.017698">
        <ele>65.316175</ele>
        <time>2026-07-03T12:13:15.646Z</time>
      </trkpt>
      <trkpt lat="48.034976" lon="-4.017711">
        <ele>65.336567</ele>
        <time>2026-07-03T12:13:16.617Z</time>
      </trkpt>
      <trkpt lat="48.034999" lon="-4.017723">
        <ele>65.357565</ele>
        <time>2026-07-03T12:13:17.618Z</time>
      </trkpt>
      <trkpt lat="48.035023" lon="-4.017737">
        <ele>65.379772</ele>
        <time>2026-07-03T12:13:18.676Z</time>
      </trkpt>
      <trkpt lat="48.035046" lon="-4.017750">
        <ele>65.400968</ele>
        <time>2026-07-03T12:13:19.686Z</time>
      </trkpt>
      <trkpt lat="48.035065" lon="-4.017770">
        <ele>65.420997</ele>
        <time>2026-07-03T12:13:20.640Z</time>
      </trkpt>
      <trkpt lat="48.035084" lon="-4.017789">
        <ele>65.440700</ele>
        <time>2026-07-03T12:13:21.579Z</time>
      </trkpt>
      <trkpt lat="48.035102" lon="-4.017814">
        <ele>65.461876</ele>
        <time>2026-07-03T12:13:22.588Z</time>
      </trkpt>
      <trkpt lat="48.035120" lon="-4.017839">
        <ele>65.483052</ele>
        <time>2026-07-03T12:13:23.597Z</time>
      </trkpt>
      <trkpt lat="48.035140" lon="-4.017864">
        <ele>65.505522</ele>
        <time>2026-07-03T12:13:24.668Z</time>
      </trkpt>
      <trkpt lat="48.035159" lon="-4.017889">
        <ele>65.527337</ele>
        <time>2026-07-03T12:13:25.708Z</time>
      </trkpt>
      <trkpt lat="48.035176" lon="-4.017912">
        <ele>65.547099</ele>
        <time>2026-07-03T12:13:26.649Z</time>
      </trkpt>
      <trkpt lat="48.035194" lon="-4.017935">
        <ele>65.567508</ele>
        <time>2026-07-03T12:13:27.622Z</time>
      </trkpt>
      <trkpt lat="48.035206" lon="-4.017957">
        <ele>65.583873</ele>
        <time>2026-07-03T12:13:28.402Z</time>
      </trkpt>
      <trkpt lat="48.035219" lon="-4.017979">
        <ele>65.600797</ele>
        <time>2026-07-03T12:13:29.208Z</time>
      </trkpt>
      <trkpt lat="48.035231" lon="-4.018003">
        <ele>65.618070</ele>
        <time>2026-07-03T12:13:30.031Z</time>
      </trkpt>
      <trkpt lat="48.035243" lon="-4.018027">
        <ele>65.692047</ele>
        <time>2026-07-03T12:13:30.854Z</time>
      </trkpt>
      <trkpt lat="48.035253" lon="-4.018054">
        <ele>65.768492</ele>
        <time>2026-07-03T12:13:31.702Z</time>
      </trkpt>
      <trkpt lat="48.035263" lon="-4.018080">
        <ele>65.842780</ele>
        <time>2026-07-03T12:13:32.526Z</time>
      </trkpt>
      <trkpt lat="48.035272" lon="-4.018110">
        <ele>65.924218</ele>
        <time>2026-07-03T12:13:33.429Z</time>
      </trkpt>
      <trkpt lat="48.035281" lon="-4.018140">
        <ele>66.005657</ele>
        <time>2026-07-03T12:13:34.333Z</time>
      </trkpt>
      <trkpt lat="48.035290" lon="-4.018172">
        <ele>66.091638</ele>
        <time>2026-07-03T12:13:35.286Z</time>
      </trkpt>
      <trkpt lat="48.035300" lon="-4.018205">
        <ele>66.181372</ele>
        <time>2026-07-03T12:13:36.281Z</time>
      </trkpt>
      <trkpt lat="48.035305" lon="-4.018237">
        <ele>66.262764</ele>
        <time>2026-07-03T12:13:37.184Z</time>
      </trkpt>
      <trkpt lat="48.035311" lon="-4.018269">
        <ele>66.345077</ele>
        <time>2026-07-03T12:13:38.097Z</time>
      </trkpt>
      <trkpt lat="48.035311" lon="-4.018303">
        <ele>66.429286</ele>
        <time>2026-07-03T12:13:39.031Z</time>
      </trkpt>
      <trkpt lat="48.035312" lon="-4.018337">
        <ele>66.513577</ele>
        <time>2026-07-03T12:13:39.966Z</time>
      </trkpt>
      <trkpt lat="48.035309" lon="-4.018371">
        <ele>66.598517</ele>
        <time>2026-07-03T12:13:40.908Z</time>
      </trkpt>
      <trkpt lat="48.035307" lon="-4.018405">
        <ele>66.683052</ele>
        <time>2026-07-03T12:13:41.846Z</time>
      </trkpt>
      <trkpt lat="48.035307" lon="-4.018439">
        <ele>66.767262</ele>
        <time>2026-07-03T12:13:42.780Z</time>
      </trkpt>
      <trkpt lat="48.035307" lon="-4.018474">
        <ele>66.853948</ele>
        <time>2026-07-03T12:13:43.742Z</time>
      </trkpt>
      <trkpt lat="48.035314" lon="-4.018506">
        <ele>66.937338</ele>
        <time>2026-07-03T12:13:44.666Z</time>
      </trkpt>
      <trkpt lat="48.035321" lon="-4.018539">
        <ele>67.023085</ele>
        <time>2026-07-03T12:13:45.618Z</time>
      </trkpt>
      <trkpt lat="48.035336" lon="-4.018562">
        <ele>67.102658</ele>
        <time>2026-07-03T12:13:46.501Z</time>
      </trkpt>
      <trkpt lat="48.035351" lon="-4.018586">
        <ele>67.184023</ele>
        <time>2026-07-03T12:13:47.403Z</time>
      </trkpt>
      <trkpt lat="48.035371" lon="-4.018600">
        <ele>67.265816</ele>
        <time>2026-07-03T12:13:48.310Z</time>
      </trkpt>
      <trkpt lat="48.035390" lon="-4.018613">
        <ele>67.343208</ele>
        <time>2026-07-03T12:13:49.169Z</time>
      </trkpt>
      <trkpt lat="48.035407" lon="-4.018624">
        <ele>67.411817</ele>
        <time>2026-07-03T12:13:49.930Z</time>
      </trkpt>
      <trkpt lat="48.035424" lon="-4.018634">
        <ele>67.479481</ele>
        <time>2026-07-03T12:13:50.680Z</time>
      </trkpt>
      <trkpt lat="48.035435" lon="-4.018650">
        <ele>67.536318</ele>
        <time>2026-07-03T12:13:51.311Z</time>
      </trkpt>
      <trkpt lat="48.035445" lon="-4.018665">
        <ele>67.588779</ele>
        <time>2026-07-03T12:13:51.893Z</time>
      </trkpt>
      <trkpt lat="48.035452" lon="-4.018681">
        <ele>67.636135</ele>
        <time>2026-07-03T12:13:52.418Z</time>
      </trkpt>
      <trkpt lat="48.035459" lon="-4.018697">
        <ele>67.683492</ele>
        <time>2026-07-03T12:13:52.943Z</time>
      </trkpt>
      <trkpt lat="48.035465" lon="-4.018711">
        <ele>67.724677</ele>
        <time>2026-07-03T12:13:53.400Z</time>
      </trkpt>
      <trkpt lat="48.035471" lon="-4.018726">
        <ele>67.767968</ele>
        <time>2026-07-03T12:13:53.880Z</time>
      </trkpt>
      <trkpt lat="48.035475" lon="-4.018739">
        <ele>67.803411</ele>
        <time>2026-07-03T12:13:54.273Z</time>
      </trkpt>
      <trkpt lat="48.035479" lon="-4.018751">
        <ele>67.836620</ele>
        <time>2026-07-03T12:13:54.642Z</time>
      </trkpt>
      <trkpt lat="48.035484" lon="-4.018765">
        <ele>67.875930</ele>
        <time>2026-07-03T12:13:55.078Z</time>
      </trkpt>
      <trkpt lat="48.035489" lon="-4.018779">
        <ele>67.915241</ele>
        <time>2026-07-03T12:13:55.514Z</time>
      </trkpt>
      <trkpt lat="48.035494" lon="-4.018793">
        <ele>67.954551</ele>
        <time>2026-07-03T12:13:55.950Z</time>
      </trkpt>
      <trkpt lat="48.035501" lon="-4.018808">
        <ele>67.999855</ele>
        <time>2026-07-03T12:13:56.452Z</time>
      </trkpt>
      <trkpt lat="48.035508" lon="-4.018825">
        <ele>68.049303</ele>
        <time>2026-07-03T12:13:57.000Z</time>
      </trkpt>
      <trkpt lat="48.035516" lon="-4.018842">
        <ele>68.100789</ele>
        <time>2026-07-03T12:13:57.572Z</time>
      </trkpt>
      <trkpt lat="48.035524" lon="-4.018858">
        <ele>68.150271</ele>
        <time>2026-07-03T12:13:58.120Z</time>
      </trkpt>
      <trkpt lat="48.035532" lon="-4.018873">
        <ele>68.197792</ele>
        <time>2026-07-03T12:13:58.648Z</time>
      </trkpt>
      <trkpt lat="48.035539" lon="-4.018888">
        <ele>68.243096</ele>
        <time>2026-07-03T12:13:59.150Z</time>
      </trkpt>
      <trkpt lat="48.035547" lon="-4.018902">
        <ele>68.288707</ele>
        <time>2026-07-03T12:13:59.656Z</time>
      </trkpt>
      <trkpt lat="48.035555" lon="-4.018914">
        <ele>68.330676</ele>
        <time>2026-07-03T12:14:00.121Z</time>
      </trkpt>
      <trkpt lat="48.035563" lon="-4.018925">
        <ele>68.370929</ele>
        <time>2026-07-03T12:14:00.567Z</time>
      </trkpt>
      <trkpt lat="48.035571" lon="-4.018936">
        <ele>68.411182</ele>
        <time>2026-07-03T12:14:01.014Z</time>
      </trkpt>
      <trkpt lat="48.035578" lon="-4.018946">
        <ele>68.447038</ele>
        <time>2026-07-03T12:14:01.412Z</time>
      </trkpt>
      <trkpt lat="48.035585" lon="-4.018959">
        <ele>68.488378</ele>
        <time>2026-07-03T12:14:01.870Z</time>
      </trkpt>
      <trkpt lat="48.035592" lon="-4.018972">
        <ele>68.529717</ele>
        <time>2026-07-03T12:14:02.329Z</time>
      </trkpt>
      <trkpt lat="48.035598" lon="-4.018988">
        <ele>68.575151</ele>
        <time>2026-07-03T12:14:02.832Z</time>
      </trkpt>
      <trkpt lat="48.035603" lon="-4.019005">
        <ele>68.621149</ele>
        <time>2026-07-03T12:14:03.342Z</time>
      </trkpt>
      <trkpt lat="48.035607" lon="-4.019026">
        <ele>68.675230</ele>
        <time>2026-07-03T12:14:03.942Z</time>
      </trkpt>
      <trkpt lat="48.035612" lon="-4.019046">
        <ele>68.728113</ele>
        <time>2026-07-03T12:14:04.529Z</time>
      </trkpt>
      <trkpt lat="48.035615" lon="-4.019068">
        <ele>68.783723</ele>
        <time>2026-07-03T12:14:05.145Z</time>
      </trkpt>
      <trkpt lat="48.035618" lon="-4.019091">
        <ele>68.841762</ele>
        <time>2026-07-03T12:14:05.789Z</time>
      </trkpt>
      <trkpt lat="48.035621" lon="-4.019112">
        <ele>68.894947</ele>
        <time>2026-07-03T12:14:06.379Z</time>
      </trkpt>
      <trkpt lat="48.035624" lon="-4.019133">
        <ele>68.948133</ele>
        <time>2026-07-03T12:14:06.968Z</time>
      </trkpt>
      <trkpt lat="48.035628" lon="-4.019153">
        <ele>68.999836</ele>
        <time>2026-07-03T12:14:07.542Z</time>
      </trkpt>
      <trkpt lat="48.035632" lon="-4.019173">
        <ele>69.051539</ele>
        <time>2026-07-03T12:14:08.115Z</time>
      </trkpt>
      <trkpt lat="48.035631" lon="-4.019194">
        <ele>69.103682</ele>
        <time>2026-07-03T12:14:08.694Z</time>
      </trkpt>
      <trkpt lat="48.035630" lon="-4.019215">
        <ele>69.155825</ele>
        <time>2026-07-03T12:14:09.272Z</time>
      </trkpt>
      <trkpt lat="48.035623" lon="-4.019239">
        <ele>69.220676</ele>
        <time>2026-07-03T12:14:09.991Z</time>
      </trkpt>
      <trkpt lat="48.035616" lon="-4.019264">
        <ele>69.287804</ele>
        <time>2026-07-03T12:14:10.735Z</time>
      </trkpt>
      <trkpt lat="48.035605" lon="-4.019290">
        <ele>69.364006</ele>
        <time>2026-07-03T12:14:11.581Z</time>
      </trkpt>
      <trkpt lat="48.035595" lon="-4.019317">
        <ele>69.440451</ele>
        <time>2026-07-03T12:14:12.428Z</time>
      </trkpt>
      <trkpt lat="48.035582" lon="-4.019345">
        <ele>69.524878</ele>
        <time>2026-07-03T12:14:13.364Z</time>
      </trkpt>
      <trkpt lat="48.035565" lon="-4.019327">
        <ele>69.602030</ele>
        <time>2026-07-03T12:14:14.203Z</time>
      </trkpt>
      <trkpt lat="48.035158" lon="-4.020186">
        <ele>72.209522</ele>
        <time>2026-07-03T12:14:53.847Z</time>
      </trkpt>
      <trkpt lat="48.034995" lon="-4.020400">
        <ele>73.069328</ele>
        <time>2026-07-03T12:15:04.324Z</time>
      </trkpt>
      <trkpt lat="48.034937" lon="-4.020543">
        <ele>73.515465</ele>
        <time>2026-07-03T12:15:09.703Z</time>
      </trkpt>
      <trkpt lat="48.034920" lon="-4.020666">
        <ele>73.850501</ele>
        <time>2026-07-03T12:15:13.826Z</time>
      </trkpt>
      <trkpt lat="48.034941" lon="-4.020806">
        <ele>74.233229</ele>
        <time>2026-07-03T12:15:18.513Z</time>
      </trkpt>
      <trkpt lat="48.035190" lon="-4.021278">
        <ele>75.836934</ele>
        <time>2026-07-03T12:15:38.402Z</time>
      </trkpt>
      <trkpt lat="48.035292" lon="-4.021612">
        <ele>76.816388</ele>
        <time>2026-07-03T12:15:50.508Z</time>
      </trkpt>
      <trkpt lat="48.035303" lon="-4.021742">
        <ele>77.165924</ele>
        <time>2026-07-03T12:15:54.784Z</time>
      </trkpt>
      <trkpt lat="48.035269" lon="-4.022278">
        <ele>78.602104</ele>
        <time>2026-07-03T12:16:12.423Z</time>
      </trkpt>
      <trkpt lat="48.035290" lon="-4.022420">
        <ele>78.990037</ele>
        <time>2026-07-03T12:16:17.092Z</time>
      </trkpt>
      <trkpt lat="48.035265" lon="-4.022729">
        <ele>79.554444</ele>
        <time>2026-07-03T12:16:26.903Z</time>
      </trkpt>
      <trkpt lat="48.034920" lon="-4.024174">
        <ele>80.665064</ele>
        <time>2026-07-03T12:17:11.923Z</time>
      </trkpt>
      <trkpt lat="48.034405" lon="-4.025936">
        <ele>80.016761</ele>
        <time>2026-07-03T12:18:03.664Z</time>
      </trkpt>
      <trkpt lat="48.034351" lon="-4.026192">
        <ele>79.605398</ele>
        <time>2026-07-03T12:18:10.670Z</time>
      </trkpt>
      <trkpt lat="48.034336" lon="-4.026412">
        <ele>79.266512</ele>
        <time>2026-07-03T12:18:16.436Z</time>
      </trkpt>
      <trkpt lat="48.034371" lon="-4.026837">
        <ele>78.610302</ele>
        <time>2026-07-03T12:18:27.545Z</time>
      </trkpt>
      <trkpt lat="48.034379" lon="-4.026942">
        <ele>78.448354</ele>
        <time>2026-07-03T12:18:30.772Z</time>
      </trkpt>
      <trkpt lat="48.034207" lon="-4.028283">
        <ele>74.843967</ele>
        <time>2026-07-03T12:19:11.184Z</time>
      </trkpt>
      <trkpt lat="48.034037" lon="-4.028215">
        <ele>73.781198</ele>
        <time>2026-07-03T12:19:18.631Z</time>
      </trkpt>
      <trkpt lat="48.033316" lon="-4.027774">
        <ele>69.076743</ele>
        <time>2026-07-03T12:19:50.711Z</time>
      </trkpt>
      <trkpt lat="48.033204" lon="-4.027821">
        <ele>68.374216</ele>
        <time>2026-07-03T12:19:55.476Z</time>
      </trkpt>
      <trkpt lat="48.033185" lon="-4.027840">
        <ele>68.236179</ele>
        <time>2026-07-03T12:19:56.416Z</time>
      </trkpt>
      <trkpt lat="48.033167" lon="-4.027860">
        <ele>68.100750</ele>
        <time>2026-07-03T12:19:57.338Z</time>
      </trkpt>
      <trkpt lat="48.033150" lon="-4.027882">
        <ele>67.964977</ele>
        <time>2026-07-03T12:19:58.263Z</time>
      </trkpt>
      <trkpt lat="48.033133" lon="-4.027905">
        <ele>67.826528</ele>
        <time>2026-07-03T12:19:59.205Z</time>
      </trkpt>
      <trkpt lat="48.033123" lon="-4.027933">
        <ele>67.698333</ele>
        <time>2026-07-03T12:20:00.078Z</time>
      </trkpt>
      <trkpt lat="48.033113" lon="-4.027962">
        <ele>67.566563</ele>
        <time>2026-07-03T12:20:00.976Z</time>
      </trkpt>
      <trkpt lat="48.033109" lon="-4.027987">
        <ele>67.462751</ele>
        <time>2026-07-03T12:20:01.682Z</time>
      </trkpt>
      <trkpt lat="48.033106" lon="-4.028013">
        <ele>67.356199</ele>
        <time>2026-07-03T12:20:02.408Z</time>
      </trkpt>
      <trkpt lat="48.033105" lon="-4.028034">
        <ele>67.271177</ele>
        <time>2026-07-03T12:20:02.987Z</time>
      </trkpt>
      <trkpt lat="48.033104" lon="-4.028055">
        <ele>67.186154</ele>
        <time>2026-07-03T12:20:03.566Z</time>
      </trkpt>
      <trkpt lat="48.033099" lon="-4.028075">
        <ele>67.099924</ele>
        <time>2026-07-03T12:20:04.153Z</time>
      </trkpt>
      <trkpt lat="48.033094" lon="-4.028095">
        <ele>67.013695</ele>
        <time>2026-07-03T12:20:04.740Z</time>
      </trkpt>
      <trkpt lat="48.033088" lon="-4.028115">
        <ele>66.925170</ele>
        <time>2026-07-03T12:20:05.343Z</time>
      </trkpt>
      <trkpt lat="48.033081" lon="-4.028136">
        <ele>66.830409</ele>
        <time>2026-07-03T12:20:05.988Z</time>
      </trkpt>
      <trkpt lat="48.033078" lon="-4.028156">
        <ele>66.747632</ele>
        <time>2026-07-03T12:20:06.552Z</time>
      </trkpt>
      <trkpt lat="48.033076" lon="-4.028177">
        <ele>66.661968</ele>
        <time>2026-07-03T12:20:07.136Z</time>
      </trkpt>
      <trkpt lat="48.033077" lon="-4.028194">
        <ele>66.593049</ele>
        <time>2026-07-03T12:20:07.605Z</time>
      </trkpt>
      <trkpt lat="48.033079" lon="-4.028211">
        <ele>66.523341</ele>
        <time>2026-07-03T12:20:08.080Z</time>
      </trkpt>
      <trkpt lat="48.033078" lon="-4.028228">
        <ele>66.454421</ele>
        <time>2026-07-03T12:20:08.549Z</time>
      </trkpt>
      <trkpt lat="48.033076" lon="-4.028245">
        <ele>66.393322</ele>
        <time>2026-07-03T12:20:09.024Z</time>
      </trkpt>
      <trkpt lat="48.033069" lon="-4.028267">
        <ele>66.320423</ele>
        <time>2026-07-03T12:20:09.694Z</time>
      </trkpt>
      <trkpt lat="48.033061" lon="-4.028289">
        <ele>66.245492</ele>
        <time>2026-07-03T12:20:10.384Z</time>
      </trkpt>
      <trkpt lat="48.033051" lon="-4.028315">
        <ele>66.155746</ele>
        <time>2026-07-03T12:20:11.209Z</time>
      </trkpt>
      <trkpt lat="48.033040" lon="-4.028340">
        <ele>66.066202</ele>
        <time>2026-07-03T12:20:12.032Z</time>
      </trkpt>
      <trkpt lat="48.033030" lon="-4.028368">
        <ele>65.971221</ele>
        <time>2026-07-03T12:20:12.906Z</time>
      </trkpt>
      <trkpt lat="48.033020" lon="-4.028395">
        <ele>65.878869</ele>
        <time>2026-07-03T12:20:13.755Z</time>
      </trkpt>
      <trkpt lat="48.033011" lon="-4.028422">
        <ele>65.788601</ele>
        <time>2026-07-03T12:20:14.585Z</time>
      </trkpt>
      <trkpt lat="48.033003" lon="-4.028449">
        <ele>65.700237</ele>
        <time>2026-07-03T12:20:15.398Z</time>
      </trkpt>
      <trkpt lat="48.032995" lon="-4.028475">
        <ele>65.614601</ele>
        <time>2026-07-03T12:20:16.186Z</time>
      </trkpt>
      <trkpt lat="48.032988" lon="-4.028501">
        <ele>65.530736</ele>
        <time>2026-07-03T12:20:16.957Z</time>
      </trkpt>
      <trkpt lat="48.032985" lon="-4.028526">
        <ele>65.454738</ele>
        <time>2026-07-03T12:20:17.657Z</time>
      </trkpt>
      <trkpt lat="48.032983" lon="-4.028550">
        <ele>65.382371</ele>
        <time>2026-07-03T12:20:18.322Z</time>
      </trkpt>
      <trkpt lat="48.032981" lon="-4.028573">
        <ele>65.312972</ele>
        <time>2026-07-03T12:20:18.961Z</time>
      </trkpt>
      <trkpt lat="48.032980" lon="-4.028596">
        <ele>65.244007</ele>
        <time>2026-07-03T12:20:19.595Z</time>
      </trkpt>
      <trkpt lat="48.032976" lon="-4.028622">
        <ele>65.164179</ele>
        <time>2026-07-03T12:20:20.329Z</time>
      </trkpt>
      <trkpt lat="48.032972" lon="-4.028647">
        <ele>65.087264</ele>
        <time>2026-07-03T12:20:21.036Z</time>
      </trkpt>
      <trkpt lat="48.032966" lon="-4.028674">
        <ele>65.002131</ele>
        <time>2026-07-03T12:20:21.820Z</time>
      </trkpt>
      <trkpt lat="48.032960" lon="-4.028700">
        <ele>64.919833</ele>
        <time>2026-07-03T12:20:22.577Z</time>
      </trkpt>
      <trkpt lat="48.032954" lon="-4.028726">
        <ele>64.837535</ele>
        <time>2026-07-03T12:20:23.335Z</time>
      </trkpt>
      <trkpt lat="48.032949" lon="-4.028753">
        <ele>64.753706</ele>
        <time>2026-07-03T12:20:24.106Z</time>
      </trkpt>
      <trkpt lat="48.032946" lon="-4.028780">
        <ele>64.671811</ele>
        <time>2026-07-03T12:20:24.859Z</time>
      </trkpt>
      <trkpt lat="48.032943" lon="-4.028808">
        <ele>64.586962</ele>
        <time>2026-07-03T12:20:25.640Z</time>
      </trkpt>
      <trkpt lat="48.032945" lon="-4.028837">
        <ele>64.499729</ele>
        <time>2026-07-03T12:20:26.442Z</time>
      </trkpt>
      <trkpt lat="48.032946" lon="-4.028866">
        <ele>64.412842</ele>
        <time>2026-07-03T12:20:27.241Z</time>
      </trkpt>
      <trkpt lat="48.032951" lon="-4.028894">
        <ele>64.326126</ele>
        <time>2026-07-03T12:20:28.038Z</time>
      </trkpt>
      <trkpt lat="48.032957" lon="-4.028922">
        <ele>64.238149</ele>
        <time>2026-07-03T12:20:28.848Z</time>
      </trkpt>
      <trkpt lat="48.032965" lon="-4.028946">
        <ele>64.157910</ele>
        <time>2026-07-03T12:20:29.586Z</time>
      </trkpt>
      <trkpt lat="48.032973" lon="-4.028971">
        <ele>64.074982</ele>
        <time>2026-07-03T12:20:30.349Z</time>
      </trkpt>
      <trkpt lat="48.032983" lon="-4.028993">
        <ele>63.995387</ele>
        <time>2026-07-03T12:20:31.081Z</time>
      </trkpt>
      <trkpt lat="48.032992" lon="-4.029016">
        <ele>63.915651</ele>
        <time>2026-07-03T12:20:31.815Z</time>
      </trkpt>
      <trkpt lat="48.033001" lon="-4.029035">
        <ele>63.845982</ele>
        <time>2026-07-03T12:20:32.455Z</time>
      </trkpt>
      <trkpt lat="48.033010" lon="-4.029053">
        <ele>63.778732</ele>
        <time>2026-07-03T12:20:33.073Z</time>
      </trkpt>
      <trkpt lat="48.033018" lon="-4.029067">
        <ele>63.723631</ele>
        <time>2026-07-03T12:20:33.580Z</time>
      </trkpt>
      <trkpt lat="48.033026" lon="-4.029080">
        <ele>63.670768</ele>
        <time>2026-07-03T12:20:34.066Z</time>
      </trkpt>
      <trkpt lat="48.033034" lon="-4.029087">
        <ele>63.629294</ele>
        <time>2026-07-03T12:20:34.447Z</time>
      </trkpt>
      <trkpt lat="48.033042" lon="-4.029094">
        <ele>63.587821</ele>
        <time>2026-07-03T12:20:34.828Z</time>
      </trkpt>
      <trkpt lat="48.033050" lon="-4.029098">
        <ele>63.550076</ele>
        <time>2026-07-03T12:20:35.175Z</time>
      </trkpt>
      <trkpt lat="48.033058" lon="-4.029102">
        <ele>63.512332</ele>
        <time>2026-07-03T12:20:35.523Z</time>
      </trkpt>
      <trkpt lat="48.033065" lon="-4.029104">
        <ele>63.480444</ele>
        <time>2026-07-03T12:20:35.816Z</time>
      </trkpt>
      <trkpt lat="48.033073" lon="-4.029106">
        <ele>63.444150</ele>
        <time>2026-07-03T12:20:36.150Z</time>
      </trkpt>
      <trkpt lat="48.033082" lon="-4.029115">
        <ele>63.395705</ele>
        <time>2026-07-03T12:20:36.595Z</time>
      </trkpt>
      <trkpt lat="48.033091" lon="-4.029124">
        <ele>63.347260</ele>
        <time>2026-07-03T12:20:37.040Z</time>
      </trkpt>
      <trkpt lat="48.033103" lon="-4.029144">
        <ele>63.266859</ele>
        <time>2026-07-03T12:20:37.779Z</time>
      </trkpt>
      <trkpt lat="48.033115" lon="-4.029163">
        <ele>63.188660</ele>
        <time>2026-07-03T12:20:38.498Z</time>
      </trkpt>
      <trkpt lat="48.033128" lon="-4.029187">
        <ele>63.096245</ele>
        <time>2026-07-03T12:20:39.347Z</time>
      </trkpt>
      <trkpt lat="48.033141" lon="-4.029210">
        <ele>63.006135</ele>
        <time>2026-07-03T12:20:40.175Z</time>
      </trkpt>
      <trkpt lat="48.033155" lon="-4.029230">
        <ele>62.919501</ele>
        <time>2026-07-03T12:20:40.971Z</time>
      </trkpt>
      <trkpt lat="48.033170" lon="-4.029250">
        <ele>62.829579</ele>
        <time>2026-07-03T12:20:41.797Z</time>
      </trkpt>
      <trkpt lat="48.033183" lon="-4.029262">
        <ele>62.761221</ele>
        <time>2026-07-03T12:20:42.425Z</time>
      </trkpt>
      <trkpt lat="48.033197" lon="-4.029274">
        <ele>62.689016</ele>
        <time>2026-07-03T12:20:43.087Z</time>
      </trkpt>
      <trkpt lat="48.033210" lon="-4.029280">
        <ele>62.628140</ele>
        <time>2026-07-03T12:20:43.646Z</time>
      </trkpt>
      <trkpt lat="48.033222" lon="-4.029285">
        <ele>62.572400</ele>
        <time>2026-07-03T12:20:44.158Z</time>
      </trkpt>
      <trkpt lat="48.033234" lon="-4.029291">
        <ele>62.515783</ele>
        <time>2026-07-03T12:20:44.678Z</time>
      </trkpt>
      <trkpt lat="48.033245" lon="-4.029296">
        <ele>62.464340</ele>
        <time>2026-07-03T12:20:45.150Z</time>
      </trkpt>
      <trkpt lat="48.033251" lon="-4.029306">
        <ele>62.424139</ele>
        <time>2026-07-03T12:20:45.519Z</time>
      </trkpt>
      <trkpt lat="48.033257" lon="-4.029316">
        <ele>62.383939</ele>
        <time>2026-07-03T12:20:45.888Z</time>
      </trkpt>
      <trkpt lat="48.033255" lon="-4.029328">
        <ele>62.346935</ele>
        <time>2026-07-03T12:20:46.228Z</time>
      </trkpt>
      <trkpt lat="48.033254" lon="-4.029339">
        <ele>62.313719</ele>
        <time>2026-07-03T12:20:46.533Z</time>
      </trkpt>
      <trkpt lat="48.033248" lon="-4.029350">
        <ele>62.271244</ele>
        <time>2026-07-03T12:20:46.923Z</time>
      </trkpt>
      <trkpt lat="48.033242" lon="-4.029360">
        <ele>62.231044</ele>
        <time>2026-07-03T12:20:47.293Z</time>
      </trkpt>
      <trkpt lat="48.033242" lon="-4.029372">
        <ele>62.195138</ele>
        <time>2026-07-03T12:20:47.622Z</time>
      </trkpt>
      <trkpt lat="48.033242" lon="-4.029384">
        <ele>62.159233</ele>
        <time>2026-07-03T12:20:47.952Z</time>
      </trkpt>
      <trkpt lat="48.033249" lon="-4.029403">
        <ele>62.094325</ele>
        <time>2026-07-03T12:20:48.548Z</time>
      </trkpt>
      <trkpt lat="48.033256" lon="-4.029422">
        <ele>62.029417</ele>
        <time>2026-07-03T12:20:49.144Z</time>
      </trkpt>
      <trkpt lat="48.033263" lon="-4.029446">
        <ele>61.951072</ele>
        <time>2026-07-03T12:20:49.863Z</time>
      </trkpt>
      <trkpt lat="48.033271" lon="-4.029470">
        <ele>61.870833</ele>
        <time>2026-07-03T12:20:50.599Z</time>
      </trkpt>
      <trkpt lat="48.033275" lon="-4.029491">
        <ele>61.805499</ele>
        <time>2026-07-03T12:20:51.199Z</time>
      </trkpt>
      <trkpt lat="48.033280" lon="-4.029511">
        <ele>61.741611</ele>
        <time>2026-07-03T12:20:51.785Z</time>
      </trkpt>
      <trkpt lat="48.033281" lon="-4.029528">
        <ele>61.690548</ele>
        <time>2026-07-03T12:20:52.254Z</time>
      </trkpt>
      <trkpt lat="48.033282" lon="-4.029546">
        <ele>61.636504</ele>
        <time>2026-07-03T12:20:52.750Z</time>
      </trkpt>
      <trkpt lat="48.033281" lon="-4.029568">
        <ele>61.570526</ele>
        <time>2026-07-03T12:20:53.356Z</time>
      </trkpt>
      <trkpt lat="48.033280" lon="-4.029591">
        <ele>61.501561</ele>
        <time>2026-07-03T12:20:53.989Z</time>
      </trkpt>
      <trkpt lat="48.033278" lon="-4.029618">
        <ele>61.420280</ele>
        <time>2026-07-03T12:20:54.735Z</time>
      </trkpt>
      <trkpt lat="48.033276" lon="-4.029644">
        <ele>61.341971</ele>
        <time>2026-07-03T12:20:55.454Z</time>
      </trkpt>
      <trkpt lat="48.033270" lon="-4.029667">
        <ele>61.268101</ele>
        <time>2026-07-03T12:20:56.132Z</time>
      </trkpt>
      <trkpt lat="48.033264" lon="-4.029690">
        <ele>61.194230</ele>
        <time>2026-07-03T12:20:56.810Z</time>
      </trkpt>
      <trkpt lat="48.033255" lon="-4.029710">
        <ele>61.122099</ele>
        <time>2026-07-03T12:20:57.472Z</time>
      </trkpt>
      <trkpt lat="48.033247" lon="-4.029730">
        <ele>61.052367</ele>
        <time>2026-07-03T12:20:58.112Z</time>
      </trkpt>
      <trkpt lat="48.033238" lon="-4.029749">
        <ele>60.982698</ele>
        <time>2026-07-03T12:20:58.752Z</time>
      </trkpt>
      <trkpt lat="48.033230" lon="-4.029769">
        <ele>60.912967</ele>
        <time>2026-07-03T12:20:59.392Z</time>
      </trkpt>
      <trkpt lat="48.033226" lon="-4.029788">
        <ele>60.853365</ele>
        <time>2026-07-03T12:20:59.939Z</time>
      </trkpt>
      <trkpt lat="48.033221" lon="-4.029807">
        <ele>60.792271</ele>
        <time>2026-07-03T12:21:00.500Z</time>
      </trkpt>
      <trkpt lat="48.033224" lon="-4.029828">
        <ele>60.728018</ele>
        <time>2026-07-03T12:21:01.090Z</time>
      </trkpt>
      <trkpt lat="48.033227" lon="-4.029849">
        <ele>60.663765</ele>
        <time>2026-07-03T12:21:01.679Z</time>
      </trkpt>
      <trkpt lat="48.033237" lon="-4.029866">
        <ele>60.596019</ele>
        <time>2026-07-03T12:21:02.301Z</time>
      </trkpt>
      <trkpt lat="48.033247" lon="-4.029883">
        <ele>60.528273</ele>
        <time>2026-07-03T12:21:02.923Z</time>
      </trkpt>
      <trkpt lat="48.033260" lon="-4.029896">
        <ele>60.458297</ele>
        <time>2026-07-03T12:21:03.565Z</time>
      </trkpt>
      <trkpt lat="48.033273" lon="-4.029909">
        <ele>60.388320</ele>
        <time>2026-07-03T12:21:04.207Z</time>
      </trkpt>
      <trkpt lat="48.033287" lon="-4.029921">
        <ele>60.316116</ele>
        <time>2026-07-03T12:21:04.870Z</time>
      </trkpt>
      <trkpt lat="48.033301" lon="-4.029933">
        <ele>60.243912</ele>
        <time>2026-07-03T12:21:05.533Z</time>
      </trkpt>
      <trkpt lat="48.033315" lon="-4.029943">
        <ele>60.174489</ele>
        <time>2026-07-03T12:21:06.170Z</time>
      </trkpt>
      <trkpt lat="48.033328" lon="-4.029954">
        <ele>60.107653</ele>
        <time>2026-07-03T12:21:06.784Z</time>
      </trkpt>
      <trkpt lat="48.033340" lon="-4.029965">
        <ele>60.044674</ele>
        <time>2026-07-03T12:21:07.362Z</time>
      </trkpt>
      <trkpt lat="48.033352" lon="-4.029977">
        <ele>59.980080</ele>
        <time>2026-07-03T12:21:07.955Z</time>
      </trkpt>
      <trkpt lat="48.033364" lon="-4.029989">
        <ele>59.915487</ele>
        <time>2026-07-03T12:21:08.548Z</time>
      </trkpt>
      <trkpt lat="48.033376" lon="-4.030001">
        <ele>59.850893</ele>
        <time>2026-07-03T12:21:09.140Z</time>
      </trkpt>
      <trkpt lat="48.033388" lon="-4.030012">
        <ele>59.787914</ele>
        <time>2026-07-03T12:21:09.718Z</time>
      </trkpt>
      <trkpt lat="48.033400" lon="-4.030024">
        <ele>59.723320</ele>
        <time>2026-07-03T12:21:10.311Z</time>
      </trkpt>
      <trkpt lat="48.033412" lon="-4.030033">
        <ele>59.663251</ele>
        <time>2026-07-03T12:21:10.862Z</time>
      </trkpt>
      <trkpt lat="48.033423" lon="-4.030042">
        <ele>59.607146</ele>
        <time>2026-07-03T12:21:11.377Z</time>
      </trkpt>
      <trkpt lat="48.033435" lon="-4.030052">
        <ele>59.545677</ele>
        <time>2026-07-03T12:21:11.942Z</time>
      </trkpt>
      <trkpt lat="48.033446" lon="-4.030062">
        <ele>59.488076</ele>
        <time>2026-07-03T12:21:12.470Z</time>
      </trkpt>
      <trkpt lat="48.033456" lon="-4.030074">
        <ele>59.430706</ele>
        <time>2026-07-03T12:21:12.997Z</time>
      </trkpt>
      <trkpt lat="48.033465" lon="-4.030086">
        <ele>59.376752</ele>
        <time>2026-07-03T12:21:13.492Z</time>
      </trkpt>
      <trkpt lat="48.033474" lon="-4.030099">
        <ele>59.320763</ele>
        <time>2026-07-03T12:21:14.006Z</time>
      </trkpt>
      <trkpt lat="48.033482" lon="-4.030112">
        <ele>59.267901</ele>
        <time>2026-07-03T12:21:14.491Z</time>
      </trkpt>
      <trkpt lat="48.033491" lon="-4.030124">
        <ele>59.213948</ele>
        <time>2026-07-03T12:21:14.986Z</time>
      </trkpt>
      <trkpt lat="48.033499" lon="-4.030137">
        <ele>59.161086</ele>
        <time>2026-07-03T12:21:15.471Z</time>
      </trkpt>
      <trkpt lat="48.033509" lon="-4.030150">
        <ele>59.101797</ele>
        <time>2026-07-03T12:21:16.015Z</time>
      </trkpt>
      <trkpt lat="48.033520" lon="-4.030162">
        <ele>59.040872</ele>
        <time>2026-07-03T12:21:16.574Z</time>
      </trkpt>
      <trkpt lat="48.033532" lon="-4.030176">
        <ele>58.972770</ele>
        <time>2026-07-03T12:21:17.199Z</time>
      </trkpt>
      <trkpt lat="48.033544" lon="-4.030189">
        <ele>58.906467</ele>
        <time>2026-07-03T12:21:17.808Z</time>
      </trkpt>
      <trkpt lat="48.033557" lon="-4.030201">
        <ele>58.838108</ele>
        <time>2026-07-03T12:21:18.435Z</time>
      </trkpt>
      <trkpt lat="48.033570" lon="-4.030213">
        <ele>58.769750</ele>
        <time>2026-07-03T12:21:19.063Z</time>
      </trkpt>
      <trkpt lat="48.033581" lon="-4.030224">
        <ele>58.710539</ele>
        <time>2026-07-03T12:21:19.606Z</time>
      </trkpt>
      <trkpt lat="48.033592" lon="-4.030236">
        <ele>58.649615</ele>
        <time>2026-07-03T12:21:20.165Z</time>
      </trkpt>
      <trkpt lat="48.033602" lon="-4.030249">
        <ele>58.590326</ele>
        <time>2026-07-03T12:21:20.709Z</time>
      </trkpt>
      <trkpt lat="48.033612" lon="-4.030262">
        <ele>58.531037</ele>
        <time>2026-07-03T12:21:21.253Z</time>
      </trkpt>
      <trkpt lat="48.033621" lon="-4.030276">
        <ele>58.472929</ele>
        <time>2026-07-03T12:21:21.786Z</time>
      </trkpt>
      <trkpt lat="48.033631" lon="-4.030289">
        <ele>58.413640</ele>
        <time>2026-07-03T12:21:22.331Z</time>
      </trkpt>
      <trkpt lat="48.033641" lon="-4.030301">
        <ele>58.377913</ele>
        <time>2026-07-03T12:21:22.857Z</time>
      </trkpt>
      <trkpt lat="48.033651" lon="-4.030313">
        <ele>58.412273</ele>
        <time>2026-07-03T12:21:23.383Z</time>
      </trkpt>
      <trkpt lat="48.033663" lon="-4.030324">
        <ele>58.449993</ele>
        <time>2026-07-03T12:21:23.961Z</time>
      </trkpt>
      <trkpt lat="48.033674" lon="-4.030334">
        <ele>58.484491</ele>
        <time>2026-07-03T12:21:24.490Z</time>
      </trkpt>
      <trkpt lat="48.033686" lon="-4.030345">
        <ele>58.522211</ele>
        <time>2026-07-03T12:21:25.068Z</time>
      </trkpt>
      <trkpt lat="48.033698" lon="-4.030356">
        <ele>58.559930</ele>
        <time>2026-07-03T12:21:25.646Z</time>
      </trkpt>
      <trkpt lat="48.033712" lon="-4.030367">
        <ele>58.602312</ele>
        <time>2026-07-03T12:21:26.296Z</time>
      </trkpt>
      <trkpt lat="48.033726" lon="-4.030379">
        <ele>58.645556</ele>
        <time>2026-07-03T12:21:26.958Z</time>
      </trkpt>
      <trkpt lat="48.033739" lon="-4.030392">
        <ele>58.687466</ele>
        <time>2026-07-03T12:21:27.600Z</time>
      </trkpt>
      <trkpt lat="48.033753" lon="-4.030404">
        <ele>58.730710</ele>
        <time>2026-07-03T12:21:28.263Z</time>
      </trkpt>
      <trkpt lat="48.033766" lon="-4.030417">
        <ele>58.772620</ele>
        <time>2026-07-03T12:21:28.905Z</time>
      </trkpt>
      <trkpt lat="48.033779" lon="-4.030430">
        <ele>58.814530</ele>
        <time>2026-07-03T12:21:29.547Z</time>
      </trkpt>
      <trkpt lat="48.033793" lon="-4.030443">
        <ele>58.858693</ele>
        <time>2026-07-03T12:21:30.224Z</time>
      </trkpt>
      <trkpt lat="48.033807" lon="-4.030457">
        <ele>58.903827</ele>
        <time>2026-07-03T12:21:30.915Z</time>
      </trkpt>
      <trkpt lat="48.033822" lon="-4.030468">
        <ele>58.948598</ele>
        <time>2026-07-03T12:21:31.601Z</time>
      </trkpt>
      <trkpt lat="48.033836" lon="-4.030479">
        <ele>58.990980</ele>
        <time>2026-07-03T12:21:32.251Z</time>
      </trkpt>
      <trkpt lat="48.033849" lon="-4.030487">
        <ele>59.028653</ele>
        <time>2026-07-03T12:21:32.828Z</time>
      </trkpt>
      <trkpt lat="48.033862" lon="-4.030495">
        <ele>59.066326</ele>
        <time>2026-07-03T12:21:33.405Z</time>
      </trkpt>
      <trkpt lat="48.033875" lon="-4.030502">
        <ele>59.103354</ele>
        <time>2026-07-03T12:21:33.972Z</time>
      </trkpt>
      <trkpt lat="48.033887" lon="-4.030508">
        <ele>59.137263</ele>
        <time>2026-07-03T12:21:34.492Z</time>
      </trkpt>
      <trkpt lat="48.033899" lon="-4.030515">
        <ele>59.171781</ele>
        <time>2026-07-03T12:21:35.021Z</time>
      </trkpt>
      <trkpt lat="48.033911" lon="-4.030522">
        <ele>59.206300</ele>
        <time>2026-07-03T12:21:35.550Z</time>
      </trkpt>
      <trkpt lat="48.033923" lon="-4.030531">
        <ele>59.242276</ele>
        <time>2026-07-03T12:21:36.101Z</time>
      </trkpt>
      <trkpt lat="48.033935" lon="-4.030539">
        <ele>59.277486</ele>
        <time>2026-07-03T12:21:36.640Z</time>
      </trkpt>
      <trkpt lat="48.033948" lon="-4.030547">
        <ele>59.315159</ele>
        <time>2026-07-03T12:21:37.217Z</time>
      </trkpt>
      <trkpt lat="48.033961" lon="-4.030556">
        <ele>59.353550</ele>
        <time>2026-07-03T12:21:37.805Z</time>
      </trkpt>
      <trkpt lat="48.033974" lon="-4.030564">
        <ele>59.391223</ele>
        <time>2026-07-03T12:21:38.383Z</time>
      </trkpt>
      <trkpt lat="48.033988" lon="-4.030573">
        <ele>59.432061</ele>
        <time>2026-07-03T12:21:39.008Z</time>
      </trkpt>
      <trkpt lat="48.034001" lon="-4.030581">
        <ele>59.469734</ele>
        <time>2026-07-03T12:21:39.585Z</time>
      </trkpt>
      <trkpt lat="48.034015" lon="-4.030589">
        <ele>59.509898</ele>
        <time>2026-07-03T12:21:40.201Z</time>
      </trkpt>
      <trkpt lat="48.034028" lon="-4.030594">
        <ele>59.545870</ele>
        <time>2026-07-03T12:21:40.752Z</time>
      </trkpt>
      <trkpt lat="48.034041" lon="-4.030599">
        <ele>59.581843</ele>
        <time>2026-07-03T12:21:41.303Z</time>
      </trkpt>
      <trkpt lat="48.034055" lon="-4.030604">
        <ele>59.620416</ele>
        <time>2026-07-03T12:21:41.894Z</time>
      </trkpt>
      <trkpt lat="48.034069" lon="-4.030609">
        <ele>59.658990</ele>
        <time>2026-07-03T12:21:42.485Z</time>
      </trkpt>
      <trkpt lat="48.034087" lon="-4.030619">
        <ele>59.710449</ele>
        <time>2026-07-03T12:21:43.274Z</time>
      </trkpt>
      <trkpt lat="48.034105" lon="-4.030629">
        <ele>59.761908</ele>
        <time>2026-07-03T12:21:44.062Z</time>
      </trkpt>
      <trkpt lat="48.034124" lon="-4.030642">
        <ele>59.817902</ele>
        <time>2026-07-03T12:21:44.920Z</time>
      </trkpt>
      <trkpt lat="48.034143" lon="-4.030656">
        <ele>59.874665</ele>
        <time>2026-07-03T12:21:45.790Z</time>
      </trkpt>
      <trkpt lat="48.034163" lon="-4.030675">
        <ele>59.938163</ele>
        <time>2026-07-03T12:21:46.763Z</time>
      </trkpt>
      <trkpt lat="48.034184" lon="-4.030694">
        <ele>60.003939</ele>
        <time>2026-07-03T12:21:47.771Z</time>
      </trkpt>
      <trkpt lat="48.034207" lon="-4.030711">
        <ele>60.072694</ele>
        <time>2026-07-03T12:21:48.825Z</time>
      </trkpt>
      <trkpt lat="48.034229" lon="-4.030729">
        <ele>60.139899</ele>
        <time>2026-07-03T12:21:49.855Z</time>
      </trkpt>
      <trkpt lat="48.034254" lon="-4.030736">
        <ele>60.208060</ele>
        <time>2026-07-03T12:21:50.899Z</time>
      </trkpt>
      <trkpt lat="48.034278" lon="-4.030742">
        <ele>60.273270</ele>
        <time>2026-07-03T12:21:51.899Z</time>
      </trkpt>
      <trkpt lat="48.034302" lon="-4.030744">
        <ele>60.337687</ele>
        <time>2026-07-03T12:21:52.886Z</time>
      </trkpt>
      <trkpt lat="48.034326" lon="-4.030746">
        <ele>60.402105</ele>
        <time>2026-07-03T12:21:53.873Z</time>
      </trkpt>
      <trkpt lat="48.034348" lon="-4.030752">
        <ele>60.462035</ele>
        <time>2026-07-03T12:21:54.792Z</time>
      </trkpt>
      <trkpt lat="48.034371" lon="-4.030758">
        <ele>60.524603</ele>
        <time>2026-07-03T12:21:55.751Z</time>
      </trkpt>
      <trkpt lat="48.034392" lon="-4.030766">
        <ele>60.582678</ele>
        <time>2026-07-03T12:21:56.641Z</time>
      </trkpt>
      <trkpt lat="48.034413" lon="-4.030775">
        <ele>60.641221</ele>
        <time>2026-07-03T12:21:57.538Z</time>
      </trkpt>
      <trkpt lat="48.034434" lon="-4.030781">
        <ele>60.698517</ele>
        <time>2026-07-03T12:21:58.417Z</time>
      </trkpt>
      <trkpt lat="48.034455" lon="-4.030788">
        <ele>60.756175</ele>
        <time>2026-07-03T12:21:59.301Z</time>
      </trkpt>
      <trkpt lat="48.034475" lon="-4.030797">
        <ele>60.812147</ele>
        <time>2026-07-03T12:22:00.159Z</time>
      </trkpt>
      <trkpt lat="48.034496" lon="-4.030806">
        <ele>60.870690</ele>
        <time>2026-07-03T12:22:01.057Z</time>
      </trkpt>
      <trkpt lat="48.034517" lon="-4.030817">
        <ele>60.930320</ele>
        <time>2026-07-03T12:22:01.971Z</time>
      </trkpt>
      <trkpt lat="48.034539" lon="-4.030827">
        <ele>60.991941</ele>
        <time>2026-07-03T12:22:02.917Z</time>
      </trkpt>
      <trkpt lat="48.034562" lon="-4.030833">
        <ele>61.054509</ele>
        <time>2026-07-03T12:22:03.876Z</time>
      </trkpt>
      <trkpt lat="48.034585" lon="-4.030839">
        <ele>61.117078</ele>
        <time>2026-07-03T12:22:04.835Z</time>
      </trkpt>
      <trkpt lat="48.034607" lon="-4.030842">
        <ele>61.176280</ele>
        <time>2026-07-03T12:22:05.743Z</time>
      </trkpt>
      <trkpt lat="48.034630" lon="-4.030844">
        <ele>61.238022</ele>
        <time>2026-07-03T12:22:06.690Z</time>
      </trkpt>
      <trkpt lat="48.034652" lon="-4.030841">
        <ele>61.297224</ele>
        <time>2026-07-03T12:22:07.598Z</time>
      </trkpt>
      <trkpt lat="48.034674" lon="-4.030838">
        <ele>61.356426</ele>
        <time>2026-07-03T12:22:08.505Z</time>
      </trkpt>
      <trkpt lat="48.034694" lon="-4.030827">
        <ele>61.413534</ele>
        <time>2026-07-03T12:22:09.381Z</time>
      </trkpt>
      <trkpt lat="48.034713" lon="-4.030817">
        <ele>61.467513</ele>
        <time>2026-07-03T12:22:10.208Z</time>
      </trkpt>
      <trkpt lat="48.034732" lon="-4.030798">
        <ele>61.528766</ele>
        <time>2026-07-03T12:22:11.148Z</time>
      </trkpt>
      <trkpt lat="48.034751" lon="-4.030780">
        <ele>61.589041</ele>
        <time>2026-07-03T12:22:12.072Z</time>
      </trkpt>
      <trkpt lat="48.034767" lon="-4.030758">
        <ele>61.647288</ele>
        <time>2026-07-03T12:22:12.965Z</time>
      </trkpt>
      <trkpt lat="48.034783" lon="-4.030737">
        <ele>61.704338</ele>
        <time>2026-07-03T12:22:13.840Z</time>
      </trkpt>
      <trkpt lat="48.034798" lon="-4.030717">
        <ele>61.758193</ele>
        <time>2026-07-03T12:22:14.665Z</time>
      </trkpt>
      <trkpt lat="48.034813" lon="-4.030698">
        <ele>61.810873</ele>
        <time>2026-07-03T12:22:15.473Z</time>
      </trkpt>
      <trkpt lat="48.034828" lon="-4.030683">
        <ele>61.859231</ele>
        <time>2026-07-03T12:22:16.214Z</time>
      </trkpt>
      <trkpt lat="48.034843" lon="-4.030668">
        <ele>61.907588</ele>
        <time>2026-07-03T12:22:16.955Z</time>
      </trkpt>
      <trkpt lat="48.034854" lon="-4.030655">
        <ele>61.945161</ele>
        <time>2026-07-03T12:22:17.531Z</time>
      </trkpt>
      <trkpt lat="48.034865" lon="-4.030642">
        <ele>61.982733</ele>
        <time>2026-07-03T12:22:18.107Z</time>
      </trkpt>
      <trkpt lat="48.034874" lon="-4.030630">
        <ele>62.015046</ele>
        <time>2026-07-03T12:22:18.603Z</time>
      </trkpt>
      <trkpt lat="48.034883" lon="-4.030617">
        <ele>62.048579</ele>
        <time>2026-07-03T12:22:19.117Z</time>
      </trkpt>
      <trkpt lat="48.034893" lon="-4.030604">
        <ele>62.084087</ele>
        <time>2026-07-03T12:22:19.662Z</time>
      </trkpt>
      <trkpt lat="48.034903" lon="-4.030590">
        <ele>62.120797</ele>
        <time>2026-07-03T12:22:20.225Z</time>
      </trkpt>
      <trkpt lat="48.034913" lon="-4.030578">
        <ele>62.155157</ele>
        <time>2026-07-03T12:22:20.751Z</time>
      </trkpt>
      <trkpt lat="48.034922" lon="-4.030566">
        <ele>62.187470</ele>
        <time>2026-07-03T12:22:21.247Z</time>
      </trkpt>
      <trkpt lat="48.034932" lon="-4.030560">
        <ele>62.216345</ele>
        <time>2026-07-03T12:22:21.690Z</time>
      </trkpt>
      <trkpt lat="48.034943" lon="-4.030554">
        <ele>62.247724</ele>
        <time>2026-07-03T12:22:22.171Z</time>
      </trkpt>
      <trkpt lat="48.034958" lon="-4.030550">
        <ele>62.288556</ele>
        <time>2026-07-03T12:22:22.797Z</time>
      </trkpt>
      <trkpt lat="48.034973" lon="-4.030546">
        <ele>62.329388</ele>
        <time>2026-07-03T12:22:23.423Z</time>
      </trkpt>
      <trkpt lat="48.034992" lon="-4.030542">
        <ele>62.380808</ele>
        <time>2026-07-03T12:22:24.211Z</time>
      </trkpt>
      <trkpt lat="48.035012" lon="-4.030538">
        <ele>62.434883</ele>
        <time>2026-07-03T12:22:25.040Z</time>
      </trkpt>
      <trkpt lat="48.035036" lon="-4.030530">
        <ele>62.500779</ele>
        <time>2026-07-03T12:22:26.051Z</time>
      </trkpt>
      <trkpt lat="48.035060" lon="-4.030521">
        <ele>62.567088</ele>
        <time>2026-07-03T12:22:27.068Z</time>
      </trkpt>
      <trkpt lat="48.035084" lon="-4.030507">
        <ele>62.636125</ele>
        <time>2026-07-03T12:22:28.127Z</time>
      </trkpt>
      <trkpt lat="48.035108" lon="-4.030493">
        <ele>62.705162</ele>
        <time>2026-07-03T12:22:29.185Z</time>
      </trkpt>
      <trkpt lat="48.035129" lon="-4.030475">
        <ele>62.770028</ele>
        <time>2026-07-03T12:22:30.180Z</time>
      </trkpt>
      <trkpt lat="48.035150" lon="-4.030458">
        <ele>62.834022</ele>
        <time>2026-07-03T12:22:31.161Z</time>
      </trkpt>
      <trkpt lat="48.035167" lon="-4.030439">
        <ele>62.890897</ele>
        <time>2026-07-03T12:22:32.034Z</time>
      </trkpt>
      <trkpt lat="48.035183" lon="-4.030421">
        <ele>62.944553</ele>
        <time>2026-07-03T12:22:32.857Z</time>
      </trkpt>
      <trkpt lat="48.035201" lon="-4.030411">
        <ele>62.996012</ele>
        <time>2026-07-03T12:22:33.646Z</time>
      </trkpt>
      <trkpt lat="48.035218" lon="-4.030400">
        <ele>63.045652</ele>
        <time>2026-07-03T12:22:34.408Z</time>
      </trkpt>
      <trkpt lat="48.035236" lon="-4.030395">
        <ele>63.094715</ele>
        <time>2026-07-03T12:22:35.160Z</time>
      </trkpt>
      <trkpt lat="48.035254" lon="-4.030389">
        <ele>63.144137</ele>
        <time>2026-07-03T12:22:35.918Z</time>
      </trkpt>
      <trkpt lat="48.035271" lon="-4.030386">
        <ele>63.190026</ele>
        <time>2026-07-03T12:22:36.622Z</time>
      </trkpt>
      <trkpt lat="48.035288" lon="-4.030383">
        <ele>63.255485</ele>
        <time>2026-07-03T12:22:37.326Z</time>
      </trkpt>
      <trkpt lat="48.035304" lon="-4.030379">
        <ele>63.317518</ele>
        <time>2026-07-03T12:22:37.993Z</time>
      </trkpt>
      <trkpt lat="48.035321" lon="-4.030375">
        <ele>63.383326</ele>
        <time>2026-07-03T12:22:38.701Z</time>
      </trkpt>
      <trkpt lat="48.035336" lon="-4.030368">
        <ele>63.443414</ele>
        <time>2026-07-03T12:22:39.347Z</time>
      </trkpt>
      <trkpt lat="48.035351" lon="-4.030360">
        <ele>63.504312</ele>
        <time>2026-07-03T12:22:40.002Z</time>
      </trkpt>
      <trkpt lat="48.035363" lon="-4.030346">
        <ele>63.562512</ele>
        <time>2026-07-03T12:22:40.627Z</time>
      </trkpt>
      <trkpt lat="48.035375" lon="-4.030332">
        <ele>63.620711</ele>
        <time>2026-07-03T12:22:41.253Z</time>
      </trkpt>
      <trkpt lat="48.035382" lon="-4.030311">
        <ele>63.680711</ele>
        <time>2026-07-03T12:22:41.898Z</time>
      </trkpt>
      <trkpt lat="48.035388" lon="-4.030289">
        <ele>63.741464</ele>
        <time>2026-07-03T12:22:42.551Z</time>
      </trkpt>
      <trkpt lat="48.035387" lon="-4.030267">
        <ele>63.797848</ele>
        <time>2026-07-03T12:22:43.157Z</time>
      </trkpt>
      <trkpt lat="48.035386" lon="-4.030245">
        <ele>63.854231</ele>
        <time>2026-07-03T12:22:43.763Z</time>
      </trkpt>
      <trkpt lat="48.035385" lon="-4.030226">
        <ele>63.902965</ele>
        <time>2026-07-03T12:22:44.287Z</time>
      </trkpt>
      <trkpt lat="48.035384" lon="-4.030206">
        <ele>63.954247</ele>
        <time>2026-07-03T12:22:44.839Z</time>
      </trkpt>
      <trkpt lat="48.035384" lon="-4.030188">
        <ele>64.000273</ele>
        <time>2026-07-03T12:22:45.334Z</time>
      </trkpt>
      <trkpt lat="48.035385" lon="-4.030171">
        <ele>64.043910</ele>
        <time>2026-07-03T12:22:45.803Z</time>
      </trkpt>
      <trkpt lat="48.035388" lon="-4.030156">
        <ele>64.083944</ele>
        <time>2026-07-03T12:22:46.233Z</time>
      </trkpt>
      <trkpt lat="48.035391" lon="-4.030142">
        <ele>64.121536</ele>
        <time>2026-07-03T12:22:46.637Z</time>
      </trkpt>
      <trkpt lat="48.035398" lon="-4.030131">
        <ele>64.160364</ele>
        <time>2026-07-03T12:22:47.055Z</time>
      </trkpt>
      <trkpt lat="48.035406" lon="-4.030121">
        <ele>64.200235</ele>
        <time>2026-07-03T12:22:47.483Z</time>
      </trkpt>
      <trkpt lat="48.035419" lon="-4.030115">
        <ele>64.252261</ele>
        <time>2026-07-03T12:22:48.042Z</time>
      </trkpt>
      <trkpt lat="48.035431" lon="-4.030109">
        <ele>64.300645</ele>
        <time>2026-07-03T12:22:48.562Z</time>
      </trkpt>
      <trkpt lat="48.035447" lon="-4.030103">
        <ele>64.363724</ele>
        <time>2026-07-03T12:22:49.241Z</time>
      </trkpt>
      <trkpt lat="48.035463" lon="-4.030096">
        <ele>64.427472</ele>
        <time>2026-07-03T12:22:49.926Z</time>
      </trkpt>
      <trkpt lat="48.035476" lon="-4.030088">
        <ele>64.481228</ele>
        <time>2026-07-03T12:22:50.504Z</time>
      </trkpt>
      <trkpt lat="48.035489" lon="-4.030080">
        <ele>64.534984</ele>
        <time>2026-07-03T12:22:51.082Z</time>
      </trkpt>
      <trkpt lat="48.035497" lon="-4.030069">
        <ele>64.576542</ele>
        <time>2026-07-03T12:22:51.529Z</time>
      </trkpt>
      <trkpt lat="48.035506" lon="-4.030059">
        <ele>64.619417</ele>
        <time>2026-07-03T12:22:51.990Z</time>
      </trkpt>
      <trkpt lat="48.035512" lon="-4.030047">
        <ele>64.657730</ele>
        <time>2026-07-03T12:22:52.402Z</time>
      </trkpt>
      <trkpt lat="48.035518" lon="-4.030034">
        <ele>64.698121</ele>
        <time>2026-07-03T12:22:52.836Z</time>
      </trkpt>
      <trkpt lat="48.035526" lon="-4.030021">
        <ele>64.743296</ele>
        <time>2026-07-03T12:22:53.322Z</time>
      </trkpt>
      <trkpt lat="48.035534" lon="-4.030008">
        <ele>64.788472</ele>
        <time>2026-07-03T12:22:53.808Z</time>
      </trkpt>
      <trkpt lat="48.035543" lon="-4.029999">
        <ele>64.829873</ele>
        <time>2026-07-03T12:22:54.253Z</time>
      </trkpt>
      <trkpt lat="48.035552" lon="-4.029989">
        <ele>64.872748</ele>
        <time>2026-07-03T12:22:54.714Z</time>
      </trkpt>
      <trkpt lat="48.035561" lon="-4.029982">
        <ele>64.911540</ele>
        <time>2026-07-03T12:22:55.131Z</time>
      </trkpt>
      <trkpt lat="48.035570" lon="-4.029975">
        <ele>64.950333</ele>
        <time>2026-07-03T12:22:55.548Z</time>
      </trkpt>
      <trkpt lat="48.035581" lon="-4.029968">
        <ele>64.996046</ele>
        <time>2026-07-03T12:22:56.039Z</time>
      </trkpt>
      <trkpt lat="48.035592" lon="-4.029961">
        <ele>65.041760</ele>
        <time>2026-07-03T12:22:56.531Z</time>
      </trkpt>
      <trkpt lat="48.035605" lon="-4.029951">
        <ele>65.097663</ele>
        <time>2026-07-03T12:22:57.132Z</time>
      </trkpt>
      <trkpt lat="48.035618" lon="-4.029941">
        <ele>65.153566</ele>
        <time>2026-07-03T12:22:57.733Z</time>
      </trkpt>
      <trkpt lat="48.035632" lon="-4.029932">
        <ele>65.211838</ele>
        <time>2026-07-03T12:22:58.360Z</time>
      </trkpt>
      <trkpt lat="48.035647" lon="-4.029924">
        <ele>65.272737</ele>
        <time>2026-07-03T12:22:59.015Z</time>
      </trkpt>
      <trkpt lat="48.035660" lon="-4.029917">
        <ele>65.325573</ele>
        <time>2026-07-03T12:22:59.583Z</time>
      </trkpt>
      <trkpt lat="48.035674" lon="-4.029911">
        <ele>65.381264</ele>
        <time>2026-07-03T12:23:00.181Z</time>
      </trkpt>
      <trkpt lat="48.035688" lon="-4.029905">
        <ele>65.436955</ele>
        <time>2026-07-03T12:23:00.780Z</time>
      </trkpt>
      <trkpt lat="48.035701" lon="-4.029900">
        <ele>65.488284</ele>
        <time>2026-07-03T12:23:01.331Z</time>
      </trkpt>
      <trkpt lat="48.035713" lon="-4.029892">
        <ele>65.538525</ele>
        <time>2026-07-03T12:23:01.871Z</time>
      </trkpt>
      <trkpt lat="48.035725" lon="-4.029884">
        <ele>65.588766</ele>
        <time>2026-07-03T12:23:02.411Z</time>
      </trkpt>
      <trkpt lat="48.035735" lon="-4.029871">
        <ele>65.639434</ele>
        <time>2026-07-03T12:23:02.956Z</time>
      </trkpt>
      <trkpt lat="48.035746" lon="-4.029859">
        <ele>65.691500</ele>
        <time>2026-07-03T12:23:03.516Z</time>
      </trkpt>
      <trkpt lat="48.035751" lon="-4.029843">
        <ele>65.736659</ele>
        <time>2026-07-03T12:23:04.001Z</time>
      </trkpt>
      <trkpt lat="48.035757" lon="-4.029828">
        <ele>65.781353</ele>
        <time>2026-07-03T12:23:04.482Z</time>
      </trkpt>
      <trkpt lat="48.035760" lon="-4.029814">
        <ele>65.818944</ele>
        <time>2026-07-03T12:23:04.886Z</time>
      </trkpt>
      <trkpt lat="48.035763" lon="-4.029800">
        <ele>65.856535</ele>
        <time>2026-07-03T12:23:05.290Z</time>
      </trkpt>
      <trkpt lat="48.035764" lon="-4.029789">
        <ele>65.884921</ele>
        <time>2026-07-03T12:23:05.595Z</time>
      </trkpt>
      <trkpt lat="48.035765" lon="-4.029779">
        <ele>65.910775</ele>
        <time>2026-07-03T12:23:05.873Z</time>
      </trkpt>
      <trkpt lat="48.035763" lon="-4.029770">
        <ele>65.935025</ele>
        <time>2026-07-03T12:23:06.133Z</time>
      </trkpt>
      <trkpt lat="48.035762" lon="-4.029761">
        <ele>65.958354</ele>
        <time>2026-07-03T12:23:06.384Z</time>
      </trkpt>
      <trkpt lat="48.035760" lon="-4.029749">
        <ele>65.989976</ele>
        <time>2026-07-03T12:23:06.724Z</time>
      </trkpt>
      <trkpt lat="48.035759" lon="-4.029736">
        <ele>66.023436</ele>
        <time>2026-07-03T12:23:07.083Z</time>
      </trkpt>
      <trkpt lat="48.035760" lon="-4.029723">
        <ele>66.056896</ele>
        <time>2026-07-03T12:23:07.443Z</time>
      </trkpt>
      <trkpt lat="48.035760" lon="-4.029709">
        <ele>66.092694</ele>
        <time>2026-07-03T12:23:07.827Z</time>
      </trkpt>
      <trkpt lat="48.035763" lon="-4.029696">
        <ele>66.127859</ele>
        <time>2026-07-03T12:23:08.205Z</time>
      </trkpt>
      <trkpt lat="48.035767" lon="-4.029683">
        <ele>66.164450</ele>
        <time>2026-07-03T12:23:08.598Z</time>
      </trkpt>
      <trkpt lat="48.035772" lon="-4.029671">
        <ele>66.200603</ele>
        <time>2026-07-03T12:23:08.987Z</time>
      </trkpt>
      <trkpt lat="48.035778" lon="-4.029659">
        <ele>66.238917</ele>
        <time>2026-07-03T12:23:09.399Z</time>
      </trkpt>
      <trkpt lat="48.035786" lon="-4.029647">
        <ele>66.282245</ele>
        <time>2026-07-03T12:23:09.864Z</time>
      </trkpt>
      <trkpt lat="48.035795" lon="-4.029635">
        <ele>66.328353</ele>
        <time>2026-07-03T12:23:10.360Z</time>
      </trkpt>
      <trkpt lat="48.035804" lon="-4.029622">
        <ele>66.376201</ele>
        <time>2026-07-03T12:23:10.874Z</time>
      </trkpt>
      <trkpt lat="48.035813" lon="-4.029608">
        <ele>66.425859</ele>
        <time>2026-07-03T12:23:11.407Z</time>
      </trkpt>
      <trkpt lat="48.035824" lon="-4.029593">
        <ele>66.482784</ele>
        <time>2026-07-03T12:23:12.019Z</time>
      </trkpt>
      <trkpt lat="48.035836" lon="-4.029578">
        <ele>66.542591</ele>
        <time>2026-07-03T12:23:12.662Z</time>
      </trkpt>
      <trkpt lat="48.035852" lon="-4.029562">
        <ele>66.616193</ele>
        <time>2026-07-03T12:23:13.452Z</time>
      </trkpt>
      <trkpt lat="48.035868" lon="-4.029546">
        <ele>66.689794</ele>
        <time>2026-07-03T12:23:14.243Z</time>
      </trkpt>
      <trkpt lat="48.035887" lon="-4.029529">
        <ele>66.774461</ele>
        <time>2026-07-03T12:23:15.152Z</time>
      </trkpt>
      <trkpt lat="48.035906" lon="-4.029511">
        <ele>66.860468</ele>
        <time>2026-07-03T12:23:16.077Z</time>
      </trkpt>
      <trkpt lat="48.035927" lon="-4.029492">
        <ele>66.954324</ele>
        <time>2026-07-03T12:23:17.085Z</time>
      </trkpt>
      <trkpt lat="48.035947" lon="-4.029472">
        <ele>67.046327</ele>
        <time>2026-07-03T12:23:18.073Z</time>
      </trkpt>
      <trkpt lat="48.035965" lon="-4.029451">
        <ele>67.133626</ele>
        <time>2026-07-03T12:23:19.011Z</time>
      </trkpt>
      <trkpt lat="48.035983" lon="-4.029430">
        <ele>67.220925</ele>
        <time>2026-07-03T12:23:19.949Z</time>
      </trkpt>
      <trkpt lat="48.035998" lon="-4.029407">
        <ele>67.303077</ele>
        <time>2026-07-03T12:23:20.831Z</time>
      </trkpt>
      <trkpt lat="48.036012" lon="-4.029384">
        <ele>67.382605</ele>
        <time>2026-07-03T12:23:21.685Z</time>
      </trkpt>
      <trkpt lat="48.036028" lon="-4.029363">
        <ele>67.464010</ele>
        <time>2026-07-03T12:23:22.560Z</time>
      </trkpt>
      <trkpt lat="48.036043" lon="-4.029342">
        <ele>67.542581</ele>
        <time>2026-07-03T12:23:23.404Z</time>
      </trkpt>
      <trkpt lat="48.036060" lon="-4.029321">
        <ele>67.626898</ele>
        <time>2026-07-03T12:23:24.309Z</time>
      </trkpt>
      <trkpt lat="48.036076" lon="-4.029300">
        <ele>67.708303</ele>
        <time>2026-07-03T12:23:25.184Z</time>
      </trkpt>
      <trkpt lat="48.036092" lon="-4.029279">
        <ele>67.789708</ele>
        <time>2026-07-03T12:23:26.058Z</time>
      </trkpt>
      <trkpt lat="48.036108" lon="-4.029258">
        <ele>67.871113</ele>
        <time>2026-07-03T12:23:26.932Z</time>
      </trkpt>
      <trkpt lat="48.036123" lon="-4.029240">
        <ele>67.944656</ele>
        <time>2026-07-03T12:23:27.722Z</time>
      </trkpt>
      <trkpt lat="48.036138" lon="-4.029221">
        <ele>68.019825</ele>
        <time>2026-07-03T12:23:28.529Z</time>
      </trkpt>
      <trkpt lat="48.036154" lon="-4.029205">
        <ele>68.093427</ele>
        <time>2026-07-03T12:23:29.320Z</time>
      </trkpt>
      <trkpt lat="48.036169" lon="-4.029189">
        <ele>68.163882</ele>
        <time>2026-07-03T12:23:30.076Z</time>
      </trkpt>
      <trkpt lat="48.036189" lon="-4.029176">
        <ele>68.247273</ele>
        <time>2026-07-03T12:23:30.972Z</time>
      </trkpt>
      <trkpt lat="48.036208" lon="-4.029164">
        <ele>68.326143</ele>
        <time>2026-07-03T12:23:31.819Z</time>
      </trkpt>
      <trkpt lat="48.036229" lon="-4.029149">
        <ele>68.415136</ele>
        <time>2026-07-03T12:23:32.775Z</time>
      </trkpt>
      <trkpt lat="48.036250" lon="-4.029134">
        <ele>68.504129</ele>
        <time>2026-07-03T12:23:33.730Z</time>
      </trkpt>
      <trkpt lat="48.036271" lon="-4.029117">
        <ele>68.595443</ele>
        <time>2026-07-03T12:23:34.711Z</time>
      </trkpt>
      <trkpt lat="48.036292" lon="-4.029099">
        <ele>68.688001</ele>
        <time>2026-07-03T12:23:35.705Z</time>
      </trkpt>
      <trkpt lat="48.036314" lon="-4.029080">
        <ele>68.785149</ele>
        <time>2026-07-03T12:23:36.748Z</time>
      </trkpt>
      <trkpt lat="48.036336" lon="-4.029062">
        <ele>68.881044</ele>
        <time>2026-07-03T12:23:37.778Z</time>
      </trkpt>
      <trkpt lat="48.036356" lon="-4.029042">
        <ele>68.973047</ele>
        <time>2026-07-03T12:23:38.766Z</time>
      </trkpt>
      <trkpt lat="48.036377" lon="-4.029023">
        <ele>69.066903</ele>
        <time>2026-07-03T12:23:39.774Z</time>
      </trkpt>
      <trkpt lat="48.036398" lon="-4.029003">
        <ele>69.162107</ele>
        <time>2026-07-03T12:23:40.796Z</time>
      </trkpt>
      <trkpt lat="48.036418" lon="-4.028982">
        <ele>69.255555</ele>
        <time>2026-07-03T12:23:41.799Z</time>
      </trkpt>
      <trkpt lat="48.036437" lon="-4.028965">
        <ele>69.340221</ele>
        <time>2026-07-03T12:23:42.709Z</time>
      </trkpt>
      <trkpt lat="48.036456" lon="-4.028947">
        <ele>69.426228</ele>
        <time>2026-07-03T12:23:43.632Z</time>
      </trkpt>
      <trkpt lat="48.036474" lon="-4.028933">
        <ele>69.503812</ele>
        <time>2026-07-03T12:23:44.465Z</time>
      </trkpt>
      <trkpt lat="48.036492" lon="-4.028919">
        <ele>69.581396</ele>
        <time>2026-07-03T12:23:45.298Z</time>
      </trkpt>
      <trkpt lat="48.036510" lon="-4.028905">
        <ele>69.658980</ele>
        <time>2026-07-03T12:23:46.131Z</time>
      </trkpt>
      <trkpt lat="48.036527" lon="-4.028890">
        <ele>69.734459</ele>
        <time>2026-07-03T12:23:46.942Z</time>
      </trkpt>
      <trkpt lat="48.036543" lon="-4.028872">
        <ele>69.811022</ele>
        <time>2026-07-03T12:23:47.764Z</time>
      </trkpt>
      <trkpt lat="48.036559" lon="-4.028855">
        <ele>69.886075</ele>
        <time>2026-07-03T12:23:48.570Z</time>
      </trkpt>
      <trkpt lat="48.036573" lon="-4.028839">
        <ele>69.953453</ele>
        <time>2026-07-03T12:23:49.293Z</time>
      </trkpt>
      <trkpt lat="48.036586" lon="-4.028824">
        <ele>70.016241</ele>
        <time>2026-07-03T12:23:49.968Z</time>
      </trkpt>
      <trkpt lat="48.036596" lon="-4.028810">
        <ele>70.068957</ele>
        <time>2026-07-03T12:23:50.530Z</time>
      </trkpt>
      <trkpt lat="48.036606" lon="-4.028795">
        <ele>70.151896</ele>
        <time>2026-07-03T12:23:51.112Z</time>
      </trkpt>
      <trkpt lat="48.036617" lon="-4.028782">
        <ele>70.233996</ele>
        <time>2026-07-03T12:23:51.687Z</time>
      </trkpt>
      <trkpt lat="48.036628" lon="-4.028769">
        <ele>70.316096</ele>
        <time>2026-07-03T12:23:52.263Z</time>
      </trkpt>
      <trkpt lat="48.036644" lon="-4.028755">
        <ele>70.424648</ele>
        <time>2026-07-03T12:23:53.024Z</time>
      </trkpt>
      <trkpt lat="48.036661" lon="-4.028741">
        <ele>70.538294</ele>
        <time>2026-07-03T12:23:53.821Z</time>
      </trkpt>
      <trkpt lat="48.036682" lon="-4.028723">
        <ele>70.680033</ele>
        <time>2026-07-03T12:23:54.814Z</time>
      </trkpt>
      <trkpt lat="48.036702" lon="-4.028705">
        <ele>70.816723</ele>
        <time>2026-07-03T12:23:55.773Z</time>
      </trkpt>
      <trkpt lat="48.036723" lon="-4.028685">
        <ele>70.962515</ele>
        <time>2026-07-03T12:23:56.795Z</time>
      </trkpt>
      <trkpt lat="48.036744" lon="-4.028665">
        <ele>71.108307</ele>
        <time>2026-07-03T12:23:57.817Z</time>
      </trkpt>
      <trkpt lat="48.036764" lon="-4.028644">
        <ele>71.251409</ele>
        <time>2026-07-03T12:23:58.821Z</time>
      </trkpt>
      <trkpt lat="48.036783" lon="-4.028624">
        <ele>71.387467</ele>
        <time>2026-07-03T12:23:59.774Z</time>
      </trkpt>
      <trkpt lat="48.036794" lon="-4.028613">
        <ele>71.464956</ele>
        <time>2026-07-03T12:24:00.318Z</time>
      </trkpt>
      <trkpt lat="48.036806" lon="-4.028602">
        <ele>71.547376</ele>
        <time>2026-07-03T12:24:00.896Z</time>
      </trkpt>
      <trkpt lat="48.036817" lon="-4.028591">
        <ele>71.624864</ele>
        <time>2026-07-03T12:24:01.439Z</time>
      </trkpt>
      <trkpt lat="48.036827" lon="-4.028587">
        <ele>71.685482</ele>
        <time>2026-07-03T12:24:01.864Z</time>
      </trkpt>
      <trkpt lat="48.036838" lon="-4.028583">
        <ele>71.751773</ele>
        <time>2026-07-03T12:24:02.329Z</time>
      </trkpt>
      <trkpt lat="48.036844" lon="-4.028589">
        <ele>71.794040</ele>
        <time>2026-07-03T12:24:02.625Z</time>
      </trkpt>
      <trkpt lat="48.036850" lon="-4.028596">
        <ele>71.838601</ele>
        <time>2026-07-03T12:24:02.938Z</time>
      </trkpt>
      <trkpt lat="48.036859" lon="-4.028607">
        <ele>71.906666</ele>
        <time>2026-07-03T12:24:03.415Z</time>
      </trkpt>
      <trkpt lat="48.036868" lon="-4.028618">
        <ele>71.974730</ele>
        <time>2026-07-03T12:24:03.892Z</time>
      </trkpt>
      <trkpt lat="48.036884" lon="-4.028631">
        <ele>72.081359</ele>
        <time>2026-07-03T12:24:04.640Z</time>
      </trkpt>
      <trkpt lat="48.036899" lon="-4.028644">
        <ele>72.182881</ele>
        <time>2026-07-03T12:24:05.352Z</time>
      </trkpt>
      <trkpt lat="48.036918" lon="-4.028658">
        <ele>72.306914</ele>
        <time>2026-07-03T12:24:06.222Z</time>
      </trkpt>
      <trkpt lat="48.036937" lon="-4.028672">
        <ele>72.430948</ele>
        <time>2026-07-03T12:24:07.091Z</time>
      </trkpt>
      <trkpt lat="48.036954" lon="-4.028683">
        <ele>72.539416</ele>
        <time>2026-07-03T12:24:07.852Z</time>
      </trkpt>
      <trkpt lat="48.036971" lon="-4.028695">
        <ele>72.649498</ele>
        <time>2026-07-03T12:24:08.625Z</time>
      </trkpt>
      <trkpt lat="48.036981" lon="-4.028705">
        <ele>72.719942</ele>
        <time>2026-07-03T12:24:09.119Z</time>
      </trkpt>
      <trkpt lat="48.036992" lon="-4.028714">
        <ele>72.793366</ele>
        <time>2026-07-03T12:24:09.634Z</time>
      </trkpt>
      <trkpt lat="48.036995" lon="-4.028720">
        <ele>72.822702</ele>
        <time>2026-07-03T12:24:09.840Z</time>
      </trkpt>
      <trkpt lat="48.036998" lon="-4.028726">
        <ele>72.852037</ele>
        <time>2026-07-03T12:24:10.046Z</time>
      </trkpt>
      <trkpt lat="48.037000" lon="-4.028732">
        <ele>72.878288</ele>
        <time>2026-07-03T12:24:10.230Z</time>
      </trkpt>
      <trkpt lat="48.037000" lon="-4.028741">
        <ele>72.913528</ele>
        <time>2026-07-03T12:24:10.477Z</time>
      </trkpt>
      <trkpt lat="48.036999" lon="-4.028751">
        <ele>72.953119</ele>
        <time>2026-07-03T12:24:10.755Z</time>
      </trkpt>
      <trkpt lat="48.036999" lon="-4.028763">
        <ele>73.000105</ele>
        <time>2026-07-03T12:24:11.084Z</time>
      </trkpt>
      <trkpt lat="48.036998" lon="-4.028776">
        <ele>73.051343</ele>
        <time>2026-07-03T12:24:11.443Z</time>
      </trkpt>
      <trkpt lat="48.037000" lon="-4.028791">
        <ele>73.111233</ele>
        <time>2026-07-03T12:24:11.864Z</time>
      </trkpt>
      <trkpt lat="48.037001" lon="-4.028806">
        <ele>73.170257</ele>
        <time>2026-07-03T12:24:12.278Z</time>
      </trkpt>
      <trkpt lat="48.037003" lon="-4.028814">
        <ele>73.203700</ele>
        <time>2026-07-03T12:24:12.512Z</time>
      </trkpt>
      <trkpt lat="48.037005" lon="-4.028823">
        <ele>73.240835</ele>
        <time>2026-07-03T12:24:12.773Z</time>
      </trkpt>
      <trkpt lat="48.037009" lon="-4.028836">
        <ele>73.296868</ele>
        <time>2026-07-03T12:24:13.166Z</time>
      </trkpt>
      <trkpt lat="48.037014" lon="-4.028849">
        <ele>73.355590</ele>
        <time>2026-07-03T12:24:13.578Z</time>
      </trkpt>
      <trkpt lat="48.037021" lon="-4.028857">
        <ele>73.407180</ele>
        <time>2026-07-03T12:24:13.940Z</time>
      </trkpt>
      <trkpt lat="48.037029" lon="-4.028864">
        <ele>73.461457</ele>
        <time>2026-07-03T12:24:14.321Z</time>
      </trkpt>
      <trkpt lat="48.037038" lon="-4.028871">
        <ele>73.520861</ele>
        <time>2026-07-03T12:24:14.738Z</time>
      </trkpt>
      <trkpt lat="48.037047" lon="-4.028879">
        <ele>73.582170</ele>
        <time>2026-07-03T12:24:15.169Z</time>
      </trkpt>
      <trkpt lat="48.037055" lon="-4.028889">
        <ele>73.643226</ele>
        <time>2026-07-03T12:24:15.597Z</time>
      </trkpt>
      <trkpt lat="48.037062" lon="-4.028899">
        <ele>73.699913</ele>
        <time>2026-07-03T12:24:15.995Z</time>
      </trkpt>
      <trkpt lat="48.037069" lon="-4.028911">
        <ele>73.762267</ele>
        <time>2026-07-03T12:24:16.433Z</time>
      </trkpt>
      <trkpt lat="48.037076" lon="-4.028924">
        <ele>73.827623</ele>
        <time>2026-07-03T12:24:16.892Z</time>
      </trkpt>
      <trkpt lat="48.037081" lon="-4.028937">
        <ele>73.886345</ele>
        <time>2026-07-03T12:24:17.304Z</time>
      </trkpt>
      <trkpt lat="48.037086" lon="-4.028950">
        <ele>73.945068</ele>
        <time>2026-07-03T12:24:17.716Z</time>
      </trkpt>
      <trkpt lat="48.037088" lon="-4.028962">
        <ele>73.993492</ele>
        <time>2026-07-03T12:24:18.055Z</time>
      </trkpt>
      <trkpt lat="48.037091" lon="-4.028975">
        <ele>74.047340</ele>
        <time>2026-07-03T12:24:18.434Z</time>
      </trkpt>
      <trkpt lat="48.037089" lon="-4.028993">
        <ele>74.118787</ele>
        <time>2026-07-03T12:24:18.935Z</time>
      </trkpt>
      <trkpt lat="48.037087" lon="-4.029010">
        <ele>74.186373</ele>
        <time>2026-07-03T12:24:19.409Z</time>
      </trkpt>
      <trkpt lat="48.037086" lon="-4.029029">
        <ele>74.260999</ele>
        <time>2026-07-03T12:24:19.933Z</time>
      </trkpt>
      <trkpt lat="48.037084" lon="-4.029048">
        <ele>74.336311</ele>
        <time>2026-07-03T12:24:20.462Z</time>
      </trkpt>
      <trkpt lat="48.037083" lon="-4.029065">
        <ele>74.403132</ele>
        <time>2026-07-03T12:24:20.932Z</time>
      </trkpt>
      <trkpt lat="48.037083" lon="-4.029082">
        <ele>74.469696</ele>
        <time>2026-07-03T12:24:21.399Z</time>
      </trkpt>
      <trkpt lat="48.037086" lon="-4.029097">
        <ele>74.531001</ele>
        <time>2026-07-03T12:24:21.830Z</time>
      </trkpt>
      <trkpt lat="48.037089" lon="-4.029112">
        <ele>74.592305</ele>
        <time>2026-07-03T12:24:22.260Z</time>
      </trkpt>
      <trkpt lat="48.037096" lon="-4.029124">
        <ele>74.654659</ele>
        <time>2026-07-03T12:24:22.698Z</time>
      </trkpt>
      <trkpt lat="48.037103" lon="-4.029136">
        <ele>74.717013</ele>
        <time>2026-07-03T12:24:23.136Z</time>
      </trkpt>
      <trkpt lat="48.037112" lon="-4.029149">
        <ele>74.790284</ele>
        <time>2026-07-03T12:24:23.650Z</time>
      </trkpt>
      <trkpt lat="48.037120" lon="-4.029162">
        <ele>74.859463</ele>
        <time>2026-07-03T12:24:24.136Z</time>
      </trkpt>
      <trkpt lat="48.037130" lon="-4.029175">
        <ele>74.937053</ele>
        <time>2026-07-03T12:24:24.681Z</time>
      </trkpt>
      <trkpt lat="48.037139" lon="-4.029189">
        <ele>75.013096</ele>
        <time>2026-07-03T12:24:25.214Z</time>
      </trkpt>
      <trkpt lat="48.037146" lon="-4.029201">
        <ele>75.075450</ele>
        <time>2026-07-03T12:24:25.652Z</time>
      </trkpt>
      <trkpt lat="48.037154" lon="-4.029213">
        <ele>75.141801</ele>
        <time>2026-07-03T12:24:26.118Z</time>
      </trkpt>
      <trkpt lat="48.037160" lon="-4.029223">
        <ele>75.194409</ele>
        <time>2026-07-03T12:24:26.487Z</time>
      </trkpt>
      <trkpt lat="48.037166" lon="-4.029232">
        <ele>75.244172</ele>
        <time>2026-07-03T12:24:26.837Z</time>
      </trkpt>
      <trkpt lat="48.037170" lon="-4.029241">
        <ele>75.286487</ele>
        <time>2026-07-03T12:24:27.135Z</time>
      </trkpt>
      <trkpt lat="48.037175" lon="-4.029249">
        <ele>75.329364</ele>
        <time>2026-07-03T12:24:27.436Z</time>
      </trkpt>
      <trkpt lat="48.037181" lon="-4.029257">
        <ele>75.376436</ele>
        <time>2026-07-03T12:24:27.767Z</time>
      </trkpt>
      <trkpt lat="48.037186" lon="-4.029265">
        <ele>75.419313</ele>
        <time>2026-07-03T12:24:28.068Z</time>
      </trkpt>
      <trkpt lat="48.037192" lon="-4.029273">
        <ele>75.466385</ele>
        <time>2026-07-03T12:24:28.398Z</time>
      </trkpt>
      <trkpt lat="48.037197" lon="-4.029281">
        <ele>75.509263</ele>
        <time>2026-07-03T12:24:28.700Z</time>
      </trkpt>
      <trkpt lat="48.037202" lon="-4.029289">
        <ele>75.552140</ele>
        <time>2026-07-03T12:24:29.001Z</time>
      </trkpt>
      <trkpt lat="48.037207" lon="-4.029297">
        <ele>75.595018</ele>
        <time>2026-07-03T12:24:29.302Z</time>
      </trkpt>
      <trkpt lat="48.037212" lon="-4.029304">
        <ele>75.635125</ele>
        <time>2026-07-03T12:24:29.584Z</time>
      </trkpt>
      <trkpt lat="48.037216" lon="-4.029312">
        <ele>75.674238</ele>
        <time>2026-07-03T12:24:29.858Z</time>
      </trkpt>
      <trkpt lat="48.037221" lon="-4.029319">
        <ele>75.714345</ele>
        <time>2026-07-03T12:24:30.140Z</time>
      </trkpt>
      <trkpt lat="48.037225" lon="-4.029327">
        <ele>75.753459</ele>
        <time>2026-07-03T12:24:30.414Z</time>
      </trkpt>
      <trkpt lat="48.037228" lon="-4.029332">
        <ele>75.779763</ele>
        <time>2026-07-03T12:24:30.599Z</time>
      </trkpt>
      <trkpt lat="48.037232" lon="-4.029338">
        <ele>75.812938</ele>
        <time>2026-07-03T12:24:30.832Z</time>
      </trkpt>
      <trkpt lat="48.037235" lon="-4.029344">
        <ele>75.842273</ele>
        <time>2026-07-03T12:24:31.038Z</time>
      </trkpt>
      <trkpt lat="48.037240" lon="-4.029352">
        <ele>75.885151</ele>
        <time>2026-07-03T12:24:31.339Z</time>
      </trkpt>
      <trkpt lat="48.037246" lon="-4.029360">
        <ele>75.932222</ele>
        <time>2026-07-03T12:24:31.670Z</time>
      </trkpt>
      <trkpt lat="48.037250" lon="-4.029368">
        <ele>75.971336</ele>
        <time>2026-07-03T12:24:31.944Z</time>
      </trkpt>
      <trkpt lat="48.037255" lon="-4.029375">
        <ele>76.011443</ele>
        <time>2026-07-03T12:24:32.226Z</time>
      </trkpt>
      <trkpt lat="48.037258" lon="-4.029381">
        <ele>76.040778</ele>
        <time>2026-07-03T12:24:32.432Z</time>
      </trkpt>
      <trkpt lat="48.037262" lon="-4.029387">
        <ele>76.073953</ele>
        <time>2026-07-03T12:24:32.665Z</time>
      </trkpt>
      <trkpt lat="48.037265" lon="-4.029392">
        <ele>76.100257</ele>
        <time>2026-07-03T12:24:32.849Z</time>
      </trkpt>
      <trkpt lat="48.037273" lon="-4.029400">
        <ele>76.156612</ele>
        <time>2026-07-03T12:24:33.246Z</time>
      </trkpt>
      <trkpt lat="48.037280" lon="-4.029408">
        <ele>76.208202</ele>
        <time>2026-07-03T12:24:33.609Z</time>
      </trkpt>
      <trkpt lat="48.037287" lon="-4.029415">
        <ele>76.257512</ele>
        <time>2026-07-03T12:24:33.955Z</time>
      </trkpt>
      <trkpt lat="48.037294" lon="-4.029421">
        <ele>76.304759</ele>
        <time>2026-07-03T12:24:34.287Z</time>
      </trkpt>
      <trkpt lat="48.037302" lon="-4.029428">
        <ele>76.359035</ele>
        <time>2026-07-03T12:24:34.668Z</time>
      </trkpt>
      <trkpt lat="48.037310" lon="-4.029434">
        <ele>76.411443</ele>
        <time>2026-07-03T12:24:35.037Z</time>
      </trkpt>
      <trkpt lat="48.037317" lon="-4.029441">
        <ele>76.460753</ele>
        <time>2026-07-03T12:24:35.383Z</time>
      </trkpt>
      <trkpt lat="48.037325" lon="-4.029448">
        <ele>76.515030</ele>
        <time>2026-07-03T12:24:35.764Z</time>
      </trkpt>
      <trkpt lat="48.037332" lon="-4.029457">
        <ele>76.569086</ele>
        <time>2026-07-03T12:24:36.144Z</time>
      </trkpt>
      <trkpt lat="48.037339" lon="-4.029466">
        <ele>76.623143</ele>
        <time>2026-07-03T12:24:36.523Z</time>
      </trkpt>
      <trkpt lat="48.037345" lon="-4.029477">
        <ele>76.678727</ele>
        <time>2026-07-03T12:24:36.914Z</time>
      </trkpt>
      <trkpt lat="48.037351" lon="-4.029489">
        <ele>76.737398</ele>
        <time>2026-07-03T12:24:37.326Z</time>
      </trkpt>
      <trkpt lat="48.037356" lon="-4.029503">
        <ele>76.799545</ele>
        <time>2026-07-03T12:24:37.762Z</time>
      </trkpt>
      <trkpt lat="48.037362" lon="-4.029517">
        <ele>76.864656</ele>
        <time>2026-07-03T12:24:38.219Z</time>
      </trkpt>
      <trkpt lat="48.037367" lon="-4.029531">
        <ele>76.926803</ele>
        <time>2026-07-03T12:24:38.656Z</time>
      </trkpt>
      <trkpt lat="48.037373" lon="-4.029544">
        <ele>76.988653</ele>
        <time>2026-07-03T12:24:39.090Z</time>
      </trkpt>
      <trkpt lat="48.037378" lon="-4.029556">
        <ele>77.044016</ele>
        <time>2026-07-03T12:24:39.479Z</time>
      </trkpt>
      <trkpt lat="48.037383" lon="-4.029569">
        <ele>77.102738</ele>
        <time>2026-07-03T12:24:39.893Z</time>
      </trkpt>
      <trkpt lat="48.037387" lon="-4.029579">
        <ele>77.148365</ele>
        <time>2026-07-03T12:24:40.213Z</time>
      </trkpt>
      <trkpt lat="48.037392" lon="-4.029589">
        <ele>77.197256</ele>
        <time>2026-07-03T12:24:40.557Z</time>
      </trkpt>
      <trkpt lat="48.037396" lon="-4.029598">
        <ele>77.239571</ele>
        <time>2026-07-03T12:24:40.854Z</time>
      </trkpt>
      <trkpt lat="48.037400" lon="-4.029607">
        <ele>77.281885</ele>
        <time>2026-07-03T12:24:41.152Z</time>
      </trkpt>
      <trkpt lat="48.037403" lon="-4.029618">
        <ele>77.328401</ele>
        <time>2026-07-03T12:24:41.478Z</time>
      </trkpt>
      <trkpt lat="48.037407" lon="-4.029629">
        <ele>77.377429</ele>
        <time>2026-07-03T12:24:41.823Z</time>
      </trkpt>
      <trkpt lat="48.037410" lon="-4.029641">
        <ele>77.427592</ele>
        <time>2026-07-03T12:24:42.175Z</time>
      </trkpt>
      <trkpt lat="48.037413" lon="-4.029652">
        <ele>77.474108</ele>
        <time>2026-07-03T12:24:42.502Z</time>
      </trkpt>
      <trkpt lat="48.037418" lon="-4.029663">
        <ele>77.526189</ele>
        <time>2026-07-03T12:24:42.868Z</time>
      </trkpt>
      <trkpt lat="48.037422" lon="-4.029674">
        <ele>77.575217</ele>
        <time>2026-07-03T12:24:43.212Z</time>
      </trkpt>
      <trkpt lat="48.037429" lon="-4.029687">
        <ele>77.640572</ele>
        <time>2026-07-03T12:24:43.671Z</time>
      </trkpt>
      <trkpt lat="48.037435" lon="-4.029701">
        <ele>77.705683</ele>
        <time>2026-07-03T12:24:44.129Z</time>
      </trkpt>
      <trkpt lat="48.037441" lon="-4.029715">
        <ele>77.770794</ele>
        <time>2026-07-03T12:24:44.586Z</time>
      </trkpt>
      <trkpt lat="48.037447" lon="-4.029730">
        <ele>77.839234</ele>
        <time>2026-07-03T12:24:45.066Z</time>
      </trkpt>
      <trkpt lat="48.037452" lon="-4.029745">
        <ele>77.904860</ele>
        <time>2026-07-03T12:24:45.528Z</time>
      </trkpt>
      <trkpt lat="48.037458" lon="-4.029759">
        <ele>77.969971</ele>
        <time>2026-07-03T12:24:45.986Z</time>
      </trkpt>
      <trkpt lat="48.037462" lon="-4.029772">
        <ele>78.026004</ele>
        <time>2026-07-03T12:24:46.380Z</time>
      </trkpt>
      <trkpt lat="48.037467" lon="-4.029786">
        <ele>78.088151</ele>
        <time>2026-07-03T12:24:46.817Z</time>
      </trkpt>
      <trkpt lat="48.037471" lon="-4.029801">
        <ele>78.151382</ele>
        <time>2026-07-03T12:24:47.261Z</time>
      </trkpt>
      <trkpt lat="48.037475" lon="-4.029816">
        <ele>78.214613</ele>
        <time>2026-07-03T12:24:47.706Z</time>
      </trkpt>
      <trkpt lat="48.037479" lon="-4.029832">
        <ele>78.281497</ele>
        <time>2026-07-03T12:24:48.176Z</time>
      </trkpt>
      <trkpt lat="48.037482" lon="-4.029849">
        <ele>78.350340</ele>
        <time>2026-07-03T12:24:48.659Z</time>
      </trkpt>
      <trkpt lat="48.037486" lon="-4.029865">
        <ele>78.417224</ele>
        <time>2026-07-03T12:24:49.129Z</time>
      </trkpt>
      <trkpt lat="48.037490" lon="-4.029882">
        <ele>78.487789</ele>
        <time>2026-07-03T12:24:49.625Z</time>
      </trkpt>
      <trkpt lat="48.037496" lon="-4.029898">
        <ele>78.559618</ele>
        <time>2026-07-03T12:24:50.130Z</time>
      </trkpt>
      <trkpt lat="48.037501" lon="-4.029913">
        <ele>78.625244</ele>
        <time>2026-07-03T12:24:50.591Z</time>
      </trkpt>
      <trkpt lat="48.037506" lon="-4.029931">
        <ele>78.701563</ele>
        <time>2026-07-03T12:24:51.127Z</time>
      </trkpt>
      <trkpt lat="48.037512" lon="-4.029948">
        <ele>78.776831</ele>
        <time>2026-07-03T12:24:51.656Z</time>
      </trkpt>
      <trkpt lat="48.037518" lon="-4.029964">
        <ele>78.848659</ele>
        <time>2026-07-03T12:24:52.161Z</time>
      </trkpt>
      <trkpt lat="48.037525" lon="-4.029980">
        <ele>78.923527</ele>
        <time>2026-07-03T12:24:52.688Z</time>
      </trkpt>
      <trkpt lat="48.037531" lon="-4.029994">
        <ele>78.988638</ele>
        <time>2026-07-03T12:24:53.146Z</time>
      </trkpt>
      <trkpt lat="48.037537" lon="-4.030008">
        <ele>79.053748</ele>
        <time>2026-07-03T12:24:53.604Z</time>
      </trkpt>
      <trkpt lat="48.037541" lon="-4.030021">
        <ele>79.109781</ele>
        <time>2026-07-03T12:24:53.998Z</time>
      </trkpt>
      <trkpt lat="48.037545" lon="-4.030034">
        <ele>79.165814</ele>
        <time>2026-07-03T12:24:54.392Z</time>
      </trkpt>
      <trkpt lat="48.037548" lon="-4.030045">
        <ele>79.212329</ele>
        <time>2026-07-03T12:24:54.719Z</time>
      </trkpt>
      <trkpt lat="48.037552" lon="-4.030056">
        <ele>79.261357</ele>
        <time>2026-07-03T12:24:55.063Z</time>
      </trkpt>
      <trkpt lat="48.037556" lon="-4.030066">
        <ele>79.306984</ele>
        <time>2026-07-03T12:24:55.384Z</time>
      </trkpt>
      <trkpt lat="48.037559" lon="-4.030076">
        <ele>79.349899</ele>
        <time>2026-07-03T12:24:55.686Z</time>
      </trkpt>
      <trkpt lat="48.037565" lon="-4.030085">
        <ele>79.399662</ele>
        <time>2026-07-03T12:24:56.036Z</time>
      </trkpt>
      <trkpt lat="48.037571" lon="-4.030094">
        <ele>79.449425</ele>
        <time>2026-07-03T12:24:56.386Z</time>
      </trkpt>
      <trkpt lat="48.037578" lon="-4.030103">
        <ele>79.503482</ele>
        <time>2026-07-03T12:24:56.766Z</time>
      </trkpt>
      <trkpt lat="48.037585" lon="-4.030113">
        <ele>79.560169</ele>
        <time>2026-07-03T12:24:57.164Z</time>
      </trkpt>
      <trkpt lat="48.037593" lon="-4.030121">
        <ele>79.616523</ele>
        <time>2026-07-03T12:24:57.560Z</time>
      </trkpt>
      <trkpt lat="48.037600" lon="-4.030129">
        <ele>79.668113</ele>
        <time>2026-07-03T12:24:57.923Z</time>
      </trkpt>
      <trkpt lat="48.037606" lon="-4.030137">
        <ele>79.715184</ele>
        <time>2026-07-03T12:24:58.255Z</time>
      </trkpt>
      <trkpt lat="48.037613" lon="-4.030144">
        <ele>79.764495</ele>
        <time>2026-07-03T12:24:58.602Z</time>
      </trkpt>
      <trkpt lat="48.037619" lon="-4.030154">
        <ele>79.817103</ele>
        <time>2026-07-03T12:24:58.973Z</time>
      </trkpt>
      <trkpt lat="48.037625" lon="-4.030163">
        <ele>79.866865</ele>
        <time>2026-07-03T12:24:59.323Z</time>
      </trkpt>
      <trkpt lat="48.037634" lon="-4.030176">
        <ele>79.940136</ele>
        <time>2026-07-03T12:24:59.838Z</time>
      </trkpt>
      <trkpt lat="48.037642" lon="-4.030189">
        <ele>80.009314</ele>
        <time>2026-07-03T12:25:00.325Z</time>
      </trkpt>
      <trkpt lat="48.037651" lon="-4.030205">
        <ele>80.091183</ele>
        <time>2026-07-03T12:25:00.902Z</time>
      </trkpt>
      <trkpt lat="48.037659" lon="-4.030221">
        <ele>80.169410</ele>
        <time>2026-07-03T12:25:01.452Z</time>
      </trkpt>
      <trkpt lat="48.037666" lon="-4.030238">
        <ele>80.247583</ele>
        <time>2026-07-03T12:25:02.002Z</time>
      </trkpt>
      <trkpt lat="48.037672" lon="-4.030255">
        <ele>80.322850</ele>
        <time>2026-07-03T12:25:02.532Z</time>
      </trkpt>
      <trkpt lat="48.037679" lon="-4.030270">
        <ele>80.394473</ele>
        <time>2026-07-03T12:25:03.036Z</time>
      </trkpt>
      <trkpt lat="48.037685" lon="-4.030285">
        <ele>80.462913</ele>
        <time>2026-07-03T12:25:03.517Z</time>
      </trkpt>
      <trkpt lat="48.037692" lon="-4.030298">
        <ele>80.528267</ele>
        <time>2026-07-03T12:25:03.977Z</time>
      </trkpt>
      <trkpt lat="48.037699" lon="-4.030312">
        <ele>80.596716</ele>
        <time>2026-07-03T12:25:04.459Z</time>
      </trkpt>
      <trkpt lat="48.037705" lon="-4.030324">
        <ele>80.683095</ele>
        <time>2026-07-03T12:25:04.873Z</time>
      </trkpt>
      <trkpt lat="48.037711" lon="-4.030336">
        <ele>80.771480</ele>
        <time>2026-07-03T12:25:05.286Z</time>
      </trkpt>
      <trkpt lat="48.037717" lon="-4.030349">
        <ele>80.864657</ele>
        <time>2026-07-03T12:25:05.722Z</time>
      </trkpt>
      <trkpt lat="48.037724" lon="-4.030362">
        <ele>80.963112</ele>
        <time>2026-07-03T12:25:06.182Z</time>
      </trkpt>
      <trkpt lat="48.037731" lon="-4.030377">
        <ele>81.071010</ele>
        <time>2026-07-03T12:25:06.687Z</time>
      </trkpt>
      <trkpt lat="48.037737" lon="-4.030392">
        <ele>81.174113</ele>
        <time>2026-07-03T12:25:07.169Z</time>
      </trkpt>
      <trkpt lat="48.037744" lon="-4.030408">
        <ele>81.286898</ele>
        <time>2026-07-03T12:25:07.695Z</time>
      </trkpt>
      <trkpt lat="48.037751" lon="-4.030424">
        <ele>81.399684</ele>
        <time>2026-07-03T12:25:08.223Z</time>
      </trkpt>
      <trkpt lat="48.037759" lon="-4.030441">
        <ele>81.522306</ele>
        <time>2026-07-03T12:25:08.796Z</time>
      </trkpt>
      <trkpt lat="48.037766" lon="-4.030458">
        <ele>81.640071</ele>
        <time>2026-07-03T12:25:09.346Z</time>
      </trkpt>
      <trkpt lat="48.037773" lon="-4.030476">
        <ele>81.762898</ele>
        <time>2026-07-03T12:25:09.920Z</time>
      </trkpt>
      <trkpt lat="48.037779" lon="-4.030494">
        <ele>81.881536</ele>
        <time>2026-07-03T12:25:10.474Z</time>
      </trkpt>
      <trkpt lat="48.037786" lon="-4.030512">
        <ele>82.004363</ele>
        <time>2026-07-03T12:25:11.049Z</time>
      </trkpt>
      <trkpt lat="48.037793" lon="-4.030529">
        <ele>82.122128</ele>
        <time>2026-07-03T12:25:11.600Z</time>
      </trkpt>
      <trkpt lat="48.037800" lon="-4.030543">
        <ele>82.225244</ele>
        <time>2026-07-03T12:25:12.082Z</time>
      </trkpt>
      <trkpt lat="48.037807" lon="-4.030557">
        <ele>82.328360</ele>
        <time>2026-07-03T12:25:12.564Z</time>
      </trkpt>
      <trkpt lat="48.037813" lon="-4.030570">
        <ele>82.421536</ele>
        <time>2026-07-03T12:25:13.000Z</time>
      </trkpt>
      <trkpt lat="48.037819" lon="-4.030584">
        <ele>82.519624</ele>
        <time>2026-07-03T12:25:13.459Z</time>
      </trkpt>
      <trkpt lat="48.037824" lon="-4.030598">
        <ele>82.613246</ele>
        <time>2026-07-03T12:25:13.896Z</time>
      </trkpt>
      <trkpt lat="48.037829" lon="-4.030612">
        <ele>82.706869</ele>
        <time>2026-07-03T12:25:14.334Z</time>
      </trkpt>
      <trkpt lat="48.037834" lon="-4.030626">
        <ele>82.800491</ele>
        <time>2026-07-03T12:25:14.772Z</time>
      </trkpt>
      <trkpt lat="48.037838" lon="-4.030640">
        <ele>82.890295</ele>
        <time>2026-07-03T12:25:15.192Z</time>
      </trkpt>
      <trkpt lat="48.037843" lon="-4.030653">
        <ele>82.978758</ele>
        <time>2026-07-03T12:25:15.605Z</time>
      </trkpt>
      <trkpt lat="48.037849" lon="-4.030667">
        <ele>83.076845</ele>
        <time>2026-07-03T12:25:16.063Z</time>
      </trkpt>
      <trkpt lat="48.037854" lon="-4.030680">
        <ele>83.165308</ele>
        <time>2026-07-03T12:25:16.477Z</time>
      </trkpt>
      <trkpt lat="48.037860" lon="-4.030694">
        <ele>83.263396</ele>
        <time>2026-07-03T12:25:16.936Z</time>
      </trkpt>
      <trkpt lat="48.037866" lon="-4.030707">
        <ele>83.356572</ele>
        <time>2026-07-03T12:25:17.372Z</time>
      </trkpt>
      <trkpt lat="48.037871" lon="-4.030720">
        <ele>83.445035</ele>
        <time>2026-07-03T12:25:17.787Z</time>
      </trkpt>
      <trkpt lat="48.037876" lon="-4.030736">
        <ele>83.549211</ele>
        <time>2026-07-03T12:25:18.274Z</time>
      </trkpt>
      <trkpt lat="48.037881" lon="-4.030751">
        <ele>83.648075</ele>
        <time>2026-07-03T12:25:18.736Z</time>
      </trkpt>
      <trkpt lat="48.037885" lon="-4.030767">
        <ele>83.748834</ele>
        <time>2026-07-03T12:25:19.208Z</time>
      </trkpt>
      <trkpt lat="48.037890" lon="-4.030783">
        <ele>83.853010</ele>
        <time>2026-07-03T12:25:19.696Z</time>
      </trkpt>
      <trkpt lat="48.037893" lon="-4.030798">
        <ele>83.945363</ele>
        <time>2026-07-03T12:25:20.127Z</time>
      </trkpt>
      <trkpt lat="48.037897" lon="-4.030814">
        <ele>84.046121</ele>
        <time>2026-07-03T12:25:20.598Z</time>
      </trkpt>
      <trkpt lat="48.037900" lon="-4.030831">
        <ele>84.149831</ele>
        <time>2026-07-03T12:25:21.083Z</time>
      </trkpt>
      <trkpt lat="48.037902" lon="-4.030847">
        <ele>84.245844</ele>
        <time>2026-07-03T12:25:21.532Z</time>
      </trkpt>
      <trkpt lat="48.037905" lon="-4.030864">
        <ele>84.349553</ele>
        <time>2026-07-03T12:25:22.017Z</time>
      </trkpt>
      <trkpt lat="48.037907" lon="-4.030881">
        <ele>84.451370</ele>
        <time>2026-07-03T12:25:22.493Z</time>
      </trkpt>
      <trkpt lat="48.037909" lon="-4.030900">
        <ele>84.564823</ele>
        <time>2026-07-03T12:25:23.023Z</time>
      </trkpt>
      <trkpt lat="48.037911" lon="-4.030919">
        <ele>84.678277</ele>
        <time>2026-07-03T12:25:23.555Z</time>
      </trkpt>
      <trkpt lat="48.037912" lon="-4.030941">
        <ele>84.808346</ele>
        <time>2026-07-03T12:25:24.165Z</time>
      </trkpt>
      <trkpt lat="48.037913" lon="-4.030963">
        <ele>84.938414</ele>
        <time>2026-07-03T12:25:24.773Z</time>
      </trkpt>
      <trkpt lat="48.037914" lon="-4.030982">
        <ele>85.050834</ele>
        <time>2026-07-03T12:25:25.300Z</time>
      </trkpt>
      <trkpt lat="48.037914" lon="-4.031001">
        <ele>85.162907</ele>
        <time>2026-07-03T12:25:25.825Z</time>
      </trkpt>
      <trkpt lat="48.037914" lon="-4.031017">
        <ele>85.257285</ele>
        <time>2026-07-03T12:25:26.266Z</time>
      </trkpt>
      <trkpt lat="48.037914" lon="-4.031034">
        <ele>85.357561</ele>
        <time>2026-07-03T12:25:26.735Z</time>
      </trkpt>
      <trkpt lat="48.037913" lon="-4.031048">
        <ele>85.440611</ele>
        <time>2026-07-03T12:25:27.124Z</time>
      </trkpt>
      <trkpt lat="48.037911" lon="-4.031063">
        <ele>85.530832</ele>
        <time>2026-07-03T12:25:27.547Z</time>
      </trkpt>
      <trkpt lat="48.037911" lon="-4.031080">
        <ele>85.631108</ele>
        <time>2026-07-03T12:25:28.016Z</time>
      </trkpt>
      <trkpt lat="48.037911" lon="-4.031096">
        <ele>85.725485</ele>
        <time>2026-07-03T12:25:28.458Z</time>
      </trkpt>
      <trkpt lat="48.037913" lon="-4.031114">
        <ele>85.833116</ele>
        <time>2026-07-03T12:25:28.961Z</time>
      </trkpt>
      <trkpt lat="48.037914" lon="-4.031132">
        <ele>85.939657</ele>
        <time>2026-07-03T12:25:29.460Z</time>
      </trkpt>
      <trkpt lat="48.037918" lon="-4.031151">
        <ele>86.057154</ele>
        <time>2026-07-03T12:25:30.011Z</time>
      </trkpt>
      <trkpt lat="48.037921" lon="-4.031171">
        <ele>86.178058</ele>
        <time>2026-07-03T12:25:30.578Z</time>
      </trkpt>
      <trkpt lat="48.037924" lon="-4.031191">
        <ele>86.298962</ele>
        <time>2026-07-03T12:25:31.144Z</time>
      </trkpt>
      <trkpt lat="48.037927" lon="-4.031211">
        <ele>86.419866</ele>
        <time>2026-07-03T12:25:31.710Z</time>
      </trkpt>
      <trkpt lat="48.037928" lon="-4.031232">
        <ele>86.544050</ele>
        <time>2026-07-03T12:25:32.292Z</time>
      </trkpt>
      <trkpt lat="48.037929" lon="-4.031253">
        <ele>86.668234</ele>
        <time>2026-07-03T12:25:32.873Z</time>
      </trkpt>
      <trkpt lat="48.037929" lon="-4.031275">
        <ele>86.798003</ele>
        <time>2026-07-03T12:25:33.480Z</time>
      </trkpt>
      <trkpt lat="48.037929" lon="-4.031297">
        <ele>86.927772</ele>
        <time>2026-07-03T12:25:34.088Z</time>
      </trkpt>
      <trkpt lat="48.037928" lon="-4.031318">
        <ele>87.051956</ele>
        <time>2026-07-03T12:25:34.669Z</time>
      </trkpt>
      <trkpt lat="48.037927" lon="-4.031339">
        <ele>87.176140</ele>
        <time>2026-07-03T12:25:35.249Z</time>
      </trkpt>
      <trkpt lat="48.037927" lon="-4.031359">
        <ele>87.294112</ele>
        <time>2026-07-03T12:25:35.801Z</time>
      </trkpt>
      <trkpt lat="48.037926" lon="-4.031379">
        <ele>87.412413</ele>
        <time>2026-07-03T12:25:36.354Z</time>
      </trkpt>
      <trkpt lat="48.037927" lon="-4.031398">
        <ele>87.524833</ele>
        <time>2026-07-03T12:25:36.881Z</time>
      </trkpt>
      <trkpt lat="48.037928" lon="-4.031418">
        <ele>87.643135</ele>
        <time>2026-07-03T12:25:37.434Z</time>
      </trkpt>
      <trkpt lat="48.037930" lon="-4.031438">
        <ele>87.762418</ele>
        <time>2026-07-03T12:25:37.992Z</time>
      </trkpt>
      <trkpt lat="48.037931" lon="-4.031458">
        <ele>87.880720</ele>
        <time>2026-07-03T12:25:38.546Z</time>
      </trkpt>
      <trkpt lat="48.037932" lon="-4.031478">
        <ele>87.999021</ele>
        <time>2026-07-03T12:25:39.099Z</time>
      </trkpt>
      <trkpt lat="48.037933" lon="-4.031498">
        <ele>88.117322</ele>
        <time>2026-07-03T12:25:39.652Z</time>
      </trkpt>
      <trkpt lat="48.037935" lon="-4.031517">
        <ele>88.230776</ele>
        <time>2026-07-03T12:25:40.182Z</time>
      </trkpt>
      <trkpt lat="48.037936" lon="-4.031536">
        <ele>88.343196</ele>
        <time>2026-07-03T12:25:40.708Z</time>
      </trkpt>
      <trkpt lat="48.037938" lon="-4.031557">
        <ele>88.468316</ele>
        <time>2026-07-03T12:25:41.292Z</time>
      </trkpt>
      <trkpt lat="48.037940" lon="-4.031578">
        <ele>88.593437</ele>
        <time>2026-07-03T12:25:41.876Z</time>
      </trkpt>
      <trkpt lat="48.037942" lon="-4.031599">
        <ele>88.718557</ele>
        <time>2026-07-03T12:25:42.461Z</time>
      </trkpt>
      <trkpt lat="48.037943" lon="-4.031621">
        <ele>88.848626</ele>
        <time>2026-07-03T12:25:43.070Z</time>
      </trkpt>
      <trkpt lat="48.037945" lon="-4.031641">
        <ele>88.967910</ele>
        <time>2026-07-03T12:25:43.627Z</time>
      </trkpt>
      <trkpt lat="48.037947" lon="-4.031661">
        <ele>89.087194</ele>
        <time>2026-07-03T12:25:44.184Z</time>
      </trkpt>
      <trkpt lat="48.037950" lon="-4.031680">
        <ele>89.202349</ele>
        <time>2026-07-03T12:25:44.722Z</time>
      </trkpt>
      <trkpt lat="48.037953" lon="-4.031698">
        <ele>89.311772</ele>
        <time>2026-07-03T12:25:45.233Z</time>
      </trkpt>
      <trkpt lat="48.037954" lon="-4.031714">
        <ele>89.406561</ele>
        <time>2026-07-03T12:25:45.675Z</time>
      </trkpt>
      <trkpt lat="48.037955" lon="-4.031731">
        <ele>89.507225</ele>
        <time>2026-07-03T12:25:46.145Z</time>
      </trkpt>
      <trkpt lat="48.037955" lon="-4.031747">
        <ele>89.601602</ele>
        <time>2026-07-03T12:25:46.586Z</time>
      </trkpt>
      <trkpt lat="48.037954" lon="-4.031763">
        <ele>89.696391</ele>
        <time>2026-07-03T12:25:47.029Z</time>
      </trkpt>
      <trkpt lat="48.037953" lon="-4.031782">
        <ele>89.808811</ele>
        <time>2026-07-03T12:25:47.553Z</time>
      </trkpt>
      <trkpt lat="48.037953" lon="-4.031800">
        <ele>89.914985</ele>
        <time>2026-07-03T12:25:48.049Z</time>
      </trkpt>
      <trkpt lat="48.037953" lon="-4.031821">
        <ele>90.038856</ele>
        <time>2026-07-03T12:25:48.627Z</time>
      </trkpt>
      <trkpt lat="48.037953" lon="-4.031842">
        <ele>90.162726</ele>
        <time>2026-07-03T12:25:49.205Z</time>
      </trkpt>
      <trkpt lat="48.037955" lon="-4.031863">
        <ele>90.287847</ele>
        <time>2026-07-03T12:25:49.790Z</time>
      </trkpt>
      <trkpt lat="48.037956" lon="-4.031883">
        <ele>90.406148</ele>
        <time>2026-07-03T12:25:50.341Z</time>
      </trkpt>
      <trkpt lat="48.037957" lon="-4.031903">
        <ele>90.524449</ele>
        <time>2026-07-03T12:25:50.894Z</time>
      </trkpt>
      <trkpt lat="48.037958" lon="-4.031922">
        <ele>90.636869</ele>
        <time>2026-07-03T12:25:51.419Z</time>
      </trkpt>
      <trkpt lat="48.037959" lon="-4.031939">
        <ele>90.737532</ele>
        <time>2026-07-03T12:25:51.888Z</time>
      </trkpt>
      <trkpt lat="48.037960" lon="-4.031957">
        <ele>90.844072</ele>
        <time>2026-07-03T12:25:52.385Z</time>
      </trkpt>
      <trkpt lat="48.037961" lon="-4.031974">
        <ele>90.944736</ele>
        <time>2026-07-03T12:25:52.855Z</time>
      </trkpt>
      <trkpt lat="48.037963" lon="-4.031991">
        <ele>91.046552</ele>
        <time>2026-07-03T12:25:53.330Z</time>
      </trkpt>
      <trkpt lat="48.037964" lon="-4.032010">
        <ele>91.158972</ele>
        <time>2026-07-03T12:25:53.854Z</time>
      </trkpt>
      <trkpt lat="48.037966" lon="-4.032029">
        <ele>91.272425</ele>
        <time>2026-07-03T12:25:54.384Z</time>
      </trkpt>
      <trkpt lat="48.037968" lon="-4.032049">
        <ele>91.391709</ele>
        <time>2026-07-03T12:25:54.940Z</time>
      </trkpt>
      <trkpt lat="48.037970" lon="-4.032070">
        <ele>91.516830</ele>
        <time>2026-07-03T12:25:55.524Z</time>
      </trkpt>
      <trkpt lat="48.037971" lon="-4.032090">
        <ele>91.635131</ele>
        <time>2026-07-03T12:25:56.077Z</time>
      </trkpt>
      <trkpt lat="48.037971" lon="-4.032110">
        <ele>91.753103</ele>
        <time>2026-07-03T12:25:56.627Z</time>
      </trkpt>
      <trkpt lat="48.037971" lon="-4.032130">
        <ele>91.871074</ele>
        <time>2026-07-03T12:25:57.177Z</time>
      </trkpt>
      <trkpt lat="48.037971" lon="-4.032150">
        <ele>91.989046</ele>
        <time>2026-07-03T12:25:57.728Z</time>
      </trkpt>
      <trkpt lat="48.037971" lon="-4.032170">
        <ele>92.107018</ele>
        <time>2026-07-03T12:25:58.278Z</time>
      </trkpt>
      <trkpt lat="48.037972" lon="-4.032189">
        <ele>92.219438</ele>
        <time>2026-07-03T12:25:58.803Z</time>
      </trkpt>
      <trkpt lat="48.037974" lon="-4.032209">
        <ele>92.338721</ele>
        <time>2026-07-03T12:25:59.359Z</time>
      </trkpt>
      <trkpt lat="48.037976" lon="-4.032228">
        <ele>92.452175</ele>
        <time>2026-07-03T12:25:59.888Z</time>
      </trkpt>
      <trkpt lat="48.037978" lon="-4.032248">
        <ele>92.571459</ele>
        <time>2026-07-03T12:26:00.444Z</time>
      </trkpt>
      <trkpt lat="48.037979" lon="-4.032268">
        <ele>92.689760</ele>
        <time>2026-07-03T12:26:00.996Z</time>
      </trkpt>
      <trkpt lat="48.037980" lon="-4.032290">
        <ele>92.819828</ele>
        <time>2026-07-03T12:26:01.603Z</time>
      </trkpt>
      <trkpt lat="48.037980" lon="-4.032312">
        <ele>92.949597</ele>
        <time>2026-07-03T12:26:02.208Z</time>
      </trkpt>
      <trkpt lat="48.037980" lon="-4.032333">
        <ele>93.073467</ele>
        <time>2026-07-03T12:26:02.786Z</time>
      </trkpt>
      <trkpt lat="48.037979" lon="-4.032354">
        <ele>93.197651</ele>
        <time>2026-07-03T12:26:03.365Z</time>
      </trkpt>
      <trkpt lat="48.037979" lon="-4.032375">
        <ele>93.321522</ele>
        <time>2026-07-03T12:26:03.943Z</time>
      </trkpt>
      <trkpt lat="48.037979" lon="-4.032397">
        <ele>93.451290</ele>
        <time>2026-07-03T12:26:04.548Z</time>
      </trkpt>
      <trkpt lat="48.037978" lon="-4.032419">
        <ele>93.581359</ele>
        <time>2026-07-03T12:26:05.154Z</time>
      </trkpt>
      <trkpt lat="48.037978" lon="-4.032441">
        <ele>93.711128</ele>
        <time>2026-07-03T12:26:05.760Z</time>
      </trkpt>
      <trkpt lat="48.037978" lon="-4.032463">
        <ele>93.840897</ele>
        <time>2026-07-03T12:26:06.364Z</time>
      </trkpt>
      <trkpt lat="48.037978" lon="-4.032485">
        <ele>93.970665</ele>
        <time>2026-07-03T12:26:06.969Z</time>
      </trkpt>
      <trkpt lat="48.037978" lon="-4.032504">
        <ele>94.082739</ele>
        <time>2026-07-03T12:26:07.492Z</time>
      </trkpt>
      <trkpt lat="48.037977" lon="-4.032523">
        <ele>94.195158</ele>
        <time>2026-07-03T12:26:08.016Z</time>
      </trkpt>
      <trkpt lat="48.037981" lon="-4.032540">
        <ele>94.301462</ele>
        <time>2026-07-03T12:26:08.512Z</time>
      </trkpt>
      <trkpt lat="48.037984" lon="-4.032557">
        <ele>94.405172</ele>
        <time>2026-07-03T12:26:08.995Z</time>
      </trkpt>
      <trkpt lat="48.037988" lon="-4.032576">
        <ele>94.522669</ele>
        <time>2026-07-03T12:26:09.543Z</time>
      </trkpt>
      <trkpt lat="48.037993" lon="-4.032595">
        <ele>94.643109</ele>
        <time>2026-07-03T12:26:10.105Z</time>
      </trkpt>
      <trkpt lat="48.037995" lon="-4.032613">
        <ele>94.750740</ele>
        <time>2026-07-03T12:26:10.606Z</time>
      </trkpt>
      <trkpt lat="48.037997" lon="-4.032631">
        <ele>94.858370</ele>
        <time>2026-07-03T12:26:11.108Z</time>
      </trkpt>
      <trkpt lat="48.037998" lon="-4.032650">
        <ele>94.970790</ele>
        <time>2026-07-03T12:26:11.632Z</time>
      </trkpt>
      <trkpt lat="48.037999" lon="-4.032669">
        <ele>95.083210</ele>
        <time>2026-07-03T12:26:12.156Z</time>
      </trkpt>
      <trkpt lat="48.037999" lon="-4.032690">
        <ele>95.207080</ele>
        <time>2026-07-03T12:26:12.733Z</time>
      </trkpt>
      <trkpt lat="48.037999" lon="-4.032711">
        <ele>95.330950</ele>
        <time>2026-07-03T12:26:13.310Z</time>
      </trkpt>
      <trkpt lat="48.038000" lon="-4.032732">
        <ele>95.455134</ele>
        <time>2026-07-03T12:26:13.889Z</time>
      </trkpt>
      <trkpt lat="48.038000" lon="-4.032754">
        <ele>95.584903</ele>
        <time>2026-07-03T12:26:14.494Z</time>
      </trkpt>
      <trkpt lat="48.038001" lon="-4.032776">
        <ele>95.714972</ele>
        <time>2026-07-03T12:26:15.101Z</time>
      </trkpt>
      <trkpt lat="48.038002" lon="-4.032798">
        <ele>95.845040</ele>
        <time>2026-07-03T12:26:15.707Z</time>
      </trkpt>
      <trkpt lat="48.038002" lon="-4.032820">
        <ele>95.974809</ele>
        <time>2026-07-03T12:26:16.312Z</time>
      </trkpt>
      <trkpt lat="48.038003" lon="-4.032841">
        <ele>96.098993</ele>
        <time>2026-07-03T12:26:16.891Z</time>
      </trkpt>
      <trkpt lat="48.038002" lon="-4.032863">
        <ele>96.229061</ele>
        <time>2026-07-03T12:26:17.497Z</time>
      </trkpt>
      <trkpt lat="48.038002" lon="-4.032884">
        <ele>96.352931</ele>
        <time>2026-07-03T12:26:18.074Z</time>
      </trkpt>
      <trkpt lat="48.038001" lon="-4.032905">
        <ele>96.472893</ele>
        <time>2026-07-03T12:26:18.653Z</time>
      </trkpt>
      <trkpt lat="48.038000" lon="-4.032927">
        <ele>96.543124</ele>
        <time>2026-07-03T12:26:19.258Z</time>
      </trkpt>
      <trkpt lat="48.038001" lon="-4.032951">
        <ele>96.619712</ele>
        <time>2026-07-03T12:26:19.919Z</time>
      </trkpt>
      <trkpt lat="48.038002" lon="-4.032975">
        <ele>96.696301</ele>
        <time>2026-07-03T12:26:20.580Z</time>
      </trkpt>
      <trkpt lat="48.038003" lon="-4.032998">
        <ele>96.769710</ele>
        <time>2026-07-03T12:26:21.214Z</time>
      </trkpt>
      <trkpt lat="48.038005" lon="-4.033021">
        <ele>96.843582</ele>
        <time>2026-07-03T12:26:21.851Z</time>
      </trkpt>
      <trkpt lat="48.038006" lon="-4.033042">
        <ele>96.910636</ele>
        <time>2026-07-03T12:26:22.430Z</time>
      </trkpt>
      <trkpt lat="48.038007" lon="-4.033064">
        <ele>96.980868</ele>
        <time>2026-07-03T12:26:23.036Z</time>
      </trkpt>
      <trkpt lat="48.038008" lon="-4.033085">
        <ele>97.047922</ele>
        <time>2026-07-03T12:26:23.615Z</time>
      </trkpt>
      <trkpt lat="48.038009" lon="-4.033105">
        <ele>97.111800</ele>
        <time>2026-07-03T12:26:24.166Z</time>
      </trkpt>
      <trkpt lat="48.038010" lon="-4.033126">
        <ele>97.178854</ele>
        <time>2026-07-03T12:26:24.745Z</time>
      </trkpt>
      <trkpt lat="48.038011" lon="-4.033146">
        <ele>97.242732</ele>
        <time>2026-07-03T12:26:25.296Z</time>
      </trkpt>
      <trkpt lat="48.038012" lon="-4.033167">
        <ele>97.309786</ele>
        <time>2026-07-03T12:26:25.874Z</time>
      </trkpt>
      <trkpt lat="48.038013" lon="-4.033189">
        <ele>97.380018</ele>
        <time>2026-07-03T12:26:26.480Z</time>
      </trkpt>
      <trkpt lat="48.038015" lon="-4.033210">
        <ele>97.447577</ele>
        <time>2026-07-03T12:26:27.063Z</time>
      </trkpt>
      <trkpt lat="48.038016" lon="-4.033231">
        <ele>97.514632</ele>
        <time>2026-07-03T12:26:27.642Z</time>
      </trkpt>
      <trkpt lat="48.038017" lon="-4.033251">
        <ele>97.578509</ele>
        <time>2026-07-03T12:26:28.193Z</time>
      </trkpt>
      <trkpt lat="48.038018" lon="-4.033271">
        <ele>97.642387</ele>
        <time>2026-07-03T12:26:28.744Z</time>
      </trkpt>
      <trkpt lat="48.038019" lon="-4.033289">
        <ele>97.699915</ele>
        <time>2026-07-03T12:26:29.241Z</time>
      </trkpt>
      <trkpt lat="48.038021" lon="-4.033308">
        <ele>97.761175</ele>
        <time>2026-07-03T12:26:29.770Z</time>
      </trkpt>
      <trkpt lat="48.038022" lon="-4.033326">
        <ele>97.818702</ele>
        <time>2026-07-03T12:26:30.266Z</time>
      </trkpt>
      <trkpt lat="48.038024" lon="-4.033344">
        <ele>97.876818</ele>
        <time>2026-07-03T12:26:30.767Z</time>
      </trkpt>
      <trkpt lat="48.038025" lon="-4.033357">
        <ele>97.918496</ele>
        <time>2026-07-03T12:26:31.127Z</time>
      </trkpt>
      <trkpt lat="48.038026" lon="-4.033370">
        <ele>97.960174</ele>
        <time>2026-07-03T12:26:31.487Z</time>
      </trkpt>
      <trkpt lat="48.038027" lon="-4.033383">
        <ele>98.001852</ele>
        <time>2026-07-03T12:26:31.846Z</time>
      </trkpt>
      <trkpt lat="48.038029" lon="-4.033403">
        <ele>98.066261</ele>
        <time>2026-07-03T12:26:32.402Z</time>
      </trkpt>
      <trkpt lat="48.038030" lon="-4.033423">
        <ele>98.130138</ele>
        <time>2026-07-03T12:26:32.953Z</time>
      </trkpt>
      <trkpt lat="48.038031" lon="-4.033444">
        <ele>98.197192</ele>
        <time>2026-07-03T12:26:33.532Z</time>
      </trkpt>
      <trkpt lat="48.038031" lon="-4.033465">
        <ele>98.264077</ele>
        <time>2026-07-03T12:26:34.109Z</time>
      </trkpt>
      <trkpt lat="48.038032" lon="-4.033488">
        <ele>98.337487</ele>
        <time>2026-07-03T12:26:34.743Z</time>
      </trkpt>
      <trkpt lat="48.038033" lon="-4.033511">
        <ele>98.410896</ele>
        <time>2026-07-03T12:26:35.376Z</time>
      </trkpt>
      <trkpt lat="48.038034" lon="-4.033535">
        <ele>98.487484</ele>
        <time>2026-07-03T12:26:36.037Z</time>
      </trkpt>
      <trkpt lat="48.038036" lon="-4.033558">
        <ele>98.561356</ele>
        <time>2026-07-03T12:26:36.674Z</time>
      </trkpt>
      <trkpt lat="48.038036" lon="-4.033581">
        <ele>98.634611</ele>
        <time>2026-07-03T12:26:37.306Z</time>
      </trkpt>
      <trkpt lat="48.038036" lon="-4.033604">
        <ele>98.707866</ele>
        <time>2026-07-03T12:26:37.938Z</time>
      </trkpt>
      <trkpt lat="48.038036" lon="-4.033626">
        <ele>98.777936</ele>
        <time>2026-07-03T12:26:38.543Z</time>
      </trkpt>
      <trkpt lat="48.038036" lon="-4.033649">
        <ele>98.851190</ele>
        <time>2026-07-03T12:26:39.175Z</time>
      </trkpt>
      <trkpt lat="48.038036" lon="-4.033670">
        <ele>98.918075</ele>
        <time>2026-07-03T12:26:39.752Z</time>
      </trkpt>
      <trkpt lat="48.038037" lon="-4.033690">
        <ele>98.981953</ele>
        <time>2026-07-03T12:26:40.303Z</time>
      </trkpt>
      <trkpt lat="48.038039" lon="-4.033710">
        <ele>99.046361</ele>
        <time>2026-07-03T12:26:40.859Z</time>
      </trkpt>
      <trkpt lat="48.038041" lon="-4.033730">
        <ele>99.110769</ele>
        <time>2026-07-03T12:26:41.414Z</time>
      </trkpt>
      <trkpt lat="48.038043" lon="-4.033750">
        <ele>99.175178</ele>
        <time>2026-07-03T12:26:41.970Z</time>
      </trkpt>
      <trkpt lat="48.038045" lon="-4.033770">
        <ele>99.239586</ele>
        <time>2026-07-03T12:26:42.526Z</time>
      </trkpt>
      <trkpt lat="48.038046" lon="-4.033792">
        <ele>99.309818</ele>
        <time>2026-07-03T12:26:43.131Z</time>
      </trkpt>
      <trkpt lat="48.038047" lon="-4.033814">
        <ele>99.380049</ele>
        <time>2026-07-03T12:26:43.737Z</time>
      </trkpt>
      <trkpt lat="48.038048" lon="-4.033835">
        <ele>99.447103</ele>
        <time>2026-07-03T12:26:44.315Z</time>
      </trkpt>
      <trkpt lat="48.038049" lon="-4.033856">
        <ele>99.514158</ele>
        <time>2026-07-03T12:26:44.894Z</time>
      </trkpt>
      <trkpt lat="48.038050" lon="-4.033875">
        <ele>99.574860</ele>
        <time>2026-07-03T12:26:45.418Z</time>
      </trkpt>
      <trkpt lat="48.038050" lon="-4.033894">
        <ele>99.635374</ele>
        <time>2026-07-03T12:26:45.940Z</time>
      </trkpt>
      <trkpt lat="48.038051" lon="-4.033914">
        <ele>99.699252</ele>
        <time>2026-07-03T12:26:46.491Z</time>
      </trkpt>
      <trkpt lat="48.038053" lon="-4.033934">
        <ele>99.763660</ele>
        <time>2026-07-03T12:26:47.047Z</time>
      </trkpt>
      <trkpt lat="48.038054" lon="-4.033955">
        <ele>99.830715</ele>
        <time>2026-07-03T12:26:47.625Z</time>
      </trkpt>
      <trkpt lat="48.038055" lon="-4.033976">
        <ele>99.897769</ele>
        <time>2026-07-03T12:26:48.204Z</time>
      </trkpt>
      <trkpt lat="48.038056" lon="-4.033999">
        <ele>99.971178</ele>
        <time>2026-07-03T12:26:48.837Z</time>
      </trkpt>
      <trkpt lat="48.038057" lon="-4.034021">
        <ele>100.041410</ele>
        <time>2026-07-03T12:26:49.442Z</time>
      </trkpt>
      <trkpt lat="48.038057" lon="-4.034044">
        <ele>100.114665</ele>
        <time>2026-07-03T12:26:50.074Z</time>
      </trkpt>
      <trkpt lat="48.038058" lon="-4.034066">
        <ele>100.184896</ele>
        <time>2026-07-03T12:26:50.680Z</time>
      </trkpt>
      <trkpt lat="48.038058" lon="-4.034089">
        <ele>100.258151</ele>
        <time>2026-07-03T12:26:51.312Z</time>
      </trkpt>
      <trkpt lat="48.038058" lon="-4.034111">
        <ele>100.328221</ele>
        <time>2026-07-03T12:26:51.917Z</time>
      </trkpt>
      <trkpt lat="48.038058" lon="-4.034133">
        <ele>100.398290</ele>
        <time>2026-07-03T12:26:52.521Z</time>
      </trkpt>
      <trkpt lat="48.038059" lon="-4.034156">
        <ele>100.471700</ele>
        <time>2026-07-03T12:26:53.155Z</time>
      </trkpt>
      <trkpt lat="48.038060" lon="-4.034177">
        <ele>100.538754</ele>
        <time>2026-07-03T12:26:53.733Z</time>
      </trkpt>
      <trkpt lat="48.038061" lon="-4.034198">
        <ele>100.605808</ele>
        <time>2026-07-03T12:26:54.311Z</time>
      </trkpt>
      <trkpt lat="48.038063" lon="-4.034219">
        <ele>100.673368</ele>
        <time>2026-07-03T12:26:54.894Z</time>
      </trkpt>
      <trkpt lat="48.038064" lon="-4.034240">
        <ele>100.740422</ele>
        <time>2026-07-03T12:26:55.472Z</time>
      </trkpt>
      <trkpt lat="48.038065" lon="-4.034260">
        <ele>100.804300</ele>
        <time>2026-07-03T12:26:56.023Z</time>
      </trkpt>
      <trkpt lat="48.038066" lon="-4.034280">
        <ele>100.868178</ele>
        <time>2026-07-03T12:26:56.574Z</time>
      </trkpt>
      <trkpt lat="48.038066" lon="-4.034301">
        <ele>100.935062</ele>
        <time>2026-07-03T12:26:57.151Z</time>
      </trkpt>
      <trkpt lat="48.038066" lon="-4.034321">
        <ele>100.998762</ele>
        <time>2026-07-03T12:26:57.701Z</time>
      </trkpt>
      <trkpt lat="48.038066" lon="-4.034342">
        <ele>101.065647</ele>
        <time>2026-07-03T12:26:58.278Z</time>
      </trkpt>
      <trkpt lat="48.038065" lon="-4.034363">
        <ele>101.132701</ele>
        <time>2026-07-03T12:26:58.856Z</time>
      </trkpt>
      <trkpt lat="48.038065" lon="-4.034385">
        <ele>101.202771</ele>
        <time>2026-07-03T12:26:59.461Z</time>
      </trkpt>
      <trkpt lat="48.038065" lon="-4.034408">
        <ele>101.276026</ele>
        <time>2026-07-03T12:27:00.092Z</time>
      </trkpt>
      <trkpt lat="48.038065" lon="-4.034431">
        <ele>101.349281</ele>
        <time>2026-07-03T12:27:00.724Z</time>
      </trkpt>
      <trkpt lat="48.038065" lon="-4.034455">
        <ele>101.425720</ele>
        <time>2026-07-03T12:27:01.384Z</time>
      </trkpt>
      <trkpt lat="48.038064" lon="-4.034482">
        <ele>101.511847</ele>
        <time>2026-07-03T12:27:02.126Z</time>
      </trkpt>
      <trkpt lat="48.038063" lon="-4.034510">
        <ele>101.601154</ele>
        <time>2026-07-03T12:27:02.897Z</time>
      </trkpt>
      <trkpt lat="48.038061" lon="-4.034540">
        <ele>101.697177</ele>
        <time>2026-07-03T12:27:03.725Z</time>
      </trkpt>
      <trkpt lat="48.038059" lon="-4.034571">
        <ele>101.796370</ele>
        <time>2026-07-03T12:27:04.580Z</time>
      </trkpt>
      <trkpt lat="48.038056" lon="-4.034606">
        <ele>101.908757</ele>
        <time>2026-07-03T12:27:05.550Z</time>
      </trkpt>
      <trkpt lat="48.038052" lon="-4.034642">
        <ele>102.024989</ele>
        <time>2026-07-03T12:27:06.552Z</time>
      </trkpt>
      <trkpt lat="48.038051" lon="-4.034679">
        <ele>102.142930</ele>
        <time>2026-07-03T12:27:07.570Z</time>
      </trkpt>
      <trkpt lat="48.038051" lon="-4.034717">
        <ele>102.263960</ele>
        <time>2026-07-03T12:27:08.614Z</time>
      </trkpt>
      <trkpt lat="48.038055" lon="-4.034753">
        <ele>102.380192</ele>
        <time>2026-07-03T12:27:09.616Z</time>
      </trkpt>
      <trkpt lat="48.038059" lon="-4.034789">
        <ele>102.496424</ele>
        <time>2026-07-03T12:27:10.619Z</time>
      </trkpt>
      <trkpt lat="48.038070" lon="-4.034820">
        <ele>102.608201</ele>
        <time>2026-07-03T12:27:11.583Z</time>
      </trkpt>
      <trkpt lat="48.038081" lon="-4.034852">
        <ele>102.722800</ele>
        <time>2026-07-03T12:27:12.571Z</time>
      </trkpt>
      <trkpt lat="48.038098" lon="-4.034874">
        <ele>102.829885</ele>
        <time>2026-07-03T12:27:13.495Z</time>
      </trkpt>
      <trkpt lat="48.038115" lon="-4.034896">
        <ele>102.936970</ele>
        <time>2026-07-03T12:27:14.419Z</time>
      </trkpt>
      <trkpt lat="48.038135" lon="-4.034912">
        <ele>103.045012</ele>
        <time>2026-07-03T12:27:15.350Z</time>
      </trkpt>
      <trkpt lat="48.038155" lon="-4.034928">
        <ele>103.153053</ele>
        <time>2026-07-03T12:27:16.282Z</time>
      </trkpt>
      <trkpt lat="48.038174" lon="-4.034939">
        <ele>103.250102</ele>
        <time>2026-07-03T12:27:17.119Z</time>
      </trkpt>
      <trkpt lat="48.038193" lon="-4.034949">
        <ele>103.346048</ele>
        <time>2026-07-03T12:27:17.947Z</time>
      </trkpt>
      <trkpt lat="48.038212" lon="-4.034957">
        <ele>103.440071</ele>
        <time>2026-07-03T12:27:18.758Z</time>
      </trkpt>
      <trkpt lat="48.038231" lon="-4.034965">
        <ele>103.534094</ele>
        <time>2026-07-03T12:27:19.569Z</time>
      </trkpt>
      <trkpt lat="48.038249" lon="-4.034971">
        <ele>103.621939</ele>
        <time>2026-07-03T12:27:20.327Z</time>
      </trkpt>
      <trkpt lat="48.038268" lon="-4.034977">
        <ele>103.714439</ele>
        <time>2026-07-03T12:27:21.124Z</time>
      </trkpt>
      <trkpt lat="48.038288" lon="-4.034982">
        <ele>103.811029</ele>
        <time>2026-07-03T12:27:21.957Z</time>
      </trkpt>
      <trkpt lat="48.038308" lon="-4.034987">
        <ele>103.907619</ele>
        <time>2026-07-03T12:27:22.790Z</time>
      </trkpt>
      <trkpt lat="48.038327" lon="-4.034992">
        <ele>103.999514</ele>
        <time>2026-07-03T12:27:23.583Z</time>
      </trkpt>
      <trkpt lat="48.038346" lon="-4.034997">
        <ele>104.091409</ele>
        <time>2026-07-03T12:27:24.376Z</time>
      </trkpt>
      <trkpt lat="48.038366" lon="-4.035002">
        <ele>104.187999</ele>
        <time>2026-07-03T12:27:25.209Z</time>
      </trkpt>
      <trkpt lat="48.038385" lon="-4.035007">
        <ele>104.279894</ele>
        <time>2026-07-03T12:27:26.002Z</time>
      </trkpt>
      <trkpt lat="48.038407" lon="-4.035013">
        <ele>104.386418</ele>
        <time>2026-07-03T12:27:26.920Z</time>
      </trkpt>
      <trkpt lat="48.038429" lon="-4.035018">
        <ele>104.492416</ele>
        <time>2026-07-03T12:27:27.834Z</time>
      </trkpt>
      <trkpt lat="48.038453" lon="-4.035023">
        <ele>104.607841</ele>
        <time>2026-07-03T12:27:28.830Z</time>
      </trkpt>
      <trkpt lat="48.038476" lon="-4.035027">
        <ele>104.718138</ele>
        <time>2026-07-03T12:27:29.781Z</time>
      </trkpt>
      <trkpt lat="48.038499" lon="-4.035032">
        <ele>104.828848</ele>
        <time>2026-07-03T12:27:30.736Z</time>
      </trkpt>
      <trkpt lat="48.038521" lon="-4.035036">
        <ele>104.934414</ele>
        <time>2026-07-03T12:27:31.647Z</time>
      </trkpt>
      <trkpt lat="48.038543" lon="-4.035041">
        <ele>105.037377</ele>
        <time>2026-07-03T12:27:32.561Z</time>
      </trkpt>
      <trkpt lat="48.038565" lon="-4.035046">
        <ele>105.076394</ele>
        <time>2026-07-03T12:27:33.475Z</time>
      </trkpt>
      <trkpt lat="48.038585" lon="-4.035052">
        <ele>105.112161</ele>
        <time>2026-07-03T12:27:34.313Z</time>
      </trkpt>
      <trkpt lat="48.038606" lon="-4.035059">
        <ele>105.149885</ele>
        <time>2026-07-03T12:27:35.197Z</time>
      </trkpt>
      <trkpt lat="48.038626" lon="-4.035066">
        <ele>105.185900</ele>
        <time>2026-07-03T12:27:36.041Z</time>
      </trkpt>
      <trkpt lat="48.038646" lon="-4.035072">
        <ele>105.221667</ele>
        <time>2026-07-03T12:27:36.879Z</time>
      </trkpt>
      <trkpt lat="48.038667" lon="-4.035079">
        <ele>105.259391</ele>
        <time>2026-07-03T12:27:37.763Z</time>
      </trkpt>
      <trkpt lat="48.038688" lon="-4.035085">
        <ele>105.296878</ele>
        <time>2026-07-03T12:27:38.641Z</time>
      </trkpt>
      <trkpt lat="48.038708" lon="-4.035091">
        <ele>105.332644</ele>
        <time>2026-07-03T12:27:39.479Z</time>
      </trkpt>
      <trkpt lat="48.038728" lon="-4.035098">
        <ele>105.368659</ele>
        <time>2026-07-03T12:27:40.323Z</time>
      </trkpt>
      <trkpt lat="48.038749" lon="-4.035104">
        <ele>105.406146</ele>
        <time>2026-07-03T12:27:41.201Z</time>
      </trkpt>
      <trkpt lat="48.038769" lon="-4.035110">
        <ele>105.441913</ele>
        <time>2026-07-03T12:27:42.039Z</time>
      </trkpt>
      <trkpt lat="48.038792" lon="-4.035119">
        <ele>105.483598</ele>
        <time>2026-07-03T12:27:43.016Z</time>
      </trkpt>
      <trkpt lat="48.038815" lon="-4.035128">
        <ele>105.525283</ele>
        <time>2026-07-03T12:27:43.993Z</time>
      </trkpt>
      <trkpt lat="48.038838" lon="-4.035136">
        <ele>105.566687</ele>
        <time>2026-07-03T12:27:44.963Z</time>
      </trkpt>
      <trkpt lat="48.038862" lon="-4.035144">
        <ele>105.609801</ele>
        <time>2026-07-03T12:27:45.974Z</time>
      </trkpt>
      <trkpt lat="48.038885" lon="-4.035150">
        <ele>105.650738</ele>
        <time>2026-07-03T12:27:46.933Z</time>
      </trkpt>
      <trkpt lat="48.038907" lon="-4.035157">
        <ele>105.690175</ele>
        <time>2026-07-03T12:27:47.857Z</time>
      </trkpt>
      <trkpt lat="48.038929" lon="-4.035164">
        <ele>105.729613</ele>
        <time>2026-07-03T12:27:48.781Z</time>
      </trkpt>
      <trkpt lat="48.038951" lon="-4.035171">
        <ele>105.769051</ele>
        <time>2026-07-03T12:27:49.705Z</time>
      </trkpt>
      <trkpt lat="48.038972" lon="-4.035177">
        <ele>105.806538</ele>
        <time>2026-07-03T12:27:50.584Z</time>
      </trkpt>
      <trkpt lat="48.038994" lon="-4.035183">
        <ele>105.845748</ele>
        <time>2026-07-03T12:27:51.503Z</time>
      </trkpt>
      <trkpt lat="48.039015" lon="-4.035188">
        <ele>105.883033</ele>
        <time>2026-07-03T12:27:52.376Z</time>
      </trkpt>
      <trkpt lat="48.039035" lon="-4.035193">
        <ele>105.918587</ele>
        <time>2026-07-03T12:27:53.209Z</time>
      </trkpt>
      <trkpt lat="48.039056" lon="-4.035198">
        <ele>105.955872</ele>
        <time>2026-07-03T12:27:54.083Z</time>
      </trkpt>
      <trkpt lat="48.039077" lon="-4.035204">
        <ele>105.993359</ele>
        <time>2026-07-03T12:27:54.962Z</time>
      </trkpt>
      <trkpt lat="48.039097" lon="-4.035210">
        <ele>106.029125</ele>
        <time>2026-07-03T12:27:55.800Z</time>
      </trkpt>
      <trkpt lat="48.039117" lon="-4.035217">
        <ele>106.065140</ele>
        <time>2026-07-03T12:27:56.644Z</time>
      </trkpt>
      <trkpt lat="48.039138" lon="-4.035223">
        <ele>106.102627</ele>
        <time>2026-07-03T12:27:57.522Z</time>
      </trkpt>
      <trkpt lat="48.039158" lon="-4.035230">
        <ele>106.138642</ele>
        <time>2026-07-03T12:27:58.366Z</time>
      </trkpt>
      <trkpt lat="48.039179" lon="-4.035235">
        <ele>106.175927</ele>
        <time>2026-07-03T12:27:59.240Z</time>
      </trkpt>
      <trkpt lat="48.039200" lon="-4.035241">
        <ele>106.213414</ele>
        <time>2026-07-03T12:28:00.118Z</time>
      </trkpt>
      <trkpt lat="48.039221" lon="-4.035246">
        <ele>106.250699</ele>
        <time>2026-07-03T12:28:00.992Z</time>
      </trkpt>
      <trkpt lat="48.039243" lon="-4.035252">
        <ele>106.289909</ele>
        <time>2026-07-03T12:28:01.911Z</time>
      </trkpt>
      <trkpt lat="48.039264" lon="-4.035258">
        <ele>106.327396</ele>
        <time>2026-07-03T12:28:02.789Z</time>
      </trkpt>
      <trkpt lat="48.039285" lon="-4.035263">
        <ele>106.364681</ele>
        <time>2026-07-03T12:28:03.663Z</time>
      </trkpt>
      <trkpt lat="48.039306" lon="-4.035269">
        <ele>106.402168</ele>
        <time>2026-07-03T12:28:04.541Z</time>
      </trkpt>
      <trkpt lat="48.039327" lon="-4.035274">
        <ele>106.439453</ele>
        <time>2026-07-03T12:28:05.414Z</time>
      </trkpt>
      <trkpt lat="48.039349" lon="-4.035280">
        <ele>106.478663</ele>
        <time>2026-07-03T12:28:06.333Z</time>
      </trkpt>
      <trkpt lat="48.039371" lon="-4.035286">
        <ele>106.517874</ele>
        <time>2026-07-03T12:28:07.251Z</time>
      </trkpt>
      <trkpt lat="48.039392" lon="-4.035291">
        <ele>106.555159</ele>
        <time>2026-07-03T12:28:08.124Z</time>
      </trkpt>
      <trkpt lat="48.039413" lon="-4.035297">
        <ele>106.592645</ele>
        <time>2026-07-03T12:28:09.003Z</time>
      </trkpt>
      <trkpt lat="48.039434" lon="-4.035304">
        <ele>106.630370</ele>
        <time>2026-07-03T12:28:09.886Z</time>
      </trkpt>
      <trkpt lat="48.039456" lon="-4.035311">
        <ele>106.669808</ele>
        <time>2026-07-03T12:28:10.810Z</time>
      </trkpt>
      <trkpt lat="48.039478" lon="-4.035319">
        <ele>106.709506</ele>
        <time>2026-07-03T12:28:11.739Z</time>
      </trkpt>
      <trkpt lat="48.039500" lon="-4.035327">
        <ele>106.749204</ele>
        <time>2026-07-03T12:28:12.669Z</time>
      </trkpt>
      <trkpt lat="48.039522" lon="-4.035336">
        <ele>106.789196</ele>
        <time>2026-07-03T12:28:13.606Z</time>
      </trkpt>
      <trkpt lat="48.039543" lon="-4.035345">
        <ele>106.827499</ele>
        <time>2026-07-03T12:28:14.503Z</time>
      </trkpt>
      <trkpt lat="48.039565" lon="-4.035352">
        <ele>106.866936</ele>
        <time>2026-07-03T12:28:15.427Z</time>
      </trkpt>
      <trkpt lat="48.039587" lon="-4.035358">
        <ele>106.906147</ele>
        <time>2026-07-03T12:28:16.345Z</time>
      </trkpt>
      <trkpt lat="48.039608" lon="-4.035363">
        <ele>106.943432</ele>
        <time>2026-07-03T12:28:17.218Z</time>
      </trkpt>
      <trkpt lat="48.039630" lon="-4.035369">
        <ele>106.982642</ele>
        <time>2026-07-03T12:28:18.136Z</time>
      </trkpt>
      <trkpt lat="48.039652" lon="-4.035374">
        <ele>107.021659</ele>
        <time>2026-07-03T12:28:19.050Z</time>
      </trkpt>
      <trkpt lat="48.039674" lon="-4.035380">
        <ele>107.060870</ele>
        <time>2026-07-03T12:28:19.968Z</time>
      </trkpt>
      <trkpt lat="48.039695" lon="-4.035388">
        <ele>107.098867</ele>
        <time>2026-07-03T12:28:20.858Z</time>
      </trkpt>
      <trkpt lat="48.039717" lon="-4.035395">
        <ele>107.138304</ele>
        <time>2026-07-03T12:28:21.782Z</time>
      </trkpt>
      <trkpt lat="48.039738" lon="-4.035403">
        <ele>107.176301</ele>
        <time>2026-07-03T12:28:22.672Z</time>
      </trkpt>
      <trkpt lat="48.039760" lon="-4.035412">
        <ele>107.216292</ele>
        <time>2026-07-03T12:28:23.608Z</time>
      </trkpt>
      <trkpt lat="48.039780" lon="-4.035420">
        <ele>107.252593</ele>
        <time>2026-07-03T12:28:24.458Z</time>
      </trkpt>
      <trkpt lat="48.039801" lon="-4.035428">
        <ele>107.290589</ele>
        <time>2026-07-03T12:28:25.348Z</time>
      </trkpt>
      <trkpt lat="48.039822" lon="-4.035435">
        <ele>107.328314</ele>
        <time>2026-07-03T12:28:26.231Z</time>
      </trkpt>
      <trkpt lat="48.039842" lon="-4.035442">
        <ele>107.364329</ele>
        <time>2026-07-03T12:28:27.075Z</time>
      </trkpt>
      <trkpt lat="48.039863" lon="-4.035449">
        <ele>107.402053</ele>
        <time>2026-07-03T12:28:27.958Z</time>
      </trkpt>
      <trkpt lat="48.039884" lon="-4.035456">
        <ele>107.439778</ele>
        <time>2026-07-03T12:28:28.841Z</time>
      </trkpt>
      <trkpt lat="48.039905" lon="-4.035461">
        <ele>107.477063</ele>
        <time>2026-07-03T12:28:29.714Z</time>
      </trkpt>
      <trkpt lat="48.039926" lon="-4.035467">
        <ele>107.514550</ele>
        <time>2026-07-03T12:28:30.592Z</time>
      </trkpt>
      <trkpt lat="48.039947" lon="-4.035474">
        <ele>107.552274</ele>
        <time>2026-07-03T12:28:31.476Z</time>
      </trkpt>
      <trkpt lat="48.039967" lon="-4.035482">
        <ele>107.588574</ele>
        <time>2026-07-03T12:28:32.326Z</time>
      </trkpt>
      <trkpt lat="48.039981" lon="-4.035491">
        <ele>107.615293</ele>
        <time>2026-07-03T12:28:32.951Z</time>
      </trkpt>
      <trkpt lat="48.039995" lon="-4.035501">
        <ele>107.642496</ele>
        <time>2026-07-03T12:28:33.588Z</time>
      </trkpt>
      <trkpt lat="48.039999" lon="-4.035508">
        <ele>107.653291</ele>
        <time>2026-07-03T12:28:33.841Z</time>
      </trkpt>
      <trkpt lat="48.040004" lon="-4.035515">
        <ele>107.665300</ele>
        <time>2026-07-03T12:28:34.122Z</time>
      </trkpt>
      <trkpt lat="48.040008" lon="-4.035522">
        <ele>107.676095</ele>
        <time>2026-07-03T12:28:34.375Z</time>
      </trkpt>
      <trkpt lat="48.040008" lon="-4.035533">
        <ele>107.688990</ele>
        <time>2026-07-03T12:28:34.677Z</time>
      </trkpt>
      <trkpt lat="48.040009" lon="-4.035544">
        <ele>107.702005</ele>
        <time>2026-07-03T12:28:34.982Z</time>
      </trkpt>
      <trkpt lat="48.040007" lon="-4.035562">
        <ele>107.723396</ele>
        <time>2026-07-03T12:28:35.483Z</time>
      </trkpt>
      <trkpt lat="48.040005" lon="-4.035580">
        <ele>107.744788</ele>
        <time>2026-07-03T12:28:35.983Z</time>
      </trkpt>
      <trkpt lat="48.040007" lon="-4.035605">
        <ele>107.774305</ele>
        <time>2026-07-03T12:28:36.675Z</time>
      </trkpt>
      <trkpt lat="48.040008" lon="-4.035630">
        <ele>107.803666</ele>
        <time>2026-07-03T12:28:37.362Z</time>
      </trkpt>
      <trkpt lat="48.040018" lon="-4.035656">
        <ele>107.838830</ele>
        <time>2026-07-03T12:28:38.186Z</time>
      </trkpt>
      <trkpt lat="48.040027" lon="-4.035683">
        <ele>107.874198</ele>
        <time>2026-07-03T12:28:39.014Z</time>
      </trkpt>
      <trkpt lat="48.040044" lon="-4.035705">
        <ele>107.913615</ele>
        <time>2026-07-03T12:28:39.937Z</time>
      </trkpt>
      <trkpt lat="48.040061" lon="-4.035727">
        <ele>107.953032</ele>
        <time>2026-07-03T12:28:40.860Z</time>
      </trkpt>
      <trkpt lat="48.040081" lon="-4.035742">
        <ele>107.992261</ele>
        <time>2026-07-03T12:28:41.779Z</time>
      </trkpt>
      <trkpt lat="48.040101" lon="-4.035758">
        <ele>108.032031</ele>
        <time>2026-07-03T12:28:42.710Z</time>
      </trkpt>
      <trkpt lat="48.040121" lon="-4.035768">
        <ele>108.069006</ele>
        <time>2026-07-03T12:28:43.576Z</time>
      </trkpt>
      <trkpt lat="48.040141" lon="-4.035778">
        <ele>108.105981</ele>
        <time>2026-07-03T12:28:44.442Z</time>
      </trkpt>
      <trkpt lat="48.040160" lon="-4.035787">
        <ele>108.140926</ele>
        <time>2026-07-03T12:28:45.260Z</time>
      </trkpt>
      <trkpt lat="48.040180" lon="-4.035796">
        <ele>108.177547</ele>
        <time>2026-07-03T12:28:46.118Z</time>
      </trkpt>
      <trkpt lat="48.040198" lon="-4.035808">
        <ele>108.109912</ele>
        <time>2026-07-03T12:28:46.927Z</time>
      </trkpt>
      <trkpt lat="48.040216" lon="-4.035820">
        <ele>107.989452</ele>
        <time>2026-07-03T12:28:47.737Z</time>
      </trkpt>
      <trkpt lat="48.040227" lon="-4.035840">
        <ele>107.883614</ele>
        <time>2026-07-03T12:28:48.448Z</time>
      </trkpt>
      <trkpt lat="48.040238" lon="-4.035860">
        <ele>107.777775</ele>
        <time>2026-07-03T12:28:49.159Z</time>
      </trkpt>
      <trkpt lat="48.040239" lon="-4.035889">
        <ele>107.659099</ele>
        <time>2026-07-03T12:28:49.956Z</time>
      </trkpt>
      <trkpt lat="48.040239" lon="-4.035918">
        <ele>107.540581</ele>
        <time>2026-07-03T12:28:50.753Z</time>
      </trkpt>
      <trkpt lat="48.040232" lon="-4.035953">
        <ele>107.391278</ele>
        <time>2026-07-03T12:28:51.756Z</time>
      </trkpt>
      <trkpt lat="48.040225" lon="-4.035987">
        <ele>107.245887</ele>
        <time>2026-07-03T12:28:52.732Z</time>
      </trkpt>
      <trkpt lat="48.040216" lon="-4.036025">
        <ele>107.081131</ele>
        <time>2026-07-03T12:28:53.840Z</time>
      </trkpt>
      <trkpt lat="48.040207" lon="-4.036062">
        <ele>106.920221</ele>
        <time>2026-07-03T12:28:54.921Z</time>
      </trkpt>
      <trkpt lat="48.040199" lon="-4.036099">
        <ele>106.761298</ele>
        <time>2026-07-03T12:28:55.989Z</time>
      </trkpt>
      <trkpt lat="48.040191" lon="-4.036136">
        <ele>106.602374</ele>
        <time>2026-07-03T12:28:57.057Z</time>
      </trkpt>
      <trkpt lat="48.040184" lon="-4.036170">
        <ele>106.456983</ele>
        <time>2026-07-03T12:28:58.034Z</time>
      </trkpt>
      <trkpt lat="48.040176" lon="-4.036204">
        <ele>106.309676</ele>
        <time>2026-07-03T12:28:59.024Z</time>
      </trkpt>
      <trkpt lat="48.040169" lon="-4.036238">
        <ele>106.164285</ele>
        <time>2026-07-03T12:29:00.002Z</time>
      </trkpt>
      <trkpt lat="48.040162" lon="-4.036272">
        <ele>106.018893</ele>
        <time>2026-07-03T12:29:00.979Z</time>
      </trkpt>
      <trkpt lat="48.040154" lon="-4.036306">
        <ele>105.871587</ele>
        <time>2026-07-03T12:29:01.969Z</time>
      </trkpt>
      <trkpt lat="48.040147" lon="-4.036340">
        <ele>105.726195</ele>
        <time>2026-07-03T12:29:02.946Z</time>
      </trkpt>
      <trkpt lat="48.040139" lon="-4.036372">
        <ele>105.586573</ele>
        <time>2026-07-03T12:29:03.885Z</time>
      </trkpt>
      <trkpt lat="48.040132" lon="-4.036405">
        <ele>105.445082</ele>
        <time>2026-07-03T12:29:04.836Z</time>
      </trkpt>
      <trkpt lat="48.040125" lon="-4.036438">
        <ele>105.303591</ele>
        <time>2026-07-03T12:29:05.787Z</time>
      </trkpt>
      <trkpt lat="48.040117" lon="-4.036471">
        <ele>105.160133</ele>
        <time>2026-07-03T12:29:06.751Z</time>
      </trkpt>
      <trkpt lat="48.040111" lon="-4.036506">
        <ele>105.012466</ele>
        <time>2026-07-03T12:29:07.744Z</time>
      </trkpt>
      <trkpt lat="48.040104" lon="-4.036541">
        <ele>104.863164</ele>
        <time>2026-07-03T12:29:08.748Z</time>
      </trkpt>
      <trkpt lat="48.040100" lon="-4.036578">
        <ele>104.709986</ele>
        <time>2026-07-03T12:29:09.778Z</time>
      </trkpt>
      <trkpt lat="48.040096" lon="-4.036615">
        <ele>104.556808</ele>
        <time>2026-07-03T12:29:10.809Z</time>
      </trkpt>
      <trkpt lat="48.040092" lon="-4.036652">
        <ele>104.403630</ele>
        <time>2026-07-03T12:29:11.839Z</time>
      </trkpt>
      <trkpt lat="48.040088" lon="-4.036690">
        <ele>104.246417</ele>
        <time>2026-07-03T12:29:12.896Z</time>
      </trkpt>
      <trkpt lat="48.040083" lon="-4.036725">
        <ele>104.100148</ele>
        <time>2026-07-03T12:29:13.880Z</time>
      </trkpt>
      <trkpt lat="48.040077" lon="-4.036761">
        <ele>103.948519</ele>
        <time>2026-07-03T12:29:14.901Z</time>
      </trkpt>
      <trkpt lat="48.040071" lon="-4.036795">
        <ele>103.804807</ele>
        <time>2026-07-03T12:29:15.868Z</time>
      </trkpt>
      <trkpt lat="48.040064" lon="-4.036829">
        <ele>103.659415</ele>
        <time>2026-07-03T12:29:16.846Z</time>
      </trkpt>
      <trkpt lat="48.040057" lon="-4.036863">
        <ele>103.514023</ele>
        <time>2026-07-03T12:29:17.824Z</time>
      </trkpt>
      <trkpt lat="48.040050" lon="-4.036897">
        <ele>103.368631</ele>
        <time>2026-07-03T12:29:18.803Z</time>
      </trkpt>
      <trkpt lat="48.040043" lon="-4.036931">
        <ele>103.223239</ele>
        <time>2026-07-03T12:29:19.781Z</time>
      </trkpt>
      <trkpt lat="48.040035" lon="-4.036966">
        <ele>103.072072</ele>
        <time>2026-07-03T12:29:20.799Z</time>
      </trkpt>
      <trkpt lat="48.040027" lon="-4.037001">
        <ele>102.920904</ele>
        <time>2026-07-03T12:29:21.816Z</time>
      </trkpt>
      <trkpt lat="48.040020" lon="-4.037036">
        <ele>102.771601</ele>
        <time>2026-07-03T12:29:22.821Z</time>
      </trkpt>
      <trkpt lat="48.040012" lon="-4.037072">
        <ele>102.616560</ele>
        <time>2026-07-03T12:29:23.864Z</time>
      </trkpt>
      <trkpt lat="48.040004" lon="-4.037108">
        <ele>102.461520</ele>
        <time>2026-07-03T12:29:24.907Z</time>
      </trkpt>
      <trkpt lat="48.039997" lon="-4.037145">
        <ele>102.304369</ele>
        <time>2026-07-03T12:29:25.965Z</time>
      </trkpt>
      <trkpt lat="48.039990" lon="-4.037181">
        <ele>102.151146</ele>
        <time>2026-07-03T12:29:26.997Z</time>
      </trkpt>
      <trkpt lat="48.039983" lon="-4.037218">
        <ele>101.993995</ele>
        <time>2026-07-03T12:29:28.055Z</time>
      </trkpt>
      <trkpt lat="48.039976" lon="-4.037254">
        <ele>101.840772</ele>
        <time>2026-07-03T12:29:29.086Z</time>
      </trkpt>
      <trkpt lat="48.039969" lon="-4.037290">
        <ele>101.687549</ele>
        <time>2026-07-03T12:29:30.118Z</time>
      </trkpt>
      <trkpt lat="48.039961" lon="-4.037326">
        <ele>101.532508</ele>
        <time>2026-07-03T12:29:31.162Z</time>
      </trkpt>
      <trkpt lat="48.039954" lon="-4.037362">
        <ele>101.379286</ele>
        <time>2026-07-03T12:29:32.194Z</time>
      </trkpt>
      <trkpt lat="48.039947" lon="-4.037399">
        <ele>101.222134</ele>
        <time>2026-07-03T12:29:33.253Z</time>
      </trkpt>
      <trkpt lat="48.039940" lon="-4.037437">
        <ele>101.061047</ele>
        <time>2026-07-03T12:29:34.338Z</time>
      </trkpt>
      <trkpt lat="48.039933" lon="-4.037475">
        <ele>100.899959</ele>
        <time>2026-07-03T12:29:35.422Z</time>
      </trkpt>
      <trkpt lat="48.039925" lon="-4.037514">
        <ele>100.733239</ele>
        <time>2026-07-03T12:29:36.546Z</time>
      </trkpt>
      <trkpt lat="48.039917" lon="-4.037552">
        <ele>100.570421</ele>
        <time>2026-07-03T12:29:37.643Z</time>
      </trkpt>
      <trkpt lat="48.039909" lon="-4.037590">
        <ele>100.407603</ele>
        <time>2026-07-03T12:29:38.740Z</time>
      </trkpt>
      <trkpt lat="48.039902" lon="-4.037629">
        <ele>100.242571</ele>
        <time>2026-07-03T12:29:39.852Z</time>
      </trkpt>
      <trkpt lat="48.039896" lon="-4.037667">
        <ele>100.082998</ele>
        <time>2026-07-03T12:29:40.927Z</time>
      </trkpt>
      <trkpt lat="48.039890" lon="-4.037706">
        <ele>99.919445</ele>
        <time>2026-07-03T12:29:42.028Z</time>
      </trkpt>
      <trkpt lat="48.039885" lon="-4.037744">
        <ele>99.761165</ele>
        <time>2026-07-03T12:29:43.094Z</time>
      </trkpt>
      <trkpt lat="48.039880" lon="-4.037781">
        <ele>99.606893</ele>
        <time>2026-07-03T12:29:44.134Z</time>
      </trkpt>
      <trkpt lat="48.039876" lon="-4.037817">
        <ele>99.457748</ele>
        <time>2026-07-03T12:29:45.139Z</time>
      </trkpt>
      <trkpt lat="48.039873" lon="-4.037852">
        <ele>99.313536</ele>
        <time>2026-07-03T12:29:46.111Z</time>
      </trkpt>
      <trkpt lat="48.039868" lon="-4.037889">
        <ele>99.159264</ele>
        <time>2026-07-03T12:29:47.150Z</time>
      </trkpt>
      <trkpt lat="48.039864" lon="-4.037927">
        <ele>99.002050</ele>
        <time>2026-07-03T12:29:48.209Z</time>
      </trkpt>
      <trkpt lat="48.039857" lon="-4.037964">
        <ele>98.844898</ele>
        <time>2026-07-03T12:29:49.268Z</time>
      </trkpt>
      <trkpt lat="48.039850" lon="-4.038002">
        <ele>98.683810</ele>
        <time>2026-07-03T12:29:50.353Z</time>
      </trkpt>
      <trkpt lat="48.039839" lon="-4.038034">
        <ele>98.536758</ele>
        <time>2026-07-03T12:29:51.344Z</time>
      </trkpt>
      <trkpt lat="48.039829" lon="-4.038066">
        <ele>98.392399</ele>
        <time>2026-07-03T12:29:52.317Z</time>
      </trkpt>
      <trkpt lat="48.039813" lon="-4.038085">
        <ele>98.267521</ele>
        <time>2026-07-03T12:29:53.158Z</time>
      </trkpt>
      <trkpt lat="48.039797" lon="-4.038104">
        <ele>98.142644</ele>
        <time>2026-07-03T12:29:53.999Z</time>
      </trkpt>
      <trkpt lat="48.039776" lon="-4.038113">
        <ele>98.009116</ele>
        <time>2026-07-03T12:29:54.899Z</time>
      </trkpt>
      <trkpt lat="48.039755" lon="-4.038123">
        <ele>97.874405</ele>
        <time>2026-07-03T12:29:55.807Z</time>
      </trkpt>
      <trkpt lat="48.039731" lon="-4.038125">
        <ele>97.727478</ele>
        <time>2026-07-03T12:29:56.797Z</time>
      </trkpt>
      <trkpt lat="48.039707" lon="-4.038127">
        <ele>97.580551</ele>
        <time>2026-07-03T12:29:57.787Z</time>
      </trkpt>
      <trkpt lat="48.039685" lon="-4.038115">
        <ele>97.437413</ele>
        <time>2026-07-03T12:29:58.752Z</time>
      </trkpt>
      <trkpt lat="48.039663" lon="-4.038103">
        <ele>97.294275</ele>
        <time>2026-07-03T12:29:59.717Z</time>
      </trkpt>
      <trkpt lat="48.039646" lon="-4.038082">
        <ele>97.172752</ele>
        <time>2026-07-03T12:30:00.625Z</time>
      </trkpt>
      <trkpt lat="48.039629" lon="-4.038062">
        <ele>97.089661</ele>
        <time>2026-07-03T12:30:01.517Z</time>
      </trkpt>
      <trkpt lat="48.039616" lon="-4.038047">
        <ele>97.026584</ele>
        <time>2026-07-03T12:30:02.193Z</time>
      </trkpt>
      <trkpt lat="48.039603" lon="-4.038033">
        <ele>96.965043</ele>
        <time>2026-07-03T12:30:02.854Z</time>
      </trkpt>
      <trkpt lat="48.039589" lon="-4.038034">
        <ele>96.911198</ele>
        <time>2026-07-03T12:30:03.431Z</time>
      </trkpt>
      <trkpt lat="48.039575" lon="-4.038035">
        <ele>96.857354</ele>
        <time>2026-07-03T12:30:04.009Z</time>
      </trkpt>
      <trkpt lat="48.039560" lon="-4.038043">
        <ele>96.796174</ele>
        <time>2026-07-03T12:30:04.665Z</time>
      </trkpt>
      <trkpt lat="48.039545" lon="-4.038051">
        <ele>96.734995</ele>
        <time>2026-07-03T12:30:05.321Z</time>
      </trkpt>
      <trkpt lat="48.039531" lon="-4.038050">
        <ele>96.681151</ele>
        <time>2026-07-03T12:30:05.899Z</time>
      </trkpt>
      <trkpt lat="48.039517" lon="-4.038050">
        <ele>96.627367</ele>
        <time>2026-07-03T12:30:06.475Z</time>
      </trkpt>
      <trkpt lat="48.039501" lon="-4.038044">
        <ele>96.563998</ele>
        <time>2026-07-03T12:30:07.154Z</time>
      </trkpt>
      <trkpt lat="48.039484" lon="-4.038039">
        <ele>96.497439</ele>
        <time>2026-07-03T12:30:07.868Z</time>
      </trkpt>
      <trkpt lat="48.039465" lon="-4.038038">
        <ele>96.424402</ele>
        <time>2026-07-03T12:30:08.652Z</time>
      </trkpt>
      <trkpt lat="48.039445" lon="-4.038036">
        <ele>96.347397</ele>
        <time>2026-07-03T12:30:09.478Z</time>
      </trkpt>
      <trkpt lat="48.039428" lon="-4.038044">
        <ele>96.278933</ele>
        <time>2026-07-03T12:30:10.212Z</time>
      </trkpt>
      <trkpt lat="48.039410" lon="-4.038051">
        <ele>96.207483</ele>
        <time>2026-07-03T12:30:10.978Z</time>
      </trkpt>
      <trkpt lat="48.039397" lon="-4.038073">
        <ele>96.132068</ele>
        <time>2026-07-03T12:30:11.787Z</time>
      </trkpt>
      <trkpt lat="48.039384" lon="-4.038095">
        <ele>96.056652</ele>
        <time>2026-07-03T12:30:12.595Z</time>
      </trkpt>
      <trkpt lat="48.039376" lon="-4.038130">
        <ele>95.961643</ele>
        <time>2026-07-03T12:30:13.613Z</time>
      </trkpt>
      <trkpt lat="48.039368" lon="-4.038164">
        <ele>95.869060</ele>
        <time>2026-07-03T12:30:14.605Z</time>
      </trkpt>
      <trkpt lat="48.039360" lon="-4.038198">
        <ele>95.776477</ele>
        <time>2026-07-03T12:30:15.598Z</time>
      </trkpt>
      <trkpt lat="48.039353" lon="-4.038231">
        <ele>95.687550</ele>
        <time>2026-07-03T12:30:16.550Z</time>
      </trkpt>
      <trkpt lat="48.039335" lon="-4.038258">
        <ele>95.589613</ele>
        <time>2026-07-03T12:30:17.599Z</time>
      </trkpt>
      <trkpt lat="48.039326" lon="-4.038263">
        <ele>95.552730</ele>
        <time>2026-07-03T12:30:17.995Z</time>
      </trkpt>
      <trkpt lat="48.039318" lon="-4.038268">
        <ele>95.519421</ele>
        <time>2026-07-03T12:30:18.351Z</time>
      </trkpt>
      <trkpt lat="48.039310" lon="-4.038273">
        <ele>95.486112</ele>
        <time>2026-07-03T12:30:18.708Z</time>
      </trkpt>
      <trkpt lat="48.039301" lon="-4.038277">
        <ele>95.450043</ele>
        <time>2026-07-03T12:30:19.094Z</time>
      </trkpt>
      <trkpt lat="48.039293" lon="-4.038282">
        <ele>95.416734</ele>
        <time>2026-07-03T12:30:19.451Z</time>
      </trkpt>
      <trkpt lat="48.039285" lon="-4.038287">
        <ele>95.383425</ele>
        <time>2026-07-03T12:30:19.807Z</time>
      </trkpt>
      <trkpt lat="48.039276" lon="-4.038292">
        <ele>95.346542</ele>
        <time>2026-07-03T12:30:20.202Z</time>
      </trkpt>
      <trkpt lat="48.039268" lon="-4.038297">
        <ele>95.313233</ele>
        <time>2026-07-03T12:30:20.559Z</time>
      </trkpt>
      <trkpt lat="48.039254" lon="-4.038303">
        <ele>95.257285</ele>
        <time>2026-07-03T12:30:21.159Z</time>
      </trkpt>
      <trkpt lat="48.039239" lon="-4.038312">
        <ele>95.195196</ele>
        <time>2026-07-03T12:30:21.824Z</time>
      </trkpt>
      <trkpt lat="48.039224" lon="-4.038320">
        <ele>95.134017</ele>
        <time>2026-07-03T12:30:22.479Z</time>
      </trkpt>
      <trkpt lat="48.039210" lon="-4.038331">
        <ele>95.073264</ele>
        <time>2026-07-03T12:30:23.129Z</time>
      </trkpt>
      <trkpt lat="48.039196" lon="-4.038341">
        <ele>95.013661</ele>
        <time>2026-07-03T12:30:23.767Z</time>
      </trkpt>
      <trkpt lat="48.039185" lon="-4.038357">
        <ele>94.954714</ele>
        <time>2026-07-03T12:30:24.398Z</time>
      </trkpt>
      <trkpt lat="48.039173" lon="-4.038372">
        <ele>94.894633</ele>
        <time>2026-07-03T12:30:25.041Z</time>
      </trkpt>
      <trkpt lat="48.039164" lon="-4.038387">
        <ele>94.842865</ele>
        <time>2026-07-03T12:30:25.595Z</time>
      </trkpt>
      <trkpt lat="48.039155" lon="-4.038403">
        <ele>94.789158</ele>
        <time>2026-07-03T12:30:26.170Z</time>
      </trkpt>
      <trkpt lat="48.039142" lon="-4.038414">
        <ele>94.731777</ele>
        <time>2026-07-03T12:30:26.784Z</time>
      </trkpt>
      <trkpt lat="48.039130" lon="-4.038425">
        <ele>94.677707</ele>
        <time>2026-07-03T12:30:27.362Z</time>
      </trkpt>
      <trkpt lat="48.039113" lon="-4.038434">
        <ele>94.608428</ele>
        <time>2026-07-03T12:30:28.104Z</time>
      </trkpt>
      <trkpt lat="48.039097" lon="-4.038443">
        <ele>94.542758</ele>
        <time>2026-07-03T12:30:28.806Z</time>
      </trkpt>
      <trkpt lat="48.039086" lon="-4.038456">
        <ele>94.488899</ele>
        <time>2026-07-03T12:30:29.382Z</time>
      </trkpt>
      <trkpt lat="48.039074" lon="-4.038469">
        <ele>94.431976</ele>
        <time>2026-07-03T12:30:29.991Z</time>
      </trkpt>
      <trkpt lat="48.039068" lon="-4.038482">
        <ele>94.391401</ele>
        <time>2026-07-03T12:30:30.425Z</time>
      </trkpt>
      <trkpt lat="48.039061" lon="-4.038494">
        <ele>94.350495</ele>
        <time>2026-07-03T12:30:30.863Z</time>
      </trkpt>
      <trkpt lat="48.039053" lon="-4.038504">
        <ele>94.310441</ele>
        <time>2026-07-03T12:30:31.291Z</time>
      </trkpt>
      <trkpt lat="48.039045" lon="-4.038514">
        <ele>94.270387</ele>
        <time>2026-07-03T12:30:31.719Z</time>
      </trkpt>
      <trkpt lat="48.039034" lon="-4.038528">
        <ele>94.214899</ele>
        <time>2026-07-03T12:30:32.313Z</time>
      </trkpt>
      <trkpt lat="48.039023" lon="-4.038543">
        <ele>94.157713</ele>
        <time>2026-07-03T12:30:32.924Z</time>
      </trkpt>
      <trkpt lat="48.039009" lon="-4.038563">
        <ele>94.083337</ele>
        <time>2026-07-03T12:30:33.720Z</time>
      </trkpt>
      <trkpt lat="48.038995" lon="-4.038583">
        <ele>94.008961</ele>
        <time>2026-07-03T12:30:34.515Z</time>
      </trkpt>
      <trkpt lat="48.038979" lon="-4.038605">
        <ele>93.925465</ele>
        <time>2026-07-03T12:30:35.408Z</time>
      </trkpt>
      <trkpt lat="48.038964" lon="-4.038627">
        <ele>93.844756</ele>
        <time>2026-07-03T12:30:36.271Z</time>
      </trkpt>
      <trkpt lat="48.038948" lon="-4.038649">
        <ele>93.761260</ele>
        <time>2026-07-03T12:30:37.164Z</time>
      </trkpt>
      <trkpt lat="48.038932" lon="-4.038671">
        <ele>93.677764</ele>
        <time>2026-07-03T12:30:38.057Z</time>
      </trkpt>
      <trkpt lat="48.038917" lon="-4.038696">
        <ele>93.591484</ele>
        <time>2026-07-03T12:30:38.980Z</time>
      </trkpt>
      <trkpt lat="48.038902" lon="-4.038720">
        <ele>93.507098</ele>
        <time>2026-07-03T12:30:39.882Z</time>
      </trkpt>
      <trkpt lat="48.038887" lon="-4.038748">
        <ele>93.414938</ele>
        <time>2026-07-03T12:30:40.867Z</time>
      </trkpt>
      <trkpt lat="48.038873" lon="-4.038777">
        <ele>93.323061</ele>
        <time>2026-07-03T12:30:41.850Z</time>
      </trkpt>
      <trkpt lat="48.038858" lon="-4.038808">
        <ele>93.224769</ele>
        <time>2026-07-03T12:30:42.900Z</time>
      </trkpt>
      <trkpt lat="48.038844" lon="-4.038839">
        <ele>93.128680</ele>
        <time>2026-07-03T12:30:43.927Z</time>
      </trkpt>
      <trkpt lat="48.038829" lon="-4.038867">
        <ele>93.036520</ele>
        <time>2026-07-03T12:30:44.912Z</time>
      </trkpt>
      <trkpt lat="48.038814" lon="-4.038895">
        <ele>92.944360</ele>
        <time>2026-07-03T12:30:45.898Z</time>
      </trkpt>
      <trkpt lat="48.038800" lon="-4.038921">
        <ele>92.858612</ele>
        <time>2026-07-03T12:30:46.814Z</time>
      </trkpt>
      <trkpt lat="48.038786" lon="-4.038947">
        <ele>92.772863</ele>
        <time>2026-07-03T12:30:47.731Z</time>
      </trkpt>
      <trkpt lat="48.038774" lon="-4.038976">
        <ele>92.685261</ele>
        <time>2026-07-03T12:30:48.667Z</time>
      </trkpt>
      <trkpt lat="48.038763" lon="-4.039005">
        <ele>92.599619</ele>
        <time>2026-07-03T12:30:49.582Z</time>
      </trkpt>
      <trkpt lat="48.038753" lon="-4.039035">
        <ele>92.513514</ele>
        <time>2026-07-03T12:30:50.503Z</time>
      </trkpt>
      <trkpt lat="48.038743" lon="-4.039064">
        <ele>92.429701</ele>
        <time>2026-07-03T12:30:51.399Z</time>
      </trkpt>
      <trkpt lat="48.038733" lon="-4.039092">
        <ele>92.348162</ele>
        <time>2026-07-03T12:30:52.270Z</time>
      </trkpt>
      <trkpt lat="48.038723" lon="-4.039119">
        <ele>92.268879</ele>
        <time>2026-07-03T12:30:53.118Z</time>
      </trkpt>
      <trkpt lat="48.038716" lon="-4.039148">
        <ele>92.189683</ele>
        <time>2026-07-03T12:30:53.964Z</time>
      </trkpt>
      <trkpt lat="48.038708" lon="-4.039178">
        <ele>92.106721</ele>
        <time>2026-07-03T12:30:54.851Z</time>
      </trkpt>
      <trkpt lat="48.038706" lon="-4.039208">
        <ele>92.029280</ele>
        <time>2026-07-03T12:30:55.679Z</time>
      </trkpt>
      <trkpt lat="48.038704" lon="-4.039239">
        <ele>91.949282</ele>
        <time>2026-07-03T12:30:56.534Z</time>
      </trkpt>
      <trkpt lat="48.038708" lon="-4.039270">
        <ele>91.868185</ele>
        <time>2026-07-03T12:30:57.401Z</time>
      </trkpt>
      <trkpt lat="48.038712" lon="-4.039301">
        <ele>91.787087</ele>
        <time>2026-07-03T12:30:58.267Z</time>
      </trkpt>
      <trkpt lat="48.038723" lon="-4.039328">
        <ele>91.705874</ele>
        <time>2026-07-03T12:30:59.136Z</time>
      </trkpt>
      <trkpt lat="48.038734" lon="-4.039355">
        <ele>91.624660</ele>
        <time>2026-07-03T12:31:00.004Z</time>
      </trkpt>
      <trkpt lat="48.038749" lon="-4.039379">
        <ele>91.540274</ele>
        <time>2026-07-03T12:31:00.906Z</time>
      </trkpt>
      <trkpt lat="48.038763" lon="-4.039404">
        <ele>91.456510</ele>
        <time>2026-07-03T12:31:01.801Z</time>
      </trkpt>
      <trkpt lat="48.038781" lon="-4.039427">
        <ele>91.365559</ele>
        <time>2026-07-03T12:31:02.773Z</time>
      </trkpt>
      <trkpt lat="48.038798" lon="-4.039450">
        <ele>91.277494</ele>
        <time>2026-07-03T12:31:03.714Z</time>
      </trkpt>
      <trkpt lat="48.038817" lon="-4.039473">
        <ele>91.183590</ele>
        <time>2026-07-03T12:31:04.718Z</time>
      </trkpt>
      <trkpt lat="48.038836" lon="-4.039497">
        <ele>91.088048</ele>
        <time>2026-07-03T12:31:05.739Z</time>
      </trkpt>
      <trkpt lat="48.038857" lon="-4.039514">
        <ele>90.996313</ele>
        <time>2026-07-03T12:31:06.719Z</time>
      </trkpt>
      <trkpt lat="48.038877" lon="-4.039532">
        <ele>90.906641</ele>
        <time>2026-07-03T12:31:07.678Z</time>
      </trkpt>
      <trkpt lat="48.038898" lon="-4.039544">
        <ele>90.820279</ele>
        <time>2026-07-03T12:31:08.601Z</time>
      </trkpt>
      <trkpt lat="48.038919" lon="-4.039556">
        <ele>90.733916</ele>
        <time>2026-07-03T12:31:09.524Z</time>
      </trkpt>
      <trkpt lat="48.038939" lon="-4.039563">
        <ele>90.655007</ele>
        <time>2026-07-03T12:31:10.367Z</time>
      </trkpt>
      <trkpt lat="48.038960" lon="-4.039570">
        <ele>90.572352</ele>
        <time>2026-07-03T12:31:11.250Z</time>
      </trkpt>
      <trkpt lat="48.038979" lon="-4.039576">
        <ele>90.497751</ele>
        <time>2026-07-03T12:31:12.048Z</time>
      </trkpt>
      <trkpt lat="48.038997" lon="-4.039582">
        <ele>90.426905</ele>
        <time>2026-07-03T12:31:12.805Z</time>
      </trkpt>
      <trkpt lat="48.039013" lon="-4.039592">
        <ele>90.360287</ele>
        <time>2026-07-03T12:31:13.517Z</time>
      </trkpt>
      <trkpt lat="48.039028" lon="-4.039603">
        <ele>90.296108</ele>
        <time>2026-07-03T12:31:14.203Z</time>
      </trkpt>
      <trkpt lat="48.039045" lon="-4.039617">
        <ele>90.312519</ele>
        <time>2026-07-03T12:31:15.000Z</time>
      </trkpt>
      <trkpt lat="48.039062" lon="-4.039630">
        <ele>90.343701</ele>
        <time>2026-07-03T12:31:15.783Z</time>
      </trkpt>
      <trkpt lat="48.039081" lon="-4.039645">
        <ele>90.378788</ele>
        <time>2026-07-03T12:31:16.666Z</time>
      </trkpt>
      <trkpt lat="48.039099" lon="-4.039660">
        <ele>90.412439</ele>
        <time>2026-07-03T12:31:17.512Z</time>
      </trkpt>
      <trkpt lat="48.039118" lon="-4.039674">
        <ele>90.447030</ele>
        <time>2026-07-03T12:31:18.382Z</time>
      </trkpt>
      <trkpt lat="48.039136" lon="-4.039687">
        <ele>90.479674</ele>
        <time>2026-07-03T12:31:19.202Z</time>
      </trkpt>
      <trkpt lat="48.039154" lon="-4.039693">
        <ele>90.509791</ele>
        <time>2026-07-03T12:31:19.960Z</time>
      </trkpt>
      <trkpt lat="48.039171" lon="-4.039698">
        <ele>90.538086</ele>
        <time>2026-07-03T12:31:20.671Z</time>
      </trkpt>
      <trkpt lat="48.039185" lon="-4.039701">
        <ele>90.561183</ele>
        <time>2026-07-03T12:31:21.252Z</time>
      </trkpt>
      <trkpt lat="48.039200" lon="-4.039704">
        <ele>90.585898</ele>
        <time>2026-07-03T12:31:21.874Z</time>
      </trkpt>
      <trkpt lat="48.039214" lon="-4.039712">
        <ele>90.610373</ele>
        <time>2026-07-03T12:31:22.489Z</time>
      </trkpt>
      <trkpt lat="48.039229" lon="-4.039721">
        <ele>90.636768</ele>
        <time>2026-07-03T12:31:23.153Z</time>
      </trkpt>
      <trkpt lat="48.039244" lon="-4.039736">
        <ele>90.666236</ele>
        <time>2026-07-03T12:31:23.894Z</time>
      </trkpt>
      <trkpt lat="48.039260" lon="-4.039752">
        <ele>90.697668</ele>
        <time>2026-07-03T12:31:24.685Z</time>
      </trkpt>
      <trkpt lat="48.039273" lon="-4.039767">
        <ele>90.724483</ele>
        <time>2026-07-03T12:31:25.359Z</time>
      </trkpt>
      <trkpt lat="48.039287" lon="-4.039782">
        <ele>90.752608</ele>
        <time>2026-07-03T12:31:26.066Z</time>
      </trkpt>
      <trkpt lat="48.039297" lon="-4.039798">
        <ele>90.776523</ele>
        <time>2026-07-03T12:31:26.667Z</time>
      </trkpt>
      <trkpt lat="48.039307" lon="-4.039814">
        <ele>90.800438</ele>
        <time>2026-07-03T12:31:27.269Z</time>
      </trkpt>
      <trkpt lat="48.039311" lon="-4.039834">
        <ele>90.823233</ele>
        <time>2026-07-03T12:31:27.842Z</time>
      </trkpt>
      <trkpt lat="48.039314" lon="-4.039853">
        <ele>90.844551</ele>
        <time>2026-07-03T12:31:28.378Z</time>
      </trkpt>
      <trkpt lat="48.039309" lon="-4.039871">
        <ele>90.865834</ele>
        <time>2026-07-03T12:31:28.914Z</time>
      </trkpt>
      <trkpt lat="48.039303" lon="-4.039888">
        <ele>90.886825</ele>
        <time>2026-07-03T12:31:29.442Z</time>
      </trkpt>
      <trkpt lat="48.039291" lon="-4.039903">
        <ele>90.912365</ele>
        <time>2026-07-03T12:31:30.084Z</time>
      </trkpt>
      <trkpt lat="48.039278" lon="-4.039918">
        <ele>90.939180</ele>
        <time>2026-07-03T12:31:30.759Z</time>
      </trkpt>
      <trkpt lat="48.039267" lon="-4.039935">
        <ele>90.965012</ele>
        <time>2026-07-03T12:31:31.409Z</time>
      </trkpt>
      <trkpt lat="48.039256" lon="-4.039951">
        <ele>90.990071</ele>
        <time>2026-07-03T12:31:32.039Z</time>
      </trkpt>
      <trkpt lat="48.039248" lon="-4.039963">
        <ele>91.008575</ele>
        <time>2026-07-03T12:31:32.504Z</time>
      </trkpt>
      <trkpt lat="48.039240" lon="-4.039975">
        <ele>91.027078</ele>
        <time>2026-07-03T12:31:32.970Z</time>
      </trkpt>
      <trkpt lat="48.039230" lon="-4.039982">
        <ele>91.045110</ele>
        <time>2026-07-03T12:31:33.423Z</time>
      </trkpt>
      <trkpt lat="48.039220" lon="-4.039990">
        <ele>91.063630</ele>
        <time>2026-07-03T12:31:33.889Z</time>
      </trkpt>
      <trkpt lat="48.039208" lon="-4.039994">
        <ele>91.083709</ele>
        <time>2026-07-03T12:31:34.394Z</time>
      </trkpt>
      <trkpt lat="48.039197" lon="-4.039999">
        <ele>91.102484</ele>
        <time>2026-07-03T12:31:34.867Z</time>
      </trkpt>
      <trkpt lat="48.039184" lon="-4.040004">
        <ele>91.124405</ele>
        <time>2026-07-03T12:31:35.418Z</time>
      </trkpt>
      <trkpt lat="48.039171" lon="-4.040009">
        <ele>91.146327</ele>
        <time>2026-07-03T12:31:35.970Z</time>
      </trkpt>
      <trkpt lat="48.039157" lon="-4.040014">
        <ele>91.169833</ele>
        <time>2026-07-03T12:31:36.561Z</time>
      </trkpt>
      <trkpt lat="48.039143" lon="-4.040019">
        <ele>91.193340</ele>
        <time>2026-07-03T12:31:37.153Z</time>
      </trkpt>
      <trkpt lat="48.039129" lon="-4.040023">
        <ele>91.216617</ele>
        <time>2026-07-03T12:31:37.738Z</time>
      </trkpt>
      <trkpt lat="48.039114" lon="-4.040026">
        <ele>91.241332</ele>
        <time>2026-07-03T12:31:38.360Z</time>
      </trkpt>
      <trkpt lat="48.039101" lon="-4.040029">
        <ele>91.262813</ele>
        <time>2026-07-03T12:31:38.900Z</time>
      </trkpt>
      <trkpt lat="48.039087" lon="-4.040032">
        <ele>91.285911</ele>
        <time>2026-07-03T12:31:39.481Z</time>
      </trkpt>
      <trkpt lat="48.039074" lon="-4.040037">
        <ele>91.307832</ele>
        <time>2026-07-03T12:31:40.033Z</time>
      </trkpt>
      <trkpt lat="48.039062" lon="-4.040042">
        <ele>91.328176</ele>
        <time>2026-07-03T12:31:40.545Z</time>
      </trkpt>
      <trkpt lat="48.039050" lon="-4.040051">
        <ele>91.350099</ele>
        <time>2026-07-03T12:31:41.097Z</time>
      </trkpt>
      <trkpt lat="48.039039" lon="-4.040061">
        <ele>91.371122</ele>
        <time>2026-07-03T12:31:41.626Z</time>
      </trkpt>
      <trkpt lat="48.039028" lon="-4.040074">
        <ele>91.394017</ele>
        <time>2026-07-03T12:31:42.202Z</time>
      </trkpt>
      <trkpt lat="48.039017" lon="-4.040088">
        <ele>91.417606</ele>
        <time>2026-07-03T12:31:42.796Z</time>
      </trkpt>
      <trkpt lat="48.039007" lon="-4.040102">
        <ele>91.439976</ele>
        <time>2026-07-03T12:31:43.359Z</time>
      </trkpt>
      <trkpt lat="48.038997" lon="-4.040117">
        <ele>91.463105</ele>
        <time>2026-07-03T12:31:43.941Z</time>
      </trkpt>
      <trkpt lat="48.038986" lon="-4.040131">
        <ele>91.486694</ele>
        <time>2026-07-03T12:31:44.534Z</time>
      </trkpt>
      <trkpt lat="48.038976" lon="-4.040144">
        <ele>91.508332</ele>
        <time>2026-07-03T12:31:45.079Z</time>
      </trkpt>
      <trkpt lat="48.038965" lon="-4.040156">
        <ele>91.530567</ele>
        <time>2026-07-03T12:31:45.638Z</time>
      </trkpt>
      <trkpt lat="48.038955" lon="-4.040168">
        <ele>91.551505</ele>
        <time>2026-07-03T12:31:46.165Z</time>
      </trkpt>
      <trkpt lat="48.038947" lon="-4.040179">
        <ele>91.569253</ele>
        <time>2026-07-03T12:31:46.612Z</time>
      </trkpt>
      <trkpt lat="48.038940" lon="-4.040190">
        <ele>91.585835</ele>
        <time>2026-07-03T12:31:47.029Z</time>
      </trkpt>
      <trkpt lat="48.038937" lon="-4.040200">
        <ele>91.597803</ele>
        <time>2026-07-03T12:31:47.330Z</time>
      </trkpt>
      <trkpt lat="48.038935" lon="-4.040210">
        <ele>91.609200</ele>
        <time>2026-07-03T12:31:47.617Z</time>
      </trkpt>
      <trkpt lat="48.038937" lon="-4.040218">
        <ele>91.618527</ele>
        <time>2026-07-03T12:31:47.852Z</time>
      </trkpt>
      <trkpt lat="48.038940" lon="-4.040227">
        <ele>91.629508</ele>
        <time>2026-07-03T12:31:48.129Z</time>
      </trkpt>
      <trkpt lat="48.038945" lon="-4.040236">
        <ele>91.642285</ele>
        <time>2026-07-03T12:31:48.450Z</time>
      </trkpt>
      <trkpt lat="48.038950" lon="-4.040246">
        <ele>91.655920</ele>
        <time>2026-07-03T12:31:48.793Z</time>
      </trkpt>
      <trkpt lat="48.038955" lon="-4.040255">
        <ele>91.668697</ele>
        <time>2026-07-03T12:31:49.115Z</time>
      </trkpt>
      <trkpt lat="48.038959" lon="-4.040265">
        <ele>91.681421</ele>
        <time>2026-07-03T12:31:49.435Z</time>
      </trkpt>
      <trkpt lat="48.038963" lon="-4.040275">
        <ele>91.694145</ele>
        <time>2026-07-03T12:31:49.755Z</time>
      </trkpt>
      <trkpt lat="48.038966" lon="-4.040286">
        <ele>91.707118</ele>
        <time>2026-07-03T12:31:50.082Z</time>
      </trkpt>
      <trkpt lat="48.038969" lon="-4.040299">
        <ele>91.722135</ele>
        <time>2026-07-03T12:31:50.460Z</time>
      </trkpt>
      <trkpt lat="48.038971" lon="-4.040312">
        <ele>91.736701</ele>
        <time>2026-07-03T12:31:50.826Z</time>
      </trkpt>
      <trkpt lat="48.038974" lon="-4.040320">
        <ele>91.746716</ele>
        <time>2026-07-03T12:31:51.078Z</time>
      </trkpt>
      <trkpt lat="48.038977" lon="-4.040329">
        <ele>91.757697</ele>
        <time>2026-07-03T12:31:51.354Z</time>
      </trkpt>
      <trkpt lat="48.038980" lon="-4.040337">
        <ele>91.767713</ele>
        <time>2026-07-03T12:31:51.606Z</time>
      </trkpt>
      <trkpt lat="48.038988" lon="-4.040346">
        <ele>91.784062</ele>
        <time>2026-07-03T12:31:52.018Z</time>
      </trkpt>
      <trkpt lat="48.038996" lon="-4.040355">
        <ele>91.800410</ele>
        <time>2026-07-03T12:31:52.429Z</time>
      </trkpt>
      <trkpt lat="48.039005" lon="-4.040360">
        <ele>91.816089</ele>
        <time>2026-07-03T12:31:52.824Z</time>
      </trkpt>
      <trkpt lat="48.039015" lon="-4.040365">
        <ele>91.833309</ele>
        <time>2026-07-03T12:31:53.257Z</time>
      </trkpt>
      <trkpt lat="48.039024" lon="-4.040370">
        <ele>91.848988</ele>
        <time>2026-07-03T12:31:53.652Z</time>
      </trkpt>
      <trkpt lat="48.039033" lon="-4.040375">
        <ele>91.864668</ele>
        <time>2026-07-03T12:31:54.046Z</time>
      </trkpt>
      <trkpt lat="48.039038" lon="-4.040385">
        <ele>91.878302</ele>
        <time>2026-07-03T12:31:54.390Z</time>
      </trkpt>
      <trkpt lat="48.039044" lon="-4.040394">
        <ele>91.892180</ele>
        <time>2026-07-03T12:31:54.739Z</time>
      </trkpt>
      <trkpt lat="48.039048" lon="-4.040405">
        <ele>91.905853</ele>
        <time>2026-07-03T12:31:55.083Z</time>
      </trkpt>
      <trkpt lat="48.039053" lon="-4.040416">
        <ele>91.920377</ele>
        <time>2026-07-03T12:31:55.448Z</time>
      </trkpt>
      <trkpt lat="48.039058" lon="-4.040427">
        <ele>91.934901</ele>
        <time>2026-07-03T12:31:55.814Z</time>
      </trkpt>
      <trkpt lat="48.039064" lon="-4.040437">
        <ele>91.949573</ele>
        <time>2026-07-03T12:31:56.183Z</time>
      </trkpt>
      <trkpt lat="48.039068" lon="-4.040443">
        <ele>91.958825</ele>
        <time>2026-07-03T12:31:56.416Z</time>
      </trkpt>
      <trkpt lat="48.039073" lon="-4.040448">
        <ele>91.968647</ele>
        <time>2026-07-03T12:31:56.663Z</time>
      </trkpt>
      <trkpt lat="48.039081" lon="-4.040457">
        <ele>91.984996</ele>
        <time>2026-07-03T12:31:57.074Z</time>
      </trkpt>
      <trkpt lat="48.039089" lon="-4.040466">
        <ele>92.001344</ele>
        <time>2026-07-03T12:31:57.485Z</time>
      </trkpt>
      <trkpt lat="48.039096" lon="-4.040473">
        <ele>92.015096</ele>
        <time>2026-07-03T12:31:57.831Z</time>
      </trkpt>
      <trkpt lat="48.039103" lon="-4.040481">
        <ele>92.029483</ele>
        <time>2026-07-03T12:31:58.193Z</time>
      </trkpt>
      <trkpt lat="48.039112" lon="-4.040488">
        <ele>92.046050</ele>
        <time>2026-07-03T12:31:58.610Z</time>
      </trkpt>
      <trkpt lat="48.039121" lon="-4.040495">
        <ele>92.062617</ele>
        <time>2026-07-03T12:31:59.027Z</time>
      </trkpt>
      <trkpt lat="48.039131" lon="-4.040500">
        <ele>92.079836</ele>
        <time>2026-07-03T12:31:59.460Z</time>
      </trkpt>
      <trkpt lat="48.039141" lon="-4.040505">
        <ele>92.097056</ele>
        <time>2026-07-03T12:31:59.893Z</time>
      </trkpt>
      <trkpt lat="48.039151" lon="-4.040510">
        <ele>92.114276</ele>
        <time>2026-07-03T12:32:00.326Z</time>
      </trkpt>
      <trkpt lat="48.039160" lon="-4.040516">
        <ele>92.130368</ele>
        <time>2026-07-03T12:32:00.731Z</time>
      </trkpt>
      <trkpt lat="48.039168" lon="-4.040525">
        <ele>92.146716</ele>
        <time>2026-07-03T12:32:01.143Z</time>
      </trkpt>
      <trkpt lat="48.039176" lon="-4.040534">
        <ele>92.163065</ele>
        <time>2026-07-03T12:32:01.554Z</time>
      </trkpt>
      <trkpt lat="48.039186" lon="-4.040547">
        <ele>92.184703</ele>
        <time>2026-07-03T12:32:02.098Z</time>
      </trkpt>
      <trkpt lat="48.039196" lon="-4.040560">
        <ele>92.206341</ele>
        <time>2026-07-03T12:32:02.642Z</time>
      </trkpt>
      <trkpt lat="48.039201" lon="-4.040567">
        <ele>92.217526</ele>
        <time>2026-07-03T12:32:02.923Z</time>
      </trkpt>
      <trkpt lat="48.039205" lon="-4.040575">
        <ele>92.228434</ele>
        <time>2026-07-03T12:32:03.198Z</time>
      </trkpt>
      <trkpt lat="48.039208" lon="-4.040585">
        <ele>92.240402</ele>
        <time>2026-07-03T12:32:03.498Z</time>
      </trkpt>
      <trkpt lat="48.039212" lon="-4.040595">
        <ele>92.253126</ele>
        <time>2026-07-03T12:32:03.818Z</time>
      </trkpt>
      <trkpt lat="48.039213" lon="-4.040607">
        <ele>92.266331</ele>
        <time>2026-07-03T12:32:04.150Z</time>
      </trkpt>
      <trkpt lat="48.039215" lon="-4.040619">
        <ele>92.279835</ele>
        <time>2026-07-03T12:32:04.490Z</time>
      </trkpt>
      <trkpt lat="48.039237" lon="-4.040709">
        <ele>92.384471</ele>
        <time>2026-07-03T12:32:07.104Z</time>
      </trkpt>
      <trkpt lat="48.039192" lon="-4.040732">
        <ele>92.462134</ele>
        <time>2026-07-03T12:32:09.158Z</time>
      </trkpt>
      <trkpt lat="48.039083" lon="-4.040881">
        <ele>92.703295</ele>
        <time>2026-07-03T12:32:15.411Z</time>
      </trkpt>
      <trkpt lat="48.039017" lon="-4.041056">
        <ele>92.922687</ele>
        <time>2026-07-03T12:32:20.901Z</time>
      </trkpt>
      <trkpt lat="48.038975" lon="-4.041334">
        <ele>93.174846</ele>
        <time>2026-07-03T12:32:28.549Z</time>
      </trkpt>
      <trkpt lat="48.038990" lon="-4.041767">
        <ele>91.134096</ele>
        <time>2026-07-03T12:32:39.925Z</time>
      </trkpt>
      <trkpt lat="48.038992" lon="-4.041921">
        <ele>90.409123</ele>
        <time>2026-07-03T12:32:44.519Z</time>
      </trkpt>
      <trkpt lat="48.038904" lon="-4.041979">
        <ele>89.732169</ele>
        <time>2026-07-03T12:32:48.640Z</time>
      </trkpt>
      <trkpt lat="48.037301" lon="-4.042268">
        <ele>77.681439</ele>
        <time>2026-07-03T12:33:52.117Z</time>
      </trkpt>
      <trkpt lat="48.037193" lon="-4.042414">
        <ele>76.336895</ele>
        <time>2026-07-03T12:33:57.854Z</time>
      </trkpt>
      <trkpt lat="48.036884" lon="-4.043011">
        <ele>71.674693</ele>
        <time>2026-07-03T12:34:17.729Z</time>
      </trkpt>
      <trkpt lat="48.036805" lon="-4.043007">
        <ele>70.944659</ele>
        <time>2026-07-03T12:34:20.751Z</time>
      </trkpt>
      <trkpt lat="48.036803" lon="-4.043113">
        <ele>70.289803</ele>
        <time>2026-07-03T12:34:23.677Z</time>
      </trkpt>
      <trkpt lat="48.036789" lon="-4.043143">
        <ele>70.063881</ele>
        <time>2026-07-03T12:34:24.686Z</time>
      </trkpt>
      <trkpt lat="48.036775" lon="-4.043172">
        <ele>69.842995</ele>
        <time>2026-07-03T12:34:25.672Z</time>
      </trkpt>
      <trkpt lat="48.036759" lon="-4.043201">
        <ele>69.610813</ele>
        <time>2026-07-03T12:34:26.709Z</time>
      </trkpt>
      <trkpt lat="48.036743" lon="-4.043231">
        <ele>69.373835</ele>
        <time>2026-07-03T12:34:27.766Z</time>
      </trkpt>
      <trkpt lat="48.036726" lon="-4.043258">
        <ele>69.144811</ele>
        <time>2026-07-03T12:34:28.787Z</time>
      </trkpt>
      <trkpt lat="48.036710" lon="-4.043286">
        <ele>68.917358</ele>
        <time>2026-07-03T12:34:29.801Z</time>
      </trkpt>
      <trkpt lat="48.036692" lon="-4.043309">
        <ele>68.698703</ele>
        <time>2026-07-03T12:34:30.777Z</time>
      </trkpt>
      <trkpt lat="48.036674" lon="-4.043333">
        <ele>68.475986</ele>
        <time>2026-07-03T12:34:31.771Z</time>
      </trkpt>
      <trkpt lat="48.036656" lon="-4.043354">
        <ele>68.265144</ele>
        <time>2026-07-03T12:34:32.713Z</time>
      </trkpt>
      <trkpt lat="48.036637" lon="-4.043375">
        <ele>68.046946</ele>
        <time>2026-07-03T12:34:33.686Z</time>
      </trkpt>
      <trkpt lat="48.036619" lon="-4.043396">
        <ele>67.836104</ele>
        <time>2026-07-03T12:34:34.626Z</time>
      </trkpt>
      <trkpt lat="48.036601" lon="-4.043416">
        <ele>67.629004</ele>
        <time>2026-07-03T12:34:35.549Z</time>
      </trkpt>
      <trkpt lat="48.036583" lon="-4.043435">
        <ele>67.425525</ele>
        <time>2026-07-03T12:34:36.457Z</time>
      </trkpt>
      <trkpt lat="48.036564" lon="-4.043453">
        <ele>67.217803</ele>
        <time>2026-07-03T12:34:37.384Z</time>
      </trkpt>
      <trkpt lat="48.036544" lon="-4.043468">
        <ele>67.011165</ele>
        <time>2026-07-03T12:34:38.306Z</time>
      </trkpt>
      <trkpt lat="48.036524" lon="-4.043483">
        <ele>66.804526</ele>
        <time>2026-07-03T12:34:39.229Z</time>
      </trkpt>
      <trkpt lat="48.036502" lon="-4.043494">
        <ele>66.590288</ele>
        <time>2026-07-03T12:34:40.185Z</time>
      </trkpt>
      <trkpt lat="48.036481" lon="-4.043505">
        <ele>66.384787</ele>
        <time>2026-07-03T12:34:41.101Z</time>
      </trkpt>
      <trkpt lat="48.036458" lon="-4.043517">
        <ele>66.159812</ele>
        <time>2026-07-03T12:34:42.104Z</time>
      </trkpt>
      <trkpt lat="48.036435" lon="-4.043528">
        <ele>65.936795</ele>
        <time>2026-07-03T12:34:43.099Z</time>
      </trkpt>
      <trkpt lat="48.036411" lon="-4.043541">
        <ele>65.701049</ele>
        <time>2026-07-03T12:34:44.152Z</time>
      </trkpt>
      <trkpt lat="48.036386" lon="-4.043553">
        <ele>65.458557</ele>
        <time>2026-07-03T12:34:45.234Z</time>
      </trkpt>
      <trkpt lat="48.036362" lon="-4.043563">
        <ele>65.228460</ele>
        <time>2026-07-03T12:34:46.261Z</time>
      </trkpt>
      <trkpt lat="48.036337" lon="-4.043572">
        <ele>64.990974</ele>
        <time>2026-07-03T12:34:47.319Z</time>
      </trkpt>
      <trkpt lat="48.036317" lon="-4.043581">
        <ele>64.798081</ele>
        <time>2026-07-03T12:34:48.178Z</time>
      </trkpt>
      <trkpt lat="48.036296" lon="-4.043590">
        <ele>64.596326</ele>
        <time>2026-07-03T12:34:49.078Z</time>
      </trkpt>
      <trkpt lat="48.036284" lon="-4.043599">
        <ele>64.472342</ele>
        <time>2026-07-03T12:34:49.631Z</time>
      </trkpt>
      <trkpt lat="48.036272" lon="-4.043608">
        <ele>64.348359</ele>
        <time>2026-07-03T12:34:50.185Z</time>
      </trkpt>
      <trkpt lat="48.036263" lon="-4.043612">
        <ele>64.261646</ele>
        <time>2026-07-03T12:34:50.572Z</time>
      </trkpt>
      <trkpt lat="48.036253" lon="-4.043616">
        <ele>64.166043</ele>
        <time>2026-07-03T12:34:50.998Z</time>
      </trkpt>
      <trkpt lat="48.036238" lon="-4.043616">
        <ele>64.027508</ele>
        <time>2026-07-03T12:34:51.617Z</time>
      </trkpt>
      <trkpt lat="48.036222" lon="-4.043617">
        <ele>63.912056</ele>
        <time>2026-07-03T12:34:52.276Z</time>
      </trkpt>
      <trkpt lat="48.036200" lon="-4.043619">
        <ele>63.802662</ele>
        <time>2026-07-03T12:34:53.184Z</time>
      </trkpt>
      <trkpt lat="48.036177" lon="-4.043620">
        <ele>63.688458</ele>
        <time>2026-07-03T12:34:54.130Z</time>
      </trkpt>
      <trkpt lat="48.036154" lon="-4.043628">
        <ele>63.571256</ele>
        <time>2026-07-03T12:34:55.102Z</time>
      </trkpt>
      <trkpt lat="48.036131" lon="-4.043635">
        <ele>63.454760</ele>
        <time>2026-07-03T12:34:56.069Z</time>
      </trkpt>
      <trkpt lat="48.036108" lon="-4.043643">
        <ele>63.337557</ele>
        <time>2026-07-03T12:34:57.042Z</time>
      </trkpt>
      <trkpt lat="48.036085" lon="-4.043652">
        <ele>63.219559</ele>
        <time>2026-07-03T12:34:58.022Z</time>
      </trkpt>
      <trkpt lat="48.036062" lon="-4.043663">
        <ele>63.099708</ele>
        <time>2026-07-03T12:34:59.016Z</time>
      </trkpt>
      <trkpt lat="48.036039" lon="-4.043674">
        <ele>62.979856</ele>
        <time>2026-07-03T12:35:00.010Z</time>
      </trkpt>
      <trkpt lat="48.036016" lon="-4.043688">
        <ele>62.856607</ele>
        <time>2026-07-03T12:35:01.031Z</time>
      </trkpt>
      <trkpt lat="48.035993" lon="-4.043702">
        <ele>62.733358</ele>
        <time>2026-07-03T12:35:02.054Z</time>
      </trkpt>
      <trkpt lat="48.035970" lon="-4.043712">
        <ele>62.614476</ele>
        <time>2026-07-03T12:35:03.041Z</time>
      </trkpt>
      <trkpt lat="48.035947" lon="-4.043721">
        <ele>62.496477</ele>
        <time>2026-07-03T12:35:04.021Z</time>
      </trkpt>
      <trkpt lat="48.035923" lon="-4.043721">
        <ele>62.377358</ele>
        <time>2026-07-03T12:35:05.009Z</time>
      </trkpt>
      <trkpt lat="48.035899" lon="-4.043722">
        <ele>62.258193</ele>
        <time>2026-07-03T12:35:05.997Z</time>
      </trkpt>
      <trkpt lat="48.035876" lon="-4.043713">
        <ele>62.140194</ele>
        <time>2026-07-03T12:35:06.975Z</time>
      </trkpt>
      <trkpt lat="48.035853" lon="-4.043704">
        <ele>62.022195</ele>
        <time>2026-07-03T12:35:07.953Z</time>
      </trkpt>
      <trkpt lat="48.035833" lon="-4.043687">
        <ele>61.908016</ele>
        <time>2026-07-03T12:35:08.901Z</time>
      </trkpt>
      <trkpt lat="48.035813" lon="-4.043670">
        <ele>61.793837</ele>
        <time>2026-07-03T12:35:09.848Z</time>
      </trkpt>
      <trkpt lat="48.035792" lon="-4.043651">
        <ele>61.672018</ele>
        <time>2026-07-03T12:35:10.858Z</time>
      </trkpt>
      <trkpt lat="48.035771" lon="-4.043632">
        <ele>61.550199</ele>
        <time>2026-07-03T12:35:11.869Z</time>
      </trkpt>
      <trkpt lat="48.035751" lon="-4.043610">
        <ele>61.426972</ele>
        <time>2026-07-03T12:35:12.891Z</time>
      </trkpt>
      <trkpt lat="48.035730" lon="-4.043588">
        <ele>61.299714</ele>
        <time>2026-07-03T12:35:13.947Z</time>
      </trkpt>
      <trkpt lat="48.035710" lon="-4.043571">
        <ele>61.185535</ele>
        <time>2026-07-03T12:35:14.894Z</time>
      </trkpt>
      <trkpt lat="48.035690" lon="-4.043555">
        <ele>61.072959</ele>
        <time>2026-07-03T12:35:15.827Z</time>
      </trkpt>
      <trkpt lat="48.035673" lon="-4.043560">
        <ele>60.986966</ele>
        <time>2026-07-03T12:35:16.540Z</time>
      </trkpt>
      <trkpt lat="48.035657" lon="-4.043566">
        <ele>60.905095</ele>
        <time>2026-07-03T12:35:17.219Z</time>
      </trkpt>
      <trkpt lat="48.035642" lon="-4.043583">
        <ele>60.811682</ele>
        <time>2026-07-03T12:35:17.994Z</time>
      </trkpt>
      <trkpt lat="48.035628" lon="-4.043601">
        <ele>60.720047</ele>
        <time>2026-07-03T12:35:18.754Z</time>
      </trkpt>
      <trkpt lat="48.035610" lon="-4.043615">
        <ele>60.619348</ele>
        <time>2026-07-03T12:35:19.588Z</time>
      </trkpt>
      <trkpt lat="48.035592" lon="-4.043629">
        <ele>60.518649</ele>
        <time>2026-07-03T12:35:20.423Z</time>
      </trkpt>
      <trkpt lat="48.035571" lon="-4.043627">
        <ele>60.414208</ele>
        <time>2026-07-03T12:35:21.288Z</time>
      </trkpt>
      <trkpt lat="48.035551" lon="-4.043624">
        <ele>60.314444</ele>
        <time>2026-07-03T12:35:22.114Z</time>
      </trkpt>
      <trkpt lat="48.035530" lon="-4.043611">
        <ele>60.201638</ele>
        <time>2026-07-03T12:35:23.048Z</time>
      </trkpt>
      <trkpt lat="48.035509" lon="-4.043597">
        <ele>60.087522</ele>
        <time>2026-07-03T12:35:23.993Z</time>
      </trkpt>
      <trkpt lat="48.035490" lon="-4.043580">
        <ele>59.977630</ele>
        <time>2026-07-03T12:35:24.904Z</time>
      </trkpt>
      <trkpt lat="48.035472" lon="-4.043563">
        <ele>59.871967</ele>
        <time>2026-07-03T12:35:25.779Z</time>
      </trkpt>
      <trkpt lat="48.035454" lon="-4.043549">
        <ele>59.771268</ele>
        <time>2026-07-03T12:35:26.613Z</time>
      </trkpt>
      <trkpt lat="48.035436" lon="-4.043535">
        <ele>59.670568</ele>
        <time>2026-07-03T12:35:27.446Z</time>
      </trkpt>
      <trkpt lat="48.035419" lon="-4.043529">
        <ele>59.583874</ele>
        <time>2026-07-03T12:35:28.164Z</time>
      </trkpt>
      <trkpt lat="48.035401" lon="-4.043524">
        <ele>59.493007</ele>
        <time>2026-07-03T12:35:28.916Z</time>
      </trkpt>
      <trkpt lat="48.035381" lon="-4.043522">
        <ele>59.393519</ele>
        <time>2026-07-03T12:35:29.739Z</time>
      </trkpt>
      <trkpt lat="48.035362" lon="-4.043520">
        <ele>59.298984</ele>
        <time>2026-07-03T12:35:30.522Z</time>
      </trkpt>
      <trkpt lat="48.035340" lon="-4.043522">
        <ele>59.189589</ele>
        <time>2026-07-03T12:35:31.428Z</time>
      </trkpt>
      <trkpt lat="48.035318" lon="-4.043524">
        <ele>59.080195</ele>
        <time>2026-07-03T12:35:32.334Z</time>
      </trkpt>
      <trkpt lat="48.035297" lon="-4.043527">
        <ele>58.975492</ele>
        <time>2026-07-03T12:35:33.201Z</time>
      </trkpt>
      <trkpt lat="48.035275" lon="-4.043530">
        <ele>58.865846</ele>
        <time>2026-07-03T12:35:34.108Z</time>
      </trkpt>
      <trkpt lat="48.035253" lon="-4.043532">
        <ele>58.756452</ele>
        <time>2026-07-03T12:35:35.014Z</time>
      </trkpt>
      <trkpt lat="48.035231" lon="-4.043534">
        <ele>58.647058</ele>
        <time>2026-07-03T12:35:35.919Z</time>
      </trkpt>
      <trkpt lat="48.035210" lon="-4.043533">
        <ele>58.542776</ele>
        <time>2026-07-03T12:35:36.783Z</time>
      </trkpt>
      <trkpt lat="48.035188" lon="-4.043532">
        <ele>58.433533</ele>
        <time>2026-07-03T12:35:37.687Z</time>
      </trkpt>
      <trkpt lat="48.035170" lon="-4.043532">
        <ele>58.344194</ele>
        <time>2026-07-03T12:35:38.427Z</time>
      </trkpt>
      <trkpt lat="48.035152" lon="-4.043533">
        <ele>58.254793</ele>
        <time>2026-07-03T12:35:39.167Z</time>
      </trkpt>
      <trkpt lat="48.035133" lon="-4.043533">
        <ele>58.160490</ele>
        <time>2026-07-03T12:35:39.947Z</time>
      </trkpt>
      <trkpt lat="48.035115" lon="-4.043534">
        <ele>58.071089</ele>
        <time>2026-07-03T12:35:40.688Z</time>
      </trkpt>
      <trkpt lat="48.035092" lon="-4.043534">
        <ele>57.956933</ele>
        <time>2026-07-03T12:35:41.632Z</time>
      </trkpt>
      <trkpt lat="48.035070" lon="-4.043535">
        <ele>57.847690</ele>
        <time>2026-07-03T12:35:42.536Z</time>
      </trkpt>
      <trkpt lat="48.035045" lon="-4.043535">
        <ele>57.723608</ele>
        <time>2026-07-03T12:35:43.563Z</time>
      </trkpt>
      <trkpt lat="48.035020" lon="-4.043536">
        <ele>57.599481</ele>
        <time>2026-07-03T12:35:44.591Z</time>
      </trkpt>
      <trkpt lat="48.034995" lon="-4.043540">
        <ele>57.474690</ele>
        <time>2026-07-03T12:35:45.623Z</time>
      </trkpt>
      <trkpt lat="48.034971" lon="-4.043543">
        <ele>57.355156</ele>
        <time>2026-07-03T12:35:46.612Z</time>
      </trkpt>
      <trkpt lat="48.034948" lon="-4.043546">
        <ele>57.240567</ele>
        <time>2026-07-03T12:35:47.560Z</time>
      </trkpt>
      <trkpt lat="48.034925" lon="-4.043548">
        <ele>57.126218</ele>
        <time>2026-07-03T12:35:48.506Z</time>
      </trkpt>
      <trkpt lat="48.034903" lon="-4.043555">
        <ele>57.014581</ele>
        <time>2026-07-03T12:35:49.430Z</time>
      </trkpt>
      <trkpt lat="48.034882" lon="-4.043562">
        <ele>56.907795</ele>
        <time>2026-07-03T12:35:50.314Z</time>
      </trkpt>
      <trkpt lat="48.034861" lon="-4.043572">
        <ele>56.798409</ele>
        <time>2026-07-03T12:35:51.219Z</time>
      </trkpt>
      <trkpt lat="48.034841" lon="-4.043582">
        <ele>56.693742</ele>
        <time>2026-07-03T12:35:52.085Z</time>
      </trkpt>
      <trkpt lat="48.034824" lon="-4.043592">
        <ele>56.603073</ele>
        <time>2026-07-03T12:35:52.835Z</time>
      </trkpt>
      <trkpt lat="48.034806" lon="-4.043603">
        <ele>56.506563</ele>
        <time>2026-07-03T12:35:53.633Z</time>
      </trkpt>
      <trkpt lat="48.034790" lon="-4.043606">
        <ele>56.426528</ele>
        <time>2026-07-03T12:35:54.295Z</time>
      </trkpt>
      <trkpt lat="48.034774" lon="-4.043610">
        <ele>56.346013</ele>
        <time>2026-07-03T12:35:54.961Z</time>
      </trkpt>
      <trkpt lat="48.034758" lon="-4.043607">
        <ele>56.265979</ele>
        <time>2026-07-03T12:35:55.623Z</time>
      </trkpt>
      <trkpt lat="48.034743" lon="-4.043604">
        <ele>56.190867</ele>
        <time>2026-07-03T12:35:56.245Z</time>
      </trkpt>
      <trkpt lat="48.034726" lon="-4.043605">
        <ele>56.106425</ele>
        <time>2026-07-03T12:35:56.944Z</time>
      </trkpt>
      <trkpt lat="48.034709" lon="-4.043606">
        <ele>56.021984</ele>
        <time>2026-07-03T12:35:57.642Z</time>
      </trkpt>
      <trkpt lat="48.034692" lon="-4.043609">
        <ele>55.937023</ele>
        <time>2026-07-03T12:35:58.345Z</time>
      </trkpt>
      <trkpt lat="48.034674" lon="-4.043613">
        <ele>55.846702</ele>
        <time>2026-07-03T12:35:59.092Z</time>
      </trkpt>
      <trkpt lat="48.034656" lon="-4.043617">
        <ele>55.756382</ele>
        <time>2026-07-03T12:35:59.839Z</time>
      </trkpt>
      <trkpt lat="48.034638" lon="-4.043620">
        <ele>55.666490</ele>
        <time>2026-07-03T12:36:00.583Z</time>
      </trkpt>
      <trkpt lat="48.034616" lon="-4.043622">
        <ele>55.557095</ele>
        <time>2026-07-03T12:36:01.488Z</time>
      </trkpt>
      <trkpt lat="48.034595" lon="-4.043624">
        <ele>55.452655</ele>
        <time>2026-07-03T12:36:02.352Z</time>
      </trkpt>
      <trkpt lat="48.034572" lon="-4.043628">
        <ele>55.337730</ele>
        <time>2026-07-03T12:36:03.303Z</time>
      </trkpt>
      <trkpt lat="48.034550" lon="-4.043632">
        <ele>55.227733</ele>
        <time>2026-07-03T12:36:04.213Z</time>
      </trkpt>
      <trkpt lat="48.034530" lon="-4.043640">
        <ele>55.124978</ele>
        <time>2026-07-03T12:36:05.063Z</time>
      </trkpt>
      <trkpt lat="48.034510" lon="-4.043648">
        <ele>55.022480</ele>
        <time>2026-07-03T12:36:05.913Z</time>
      </trkpt>
      <trkpt lat="48.034490" lon="-4.043664">
        <ele>54.998189</ele>
        <time>2026-07-03T12:36:06.844Z</time>
      </trkpt>
      <trkpt lat="48.034470" lon="-4.043679">
        <ele>54.974228</ele>
        <time>2026-07-03T12:36:07.763Z</time>
      </trkpt>
      <trkpt lat="48.034452" lon="-4.043701">
        <ele>54.949332</ele>
        <time>2026-07-03T12:36:08.717Z</time>
      </trkpt>
      <trkpt lat="48.034434" lon="-4.043724">
        <ele>54.923976</ele>
        <time>2026-07-03T12:36:09.689Z</time>
      </trkpt>
      <trkpt lat="48.034420" lon="-4.043752">
        <ele>54.898939</ele>
        <time>2026-07-03T12:36:10.649Z</time>
      </trkpt>
      <trkpt lat="48.034407" lon="-4.043780">
        <ele>54.874528</ele>
        <time>2026-07-03T12:36:11.585Z</time>
      </trkpt>
      <trkpt lat="48.034398" lon="-4.043814">
        <ele>54.848342</ele>
        <time>2026-07-03T12:36:12.589Z</time>
      </trkpt>
      <trkpt lat="48.034390" lon="-4.043848">
        <ele>54.822530</ele>
        <time>2026-07-03T12:36:13.578Z</time>
      </trkpt>
      <trkpt lat="48.034384" lon="-4.043882">
        <ele>54.797348</ele>
        <time>2026-07-03T12:36:14.544Z</time>
      </trkpt>
      <trkpt lat="48.034379" lon="-4.043917">
        <ele>54.771718</ele>
        <time>2026-07-03T12:36:15.526Z</time>
      </trkpt>
      <trkpt lat="48.034376" lon="-4.043952">
        <ele>54.746449</ele>
        <time>2026-07-03T12:36:16.495Z</time>
      </trkpt>
      <trkpt lat="48.034373" lon="-4.043986">
        <ele>54.721889</ele>
        <time>2026-07-03T12:36:17.437Z</time>
      </trkpt>
      <trkpt lat="48.034371" lon="-4.044022">
        <ele>54.696020</ele>
        <time>2026-07-03T12:36:18.429Z</time>
      </trkpt>
      <trkpt lat="48.034369" lon="-4.044057">
        <ele>54.670864</ele>
        <time>2026-07-03T12:36:19.393Z</time>
      </trkpt>
      <trkpt lat="48.034368" lon="-4.044094">
        <ele>54.644346</ele>
        <time>2026-07-03T12:36:20.410Z</time>
      </trkpt>
      <trkpt lat="48.034367" lon="-4.044131">
        <ele>54.617828</ele>
        <time>2026-07-03T12:36:21.426Z</time>
      </trkpt>
      <trkpt lat="48.034368" lon="-4.044167">
        <ele>54.592025</ele>
        <time>2026-07-03T12:36:22.415Z</time>
      </trkpt>
      <trkpt lat="48.034369" lon="-4.044203">
        <ele>54.566222</ele>
        <time>2026-07-03T12:36:23.405Z</time>
      </trkpt>
      <trkpt lat="48.034372" lon="-4.044239">
        <ele>54.540242</ele>
        <time>2026-07-03T12:36:24.401Z</time>
      </trkpt>
      <trkpt lat="48.034375" lon="-4.044275">
        <ele>54.514263</ele>
        <time>2026-07-03T12:36:25.397Z</time>
      </trkpt>
      <trkpt lat="48.034379" lon="-4.044310">
        <ele>54.488835</ele>
        <time>2026-07-03T12:36:26.372Z</time>
      </trkpt>
      <trkpt lat="48.034383" lon="-4.044346">
        <ele>54.462701</ele>
        <time>2026-07-03T12:36:27.373Z</time>
      </trkpt>
      <trkpt lat="48.034388" lon="-4.044379">
        <ele>54.438470</ele>
        <time>2026-07-03T12:36:28.302Z</time>
      </trkpt>
      <trkpt lat="48.034393" lon="-4.044412">
        <ele>54.414238</ele>
        <time>2026-07-03T12:36:29.231Z</time>
      </trkpt>
      <trkpt lat="48.034400" lon="-4.044443">
        <ele>54.390807</ele>
        <time>2026-07-03T12:36:30.130Z</time>
      </trkpt>
      <trkpt lat="48.034408" lon="-4.044473">
        <ele>54.367678</ele>
        <time>2026-07-03T12:36:31.016Z</time>
      </trkpt>
      <trkpt lat="48.034415" lon="-4.044504">
        <ele>54.344246</ele>
        <time>2026-07-03T12:36:31.915Z</time>
      </trkpt>
      <trkpt lat="48.034421" lon="-4.044535">
        <ele>54.321135</ele>
        <time>2026-07-03T12:36:32.801Z</time>
      </trkpt>
      <trkpt lat="48.034425" lon="-4.044568">
        <ele>54.297118</ele>
        <time>2026-07-03T12:36:33.721Z</time>
      </trkpt>
      <trkpt lat="48.034428" lon="-4.044601">
        <ele>54.273269</ele>
        <time>2026-07-03T12:36:34.636Z</time>
      </trkpt>
      <trkpt lat="48.034433" lon="-4.044635">
        <ele>54.248339</ele>
        <time>2026-07-03T12:36:35.592Z</time>
      </trkpt>
      <trkpt lat="48.034437" lon="-4.044669">
        <ele>54.223616</ele>
        <time>2026-07-03T12:36:36.539Z</time>
      </trkpt>
      <trkpt lat="48.034444" lon="-4.044703">
        <ele>54.198140</ele>
        <time>2026-07-03T12:36:37.516Z</time>
      </trkpt>
      <trkpt lat="48.034451" lon="-4.044737">
        <ele>54.172664</ele>
        <time>2026-07-03T12:36:38.493Z</time>
      </trkpt>
      <trkpt lat="48.034460" lon="-4.044770">
        <ele>54.147142</ele>
        <time>2026-07-03T12:36:39.471Z</time>
      </trkpt>
      <trkpt lat="48.034469" lon="-4.044803">
        <ele>54.121620</ele>
        <time>2026-07-03T12:36:40.450Z</time>
      </trkpt>
      <trkpt lat="48.034477" lon="-4.044835">
        <ele>54.097155</ele>
        <time>2026-07-03T12:36:41.388Z</time>
      </trkpt>
      <trkpt lat="48.034486" lon="-4.044867">
        <ele>54.072294</ele>
        <time>2026-07-03T12:36:42.341Z</time>
      </trkpt>
      <trkpt lat="48.034490" lon="-4.044900">
        <ele>54.048277</ele>
        <time>2026-07-03T12:36:43.262Z</time>
      </trkpt>
      <trkpt lat="48.034494" lon="-4.044933">
        <ele>54.024260</ele>
        <time>2026-07-03T12:36:44.182Z</time>
      </trkpt>
      <trkpt lat="48.034495" lon="-4.044967">
        <ele>53.999888</ele>
        <time>2026-07-03T12:36:45.117Z</time>
      </trkpt>
      <trkpt lat="48.034495" lon="-4.045002">
        <ele>53.974824</ele>
        <time>2026-07-03T12:36:46.078Z</time>
      </trkpt>
      <trkpt lat="48.034491" lon="-4.045038">
        <ele>53.948690</ele>
        <time>2026-07-03T12:36:47.079Z</time>
      </trkpt>
      <trkpt lat="48.034488" lon="-4.045075">
        <ele>53.921999</ele>
        <time>2026-07-03T12:36:48.103Z</time>
      </trkpt>
      <trkpt lat="48.034480" lon="-4.045110">
        <ele>53.895511</ele>
        <time>2026-07-03T12:36:49.118Z</time>
      </trkpt>
      <trkpt lat="48.034472" lon="-4.045146">
        <ele>53.868344</ele>
        <time>2026-07-03T12:36:50.160Z</time>
      </trkpt>
      <trkpt lat="48.034465" lon="-4.045182">
        <ele>53.841496</ele>
        <time>2026-07-03T12:36:51.189Z</time>
      </trkpt>
      <trkpt lat="48.034458" lon="-4.045218">
        <ele>53.814648</ele>
        <time>2026-07-03T12:36:52.218Z</time>
      </trkpt>
      <trkpt lat="48.034455" lon="-4.045254">
        <ele>53.788668</ele>
        <time>2026-07-03T12:36:53.214Z</time>
      </trkpt>
      <trkpt lat="48.034451" lon="-4.045290">
        <ele>53.762534</ele>
        <time>2026-07-03T12:36:54.216Z</time>
      </trkpt>
      <trkpt lat="48.034448" lon="-4.045325">
        <ele>53.737265</ele>
        <time>2026-07-03T12:36:55.185Z</time>
      </trkpt>
      <trkpt lat="48.034444" lon="-4.045359">
        <ele>53.712542</ele>
        <time>2026-07-03T12:36:56.133Z</time>
      </trkpt>
      <trkpt lat="48.034437" lon="-4.045389">
        <ele>53.689788</ele>
        <time>2026-07-03T12:36:57.006Z</time>
      </trkpt>
      <trkpt lat="48.034430" lon="-4.045420">
        <ele>53.666357</ele>
        <time>2026-07-03T12:36:57.904Z</time>
      </trkpt>
      <trkpt lat="48.034421" lon="-4.045447">
        <ele>53.644752</ele>
        <time>2026-07-03T12:36:58.732Z</time>
      </trkpt>
      <trkpt lat="48.034411" lon="-4.045475">
        <ele>53.622020</ele>
        <time>2026-07-03T12:36:59.604Z</time>
      </trkpt>
      <trkpt lat="48.034404" lon="-4.045506">
        <ele>53.598589</ele>
        <time>2026-07-03T12:37:00.503Z</time>
      </trkpt>
      <trkpt lat="48.034397" lon="-4.045536">
        <ele>53.575835</ele>
        <time>2026-07-03T12:37:01.376Z</time>
      </trkpt>
      <trkpt lat="48.034395" lon="-4.045570">
        <ele>53.551392</ele>
        <time>2026-07-03T12:37:02.313Z</time>
      </trkpt>
      <trkpt lat="48.034393" lon="-4.045605">
        <ele>53.526237</ele>
        <time>2026-07-03T12:37:03.278Z</time>
      </trkpt>
      <trkpt lat="48.034394" lon="-4.045642">
        <ele>53.499718</ele>
        <time>2026-07-03T12:37:04.295Z</time>
      </trkpt>
      <trkpt lat="48.034395" lon="-4.045678">
        <ele>53.473916</ele>
        <time>2026-07-03T12:37:05.285Z</time>
      </trkpt>
      <trkpt lat="48.034398" lon="-4.045714">
        <ele>53.447936</ele>
        <time>2026-07-03T12:37:06.281Z</time>
      </trkpt>
      <trkpt lat="48.034401" lon="-4.045750">
        <ele>53.421956</ele>
        <time>2026-07-03T12:37:07.277Z</time>
      </trkpt>
      <trkpt lat="48.034404" lon="-4.045785">
        <ele>53.396686</ele>
        <time>2026-07-03T12:37:08.247Z</time>
      </trkpt>
      <trkpt lat="48.034407" lon="-4.045820">
        <ele>53.371417</ele>
        <time>2026-07-03T12:37:09.216Z</time>
      </trkpt>
      <trkpt lat="48.034411" lon="-4.045854">
        <ele>53.346695</ele>
        <time>2026-07-03T12:37:10.164Z</time>
      </trkpt>
      <trkpt lat="48.034414" lon="-4.045888">
        <ele>53.322135</ele>
        <time>2026-07-03T12:37:11.106Z</time>
      </trkpt>
      <trkpt lat="48.034419" lon="-4.045922">
        <ele>53.297205</ele>
        <time>2026-07-03T12:37:12.062Z</time>
      </trkpt>
      <trkpt lat="48.034423" lon="-4.045956">
        <ele>53.272483</ele>
        <time>2026-07-03T12:37:13.010Z</time>
      </trkpt>
      <trkpt lat="48.034428" lon="-4.045989">
        <ele>53.248252</ele>
        <time>2026-07-03T12:37:13.940Z</time>
      </trkpt>
      <trkpt lat="48.034434" lon="-4.046021">
        <ele>53.224452</ele>
        <time>2026-07-03T12:37:14.852Z</time>
      </trkpt>
      <trkpt lat="48.034438" lon="-4.046054">
        <ele>53.200435</ele>
        <time>2026-07-03T12:37:15.774Z</time>
      </trkpt>
      <trkpt lat="48.034442" lon="-4.046087">
        <ele>53.176418</ele>
        <time>2026-07-03T12:37:16.694Z</time>
      </trkpt>
      <trkpt lat="48.034442" lon="-4.046121">
        <ele>53.152070</ele>
        <time>2026-07-03T12:37:17.628Z</time>
      </trkpt>
      <trkpt lat="48.034443" lon="-4.046154">
        <ele>53.128413</ele>
        <time>2026-07-03T12:37:18.535Z</time>
      </trkpt>
      <trkpt lat="48.034440" lon="-4.046189">
        <ele>53.103144</ele>
        <time>2026-07-03T12:37:19.504Z</time>
      </trkpt>
      <trkpt lat="48.034437" lon="-4.046223">
        <ele>53.079666</ele>
        <time>2026-07-03T12:37:20.446Z</time>
      </trkpt>
      <trkpt lat="48.034431" lon="-4.046258">
        <ele>53.055372</ele>
        <time>2026-07-03T12:37:21.438Z</time>
      </trkpt>
      <trkpt lat="48.034426" lon="-4.046292">
        <ele>53.031964</ele>
        <time>2026-07-03T12:37:22.394Z</time>
      </trkpt>
      <trkpt lat="48.034417" lon="-4.046325">
        <ele>53.008000</ele>
        <time>2026-07-03T12:37:23.373Z</time>
      </trkpt>
      <trkpt lat="48.034409" lon="-4.046357">
        <ele>52.985029</ele>
        <time>2026-07-03T12:37:24.311Z</time>
      </trkpt>
      <trkpt lat="48.034398" lon="-4.046388">
        <ele>52.961432</ele>
        <time>2026-07-03T12:37:25.275Z</time>
      </trkpt>
      <trkpt lat="48.034387" lon="-4.046419">
        <ele>52.937835</ele>
        <time>2026-07-03T12:37:26.238Z</time>
      </trkpt>
      <trkpt lat="48.034378" lon="-4.046452">
        <ele>52.913871</ele>
        <time>2026-07-03T12:37:27.217Z</time>
      </trkpt>
      <trkpt lat="48.034368" lon="-4.046485">
        <ele>52.889510</ele>
        <time>2026-07-03T12:37:28.212Z</time>
      </trkpt>
      <trkpt lat="48.034361" lon="-4.046517">
        <ele>52.866871</ele>
        <time>2026-07-03T12:37:29.136Z</time>
      </trkpt>
      <trkpt lat="48.034353" lon="-4.046549">
        <ele>52.843900</ele>
        <time>2026-07-03T12:37:30.074Z</time>
      </trkpt>
      <trkpt lat="48.034348" lon="-4.046581">
        <ele>52.821804</ele>
        <time>2026-07-03T12:37:30.977Z</time>
      </trkpt>
      <trkpt lat="48.034344" lon="-4.046613">
        <ele>52.799914</ele>
        <time>2026-07-03T12:37:31.871Z</time>
      </trkpt>
      <trkpt lat="48.034343" lon="-4.046648">
        <ele>52.776359</ele>
        <time>2026-07-03T12:37:32.832Z</time>
      </trkpt>
      <trkpt lat="48.034341" lon="-4.046683">
        <ele>52.752739</ele>
        <time>2026-07-03T12:37:33.797Z</time>
      </trkpt>
      <trkpt lat="48.034344" lon="-4.046719">
        <ele>52.728346</ele>
        <time>2026-07-03T12:37:34.793Z</time>
      </trkpt>
      <trkpt lat="48.034347" lon="-4.046755">
        <ele>52.703952</ele>
        <time>2026-07-03T12:37:35.789Z</time>
      </trkpt>
      <trkpt lat="48.034351" lon="-4.046792">
        <ele>52.678751</ele>
        <time>2026-07-03T12:37:36.818Z</time>
      </trkpt>
      <trkpt lat="48.034355" lon="-4.046828">
        <ele>52.654213</ele>
        <time>2026-07-03T12:37:37.821Z</time>
      </trkpt>
      <trkpt lat="48.034362" lon="-4.046864">
        <ele>52.629004</ele>
        <time>2026-07-03T12:37:38.850Z</time>
      </trkpt>
      <trkpt lat="48.034369" lon="-4.046900">
        <ele>52.603795</ele>
        <time>2026-07-03T12:37:39.879Z</time>
      </trkpt>
      <trkpt lat="48.034379" lon="-4.046933">
        <ele>52.579434</ele>
        <time>2026-07-03T12:37:40.874Z</time>
      </trkpt>
      <trkpt lat="48.034389" lon="-4.046966">
        <ele>52.555073</ele>
        <time>2026-07-03T12:37:41.869Z</time>
      </trkpt>
      <trkpt lat="48.034404" lon="-4.046996">
        <ele>52.529885</ele>
        <time>2026-07-03T12:37:42.898Z</time>
      </trkpt>
      <trkpt lat="48.034419" lon="-4.047026">
        <ele>52.504698</ele>
        <time>2026-07-03T12:37:43.927Z</time>
      </trkpt>
      <trkpt lat="48.034436" lon="-4.047054">
        <ele>52.479268</ele>
        <time>2026-07-03T12:37:44.965Z</time>
      </trkpt>
      <trkpt lat="48.034453" lon="-4.047081">
        <ele>52.454332</ele>
        <time>2026-07-03T12:37:45.984Z</time>
      </trkpt>
      <trkpt lat="48.034469" lon="-4.047106">
        <ele>52.431063</ele>
        <time>2026-07-03T12:37:46.934Z</time>
      </trkpt>
      <trkpt lat="48.034485" lon="-4.047132">
        <ele>52.407305</ele>
        <time>2026-07-03T12:37:47.904Z</time>
      </trkpt>
      <trkpt lat="48.034497" lon="-4.047159">
        <ele>52.385506</ele>
        <time>2026-07-03T12:37:48.795Z</time>
      </trkpt>
      <trkpt lat="48.034509" lon="-4.047185">
        <ele>52.364264</ele>
        <time>2026-07-03T12:37:49.662Z</time>
      </trkpt>
      <trkpt lat="48.034517" lon="-4.047214">
        <ele>52.343170</ele>
        <time>2026-07-03T12:37:50.524Z</time>
      </trkpt>
      <trkpt lat="48.034525" lon="-4.047242">
        <ele>52.322696</ele>
        <time>2026-07-03T12:37:51.360Z</time>
      </trkpt>
      <trkpt lat="48.034530" lon="-4.047272">
        <ele>52.301908</ele>
        <time>2026-07-03T12:37:52.209Z</time>
      </trkpt>
      <trkpt lat="48.034535" lon="-4.047302">
        <ele>52.281119</ele>
        <time>2026-07-03T12:37:53.058Z</time>
      </trkpt>
      <trkpt lat="48.034537" lon="-4.047334">
        <ele>52.259508</ele>
        <time>2026-07-03T12:37:53.941Z</time>
      </trkpt>
      <trkpt lat="48.034540" lon="-4.047365">
        <ele>52.238447</ele>
        <time>2026-07-03T12:37:54.801Z</time>
      </trkpt>
      <trkpt lat="48.034541" lon="-4.047398">
        <ele>52.216235</ele>
        <time>2026-07-03T12:37:55.708Z</time>
      </trkpt>
      <trkpt lat="48.034541" lon="-4.047430">
        <ele>52.194719</ele>
        <time>2026-07-03T12:37:56.586Z</time>
      </trkpt>
      <trkpt lat="48.034540" lon="-4.047463">
        <ele>52.172507</ele>
        <time>2026-07-03T12:37:57.493Z</time>
      </trkpt>
      <trkpt lat="48.034538" lon="-4.047497">
        <ele>52.149557</ele>
        <time>2026-07-03T12:37:58.431Z</time>
      </trkpt>
      <trkpt lat="48.034533" lon="-4.047530">
        <ele>52.126806</ele>
        <time>2026-07-03T12:37:59.360Z</time>
      </trkpt>
      <trkpt lat="48.034528" lon="-4.047563">
        <ele>52.104054</ele>
        <time>2026-07-03T12:38:00.288Z</time>
      </trkpt>
      <trkpt lat="48.034519" lon="-4.047593">
        <ele>52.081946</ele>
        <time>2026-07-03T12:38:01.191Z</time>
      </trkpt>
      <trkpt lat="48.034510" lon="-4.047623">
        <ele>52.059837</ele>
        <time>2026-07-03T12:38:02.094Z</time>
      </trkpt>
      <trkpt lat="48.034499" lon="-4.047653">
        <ele>52.036831</ele>
        <time>2026-07-03T12:38:03.033Z</time>
      </trkpt>
      <trkpt lat="48.034488" lon="-4.047682">
        <ele>52.014413</ele>
        <time>2026-07-03T12:38:03.949Z</time>
      </trkpt>
      <trkpt lat="48.034477" lon="-4.047712">
        <ele>51.991408</ele>
        <time>2026-07-03T12:38:04.888Z</time>
      </trkpt>
      <trkpt lat="48.034466" lon="-4.047741">
        <ele>51.968990</ele>
        <time>2026-07-03T12:38:05.803Z</time>
      </trkpt>
      <trkpt lat="48.034453" lon="-4.047771">
        <ele>51.944952</ele>
        <time>2026-07-03T12:38:06.785Z</time>
      </trkpt>
      <trkpt lat="48.034441" lon="-4.047801">
        <ele>51.921447</ele>
        <time>2026-07-03T12:38:07.745Z</time>
      </trkpt>
      <trkpt lat="48.034428" lon="-4.047825">
        <ele>51.900679</ele>
        <time>2026-07-03T12:38:08.593Z</time>
      </trkpt>
      <trkpt lat="48.034414" lon="-4.047848">
        <ele>51.879766</ele>
        <time>2026-07-03T12:38:09.447Z</time>
      </trkpt>
      <trkpt lat="48.034401" lon="-4.047862">
        <ele>51.863658</ele>
        <time>2026-07-03T12:38:10.104Z</time>
      </trkpt>
      <trkpt lat="48.034389" lon="-4.047876">
        <ele>51.848353</ele>
        <time>2026-07-03T12:38:10.729Z</time>
      </trkpt>
      <trkpt lat="48.034384" lon="-4.047880">
        <ele>51.842651</ele>
        <time>2026-07-03T12:38:10.962Z</time>
      </trkpt>
      <trkpt lat="48.034380" lon="-4.047883">
        <ele>51.838152</ele>
        <time>2026-07-03T12:38:11.146Z</time>
      </trkpt>
      <trkpt lat="48.034376" lon="-4.047887">
        <ele>51.833313</ele>
        <time>2026-07-03T12:38:11.343Z</time>
      </trkpt>
      <trkpt lat="48.034372" lon="-4.047890">
        <ele>51.828814</ele>
        <time>2026-07-03T12:38:11.527Z</time>
      </trkpt>
      <trkpt lat="48.034368" lon="-4.047894">
        <ele>51.823975</ele>
        <time>2026-07-03T12:38:11.725Z</time>
      </trkpt>
      <trkpt lat="48.034362" lon="-4.047898">
        <ele>51.817369</ele>
        <time>2026-07-03T12:38:11.994Z</time>
      </trkpt>
      <trkpt lat="48.034357" lon="-4.047903">
        <ele>51.811321</ele>
        <time>2026-07-03T12:38:12.241Z</time>
      </trkpt>
      <trkpt lat="48.034355" lon="-4.047908">
        <ele>51.807404</ele>
        <time>2026-07-03T12:38:12.401Z</time>
      </trkpt>
      <trkpt lat="48.034354" lon="-4.047914">
        <ele>51.803246</ele>
        <time>2026-07-03T12:38:12.571Z</time>
      </trkpt>
      <trkpt lat="48.034355" lon="-4.047924">
        <ele>51.796447</ele>
        <time>2026-07-03T12:38:12.849Z</time>
      </trkpt>
      <trkpt lat="48.034357" lon="-4.047934">
        <ele>51.789429</ele>
        <time>2026-07-03T12:38:13.135Z</time>
      </trkpt>
      <trkpt lat="48.034360" lon="-4.047949">
        <ele>51.778901</ele>
        <time>2026-07-03T12:38:13.565Z</time>
      </trkpt>
      <trkpt lat="48.034362" lon="-4.047964">
        <ele>51.768617</ele>
        <time>2026-07-03T12:38:13.985Z</time>
      </trkpt>
      <trkpt lat="48.034361" lon="-4.047981">
        <ele>51.757142</ele>
        <time>2026-07-03T12:38:14.454Z</time>
      </trkpt>
      <trkpt lat="48.034359" lon="-4.047997">
        <ele>51.746197</ele>
        <time>2026-07-03T12:38:14.901Z</time>
      </trkpt>
      <trkpt lat="48.034349" lon="-4.048013">
        <ele>51.731471</ele>
        <time>2026-07-03T12:38:15.502Z</time>
      </trkpt>
      <trkpt lat="48.034339" lon="-4.048028">
        <ele>51.717229</ele>
        <time>2026-07-03T12:38:16.083Z</time>
      </trkpt>
      <trkpt lat="48.034322" lon="-4.048037">
        <ele>51.699095</ele>
        <time>2026-07-03T12:38:16.824Z</time>
      </trkpt>
      <trkpt lat="48.034304" lon="-4.048045">
        <ele>51.680213</ele>
        <time>2026-07-03T12:38:17.595Z</time>
      </trkpt>
      <trkpt lat="48.034283" lon="-4.048053">
        <ele>51.658422</ele>
        <time>2026-07-03T12:38:18.485Z</time>
      </trkpt>
      <trkpt lat="48.034262" lon="-4.048061">
        <ele>51.636631</ele>
        <time>2026-07-03T12:38:19.374Z</time>
      </trkpt>
      <trkpt lat="48.034242" lon="-4.048075">
        <ele>51.614426</ele>
        <time>2026-07-03T12:38:20.281Z</time>
      </trkpt>
      <trkpt lat="48.034222" lon="-4.048089">
        <ele>51.592221</ele>
        <time>2026-07-03T12:38:21.188Z</time>
      </trkpt>
      <trkpt lat="48.034206" lon="-4.048110">
        <ele>51.570815</ele>
        <time>2026-07-03T12:38:22.062Z</time>
      </trkpt>
      <trkpt lat="48.034190" lon="-4.048131">
        <ele>51.549408</ele>
        <time>2026-07-03T12:38:22.936Z</time>
      </trkpt>
      <trkpt lat="48.034175" lon="-4.048156">
        <ele>51.526823</ele>
        <time>2026-07-03T12:38:23.858Z</time>
      </trkpt>
      <trkpt lat="48.034160" lon="-4.048181">
        <ele>51.504239</ele>
        <time>2026-07-03T12:38:24.780Z</time>
      </trkpt>
      <trkpt lat="48.034146" lon="-4.048209">
        <ele>51.480730</ele>
        <time>2026-07-03T12:38:25.740Z</time>
      </trkpt>
      <trkpt lat="48.034132" lon="-4.048237">
        <ele>51.457222</ele>
        <time>2026-07-03T12:38:26.700Z</time>
      </trkpt>
      <trkpt lat="48.034118" lon="-4.048268">
        <ele>51.432069</ele>
        <time>2026-07-03T12:38:27.727Z</time>
      </trkpt>
      <trkpt lat="48.034105" lon="-4.048299">
        <ele>51.407465</ele>
        <time>2026-07-03T12:38:28.732Z</time>
      </trkpt>
      <trkpt lat="48.034093" lon="-4.048330">
        <ele>51.383380</ele>
        <time>2026-07-03T12:38:29.715Z</time>
      </trkpt>
      <trkpt lat="48.034080" lon="-4.048361">
        <ele>51.358775</ele>
        <time>2026-07-03T12:38:30.720Z</time>
      </trkpt>
      <trkpt lat="48.034069" lon="-4.048391">
        <ele>51.335770</ele>
        <time>2026-07-03T12:38:31.659Z</time>
      </trkpt>
      <trkpt lat="48.034058" lon="-4.048422">
        <ele>51.312173</ele>
        <time>2026-07-03T12:38:32.622Z</time>
      </trkpt>
      <trkpt lat="48.034050" lon="-4.048453">
        <ele>51.289830</ele>
        <time>2026-07-03T12:38:33.535Z</time>
      </trkpt>
      <trkpt lat="48.034042" lon="-4.048484">
        <ele>51.311474</ele>
        <time>2026-07-03T12:38:34.447Z</time>
      </trkpt>
      <trkpt lat="48.034034" lon="-4.048518">
        <ele>51.340034</ele>
        <time>2026-07-03T12:38:35.437Z</time>
      </trkpt>
      <trkpt lat="48.034027" lon="-4.048551">
        <ele>51.367467</ele>
        <time>2026-07-03T12:38:36.387Z</time>
      </trkpt>
      <trkpt lat="48.034019" lon="-4.048587">
        <ele>51.397526</ele>
        <time>2026-07-03T12:38:37.429Z</time>
      </trkpt>
      <trkpt lat="48.034011" lon="-4.048622">
        <ele>51.426835</ele>
        <time>2026-07-03T12:38:38.444Z</time>
      </trkpt>
      <trkpt lat="48.034004" lon="-4.048658">
        <ele>51.456542</ele>
        <time>2026-07-03T12:38:39.473Z</time>
      </trkpt>
      <trkpt lat="48.033997" lon="-4.048694">
        <ele>51.486249</ele>
        <time>2026-07-03T12:38:40.503Z</time>
      </trkpt>
      <trkpt lat="48.033992" lon="-4.048728">
        <ele>51.513834</ele>
        <time>2026-07-03T12:38:41.459Z</time>
      </trkpt>
      <trkpt lat="48.033987" lon="-4.048762">
        <ele>51.541418</ele>
        <time>2026-07-03T12:38:42.414Z</time>
      </trkpt>
      <trkpt lat="48.033988" lon="-4.048796">
        <ele>51.568385</ele>
        <time>2026-07-03T12:38:43.349Z</time>
      </trkpt>
      <trkpt lat="48.033988" lon="-4.048830">
        <ele>51.595326</ele>
        <time>2026-07-03T12:38:44.283Z</time>
      </trkpt>
      <trkpt lat="48.033994" lon="-4.048863">
        <ele>51.622424</ele>
        <time>2026-07-03T12:38:45.221Z</time>
      </trkpt>
      <trkpt lat="48.034001" lon="-4.048897">
        <ele>51.650613</ele>
        <time>2026-07-03T12:38:46.198Z</time>
      </trkpt>
      <trkpt lat="48.034010" lon="-4.048930">
        <ele>51.678852</ele>
        <time>2026-07-03T12:38:47.177Z</time>
      </trkpt>
      <trkpt lat="48.034021" lon="-4.048963">
        <ele>51.708069</ele>
        <time>2026-07-03T12:38:48.189Z</time>
      </trkpt>
      <trkpt lat="48.034031" lon="-4.048993">
        <ele>51.734630</ele>
        <time>2026-07-03T12:38:49.109Z</time>
      </trkpt>
      <trkpt lat="48.034042" lon="-4.049024">
        <ele>51.762438</ele>
        <time>2026-07-03T12:38:50.073Z</time>
      </trkpt>
      <trkpt lat="48.034052" lon="-4.049054">
        <ele>51.788999</ele>
        <time>2026-07-03T12:38:50.994Z</time>
      </trkpt>
      <trkpt lat="48.034062" lon="-4.049085">
        <ele>51.816272</ele>
        <time>2026-07-03T12:38:51.938Z</time>
      </trkpt>
      <trkpt lat="48.034071" lon="-4.049116">
        <ele>51.843051</ele>
        <time>2026-07-03T12:38:52.866Z</time>
      </trkpt>
      <trkpt lat="48.034081" lon="-4.049146">
        <ele>51.869612</ele>
        <time>2026-07-03T12:38:53.787Z</time>
      </trkpt>
      <trkpt lat="48.034086" lon="-4.049178">
        <ele>51.895651</ele>
        <time>2026-07-03T12:38:54.689Z</time>
      </trkpt>
      <trkpt lat="48.034092" lon="-4.049210">
        <ele>51.921985</ele>
        <time>2026-07-03T12:38:55.602Z</time>
      </trkpt>
      <trkpt lat="48.034095" lon="-4.049242">
        <ele>51.947589</ele>
        <time>2026-07-03T12:38:56.489Z</time>
      </trkpt>
      <trkpt lat="48.034098" lon="-4.049273">
        <ele>51.972408</ele>
        <time>2026-07-03T12:38:57.349Z</time>
      </trkpt>
      <trkpt lat="48.034096" lon="-4.049301">
        <ele>51.994721</ele>
        <time>2026-07-03T12:38:58.122Z</time>
      </trkpt>
      <trkpt lat="48.034093" lon="-4.049329">
        <ele>52.017191</ele>
        <time>2026-07-03T12:38:58.901Z</time>
      </trkpt>
      <trkpt lat="48.034087" lon="-4.049350">
        <ele>52.035286</ele>
        <time>2026-07-03T12:38:59.528Z</time>
      </trkpt>
      <trkpt lat="48.034080" lon="-4.049371">
        <ele>52.053879</ele>
        <time>2026-07-03T12:39:00.172Z</time>
      </trkpt>
      <trkpt lat="48.034071" lon="-4.049387">
        <ele>52.070446</ele>
        <time>2026-07-03T12:39:00.746Z</time>
      </trkpt>
      <trkpt lat="48.034062" lon="-4.049403">
        <ele>52.087013</ele>
        <time>2026-07-03T12:39:01.320Z</time>
      </trkpt>
      <trkpt lat="48.034051" lon="-4.049417">
        <ele>52.104129</ele>
        <time>2026-07-03T12:39:01.913Z</time>
      </trkpt>
      <trkpt lat="48.034041" lon="-4.049432">
        <ele>52.120912</ele>
        <time>2026-07-03T12:39:02.494Z</time>
      </trkpt>
      <trkpt lat="48.034027" lon="-4.049445">
        <ele>52.140440</ele>
        <time>2026-07-03T12:39:03.171Z</time>
      </trkpt>
      <trkpt lat="48.034014" lon="-4.049458">
        <ele>52.158971</ele>
        <time>2026-07-03T12:39:03.813Z</time>
      </trkpt>
      <trkpt lat="48.034000" lon="-4.049472">
        <ele>52.178928</ele>
        <time>2026-07-03T12:39:04.505Z</time>
      </trkpt>
      <trkpt lat="48.033986" lon="-4.049487">
        <ele>52.199336</ele>
        <time>2026-07-03T12:39:05.212Z</time>
      </trkpt>
      <trkpt lat="48.033972" lon="-4.049502">
        <ele>52.219744</ele>
        <time>2026-07-03T12:39:05.919Z</time>
      </trkpt>
      <trkpt lat="48.033959" lon="-4.049516">
        <ele>52.238727</ele>
        <time>2026-07-03T12:39:06.577Z</time>
      </trkpt>
      <trkpt lat="48.033946" lon="-4.049531">
        <ele>52.258184</ele>
        <time>2026-07-03T12:39:07.251Z</time>
      </trkpt>
      <trkpt lat="48.033933" lon="-4.049547">
        <ele>52.278135</ele>
        <time>2026-07-03T12:39:07.942Z</time>
      </trkpt>
      <trkpt lat="48.033921" lon="-4.049560">
        <ele>52.295693</ele>
        <time>2026-07-03T12:39:08.550Z</time>
      </trkpt>
      <trkpt lat="48.033910" lon="-4.049574">
        <ele>52.312810</ele>
        <time>2026-07-03T12:39:09.143Z</time>
      </trkpt>
      <trkpt lat="48.033897" lon="-4.049585">
        <ele>52.330509</ele>
        <time>2026-07-03T12:39:09.757Z</time>
      </trkpt>
      <trkpt lat="48.033885" lon="-4.049595">
        <ele>52.346787</ele>
        <time>2026-07-03T12:39:10.321Z</time>
      </trkpt>
      <trkpt lat="48.033873" lon="-4.049608">
        <ele>52.364346</ele>
        <time>2026-07-03T12:39:10.929Z</time>
      </trkpt>
      <trkpt lat="48.033861" lon="-4.049621">
        <ele>52.381905</ele>
        <time>2026-07-03T12:39:11.538Z</time>
      </trkpt>
      <trkpt lat="48.033850" lon="-4.049635">
        <ele>52.399021</ele>
        <time>2026-07-03T12:39:12.131Z</time>
      </trkpt>
      <trkpt lat="48.033839" lon="-4.049649">
        <ele>52.416137</ele>
        <time>2026-07-03T12:39:12.724Z</time>
      </trkpt>
      <trkpt lat="48.033829" lon="-4.049662">
        <ele>52.431838</ele>
        <time>2026-07-03T12:39:13.268Z</time>
      </trkpt>
      <trkpt lat="48.033819" lon="-4.049675">
        <ele>52.447539</ele>
        <time>2026-07-03T12:39:13.812Z</time>
      </trkpt>
      <trkpt lat="48.033810" lon="-4.049683">
        <ele>52.459946</ele>
        <time>2026-07-03T12:39:14.242Z</time>
      </trkpt>
      <trkpt lat="48.033801" lon="-4.049692">
        <ele>52.472775</ele>
        <time>2026-07-03T12:39:14.686Z</time>
      </trkpt>
      <trkpt lat="48.033795" lon="-4.049692">
        <ele>52.479885</ele>
        <time>2026-07-03T12:39:14.932Z</time>
      </trkpt>
      <trkpt lat="48.033788" lon="-4.049692">
        <ele>52.488180</ele>
        <time>2026-07-03T12:39:15.220Z</time>
      </trkpt>
      <trkpt lat="48.033780" lon="-4.049687">
        <ele>52.498454</ele>
        <time>2026-07-03T12:39:15.576Z</time>
      </trkpt>
      <trkpt lat="48.033771" lon="-4.049681">
        <ele>52.510131</ele>
        <time>2026-07-03T12:39:15.980Z</time>
      </trkpt>
      <trkpt lat="48.033761" lon="-4.049679">
        <ele>52.522086</ele>
        <time>2026-07-03T12:39:16.395Z</time>
      </trkpt>
      <trkpt lat="48.033750" lon="-4.049678">
        <ele>52.535145</ele>
        <time>2026-07-03T12:39:16.847Z</time>
      </trkpt>
      <trkpt lat="48.033741" lon="-4.049679">
        <ele>52.545839</ele>
        <time>2026-07-03T12:39:17.218Z</time>
      </trkpt>
      <trkpt lat="48.033732" lon="-4.049681">
        <ele>52.556621</ele>
        <time>2026-07-03T12:39:17.591Z</time>
      </trkpt>
      <trkpt lat="48.033723" lon="-4.049685">
        <ele>52.567746</ele>
        <time>2026-07-03T12:39:17.977Z</time>
      </trkpt>
      <trkpt lat="48.033715" lon="-4.049688">
        <ele>52.577520</ele>
        <time>2026-07-03T12:39:18.316Z</time>
      </trkpt>
      <trkpt lat="48.033704" lon="-4.049691">
        <ele>52.590769</ele>
        <time>2026-07-03T12:39:18.775Z</time>
      </trkpt>
      <trkpt lat="48.033693" lon="-4.049694">
        <ele>52.604019</ele>
        <time>2026-07-03T12:39:19.234Z</time>
      </trkpt>
      <trkpt lat="48.033679" lon="-4.049697">
        <ele>52.620778</ele>
        <time>2026-07-03T12:39:19.814Z</time>
      </trkpt>
      <trkpt lat="48.033664" lon="-4.049700">
        <ele>52.638711</ele>
        <time>2026-07-03T12:39:20.436Z</time>
      </trkpt>
      <trkpt lat="48.033649" lon="-4.049708">
        <ele>52.657582</ele>
        <time>2026-07-03T12:39:21.090Z</time>
      </trkpt>
      <trkpt lat="48.033633" lon="-4.049715">
        <ele>52.677336</ele>
        <time>2026-07-03T12:39:21.774Z</time>
      </trkpt>
      <trkpt lat="48.033622" lon="-4.049728">
        <ele>52.693950</ele>
        <time>2026-07-03T12:39:22.350Z</time>
      </trkpt>
      <trkpt lat="48.033610" lon="-4.049740">
        <ele>52.711056</ele>
        <time>2026-07-03T12:39:22.942Z</time>
      </trkpt>
      <trkpt lat="48.033601" lon="-4.049754">
        <ele>52.726444</ele>
        <time>2026-07-03T12:39:23.476Z</time>
      </trkpt>
      <trkpt lat="48.033591" lon="-4.049768">
        <ele>52.742676</ele>
        <time>2026-07-03T12:39:24.038Z</time>
      </trkpt>
      <trkpt lat="48.033581" lon="-4.049783">
        <ele>52.759459</ele>
        <time>2026-07-03T12:39:24.620Z</time>
      </trkpt>
      <trkpt lat="48.033571" lon="-4.049798">
        <ele>52.776243</ele>
        <time>2026-07-03T12:39:25.201Z</time>
      </trkpt>
      <trkpt lat="48.033566" lon="-4.049814">
        <ele>52.790237</ele>
        <time>2026-07-03T12:39:25.686Z</time>
      </trkpt>
      <trkpt lat="48.033560" lon="-4.049829">
        <ele>52.804087</ele>
        <time>2026-07-03T12:39:26.166Z</time>
      </trkpt>
      <trkpt lat="48.033560" lon="-4.049846">
        <ele>52.817558</ele>
        <time>2026-07-03T12:39:26.633Z</time>
      </trkpt>
      <trkpt lat="48.033560" lon="-4.049864">
        <ele>52.831820</ele>
        <time>2026-07-03T12:39:27.127Z</time>
      </trkpt>
      <trkpt lat="48.033564" lon="-4.049881">
        <ele>52.846101</ele>
        <time>2026-07-03T12:39:27.622Z</time>
      </trkpt>
      <trkpt lat="48.033568" lon="-4.049898">
        <ele>52.860381</ele>
        <time>2026-07-03T12:39:28.117Z</time>
      </trkpt>
      <trkpt lat="48.033569" lon="-4.049906">
        <ele>52.866830</ele>
        <time>2026-07-03T12:39:28.340Z</time>
      </trkpt>
      <trkpt lat="48.033570" lon="-4.049914">
        <ele>52.873278</ele>
        <time>2026-07-03T12:39:28.563Z</time>
      </trkpt>
      <trkpt lat="48.033567" lon="-4.049925">
        <ele>52.882692</ele>
        <time>2026-07-03T12:39:28.890Z</time>
      </trkpt>
      <trkpt lat="48.033564" lon="-4.049936">
        <ele>52.892105</ele>
        <time>2026-07-03T12:39:29.216Z</time>
      </trkpt>
      <trkpt lat="48.033555" lon="-4.049947">
        <ele>52.905878</ele>
        <time>2026-07-03T12:39:29.693Z</time>
      </trkpt>
      <trkpt lat="48.033547" lon="-4.049958">
        <ele>52.918756</ele>
        <time>2026-07-03T12:39:30.139Z</time>
      </trkpt>
      <trkpt lat="48.033539" lon="-4.049970">
        <ele>52.932183</ele>
        <time>2026-07-03T12:39:30.604Z</time>
      </trkpt>
      <trkpt lat="48.033532" lon="-4.049982">
        <ele>52.944801</ele>
        <time>2026-07-03T12:39:31.042Z</time>
      </trkpt>
      <trkpt lat="48.033527" lon="-4.049995">
        <ele>52.956685</ele>
        <time>2026-07-03T12:39:31.453Z</time>
      </trkpt>
      <trkpt lat="48.033521" lon="-4.050007">
        <ele>52.968557</ele>
        <time>2026-07-03T12:39:31.865Z</time>
      </trkpt>
      <trkpt lat="48.033518" lon="-4.050019">
        <ele>52.978709</ele>
        <time>2026-07-03T12:39:32.217Z</time>
      </trkpt>
      <trkpt lat="48.033514" lon="-4.050032">
        <ele>52.990048</ele>
        <time>2026-07-03T12:39:32.610Z</time>
      </trkpt>
      <trkpt lat="48.033511" lon="-4.050048">
        <ele>53.003215</ele>
        <time>2026-07-03T12:39:33.066Z</time>
      </trkpt>
      <trkpt lat="48.033508" lon="-4.050065">
        <ele>53.017147</ele>
        <time>2026-07-03T12:39:33.549Z</time>
      </trkpt>
      <trkpt lat="48.033504" lon="-4.050086">
        <ele>53.034449</ele>
        <time>2026-07-03T12:39:34.149Z</time>
      </trkpt>
      <trkpt lat="48.033499" lon="-4.050107">
        <ele>53.052112</ele>
        <time>2026-07-03T12:39:34.761Z</time>
      </trkpt>
      <trkpt lat="48.033494" lon="-4.050128">
        <ele>53.069776</ele>
        <time>2026-07-03T12:39:35.373Z</time>
      </trkpt>
      <trkpt lat="48.033489" lon="-4.050148">
        <ele>53.086695</ele>
        <time>2026-07-03T12:39:35.959Z</time>
      </trkpt>
      <trkpt lat="48.033482" lon="-4.050170">
        <ele>53.106000</ele>
        <time>2026-07-03T12:39:36.628Z</time>
      </trkpt>
      <trkpt lat="48.033474" lon="-4.050191">
        <ele>53.125151</ele>
        <time>2026-07-03T12:39:37.291Z</time>
      </trkpt>
      <trkpt lat="48.033464" lon="-4.050215">
        <ele>53.147558</ele>
        <time>2026-07-03T12:39:38.068Z</time>
      </trkpt>
      <trkpt lat="48.033455" lon="-4.050240">
        <ele>53.170056</ele>
        <time>2026-07-03T12:39:38.848Z</time>
      </trkpt>
      <trkpt lat="48.033443" lon="-4.050262">
        <ele>53.192552</ele>
        <time>2026-07-03T12:39:39.628Z</time>
      </trkpt>
      <trkpt lat="48.033431" lon="-4.050285">
        <ele>53.215668</ele>
        <time>2026-07-03T12:39:40.429Z</time>
      </trkpt>
      <trkpt lat="48.033419" lon="-4.050302">
        <ele>53.235255</ele>
        <time>2026-07-03T12:39:41.108Z</time>
      </trkpt>
      <trkpt lat="48.033407" lon="-4.050319">
        <ele>53.254842</ele>
        <time>2026-07-03T12:39:41.787Z</time>
      </trkpt>
      <trkpt lat="48.033393" lon="-4.050330">
        <ele>53.273582</ele>
        <time>2026-07-03T12:39:42.436Z</time>
      </trkpt>
      <trkpt lat="48.033379" lon="-4.050341">
        <ele>53.292322</ele>
        <time>2026-07-03T12:39:43.085Z</time>
      </trkpt>
      <trkpt lat="48.033360" lon="-4.050353">
        <ele>53.316762</ele>
        <time>2026-07-03T12:39:43.932Z</time>
      </trkpt>
      <trkpt lat="48.033342" lon="-4.050365">
        <ele>53.340115</ele>
        <time>2026-07-03T12:39:44.742Z</time>
      </trkpt>
      <trkpt lat="48.033324" lon="-4.050386">
        <ele>53.367168</ele>
        <time>2026-07-03T12:39:45.680Z</time>
      </trkpt>
      <trkpt lat="48.033307" lon="-4.050407">
        <ele>53.393296</ele>
        <time>2026-07-03T12:39:46.586Z</time>
      </trkpt>
      <trkpt lat="48.033295" lon="-4.050436">
        <ele>53.424922</ele>
        <time>2026-07-03T12:39:47.522Z</time>
      </trkpt>
      <trkpt lat="48.033284" lon="-4.050465">
        <ele>53.544742</ele>
        <time>2026-07-03T12:39:48.438Z</time>
      </trkpt>
      <trkpt lat="48.033275" lon="-4.050492">
        <ele>53.653163</ele>
        <time>2026-07-03T12:39:49.266Z</time>
      </trkpt>
      <trkpt lat="48.033267" lon="-4.050520">
        <ele>53.762591</ele>
        <time>2026-07-03T12:39:50.102Z</time>
      </trkpt>
      <trkpt lat="48.033257" lon="-4.050547">
        <ele>53.873514</ele>
        <time>2026-07-03T12:39:50.950Z</time>
      </trkpt>
      <trkpt lat="48.033247" lon="-4.050574">
        <ele>53.984436</ele>
        <time>2026-07-03T12:39:51.799Z</time>
      </trkpt>
      <trkpt lat="48.033233" lon="-4.050601">
        <ele>54.107224</ele>
        <time>2026-07-03T12:39:52.738Z</time>
      </trkpt>
      <trkpt lat="48.033220" lon="-4.050628">
        <ele>54.226793</ele>
        <time>2026-07-03T12:39:53.652Z</time>
      </trkpt>
      <trkpt lat="48.033204" lon="-4.050657">
        <ele>54.361909</ele>
        <time>2026-07-03T12:39:54.685Z</time>
      </trkpt>
      <trkpt lat="48.033189" lon="-4.050686">
        <ele>54.493670</ele>
        <time>2026-07-03T12:39:55.692Z</time>
      </trkpt>
      <trkpt lat="48.033174" lon="-4.050714">
        <ele>54.622606</ele>
        <time>2026-07-03T12:39:56.677Z</time>
      </trkpt>
      <trkpt lat="48.033160" lon="-4.050742">
        <ele>54.748253</ele>
        <time>2026-07-03T12:39:57.638Z</time>
      </trkpt>
      <trkpt lat="48.033145" lon="-4.050765">
        <ele>54.863714</ele>
        <time>2026-07-03T12:39:58.521Z</time>
      </trkpt>
      <trkpt lat="48.033130" lon="-4.050788">
        <ele>54.979175</ele>
        <time>2026-07-03T12:39:59.405Z</time>
      </trkpt>
      <trkpt lat="48.033112" lon="-4.050806">
        <ele>55.095550</ele>
        <time>2026-07-03T12:40:00.294Z</time>
      </trkpt>
      <trkpt lat="48.033094" lon="-4.050824">
        <ele>55.211924</ele>
        <time>2026-07-03T12:40:01.184Z</time>
      </trkpt>
      <trkpt lat="48.033071" lon="-4.050833">
        <ele>55.339696</ele>
        <time>2026-07-03T12:40:02.160Z</time>
      </trkpt>
      <trkpt lat="48.033049" lon="-4.050843">
        <ele>55.463273</ele>
        <time>2026-07-03T12:40:03.105Z</time>
      </trkpt>
      <trkpt lat="48.033024" lon="-4.050846">
        <ele>55.598064</ele>
        <time>2026-07-03T12:40:04.136Z</time>
      </trkpt>
      <trkpt lat="48.033000" lon="-4.050849">
        <ele>55.727498</ele>
        <time>2026-07-03T12:40:05.126Z</time>
      </trkpt>
      <trkpt lat="48.032976" lon="-4.050857">
        <ele>55.859649</ele>
        <time>2026-07-03T12:40:06.137Z</time>
      </trkpt>
      <trkpt lat="48.032951" lon="-4.050865">
        <ele>55.997049</ele>
        <time>2026-07-03T12:40:07.189Z</time>
      </trkpt>
      <trkpt lat="48.032928" lon="-4.050877">
        <ele>56.127967</ele>
        <time>2026-07-03T12:40:08.191Z</time>
      </trkpt>
      <trkpt lat="48.032904" lon="-4.050890">
        <ele>56.265152</ele>
        <time>2026-07-03T12:40:09.241Z</time>
      </trkpt>
      <trkpt lat="48.032884" lon="-4.050908">
        <ele>56.390604</ele>
        <time>2026-07-03T12:40:10.204Z</time>
      </trkpt>
      <trkpt lat="48.032863" lon="-4.050926">
        <ele>56.520690</ele>
        <time>2026-07-03T12:40:11.201Z</time>
      </trkpt>
      <trkpt lat="48.032845" lon="-4.050949">
        <ele>56.647933</ele>
        <time>2026-07-03T12:40:12.174Z</time>
      </trkpt>
      <trkpt lat="48.032828" lon="-4.050971">
        <ele>56.768758</ele>
        <time>2026-07-03T12:40:13.097Z</time>
      </trkpt>
      <trkpt lat="48.032811" lon="-4.050993">
        <ele>56.889583</ele>
        <time>2026-07-03T12:40:14.022Z</time>
      </trkpt>
      <trkpt lat="48.032795" lon="-4.051015">
        <ele>57.006397</ele>
        <time>2026-07-03T12:40:14.916Z</time>
      </trkpt>
      <trkpt lat="48.032778" lon="-4.051035">
        <ele>57.122646</ele>
        <time>2026-07-03T12:40:15.807Z</time>
      </trkpt>
      <trkpt lat="48.032760" lon="-4.051054">
        <ele>57.241056</ele>
        <time>2026-07-03T12:40:16.715Z</time>
      </trkpt>
      <trkpt lat="48.032741" lon="-4.051072">
        <ele>57.361935</ele>
        <time>2026-07-03T12:40:17.641Z</time>
      </trkpt>
      <trkpt lat="48.032721" lon="-4.051090">
        <ele>57.487387</ele>
        <time>2026-07-03T12:40:18.600Z</time>
      </trkpt>
      <trkpt lat="48.032700" lon="-4.051107">
        <ele>57.615725</ele>
        <time>2026-07-03T12:40:19.581Z</time>
      </trkpt>
      <trkpt lat="48.032678" lon="-4.051125">
        <ele>57.750500</ele>
        <time>2026-07-03T12:40:20.613Z</time>
      </trkpt>
      <trkpt lat="48.032657" lon="-4.051144">
        <ele>57.882411</ele>
        <time>2026-07-03T12:40:21.623Z</time>
      </trkpt>
      <trkpt lat="48.032635" lon="-4.051164">
        <ele>58.020780</ele>
        <time>2026-07-03T12:40:22.684Z</time>
      </trkpt>
      <trkpt lat="48.032617" lon="-4.051188">
        <ele>58.150387</ele>
        <time>2026-07-03T12:40:23.677Z</time>
      </trkpt>
      <trkpt lat="48.032600" lon="-4.051212">
        <ele>58.276033</ele>
        <time>2026-07-03T12:40:24.637Z</time>
      </trkpt>
      <trkpt lat="48.032587" lon="-4.051241">
        <ele>58.401507</ele>
        <time>2026-07-03T12:40:25.596Z</time>
      </trkpt>
      <trkpt lat="48.032575" lon="-4.051269">
        <ele>58.521028</ele>
        <time>2026-07-03T12:40:26.511Z</time>
      </trkpt>
      <trkpt lat="48.032565" lon="-4.051295">
        <ele>58.628822</ele>
        <time>2026-07-03T12:40:27.335Z</time>
      </trkpt>
      <trkpt lat="48.032555" lon="-4.051321">
        <ele>58.736617</ele>
        <time>2026-07-03T12:40:28.161Z</time>
      </trkpt>
      <trkpt lat="48.032547" lon="-4.051340">
        <ele>58.817309</ele>
        <time>2026-07-03T12:40:28.779Z</time>
      </trkpt>
      <trkpt lat="48.032539" lon="-4.051358">
        <ele>58.894983</ele>
        <time>2026-07-03T12:40:29.374Z</time>
      </trkpt>
      <trkpt lat="48.032530" lon="-4.051369">
        <ele>58.957453</ele>
        <time>2026-07-03T12:40:29.853Z</time>
      </trkpt>
      <trkpt lat="48.032522" lon="-4.051380">
        <ele>59.015860</ele>
        <time>2026-07-03T12:40:30.299Z</time>
      </trkpt>
      <trkpt lat="48.032513" lon="-4.051385">
        <ele>59.067459</ele>
        <time>2026-07-03T12:40:30.693Z</time>
      </trkpt>
      <trkpt lat="48.032505" lon="-4.051390">
        <ele>59.114058</ele>
        <time>2026-07-03T12:40:31.049Z</time>
      </trkpt>
      <trkpt lat="48.032496" lon="-4.051390">
        <ele>59.162427</ele>
        <time>2026-07-03T12:40:31.419Z</time>
      </trkpt>
      <trkpt lat="48.032488" lon="-4.051390">
        <ele>59.205422</ele>
        <time>2026-07-03T12:40:31.747Z</time>
      </trkpt>
      <trkpt lat="48.032481" lon="-4.051387">
        <ele>59.244557</ele>
        <time>2026-07-03T12:40:32.047Z</time>
      </trkpt>
      <trkpt lat="48.032474" lon="-4.051383">
        <ele>59.284831</ele>
        <time>2026-07-03T12:40:32.355Z</time>
      </trkpt>
      <trkpt lat="48.032474" lon="-4.051383">
        <ele>59.284831</ele>
        <time>2026-07-03T12:40:32.355Z</time>
      </trkpt>
      <trkpt lat="48.032457" lon="-4.051374">
        <ele>59.381751</ele>
        <time>2026-07-03T12:40:33.097Z</time>
      </trkpt>
      <trkpt lat="48.032450" lon="-4.051369">
        <ele>59.423443</ele>
        <time>2026-07-03T12:40:33.416Z</time>
      </trkpt>
      <trkpt lat="48.032443" lon="-4.051364">
        <ele>59.465135</ele>
        <time>2026-07-03T12:40:33.735Z</time>
      </trkpt>
      <trkpt lat="48.032438" lon="-4.051358">
        <ele>59.499589</ele>
        <time>2026-07-03T12:40:33.999Z</time>
      </trkpt>
      <trkpt lat="48.032434" lon="-4.051352">
        <ele>59.530037</ele>
        <time>2026-07-03T12:40:34.232Z</time>
      </trkpt>
      <trkpt lat="48.032414" lon="-4.051339">
        <ele>59.647239</ele>
        <time>2026-07-03T12:40:35.130Z</time>
      </trkpt>
      <trkpt lat="48.032401" lon="-4.051333">
        <ele>59.720358</ele>
        <time>2026-07-03T12:40:35.690Z</time>
      </trkpt>
      <trkpt lat="48.032387" lon="-4.051326">
        <ele>59.799693</ele>
        <time>2026-07-03T12:40:36.298Z</time>
      </trkpt>
      <trkpt lat="48.032373" lon="-4.051319">
        <ele>59.879029</ele>
        <time>2026-07-03T12:40:36.905Z</time>
      </trkpt>
      <trkpt lat="48.032360" lon="-4.051313">
        <ele>59.952147</ele>
        <time>2026-07-03T12:40:37.463Z</time>
      </trkpt>
      <trkpt lat="48.032346" lon="-4.051306">
        <ele>60.031483</ele>
        <time>2026-07-03T12:40:38.070Z</time>
      </trkpt>
      <trkpt lat="48.032332" lon="-4.051299">
        <ele>60.110818</ele>
        <time>2026-07-03T12:40:38.677Z</time>
      </trkpt>
      <trkpt lat="48.032318" lon="-4.051293">
        <ele>60.189088</ele>
        <time>2026-07-03T12:40:39.276Z</time>
      </trkpt>
      <trkpt lat="48.032305" lon="-4.051286">
        <ele>60.263346</ele>
        <time>2026-07-03T12:40:39.845Z</time>
      </trkpt>
      <trkpt lat="48.032291" lon="-4.051279">
        <ele>60.342681</ele>
        <time>2026-07-03T12:40:40.453Z</time>
      </trkpt>
      <trkpt lat="48.032277" lon="-4.051273">
        <ele>60.420951</ele>
        <time>2026-07-03T12:40:41.054Z</time>
      </trkpt>
      <trkpt lat="48.032264" lon="-4.051266">
        <ele>60.495209</ele>
        <time>2026-07-03T12:40:41.623Z</time>
      </trkpt>
      <trkpt lat="48.032250" lon="-4.051259">
        <ele>60.574545</ele>
        <time>2026-07-03T12:40:42.231Z</time>
      </trkpt>
      <trkpt lat="48.032241" lon="-4.051233">
        <ele>60.679763</ele>
        <time>2026-07-03T12:40:43.036Z</time>
      </trkpt>
      <trkpt lat="48.032231" lon="-4.051208">
        <ele>60.784457</ele>
        <time>2026-07-03T12:40:43.836Z</time>
      </trkpt>
      <trkpt lat="48.032219" lon="-4.051193">
        <ele>60.868513</ele>
        <time>2026-07-03T12:40:44.479Z</time>
      </trkpt>
      <trkpt lat="48.032208" lon="-4.051177">
        <ele>60.950984</ele>
        <time>2026-07-03T12:40:45.111Z</time>
      </trkpt>
      <trkpt lat="48.032195" lon="-4.051171">
        <ele>61.024103</ele>
        <time>2026-07-03T12:40:45.671Z</time>
      </trkpt>
      <trkpt lat="48.032182" lon="-4.051166">
        <ele>61.096243</ele>
        <time>2026-07-03T12:40:46.223Z</time>
      </trkpt>
      <trkpt lat="48.032169" lon="-4.051169">
        <ele>61.166937</ele>
        <time>2026-07-03T12:40:46.765Z</time>
      </trkpt>
      <trkpt lat="48.032156" lon="-4.051172">
        <ele>61.237631</ele>
        <time>2026-07-03T12:40:47.307Z</time>
      </trkpt>
      <trkpt lat="48.032145" lon="-4.051178">
        <ele>61.300559</ele>
        <time>2026-07-03T12:40:47.790Z</time>
      </trkpt>
      <trkpt lat="48.032135" lon="-4.051183">
        <ele>61.357227</ele>
        <time>2026-07-03T12:40:48.224Z</time>
      </trkpt>
      <trkpt lat="48.032127" lon="-4.051184">
        <ele>61.400372</ele>
        <time>2026-07-03T12:40:48.555Z</time>
      </trkpt>
      <trkpt lat="48.032120" lon="-4.051185">
        <ele>61.438164</ele>
        <time>2026-07-03T12:40:48.845Z</time>
      </trkpt>
      <trkpt lat="48.032115" lon="-4.051181">
        <ele>61.468639</ele>
        <time>2026-07-03T12:40:49.078Z</time>
      </trkpt>
      <trkpt lat="48.032110" lon="-4.051177">
        <ele>61.499114</ele>
        <time>2026-07-03T12:40:49.311Z</time>
      </trkpt>
      <trkpt lat="48.032104" lon="-4.051170">
        <ele>61.540013</ele>
        <time>2026-07-03T12:40:49.624Z</time>
      </trkpt>
      <trkpt lat="48.032098" lon="-4.051164">
        <ele>61.578805</ele>
        <time>2026-07-03T12:40:49.920Z</time>
      </trkpt>
      <trkpt lat="48.032090" lon="-4.051160">
        <ele>61.624139</ele>
        <time>2026-07-03T12:40:50.266Z</time>
      </trkpt>
      <trkpt lat="48.032082" lon="-4.051156">
        <ele>61.669474</ele>
        <time>2026-07-03T12:40:50.613Z</time>
      </trkpt>
      <trkpt lat="48.032073" lon="-4.051155">
        <ele>61.717977</ele>
        <time>2026-07-03T12:40:50.985Z</time>
      </trkpt>
      <trkpt lat="48.032065" lon="-4.051154">
        <ele>61.761121</ele>
        <time>2026-07-03T12:40:51.315Z</time>
      </trkpt>
      <trkpt lat="48.032055" lon="-4.051155">
        <ele>61.814985</ele>
        <time>2026-07-03T12:40:51.728Z</time>
      </trkpt>
      <trkpt lat="48.032045" lon="-4.051155">
        <ele>61.868729</ele>
        <time>2026-07-03T12:40:52.140Z</time>
      </trkpt>
      <trkpt lat="48.032034" lon="-4.051154">
        <ele>61.927956</ele>
        <time>2026-07-03T12:40:52.594Z</time>
      </trkpt>
      <trkpt lat="48.032023" lon="-4.051154">
        <ele>61.987074</ele>
        <time>2026-07-03T12:40:53.047Z</time>
      </trkpt>
      <trkpt lat="48.032012" lon="-4.051153">
        <ele>62.046301</ele>
        <time>2026-07-03T12:40:53.501Z</time>
      </trkpt>
      <trkpt lat="48.032002" lon="-4.051153">
        <ele>62.100044</ele>
        <time>2026-07-03T12:40:53.913Z</time>
      </trkpt>
      <trkpt lat="48.031992" lon="-4.051158">
        <ele>62.156713</ele>
        <time>2026-07-03T12:40:54.348Z</time>
      </trkpt>
      <trkpt lat="48.031983" lon="-4.051163">
        <ele>62.208312</ele>
        <time>2026-07-03T12:40:54.744Z</time>
      </trkpt>
      <trkpt lat="48.031974" lon="-4.051175">
        <ele>62.273116</ele>
        <time>2026-07-03T12:40:55.241Z</time>
      </trkpt>
      <trkpt lat="48.032004" lon="-4.051169">
        <ele>62.435782</ele>
        <time>2026-07-03T12:40:56.486Z</time>
      </trkpt>
      <trkpt lat="48.032045" lon="-4.051625">
        <ele>63.348282</ele>
        <time>2026-07-03T12:41:15.625Z</time>
      </trkpt>
      <trkpt lat="48.032099" lon="-4.051869">
        <ele>63.590029</ele>
        <time>2026-07-03T12:41:25.239Z</time>
      </trkpt>
      <trkpt lat="48.032116" lon="-4.052149">
        <ele>63.854479</ele>
        <time>2026-07-03T12:41:35.279Z</time>
      </trkpt>
      <trkpt lat="48.032195" lon="-4.052403">
        <ele>64.117966</ele>
        <time>2026-07-03T12:41:44.987Z</time>
      </trkpt>
      <trkpt lat="48.032239" lon="-4.052744">
        <ele>64.444624</ele>
        <time>2026-07-03T12:41:56.497Z</time>
      </trkpt>
      <trkpt lat="48.032246" lon="-4.053233">
        <ele>64.904678</ele>
        <time>2026-07-03T12:42:11.938Z</time>
      </trkpt>
      <trkpt lat="48.032266" lon="-4.053355">
        <ele>65.022828</ele>
        <time>2026-07-03T12:42:15.935Z</time>
      </trkpt>
      <trkpt lat="48.032339" lon="-4.053515">
        <ele>65.205014</ele>
        <time>2026-07-03T12:42:22.059Z</time>
      </trkpt>
      <trkpt lat="48.032362" lon="-4.053833">
        <ele>65.505866</ele>
        <time>2026-07-03T12:42:32.253Z</time>
      </trkpt>
      <trkpt lat="48.032382" lon="-4.054301">
        <ele>65.094354</ele>
        <time>2026-07-03T12:42:47.081Z</time>
      </trkpt>
      <trkpt lat="48.032674" lon="-4.055538">
        <ele>63.154445</ele>
        <time>2026-07-03T12:43:27.169Z</time>
      </trkpt>
      <trkpt lat="48.032742" lon="-4.055695">
        <ele>62.877828</ele>
        <time>2026-07-03T12:43:32.745Z</time>
      </trkpt>
      <trkpt lat="48.032807" lon="-4.055777">
        <ele>62.689769</ele>
        <time>2026-07-03T12:43:36.489Z</time>
      </trkpt>
      <trkpt lat="48.032970" lon="-4.056240">
        <ele>61.915997</ele>
        <time>2026-07-03T12:43:51.986Z</time>
      </trkpt>
      <trkpt lat="48.033103" lon="-4.056464">
        <ele>61.769892</ele>
        <time>2026-07-03T12:44:00.960Z</time>
      </trkpt>
      <trkpt lat="48.033390" lon="-4.057404">
        <ele>62.992930</ele>
        <time>2026-07-03T12:44:33.558Z</time>
      </trkpt>
      <trkpt lat="48.033394" lon="-4.057577">
        <ele>63.197809</ele>
        <time>2026-07-03T12:44:39.474Z</time>
      </trkpt>
      <trkpt lat="48.033329" lon="-4.057742">
        <ele>63.424467</ele>
        <time>2026-07-03T12:44:46.246Z</time>
      </trkpt>
      <trkpt lat="48.033275" lon="-4.057807">
        <ele>63.547160</ele>
        <time>2026-07-03T12:44:49.944Z</time>
      </trkpt>
      <trkpt lat="48.033164" lon="-4.057880">
        <ele>63.761784</ele>
        <time>2026-07-03T12:44:56.664Z</time>
      </trkpt>
      <trkpt lat="48.032905" lon="-4.057076">
        <ele>64.818041</ele>
        <time>2026-07-03T12:45:31.780Z</time>
      </trkpt>
      <trkpt lat="48.032733" lon="-4.056917">
        <ele>66.515250</ele>
        <time>2026-07-03T12:45:44.573Z</time>
      </trkpt>
      <trkpt lat="48.032590" lon="-4.056730">
        <ele>68.121718</ele>
        <time>2026-07-03T12:45:56.943Z</time>
      </trkpt>
      <trkpt lat="48.032024" lon="-4.055441">
        <ele>76.842186</ele>
        <time>2026-07-03T12:47:12.077Z</time>
      </trkpt>
      <trkpt lat="48.031910" lon="-4.055099">
        <ele>79.003208</ele>
        <time>2026-07-03T12:47:31.432Z</time>
      </trkpt>
      <trkpt lat="48.031830" lon="-4.055085">
        <ele>79.684363</ele>
        <time>2026-07-03T12:47:37.844Z</time>
      </trkpt>
      <trkpt lat="48.031710" lon="-4.054881">
        <ele>81.400170</ele>
        <time>2026-07-03T12:47:51.266Z</time>
      </trkpt>
      <trkpt lat="48.031647" lon="-4.054772">
        <ele>82.337828</ele>
        <time>2026-07-03T12:47:58.216Z</time>
      </trkpt>
      <trkpt lat="48.031330" lon="-4.054510">
        <ele>85.862891</ele>
        <time>2026-07-03T12:48:27.984Z</time>
      </trkpt>
      <trkpt lat="48.031058" lon="-4.054223">
        <ele>89.102782</ele>
        <time>2026-07-03T12:48:57.682Z</time>
      </trkpt>
      <trkpt lat="48.031012" lon="-4.054229">
        <ele>89.552176</ele>
        <time>2026-07-03T12:49:01.851Z</time>
      </trkpt>
      <trkpt lat="48.030854" lon="-4.054343">
        <ele>91.259547</ele>
        <time>2026-07-03T12:49:16.790Z</time>
      </trkpt>
      <trkpt lat="48.030703" lon="-4.054252">
        <ele>92.844008</ele>
        <time>2026-07-03T12:49:29.704Z</time>
      </trkpt>
      <trkpt lat="48.030587" lon="-4.053795">
        <ele>96.025412</ele>
        <time>2026-07-03T12:49:52.878Z</time>
      </trkpt>
      <trkpt lat="48.030467" lon="-4.053599">
        <ele>97.500392</ele>
        <time>2026-07-03T12:50:03.942Z</time>
      </trkpt>
      <trkpt lat="48.030406" lon="-4.053450">
        <ele>97.307412</ele>
        <time>2026-07-03T12:50:10.772Z</time>
      </trkpt>
      <trkpt lat="48.030300" lon="-4.053362">
        <ele>97.107148</ele>
        <time>2026-07-03T12:50:17.505Z</time>
      </trkpt>
      <trkpt lat="48.030231" lon="-4.053547">
        <ele>96.873160</ele>
        <time>2026-07-03T12:50:24.954Z</time>
      </trkpt>
      <trkpt lat="48.030152" lon="-4.053622">
        <ele>96.718591</ele>
        <time>2026-07-03T12:50:29.733Z</time>
      </trkpt>
      <trkpt lat="48.029918" lon="-4.053598">
        <ele>96.331163</ele>
        <time>2026-07-03T12:50:41.778Z</time>
      </trkpt>
      <trkpt lat="48.029712" lon="-4.053440">
        <ele>95.948744</ele>
        <time>2026-07-03T12:50:52.632Z</time>
      </trkpt>
      <trkpt lat="48.029471" lon="-4.053355">
        <ele>95.539739</ele>
        <time>2026-07-03T12:51:03.377Z</time>
      </trkpt>
      <trkpt lat="48.029274" lon="-4.053393">
        <ele>95.211639</ele>
        <time>2026-07-03T12:51:11.549Z</time>
      </trkpt>
      <trkpt lat="48.029184" lon="-4.053457">
        <ele>95.047024</ele>
        <time>2026-07-03T12:51:15.616Z</time>
      </trkpt>
      <trkpt lat="48.028811" lon="-4.053532">
        <ele>93.830388</ele>
        <time>2026-07-03T12:51:30.802Z</time>
      </trkpt>
      <trkpt lat="48.028707" lon="-4.053447">
        <ele>92.808409</ele>
        <time>2026-07-03T12:51:35.565Z</time>
      </trkpt>
      <trkpt lat="48.028610" lon="-4.053200">
        <ele>91.156648</ele>
        <time>2026-07-03T12:51:43.263Z</time>
      </trkpt>
      <trkpt lat="48.028514" lon="-4.053050">
        <ele>89.959392</ele>
        <time>2026-07-03T12:51:48.874Z</time>
      </trkpt>
      <trkpt lat="48.028427" lon="-4.053039">
        <ele>89.206535</ele>
        <time>2026-07-03T12:51:52.347Z</time>
      </trkpt>
      <trkpt lat="48.028309" lon="-4.053098">
        <ele>88.133674</ele>
        <time>2026-07-03T12:51:57.366Z</time>
      </trkpt>
      <trkpt lat="48.028280" lon="-4.053210">
        <ele>87.441097</ele>
        <time>2026-07-03T12:52:00.610Z</time>
      </trkpt>
      <trkpt lat="48.027900" lon="-4.052975">
        <ele>83.895275</ele>
        <time>2026-07-03T12:52:17.078Z</time>
      </trkpt>
      <trkpt lat="48.027499" lon="-4.052877">
        <ele>80.391671</ele>
        <time>2026-07-03T12:52:33.185Z</time>
      </trkpt>
      <trkpt lat="48.027060" lon="-4.052975">
        <ele>76.169894</ele>
        <time>2026-07-03T12:52:50.452Z</time>
      </trkpt>
      <trkpt lat="48.027111" lon="-4.053109">
        <ele>75.140097</ele>
        <time>2026-07-03T12:52:54.441Z</time>
      </trkpt>
      <trkpt lat="48.027249" lon="-4.053241">
        <ele>73.503997</ele>
        <time>2026-07-03T12:53:00.795Z</time>
      </trkpt>
      <trkpt lat="48.027266" lon="-4.053324">
        <ele>72.924209</ele>
        <time>2026-07-03T12:53:03.004Z</time>
      </trkpt>
      <trkpt lat="48.027255" lon="-4.053431">
        <ele>72.201142</ele>
        <time>2026-07-03T12:53:05.802Z</time>
      </trkpt>
      <trkpt lat="48.027107" lon="-4.053382">
        <ele>70.687244</ele>
        <time>2026-07-03T12:53:11.595Z</time>
      </trkpt>
      <trkpt lat="48.027059" lon="-4.053319">
        <ele>70.049378</ele>
        <time>2026-07-03T12:53:14.024Z</time>
      </trkpt>
      <trkpt lat="48.026949" lon="-4.053336">
        <ele>68.944938</ele>
        <time>2026-07-03T12:53:18.233Z</time>
      </trkpt>
      <trkpt lat="48.026855" lon="-4.053302">
        <ele>67.979069</ele>
        <time>2026-07-03T12:53:21.922Z</time>
      </trkpt>
      <trkpt lat="48.026806" lon="-4.053345">
        <ele>67.411644</ele>
        <time>2026-07-03T12:53:24.074Z</time>
      </trkpt>
      <trkpt lat="48.026781" lon="-4.053419">
        <ele>66.857896</ele>
        <time>2026-07-03T12:53:26.187Z</time>
      </trkpt>
      <trkpt lat="48.026886" lon="-4.053587">
        <ele>65.322056</ele>
        <time>2026-07-03T12:53:32.080Z</time>
      </trkpt>
      <trkpt lat="48.026925" lon="-4.053709">
        <ele>64.418887</ele>
        <time>2026-07-03T12:53:35.583Z</time>
      </trkpt>
      <trkpt lat="48.027049" lon="-4.053732">
        <ele>63.170987</ele>
        <time>2026-07-03T12:53:40.418Z</time>
      </trkpt>
      <trkpt lat="48.027124" lon="-4.053816">
        <ele>62.235126</ele>
        <time>2026-07-03T12:53:44.050Z</time>
      </trkpt>
      <trkpt lat="48.027291" lon="-4.054005">
        <ele>60.741188</ele>
        <time>2026-07-03T12:53:52.281Z</time>
      </trkpt>
      <trkpt lat="48.027273" lon="-4.054043">
        <ele>60.625805</ele>
        <time>2026-07-03T12:53:53.521Z</time>
      </trkpt>
      <trkpt lat="48.027014" lon="-4.054123">
        <ele>59.645941</ele>
        <time>2026-07-03T12:54:04.223Z</time>
      </trkpt>
      <trkpt lat="48.026938" lon="-4.054243">
        <ele>59.236428</ele>
        <time>2026-07-03T12:54:08.827Z</time>
      </trkpt>
      <trkpt lat="48.026951" lon="-4.054358">
        <ele>58.947432</ele>
        <time>2026-07-03T12:54:12.124Z</time>
      </trkpt>
      <trkpt lat="48.027065" lon="-4.054396">
        <ele>58.514691</ele>
        <time>2026-07-03T12:54:17.102Z</time>
      </trkpt>
      <trkpt lat="48.027256" lon="-4.054395">
        <ele>57.807025</ele>
        <time>2026-07-03T12:54:25.435Z</time>
      </trkpt>
      <trkpt lat="48.027240" lon="-4.054454">
        <ele>57.649271</ele>
        <time>2026-07-03T12:54:27.271Z</time>
      </trkpt>
      <trkpt lat="48.027240" lon="-4.054580">
        <ele>57.337063</ele>
        <time>2026-07-03T12:54:31.030Z</time>
      </trkpt>
      <trkpt lat="48.027234" lon="-4.054696">
        <ele>57.048775</ele>
        <time>2026-07-03T12:54:34.546Z</time>
      </trkpt>
      <trkpt lat="48.027340" lon="-4.054715">
        <ele>56.653230</ele>
        <time>2026-07-03T12:54:39.459Z</time>
      </trkpt>
      <trkpt lat="48.027739" lon="-4.055050">
        <ele>54.957821</ele>
        <time>2026-07-03T12:55:01.534Z</time>
      </trkpt>
      <trkpt lat="48.027907" lon="-4.055134">
        <ele>54.495414</ele>
        <time>2026-07-03T12:55:10.672Z</time>
      </trkpt>
      <trkpt lat="48.028043" lon="-4.055139">
        <ele>54.753676</ele>
        <time>2026-07-03T12:55:17.812Z</time>
      </trkpt>
      <trkpt lat="48.028324" lon="-4.055036">
        <ele>55.302925</ele>
        <time>2026-07-03T12:55:33.278Z</time>
      </trkpt>
      <trkpt lat="48.028478" lon="-4.055078">
        <ele>55.600104</ele>
        <time>2026-07-03T12:55:41.753Z</time>
      </trkpt>
      <trkpt lat="48.028548" lon="-4.055040">
        <ele>55.741479</ele>
        <time>2026-07-03T12:55:45.743Z</time>
      </trkpt>
      <trkpt lat="48.028787" lon="-4.055068">
        <ele>56.196591</ele>
        <time>2026-07-03T12:55:58.430Z</time>
      </trkpt>
      <trkpt lat="48.028913" lon="-4.055162">
        <ele>56.463909</ele>
        <time>2026-07-03T12:56:05.802Z</time>
      </trkpt>
      <trkpt lat="48.029082" lon="-4.055162">
        <ele>56.784741</ele>
        <time>2026-07-03T12:56:14.563Z</time>
      </trkpt>
      <trkpt lat="48.029213" lon="-4.055218">
        <ele>57.043397</ele>
        <time>2026-07-03T12:56:21.624Z</time>
      </trkpt>
      <trkpt lat="48.029475" lon="-4.055232">
        <ele>57.541099</ele>
        <time>2026-07-03T12:56:35.141Z</time>
      </trkpt>
      <trkpt lat="48.029667" lon="-4.055298">
        <ele>57.933619</ele>
        <time>2026-07-03T12:56:45.256Z</time>
      </trkpt>
      <trkpt lat="48.029845" lon="-4.055382">
        <ele>58.380624</ele>
        <time>2026-07-03T12:56:54.885Z</time>
      </trkpt>
      <trkpt lat="48.030013" lon="-4.055518">
        <ele>58.838130</ele>
        <time>2026-07-03T12:57:04.853Z</time>
      </trkpt>
      <trkpt lat="48.030018" lon="-4.055569">
        <ele>58.920681</ele>
        <time>2026-07-03T12:57:06.672Z</time>
      </trkpt>
      <trkpt lat="48.030079" lon="-4.055667">
        <ele>59.135097</ele>
        <time>2026-07-03T12:57:11.377Z</time>
      </trkpt>
      <trkpt lat="48.030167" lon="-4.055756">
        <ele>59.389518</ele>
        <time>2026-07-03T12:57:17.035Z</time>
      </trkpt>
      <trkpt lat="48.030196" lon="-4.055901">
        <ele>59.631901</ele>
        <time>2026-07-03T12:57:22.405Z</time>
      </trkpt>
      <trkpt lat="48.030425" lon="-4.056224">
        <ele>60.385792</ele>
        <time>2026-07-03T12:57:39.341Z</time>
      </trkpt>
      <trkpt lat="48.030425" lon="-4.056355">
        <ele>60.595590</ele>
        <time>2026-07-03T12:57:44.092Z</time>
      </trkpt>
      <trkpt lat="48.030678" lon="-4.057001">
        <ele>61.794529</ele>
        <time>2026-07-03T12:58:11.080Z</time>
      </trkpt>
      <trkpt lat="48.030673" lon="-4.057169">
        <ele>62.063848</ele>
        <time>2026-07-03T12:58:17.050Z</time>
      </trkpt>
      <trkpt lat="48.030776" lon="-4.057427">
        <ele>62.441710</ele>
        <time>2026-07-03T12:58:27.466Z</time>
      </trkpt>
      <trkpt lat="48.030771" lon="-4.057586">
        <ele>62.629644</ele>
        <time>2026-07-03T12:58:33.011Z</time>
      </trkpt>
      <trkpt lat="48.030874" lon="-4.057680">
        <ele>62.842685</ele>
        <time>2026-07-03T12:58:39.360Z</time>
      </trkpt>
      <trkpt lat="48.030874" lon="-4.057754">
        <ele>62.930054</ele>
        <time>2026-07-03T12:58:42.044Z</time>
      </trkpt>
      <trkpt lat="48.031000" lon="-4.058176">
        <ele>63.475701</ele>
        <time>2026-07-03T12:58:59.155Z</time>
      </trkpt>
      <trkpt lat="48.031262" lon="-4.058658">
        <ele>64.209063</ele>
        <time>2026-07-03T12:59:21.384Z</time>
      </trkpt>
      <trkpt lat="48.031258" lon="-4.058751">
        <ele>64.319090</ele>
        <time>2026-07-03T12:59:24.610Z</time>
      </trkpt>
      <trkpt lat="48.031389" lon="-4.058943">
        <ele>64.642941</ele>
        <time>2026-07-03T12:59:33.882Z</time>
      </trkpt>
      <trkpt lat="48.031482" lon="-4.059364">
        <ele>65.166413</ele>
        <time>2026-07-03T12:59:48.261Z</time>
      </trkpt>
      <trkpt lat="48.031553" lon="-4.059533">
        <ele>65.392431</ele>
        <time>2026-07-03T12:59:54.551Z</time>
      </trkpt>
      <trkpt lat="48.031897" lon="-4.060033">
        <ele>66.130373</ele>
        <time>2026-07-03T13:00:17.145Z</time>
      </trkpt>
      <trkpt lat="48.031982" lon="-4.060210">
        <ele>66.354533</ele>
        <time>2026-07-03T13:00:24.618Z</time>
      </trkpt>
      <trkpt lat="48.032212" lon="-4.060506">
        <ele>66.821317</ele>
        <time>2026-07-03T13:00:39.971Z</time>
      </trkpt>
      <trkpt lat="48.032479" lon="-4.060763">
        <ele>67.309763</ele>
        <time>2026-07-03T13:00:55.672Z</time>
      </trkpt>
      <trkpt lat="48.032595" lon="-4.061039">
        <ele>67.645092</ele>
        <time>2026-07-03T13:01:07.016Z</time>
      </trkpt>
      <trkpt lat="48.032457" lon="-4.061143">
        <ele>67.882807</ele>
        <time>2026-07-03T13:01:15.377Z</time>
      </trkpt>
      <trkpt lat="48.032438" lon="-4.061223">
        <ele>67.970135</ele>
        <time>2026-07-03T13:01:18.674Z</time>
      </trkpt>
      <trkpt lat="48.032591" lon="-4.061666">
        <ele>69.774260</ele>
        <time>2026-07-03T13:01:38.459Z</time>
      </trkpt>
      <trkpt lat="48.032594" lon="-4.062096">
        <ele>71.685285</ele>
        <time>2026-07-03T13:01:57.142Z</time>
      </trkpt>
      <trkpt lat="48.032595" lon="-4.062261">
        <ele>72.418576</ele>
        <time>2026-07-03T13:02:04.447Z</time>
      </trkpt>
      <trkpt lat="48.032616" lon="-4.062356">
        <ele>72.863224</ele>
        <time>2026-07-03T13:02:08.912Z</time>
      </trkpt>
      <trkpt lat="48.032669" lon="-4.062467">
        <ele>73.469350</ele>
        <time>2026-07-03T13:02:14.942Z</time>
      </trkpt>
      <trkpt lat="48.032795" lon="-4.062592">
        <ele>74.474207</ele>
        <time>2026-07-03T13:02:24.435Z</time>
      </trkpt>
      <trkpt lat="48.032805" lon="-4.062743">
        <ele>75.148531</ele>
        <time>2026-07-03T13:02:30.019Z</time>
      </trkpt>
      <trkpt lat="48.032756" lon="-4.062716">
        <ele>75.495571</ele>
        <time>2026-07-03T13:02:32.737Z</time>
      </trkpt>
      <trkpt lat="48.032622" lon="-4.062709">
        <ele>76.386632</ele>
        <time>2026-07-03T13:02:40.782Z</time>
      </trkpt>
      <trkpt lat="48.032512" lon="-4.062704">
        <ele>77.117992</ele>
        <time>2026-07-03T13:02:48.171Z</time>
      </trkpt>
      <trkpt lat="48.032410" lon="-4.062617">
        <ele>77.898359</ele>
        <time>2026-07-03T13:02:56.686Z</time>
      </trkpt>
      <trkpt lat="48.032284" lon="-4.062275">
        <ele>79.633617</ele>
        <time>2026-07-03T13:03:16.190Z</time>
      </trkpt>
      <trkpt lat="48.032191" lon="-4.061910">
        <ele>82.458148</ele>
        <time>2026-07-03T13:03:36.526Z</time>
      </trkpt>
      <trkpt lat="48.032111" lon="-4.061650">
        <ele>84.777356</ele>
        <time>2026-07-03T13:03:50.699Z</time>
      </trkpt>
      <trkpt lat="48.031775" lon="-4.061456">
        <ele>89.141907</ele>
        <time>2026-07-03T13:04:20.575Z</time>
      </trkpt>
      <trkpt lat="48.031743" lon="-4.061468">
        <ele>89.541685</ele>
        <time>2026-07-03T13:04:23.346Z</time>
      </trkpt>
      <trkpt lat="48.031749" lon="-4.061560">
        <ele>90.290738</ele>
        <time>2026-07-03T13:04:28.018Z</time>
      </trkpt>
      <trkpt lat="48.031622" lon="-4.061564">
        <ele>91.830047</ele>
        <time>2026-07-03T13:04:39.217Z</time>
      </trkpt>
      <trkpt lat="48.031475" lon="-4.061494">
        <ele>93.699508</ele>
        <time>2026-07-03T13:04:52.798Z</time>
      </trkpt>
      <trkpt lat="48.031419" lon="-4.061405">
        <ele>94.689782</ele>
        <time>2026-07-03T13:05:00.468Z</time>
      </trkpt>
      <trkpt lat="48.031402" lon="-4.061272">
        <ele>95.787057</ele>
        <time>2026-07-03T13:05:08.620Z</time>
      </trkpt>
      <trkpt lat="48.031267" lon="-4.061468">
        <ele>98.067158</ele>
        <time>2026-07-03T13:05:27.776Z</time>
      </trkpt>
      <trkpt lat="48.031189" lon="-4.061483">
        <ele>99.020134</ele>
        <time>2026-07-03T13:05:36.492Z</time>
      </trkpt>
      <trkpt lat="48.031170" lon="-4.061736">
        <ele>101.083214</ele>
        <time>2026-07-03T13:05:53.468Z</time>
      </trkpt>
      <trkpt lat="48.031137" lon="-4.061768">
        <ele>101.559822</ele>
        <time>2026-07-03T13:05:57.056Z</time>
      </trkpt>
      <trkpt lat="48.030983" lon="-4.061574">
        <ele>102.906457</ele>
        <time>2026-07-03T13:06:14.691Z</time>
      </trkpt>
      <trkpt lat="48.030778" lon="-4.061452">
        <ele>104.224714</ele>
        <time>2026-07-03T13:06:32.325Z</time>
      </trkpt>
      <trkpt lat="48.030568" lon="-4.061077">
        <ele>106.178996</ele>
        <time>2026-07-03T13:06:55.585Z</time>
      </trkpt>
      <trkpt lat="48.030201" lon="-4.060576">
        <ele>109.148025</ele>
        <time>2026-07-03T13:07:25.686Z</time>
      </trkpt>
      <trkpt lat="48.030048" lon="-4.060438">
        <ele>110.215579</ele>
        <time>2026-07-03T13:07:35.015Z</time>
      </trkpt>
      <trkpt lat="48.030015" lon="-4.060466">
        <ele>110.442275</ele>
        <time>2026-07-03T13:07:36.971Z</time>
      </trkpt>
      <trkpt lat="48.029955" lon="-4.060255">
        <ele>111.358391</ele>
        <time>2026-07-03T13:07:44.464Z</time>
      </trkpt>
      <trkpt lat="48.029927" lon="-4.059970">
        <ele>112.509350</ele>
        <time>2026-07-03T13:07:53.449Z</time>
      </trkpt>
      <trkpt lat="48.029885" lon="-4.059846">
        <ele>112.396609</ele>
        <time>2026-07-03T13:07:57.661Z</time>
      </trkpt>
      <trkpt lat="48.029834" lon="-4.059768">
        <ele>112.219790</ele>
        <time>2026-07-03T13:08:00.906Z</time>
      </trkpt>
      <trkpt lat="48.029663" lon="-4.059697">
        <ele>111.789638</ele>
        <time>2026-07-03T13:08:08.881Z</time>
      </trkpt>
      <trkpt lat="48.029623" lon="-4.059563">
        <ele>111.551781</ele>
        <time>2026-07-03T13:08:13.300Z</time>
      </trkpt>
      <trkpt lat="48.029622" lon="-4.059446">
        <ele>111.362119</ele>
        <time>2026-07-03T13:08:16.813Z</time>
      </trkpt>
      <trkpt lat="48.029674" lon="-4.059253">
        <ele>111.024848</ele>
        <time>2026-07-03T13:08:23.145Z</time>
      </trkpt>
      <trkpt lat="48.029697" lon="-4.058936">
        <ele>110.508005</ele>
        <time>2026-07-03T13:08:32.870Z</time>
      </trkpt>
      <trkpt lat="48.029609" lon="-4.058806">
        <ele>110.208178</ele>
        <time>2026-07-03T13:08:38.593Z</time>
      </trkpt>
      <trkpt lat="48.029600" lon="-4.058499">
        <ele>109.710080</ele>
        <time>2026-07-03T13:08:48.099Z</time>
      </trkpt>
      <trkpt lat="48.029558" lon="-4.058381">
        <ele>109.493409</ele>
        <time>2026-07-03T13:08:52.176Z</time>
      </trkpt>
      <trkpt lat="48.029230" lon="-4.058785">
        <ele>108.463426</ele>
        <time>2026-07-03T13:09:11.326Z</time>
      </trkpt>
      <trkpt lat="48.028911" lon="-4.059116">
        <ele>106.611059</ele>
        <time>2026-07-03T13:09:28.332Z</time>
      </trkpt>
      <trkpt lat="48.028580" lon="-4.058426">
        <ele>103.461917</ele>
        <time>2026-07-03T13:09:52.860Z</time>
      </trkpt>
      <trkpt lat="48.028341" lon="-4.057775">
        <ele>100.707780</ele>
        <time>2026-07-03T13:10:13.935Z</time>
      </trkpt>
      <trkpt lat="48.028312" lon="-4.057756">
        <ele>100.532204</ele>
        <time>2026-07-03T13:10:15.228Z</time>
      </trkpt>
      <trkpt lat="48.028250" lon="-4.057715">
        <ele>100.156267</ele>
        <time>2026-07-03T13:10:18.038Z</time>
      </trkpt>
      <trkpt lat="48.028016" lon="-4.057822">
        <ele>98.799322</ele>
        <time>2026-07-03T13:10:27.935Z</time>
      </trkpt>
      <trkpt lat="48.028014" lon="-4.057896">
        <ele>98.524662</ele>
        <time>2026-07-03T13:10:29.932Z</time>
      </trkpt>
      <trkpt lat="48.027904" lon="-4.058265">
        <ele>97.700247</ele>
        <time>2026-07-03T13:10:40.424Z</time>
      </trkpt>
      <trkpt lat="48.027680" lon="-4.058749">
        <ele>96.713984</ele>
        <time>2026-07-03T13:10:56.775Z</time>
      </trkpt>
      <trkpt lat="48.027478" lon="-4.058881">
        <ele>96.161646</ele>
        <time>2026-07-03T13:11:07.376Z</time>
      </trkpt>
      <trkpt lat="48.027150" lon="-4.058713">
        <ele>95.292954</ele>
        <time>2026-07-03T13:11:24.920Z</time>
      </trkpt>
      <trkpt lat="48.027113" lon="-4.058759">
        <ele>95.172391</ele>
        <time>2026-07-03T13:11:27.527Z</time>
      </trkpt>
      <trkpt lat="48.026939" lon="-4.059039">
        <ele>94.531927</ele>
        <time>2026-07-03T13:11:40.220Z</time>
      </trkpt>
      <trkpt lat="48.027186" lon="-4.059199">
        <ele>93.857482</ele>
        <time>2026-07-03T13:11:53.211Z</time>
      </trkpt>
      <trkpt lat="48.027303" lon="-4.059329">
        <ele>93.160505</ele>
        <time>2026-07-03T13:12:00.028Z</time>
      </trkpt>
      <trkpt lat="48.027274" lon="-4.059343">
        <ele>92.985524</ele>
        <time>2026-07-03T13:12:01.317Z</time>
      </trkpt>
      <trkpt lat="48.027181" lon="-4.059517">
        <ele>92.130173</ele>
        <time>2026-07-03T13:12:07.201Z</time>
      </trkpt>
      <trkpt lat="48.026833" lon="-4.060105">
        <ele>89.114980</ele>
        <time>2026-07-03T13:12:28.540Z</time>
      </trkpt>
      <trkpt lat="48.026750" lon="-4.060063">
        <ele>88.611844</ele>
        <time>2026-07-03T13:12:32.558Z</time>
      </trkpt>
      <trkpt lat="48.026579" lon="-4.060198">
        <ele>87.501507</ele>
        <time>2026-07-03T13:12:40.833Z</time>
      </trkpt>
      <trkpt lat="48.026374" lon="-4.060457">
        <ele>85.960463</ele>
        <time>2026-07-03T13:12:51.233Z</time>
      </trkpt>
      <trkpt lat="48.026273" lon="-4.060506">
        <ele>85.350759</ele>
        <time>2026-07-03T13:12:55.256Z</time>
      </trkpt>
      <trkpt lat="48.026150" lon="-4.060489">
        <ele>84.641484</ele>
        <time>2026-07-03T13:12:59.944Z</time>
      </trkpt>
      <trkpt lat="48.025973" lon="-4.060408">
        <ele>83.578617</ele>
        <time>2026-07-03T13:13:06.942Z</time>
      </trkpt>
      <trkpt lat="48.025775" lon="-4.060468">
        <ele>81.511597</ele>
        <time>2026-07-03T13:13:14.581Z</time>
      </trkpt>
      <trkpt lat="48.025757" lon="-4.060613">
        <ele>80.432976</ele>
        <time>2026-07-03T13:13:18.305Z</time>
      </trkpt>
      <trkpt lat="48.025659" lon="-4.060840">
        <ele>78.456876</ele>
        <time>2026-07-03T13:13:25.139Z</time>
      </trkpt>
      <trkpt lat="48.025633" lon="-4.060687">
        <ele>77.302299</ele>
        <time>2026-07-03T13:13:29.137Z</time>
      </trkpt>
      <trkpt lat="48.025547" lon="-4.060884">
        <ele>75.581689</ele>
        <time>2026-07-03T13:13:35.102Z</time>
      </trkpt>
      <trkpt lat="48.025544" lon="-4.060665">
        <ele>73.979615</ele>
        <time>2026-07-03T13:13:40.668Z</time>
      </trkpt>
      <trkpt lat="48.025479" lon="-4.060819">
        <ele>72.647733</ele>
        <time>2026-07-03T13:13:45.302Z</time>
      </trkpt>
      <trkpt lat="48.025407" lon="-4.060572">
        <ele>70.677069</ele>
        <time>2026-07-03T13:13:52.187Z</time>
      </trkpt>
      <trkpt lat="48.025139" lon="-4.061064">
        <ele>66.036123</ele>
        <time>2026-07-03T13:14:08.871Z</time>
      </trkpt>
      <trkpt lat="48.024900" lon="-4.061168">
        <ele>63.554104</ele>
        <time>2026-07-03T13:14:18.947Z</time>
      </trkpt>
      <trkpt lat="48.024804" lon="-4.061434">
        <ele>62.556148</ele>
        <time>2026-07-03T13:14:27.286Z</time>
      </trkpt>
      <trkpt lat="48.024727" lon="-4.061557">
        <ele>61.999895</ele>
        <time>2026-07-03T13:14:31.906Z</time>
      </trkpt>
      <trkpt lat="48.024546" lon="-4.061803">
        <ele>60.792377</ele>
        <time>2026-07-03T13:14:42.181Z</time>
      </trkpt>
      <trkpt lat="48.024487" lon="-4.061824">
        <ele>60.492975</ele>
        <time>2026-07-03T13:14:44.727Z</time>
      </trkpt>
      <trkpt lat="48.024355" lon="-4.061978">
        <ele>59.666435</ele>
        <time>2026-07-03T13:14:51.829Z</time>
      </trkpt>
      <trkpt lat="48.024258" lon="-4.061993">
        <ele>59.185024</ele>
        <time>2026-07-03T13:14:55.946Z</time>
      </trkpt>
      <trkpt lat="48.024062" lon="-4.062192">
        <ele>58.015440</ele>
        <time>2026-07-03T13:15:06.165Z</time>
      </trkpt>
      <trkpt lat="48.023916" lon="-4.062270">
        <ele>57.250059</ele>
        <time>2026-07-03T13:15:12.995Z</time>
      </trkpt>
      <trkpt lat="48.023629" lon="-4.062621">
        <ele>55.419631</ele>
        <time>2026-07-03T13:15:29.619Z</time>
      </trkpt>
      <trkpt lat="48.023492" lon="-4.062657">
        <ele>55.008852</ele>
        <time>2026-07-03T13:15:35.962Z</time>
      </trkpt>
      <trkpt lat="48.023381" lon="-4.062765">
        <ele>55.648816</ele>
        <time>2026-07-03T13:15:42.165Z</time>
      </trkpt>
      <trkpt lat="48.023383" lon="-4.062825">
        <ele>55.842977</ele>
        <time>2026-07-03T13:15:44.073Z</time>
      </trkpt>
      <trkpt lat="48.023337" lon="-4.062863">
        <ele>56.096937</ele>
        <time>2026-07-03T13:15:46.527Z</time>
      </trkpt>
      <trkpt lat="48.023213" lon="-4.062940">
        <ele>56.745771</ele>
        <time>2026-07-03T13:15:53.016Z</time>
      </trkpt>
      <trkpt lat="48.023064" lon="-4.062980">
        <ele>57.477304</ele>
        <time>2026-07-03T13:16:00.634Z</time>
      </trkpt>
      <trkpt lat="48.022958" lon="-4.063103">
        <ele>58.125698</ele>
        <time>2026-07-03T13:16:07.757Z</time>
      </trkpt>
      <trkpt lat="48.022804" lon="-4.063180">
        <ele>58.910388</ele>
        <time>2026-07-03T13:16:16.757Z</time>
      </trkpt>
      <trkpt lat="48.022649" lon="-4.063399">
        <ele>59.940933</ele>
        <time>2026-07-03T13:16:29.333Z</time>
      </trkpt>
      <trkpt lat="48.022426" lon="-4.063550">
        <ele>61.123908</ele>
        <time>2026-07-03T13:16:45.228Z</time>
      </trkpt>
      <trkpt lat="48.022367" lon="-4.063548">
        <ele>61.409090</ele>
        <time>2026-07-03T13:16:49.206Z</time>
      </trkpt>
      <trkpt lat="48.021401" lon="-4.063893">
        <ele>68.761369</ele>
        <time>2026-07-03T13:18:12.519Z</time>
      </trkpt>
      <trkpt lat="48.021538" lon="-4.064068">
        <ele>70.472736</ele>
        <time>2026-07-03T13:18:28.638Z</time>
      </trkpt>
      <trkpt lat="48.021445" lon="-4.064106">
        <ele>71.388387</ele>
        <time>2026-07-03T13:18:37.223Z</time>
      </trkpt>
      <trkpt lat="48.020888" lon="-4.064064">
        <ele>76.685172</ele>
        <time>2026-07-03T13:19:23.202Z</time>
      </trkpt>
      <trkpt lat="48.020547" lon="-4.064156">
        <ele>79.976100</ele>
        <time>2026-07-03T13:19:45.716Z</time>
      </trkpt>
      <trkpt lat="48.020440" lon="-4.064123">
        <ele>80.465232</ele>
        <time>2026-07-03T13:19:52.063Z</time>
      </trkpt>
      <trkpt lat="48.020268" lon="-4.063957">
        <ele>79.505557</ele>
        <time>2026-07-03T13:20:02.955Z</time>
      </trkpt>
      <trkpt lat="48.020223" lon="-4.063806">
        <ele>78.987243</ele>
        <time>2026-07-03T13:20:08.369Z</time>
      </trkpt>
      <trkpt lat="48.020235" lon="-4.063608">
        <ele>78.363887</ele>
        <time>2026-07-03T13:20:14.601Z</time>
      </trkpt>
      <trkpt lat="48.020219" lon="-4.063489">
        <ele>77.983309</ele>
        <time>2026-07-03T13:20:18.284Z</time>
      </trkpt>
      <trkpt lat="48.020121" lon="-4.063310">
        <ele>77.258031</ele>
        <time>2026-07-03T13:20:25.079Z</time>
      </trkpt>
      <trkpt lat="48.020077" lon="-4.063147">
        <ele>76.706907</ele>
        <time>2026-07-03T13:20:30.054Z</time>
      </trkpt>
      <trkpt lat="48.019999" lon="-4.063039">
        <ele>76.208552</ele>
        <time>2026-07-03T13:20:34.425Z</time>
      </trkpt>
      <trkpt lat="48.020002" lon="-4.062895">
        <ele>75.756831</ele>
        <time>2026-07-03T13:20:38.316Z</time>
      </trkpt>
      <trkpt lat="48.019873" lon="-4.062569">
        <ele>74.569202</ele>
        <time>2026-07-03T13:20:48.239Z</time>
      </trkpt>
      <trkpt lat="48.019338" lon="-4.061817">
        <ele>70.963529</ele>
        <time>2026-07-03T13:21:16.413Z</time>
      </trkpt>
      <trkpt lat="48.019378" lon="-4.061752">
        <ele>70.644995</ele>
        <time>2026-07-03T13:21:18.700Z</time>
      </trkpt>
      <trkpt lat="48.019500" lon="-4.061801">
        <ele>69.963883</ele>
        <time>2026-07-03T13:21:23.720Z</time>
      </trkpt>
      <trkpt lat="48.019507" lon="-4.061720">
        <ele>69.669336</ele>
        <time>2026-07-03T13:21:25.900Z</time>
      </trkpt>
      <trkpt lat="48.019457" lon="-4.061554">
        <ele>69.012775</ele>
        <time>2026-07-03T13:21:30.866Z</time>
      </trkpt>
      <trkpt lat="48.019374" lon="-4.061404">
        <ele>68.310703</ele>
        <time>2026-07-03T13:21:36.237Z</time>
      </trkpt>
      <trkpt lat="48.019299" lon="-4.061377">
        <ele>67.894766</ele>
        <time>2026-07-03T13:21:39.476Z</time>
      </trkpt>
      <trkpt lat="48.018929" lon="-4.061650">
        <ele>65.670108</ele>
        <time>2026-07-03T13:21:57.189Z</time>
      </trkpt>
      <trkpt lat="48.018879" lon="-4.061742">
        <ele>65.242600</ele>
        <time>2026-07-03T13:22:00.686Z</time>
      </trkpt>
      <trkpt lat="48.018793" lon="-4.061752">
        <ele>64.777513</ele>
        <time>2026-07-03T13:22:04.531Z</time>
      </trkpt>
      <trkpt lat="48.018495" lon="-4.061978">
        <ele>62.975874</ele>
        <time>2026-07-03T13:22:20.013Z</time>
      </trkpt>
      <trkpt lat="48.018169" lon="-4.062112">
        <ele>62.401223</ele>
        <time>2026-07-03T13:22:36.625Z</time>
      </trkpt>
      <trkpt lat="48.018184" lon="-4.062049">
        <ele>62.380700</ele>
        <time>2026-07-03T13:22:38.870Z</time>
      </trkpt>
      <trkpt lat="48.018024" lon="-4.062079">
        <ele>62.306717</ele>
        <time>2026-07-03T13:22:47.110Z</time>
      </trkpt>
      <trkpt lat="48.017941" lon="-4.062134">
        <ele>62.265063</ele>
        <time>2026-07-03T13:22:51.847Z</time>
      </trkpt>
      <trkpt lat="48.017857" lon="-4.062083">
        <ele>62.223467</ele>
        <time>2026-07-03T13:22:56.554Z</time>
      </trkpt>
      <trkpt lat="48.017408" lon="-4.062197">
        <ele>62.014515</ele>
        <time>2026-07-03T13:23:19.566Z</time>
      </trkpt>
      <trkpt lat="48.017465" lon="-4.062251">
        <ele>61.983554</ele>
        <time>2026-07-03T13:23:22.849Z</time>
      </trkpt>
      <trkpt lat="48.017410" lon="-4.062307">
        <ele>61.953024</ele>
        <time>2026-07-03T13:23:26.037Z</time>
      </trkpt>
      <trkpt lat="48.017434" lon="-4.062419">
        <ele>61.916931</ele>
        <time>2026-07-03T13:23:29.767Z</time>
      </trkpt>
      <trkpt lat="48.017652" lon="-4.062423">
        <ele>61.816904</ele>
        <time>2026-07-03T13:23:39.951Z</time>
      </trkpt>
      <trkpt lat="48.017717" lon="-4.062491">
        <ele>61.780505</ele>
        <time>2026-07-03T13:23:43.589Z</time>
      </trkpt>
      <trkpt lat="48.017695" lon="-4.062557">
        <ele>61.757875</ele>
        <time>2026-07-03T13:23:45.861Z</time>
      </trkpt>
      <trkpt lat="48.017501" lon="-4.062653">
        <ele>61.464742</ele>
        <time>2026-07-03T13:23:55.178Z</time>
      </trkpt>
      <trkpt lat="48.017304" lon="-4.062632">
        <ele>60.728517</ele>
        <time>2026-07-03T13:24:04.062Z</time>
      </trkpt>
      <trkpt lat="48.017117" lon="-4.062546">
        <ele>59.999196</ele>
        <time>2026-07-03T13:24:12.743Z</time>
      </trkpt>
      <trkpt lat="48.016654" lon="-4.062707">
        <ele>58.227189</ele>
        <time>2026-07-03T13:24:33.453Z</time>
      </trkpt>
      <trkpt lat="48.016320" lon="-4.063024">
        <ele>56.752408</ele>
        <time>2026-07-03T13:24:50.377Z</time>
      </trkpt>
      <trkpt lat="48.015779" lon="-4.064032">
        <ele>54.087334</ele>
        <time>2026-07-03T13:25:28.701Z</time>
      </trkpt>
      <trkpt lat="48.015380" lon="-4.064966">
        <ele>52.380939</ele>
        <time>2026-07-03T13:26:03.144Z</time>
      </trkpt>
      <trkpt lat="48.015239" lon="-4.065379">
        <ele>51.666976</ele>
        <time>2026-07-03T13:26:17.657Z</time>
      </trkpt>
      <trkpt lat="48.015094" lon="-4.066032">
        <ele>50.390797</ele>
        <time>2026-07-03T13:26:39.244Z</time>
      </trkpt>
      <trkpt lat="48.015074" lon="-4.066164">
        <ele>49.993809</ele>
        <time>2026-07-03T13:26:43.325Z</time>
      </trkpt>
      <trkpt lat="48.015050" lon="-4.066323">
        <ele>49.515708</ele>
        <time>2026-07-03T13:26:48.094Z</time>
      </trkpt>
      <trkpt lat="48.015066" lon="-4.067078">
        <ele>47.300045</ele>
        <time>2026-07-03T13:27:10.044Z</time>
      </trkpt>
      <trkpt lat="48.015173" lon="-4.067405">
        <ele>46.232292</ele>
        <time>2026-07-03T13:27:20.521Z</time>
      </trkpt>
      <trkpt lat="48.015147" lon="-4.067470">
        <ele>46.010150</ele>
        <time>2026-07-03T13:27:22.377Z</time>
      </trkpt>
      <trkpt lat="48.015080" lon="-4.067480">
        <ele>45.714904</ele>
        <time>2026-07-03T13:27:25.273Z</time>
      </trkpt>
      <trkpt lat="48.015040" lon="-4.067438">
        <ele>45.500568</ele>
        <time>2026-07-03T13:27:27.371Z</time>
      </trkpt>
      <trkpt lat="48.014929" lon="-4.067419">
        <ele>45.010670</ele>
        <time>2026-07-03T13:27:32.117Z</time>
      </trkpt>
      <trkpt lat="48.014892" lon="-4.067477">
        <ele>44.775586</ele>
        <time>2026-07-03T13:27:34.416Z</time>
      </trkpt>
      <trkpt lat="48.014816" lon="-4.067440">
        <ele>44.425111</ele>
        <time>2026-07-03T13:27:37.801Z</time>
      </trkpt>
      <trkpt lat="48.014736" lon="-4.067235">
        <ele>43.728964</ele>
        <time>2026-07-03T13:27:44.553Z</time>
      </trkpt>
      <trkpt lat="48.014593" lon="-4.066703">
        <ele>41.917028</ele>
        <time>2026-07-03T13:28:00.810Z</time>
      </trkpt>
      <trkpt lat="48.014816" lon="-4.064991">
        <ele>36.071518</ele>
        <time>2026-07-03T13:28:51.083Z</time>
      </trkpt>
      <trkpt lat="48.014984" lon="-4.064406">
        <ele>33.936380</ele>
        <time>2026-07-03T13:29:09.575Z</time>
      </trkpt>
      <trkpt lat="48.015001" lon="-4.064278">
        <ele>33.439650</ele>
        <time>2026-07-03T13:29:13.388Z</time>
      </trkpt>
      <trkpt lat="48.014983" lon="-4.064161">
        <ele>32.982675</ele>
        <time>2026-07-03T13:29:16.909Z</time>
      </trkpt>
      <trkpt lat="48.014865" lon="-4.064146">
        <ele>32.308804</ele>
        <time>2026-07-03T13:29:22.033Z</time>
      </trkpt>
      <trkpt lat="48.014900" lon="-4.063969">
        <ele>31.606250</ele>
        <time>2026-07-03T13:29:27.313Z</time>
      </trkpt>
      <trkpt lat="48.014900" lon="-4.063658">
        <ele>30.422456</ele>
        <time>2026-07-03T13:29:36.094Z</time>
      </trkpt>
      <trkpt lat="48.015048" lon="-4.063211">
        <ele>28.523983</ele>
        <time>2026-07-03T13:29:49.916Z</time>
      </trkpt>
      <trkpt lat="48.015223" lon="-4.062866">
        <ele>26.875921</ele>
        <time>2026-07-03T13:30:01.997Z</time>
      </trkpt>
      <trkpt lat="48.014987" lon="-4.062571">
        <ele>25.125423</ele>
        <time>2026-07-03T13:30:14.940Z</time>
      </trkpt>
      <trkpt lat="48.014912" lon="-4.062563">
        <ele>24.697571</ele>
        <time>2026-07-03T13:30:18.125Z</time>
      </trkpt>
      <trkpt lat="48.014682" lon="-4.062748">
        <ele>23.450424</ele>
        <time>2026-07-03T13:30:29.279Z</time>
      </trkpt>
      <trkpt lat="48.014604" lon="-4.062785">
        <ele>23.206172</ele>
        <time>2026-07-03T13:30:32.774Z</time>
      </trkpt>
      <trkpt lat="48.014531" lon="-4.062721">
        <ele>22.953578</ele>
        <time>2026-07-03T13:30:36.450Z</time>
      </trkpt>
      <trkpt lat="48.014406" lon="-4.062861">
        <ele>22.487385</ele>
        <time>2026-07-03T13:30:42.207Z</time>
      </trkpt>
      <trkpt lat="48.014113" lon="-4.062988">
        <ele>21.576829</ele>
        <time>2026-07-03T13:30:53.386Z</time>
      </trkpt>
      <trkpt lat="48.013838" lon="-4.063189">
        <ele>20.663160</ele>
        <time>2026-07-03T13:31:04.981Z</time>
      </trkpt>
      <trkpt lat="48.013453" lon="-4.063633">
        <ele>19.211807</ele>
        <time>2026-07-03T13:31:24.127Z</time>
      </trkpt>
      <trkpt lat="48.013345" lon="-4.063731">
        <ele>18.834712</ele>
        <time>2026-07-03T13:31:29.142Z</time>
      </trkpt>
      <trkpt lat="48.013119" lon="-4.063741">
        <ele>18.579529</ele>
        <time>2026-07-03T13:31:38.195Z</time>
      </trkpt>
      <trkpt lat="48.012216" lon="-4.063538">
        <ele>22.012007</ele>
        <time>2026-07-03T13:32:17.904Z</time>
      </trkpt>
      <trkpt lat="48.012081" lon="-4.063560">
        <ele>22.522469</ele>
        <time>2026-07-03T13:32:24.784Z</time>
      </trkpt>
      <trkpt lat="48.012021" lon="-4.063606">
        <ele>22.775937</ele>
        <time>2026-07-03T13:32:28.299Z</time>
      </trkpt>
      <trkpt lat="48.012091" lon="-4.063373">
        <ele>23.418216</ele>
        <time>2026-07-03T13:32:39.483Z</time>
      </trkpt>
      <trkpt lat="48.011999" lon="-4.063382">
        <ele>23.764777</ele>
        <time>2026-07-03T13:32:44.817Z</time>
      </trkpt>
      <trkpt lat="48.011996" lon="-4.063315">
        <ele>23.933634</ele>
        <time>2026-07-03T13:32:46.662Z</time>
      </trkpt>
      <trkpt lat="48.011990" lon="-4.063303">
        <ele>23.971306</ele>
        <time>2026-07-03T13:32:47.075Z</time>
      </trkpt>
      <trkpt lat="48.011990" lon="-4.063290">
        <ele>24.003997</ele>
        <time>2026-07-03T13:32:47.434Z</time>
      </trkpt>
      <trkpt lat="48.011990" lon="-4.063277">
        <ele>24.036687</ele>
        <time>2026-07-03T13:32:47.792Z</time>
      </trkpt>
      <trkpt lat="48.011991" lon="-4.063270">
        <ele>24.054686</ele>
        <time>2026-07-03T13:32:47.989Z</time>
      </trkpt>
      <trkpt lat="48.011992" lon="-4.063262">
        <ele>24.075151</ele>
        <time>2026-07-03T13:32:48.213Z</time>
      </trkpt>
      <trkpt lat="48.011992" lon="-4.063250">
        <ele>24.105327</ele>
        <time>2026-07-03T13:32:48.543Z</time>
      </trkpt>
      <trkpt lat="48.011992" lon="-4.063237">
        <ele>24.138017</ele>
        <time>2026-07-03T13:32:48.901Z</time>
      </trkpt>
      <trkpt lat="48.011990" lon="-4.063225">
        <ele>24.169115</ele>
        <time>2026-07-03T13:32:49.242Z</time>
      </trkpt>
      <trkpt lat="48.011987" lon="-4.063213">
        <ele>24.201329</ele>
        <time>2026-07-03T13:32:49.594Z</time>
      </trkpt>
      <trkpt lat="48.011983" lon="-4.063201">
        <ele>24.235043</ele>
        <time>2026-07-03T13:32:49.964Z</time>
      </trkpt>
      <trkpt lat="48.011979" lon="-4.063189">
        <ele>24.268757</ele>
        <time>2026-07-03T13:32:50.333Z</time>
      </trkpt>
      <trkpt lat="48.011975" lon="-4.063176">
        <ele>24.304739</ele>
        <time>2026-07-03T13:32:50.727Z</time>
      </trkpt>
      <trkpt lat="48.011970" lon="-4.063164">
        <ele>24.340289</ele>
        <time>2026-07-03T13:32:51.115Z</time>
      </trkpt>
      <trkpt lat="48.011966" lon="-4.063151">
        <ele>24.376271</ele>
        <time>2026-07-03T13:32:51.509Z</time>
      </trkpt>
      <trkpt lat="48.011962" lon="-4.063138">
        <ele>24.412253</ele>
        <time>2026-07-03T13:32:51.903Z</time>
      </trkpt>
      <trkpt lat="48.011960" lon="-4.063125">
        <ele>24.445797</ele>
        <time>2026-07-03T13:32:52.271Z</time>
      </trkpt>
      <trkpt lat="48.011957" lon="-4.063112">
        <ele>24.480377</ele>
        <time>2026-07-03T13:32:52.650Z</time>
      </trkpt>
      <trkpt lat="48.011956" lon="-4.063099">
        <ele>24.513283</ele>
        <time>2026-07-03T13:32:53.010Z</time>
      </trkpt>
      <trkpt lat="48.011955" lon="-4.063086">
        <ele>24.546188</ele>
        <time>2026-07-03T13:32:53.371Z</time>
      </trkpt>
      <trkpt lat="48.011953" lon="-4.063073">
        <ele>24.579732</ele>
        <time>2026-07-03T13:32:53.739Z</time>
      </trkpt>
      <trkpt lat="48.011951" lon="-4.063059">
        <ele>24.615730</ele>
        <time>2026-07-03T13:32:54.133Z</time>
      </trkpt>
      <trkpt lat="48.011948" lon="-4.063046">
        <ele>24.650311</ele>
        <time>2026-07-03T13:32:54.512Z</time>
      </trkpt>
      <trkpt lat="48.011945" lon="-4.063033">
        <ele>24.684891</ele>
        <time>2026-07-03T13:32:54.891Z</time>
      </trkpt>
      <trkpt lat="48.011941" lon="-4.063019">
        <ele>24.723173</ele>
        <time>2026-07-03T13:32:55.310Z</time>
      </trkpt>
      <trkpt lat="48.011937" lon="-4.063005">
        <ele>24.761454</ele>
        <time>2026-07-03T13:32:55.729Z</time>
      </trkpt>
      <trkpt lat="48.011935" lon="-4.062991">
        <ele>24.797452</ele>
        <time>2026-07-03T13:32:56.124Z</time>
      </trkpt>
      <trkpt lat="48.011932" lon="-4.062976">
        <ele>24.836821</ele>
        <time>2026-07-03T13:32:56.555Z</time>
      </trkpt>
      <trkpt lat="48.011931" lon="-4.062961">
        <ele>24.874728</ele>
        <time>2026-07-03T13:32:56.969Z</time>
      </trkpt>
      <trkpt lat="48.011931" lon="-4.062945">
        <ele>24.914962</ele>
        <time>2026-07-03T13:32:57.409Z</time>
      </trkpt>
      <trkpt lat="48.011930" lon="-4.062930">
        <ele>24.952868</ele>
        <time>2026-07-03T13:32:57.825Z</time>
      </trkpt>
      <trkpt lat="48.011930" lon="-4.062915">
        <ele>24.990587</ele>
        <time>2026-07-03T13:32:58.237Z</time>
      </trkpt>
      <trkpt lat="48.011928" lon="-4.062901">
        <ele>25.026586</ele>
        <time>2026-07-03T13:32:58.632Z</time>
      </trkpt>
      <trkpt lat="48.011926" lon="-4.062888">
        <ele>25.060130</ele>
        <time>2026-07-03T13:32:58.999Z</time>
      </trkpt>
      <trkpt lat="48.011921" lon="-4.062873">
        <ele>25.102272</ele>
        <time>2026-07-03T13:32:59.461Z</time>
      </trkpt>
      <trkpt lat="48.011916" lon="-4.062859">
        <ele>25.179012</ele>
        <time>2026-07-03T13:32:59.899Z</time>
      </trkpt>
      <trkpt lat="48.011909" lon="-4.062845">
        <ele>25.268425</ele>
        <time>2026-07-03T13:33:00.381Z</time>
      </trkpt>
      <trkpt lat="48.011903" lon="-4.062831">
        <ele>25.353480</ele>
        <time>2026-07-03T13:33:00.838Z</time>
      </trkpt>
      <trkpt lat="48.011896" lon="-4.062819">
        <ele>25.434928</ele>
        <time>2026-07-03T13:33:01.277Z</time>
      </trkpt>
      <trkpt lat="48.011890" lon="-4.062807">
        <ele>25.511567</ele>
        <time>2026-07-03T13:33:01.690Z</time>
      </trkpt>
      <trkpt lat="48.011884" lon="-4.062795">
        <ele>25.588207</ele>
        <time>2026-07-03T13:33:02.102Z</time>
      </trkpt>
      <trkpt lat="48.011879" lon="-4.062783">
        <ele>25.660528</ele>
        <time>2026-07-03T13:33:02.492Z</time>
      </trkpt>
      <trkpt lat="48.011876" lon="-4.062770">
        <ele>25.730877</ele>
        <time>2026-07-03T13:33:02.870Z</time>
      </trkpt>
      <trkpt lat="48.011872" lon="-4.062758">
        <ele>25.799463</ele>
        <time>2026-07-03T13:33:03.239Z</time>
      </trkpt>
      <trkpt lat="48.011868" lon="-4.062745">
        <ele>25.872663</ele>
        <time>2026-07-03T13:33:03.633Z</time>
      </trkpt>
      <trkpt lat="48.011865" lon="-4.062732">
        <ele>25.943012</ele>
        <time>2026-07-03T13:33:04.012Z</time>
      </trkpt>
      <trkpt lat="48.011861" lon="-4.062717">
        <ele>26.025619</ele>
        <time>2026-07-03T13:33:04.456Z</time>
      </trkpt>
      <trkpt lat="48.011857" lon="-4.062702">
        <ele>26.108225</ele>
        <time>2026-07-03T13:33:04.901Z</time>
      </trkpt>
      <trkpt lat="48.011855" lon="-4.062687">
        <ele>26.186469</ele>
        <time>2026-07-03T13:33:05.323Z</time>
      </trkpt>
      <trkpt lat="48.011852" lon="-4.062672">
        <ele>26.266560</ele>
        <time>2026-07-03T13:33:05.754Z</time>
      </trkpt>
      <trkpt lat="48.011852" lon="-4.062656">
        <ele>26.348410</ele>
        <time>2026-07-03T13:33:06.195Z</time>
      </trkpt>
      <trkpt lat="48.011851" lon="-4.062641">
        <ele>26.425525</ele>
        <time>2026-07-03T13:33:06.611Z</time>
      </trkpt>
      <trkpt lat="48.011851" lon="-4.062626">
        <ele>26.502259</ele>
        <time>2026-07-03T13:33:07.023Z</time>
      </trkpt>
      <trkpt lat="48.011852" lon="-4.062611">
        <ele>26.579374</ele>
        <time>2026-07-03T13:33:07.439Z</time>
      </trkpt>
      <trkpt lat="48.011852" lon="-4.062597">
        <ele>26.650993</ele>
        <time>2026-07-03T13:33:07.824Z</time>
      </trkpt>
      <trkpt lat="48.011852" lon="-4.062582">
        <ele>26.727728</ele>
        <time>2026-07-03T13:33:08.237Z</time>
      </trkpt>
      <trkpt lat="48.011851" lon="-4.062567">
        <ele>26.804843</ele>
        <time>2026-07-03T13:33:08.652Z</time>
      </trkpt>
      <trkpt lat="48.011849" lon="-4.062551">
        <ele>26.888109</ele>
        <time>2026-07-03T13:33:09.100Z</time>
      </trkpt>
      <trkpt lat="48.011848" lon="-4.062535">
        <ele>26.970316</ele>
        <time>2026-07-03T13:33:09.543Z</time>
      </trkpt>
      <trkpt lat="48.011846" lon="-4.062519">
        <ele>27.053583</ele>
        <time>2026-07-03T13:33:09.990Z</time>
      </trkpt>
      <trkpt lat="48.011847" lon="-4.062505">
        <ele>27.125609</ele>
        <time>2026-07-03T13:33:10.378Z</time>
      </trkpt>
      <trkpt lat="48.011848" lon="-4.062490">
        <ele>27.202724</ele>
        <time>2026-07-03T13:33:10.793Z</time>
      </trkpt>
      <trkpt lat="48.011852" lon="-4.062477">
        <ele>27.275924</ele>
        <time>2026-07-03T13:33:11.187Z</time>
      </trkpt>
      <trkpt lat="48.011856" lon="-4.062463">
        <ele>27.353802</ele>
        <time>2026-07-03T13:33:11.606Z</time>
      </trkpt>
      <trkpt lat="48.011859" lon="-4.062449">
        <ele>27.429005</ele>
        <time>2026-07-03T13:33:12.011Z</time>
      </trkpt>
      <trkpt lat="48.011863" lon="-4.062435">
        <ele>27.506883</ele>
        <time>2026-07-03T13:33:12.430Z</time>
      </trkpt>
      <trkpt lat="48.011866" lon="-4.062422">
        <ele>27.577232</ele>
        <time>2026-07-03T13:33:12.809Z</time>
      </trkpt>
      <trkpt lat="48.011869" lon="-4.062408">
        <ele>27.652435</ele>
        <time>2026-07-03T13:33:13.214Z</time>
      </trkpt>
      <trkpt lat="48.011872" lon="-4.062393">
        <ele>27.732526</ele>
        <time>2026-07-03T13:33:13.645Z</time>
      </trkpt>
      <trkpt lat="48.011874" lon="-4.062377">
        <ele>27.815793</ele>
        <time>2026-07-03T13:33:14.093Z</time>
      </trkpt>
      <trkpt lat="48.011876" lon="-4.062361">
        <ele>27.899060</ele>
        <time>2026-07-03T13:33:14.541Z</time>
      </trkpt>
      <trkpt lat="48.011877" lon="-4.062345">
        <ele>27.981266</ele>
        <time>2026-07-03T13:33:14.984Z</time>
      </trkpt>
      <trkpt lat="48.011875" lon="-4.062328">
        <ele>28.069567</ele>
        <time>2026-07-03T13:33:15.459Z</time>
      </trkpt>
      <trkpt lat="48.011874" lon="-4.062312">
        <ele>28.151773</ele>
        <time>2026-07-03T13:33:15.901Z</time>
      </trkpt>
      <trkpt lat="48.011870" lon="-4.062294">
        <ele>28.248802</ele>
        <time>2026-07-03T13:33:16.423Z</time>
      </trkpt>
      <trkpt lat="48.011866" lon="-4.062275">
        <ele>28.350699</ele>
        <time>2026-07-03T13:33:16.971Z</time>
      </trkpt>
      <trkpt lat="48.011862" lon="-4.062258">
        <ele>28.442887</ele>
        <time>2026-07-03T13:33:17.467Z</time>
      </trkpt>
      <trkpt lat="48.011858" lon="-4.062241">
        <ele>28.535076</ele>
        <time>2026-07-03T13:33:17.964Z</time>
      </trkpt>
      <trkpt lat="48.011856" lon="-4.062226">
        <ele>28.613320</ele>
        <time>2026-07-03T13:33:18.385Z</time>
      </trkpt>
      <trkpt lat="48.011854" lon="-4.062212">
        <ele>28.686553</ele>
        <time>2026-07-03T13:33:18.780Z</time>
      </trkpt>
      <trkpt lat="48.011853" lon="-4.062198">
        <ele>28.758580</ele>
        <time>2026-07-03T13:33:19.168Z</time>
      </trkpt>
      <trkpt lat="48.011853" lon="-4.062184">
        <ele>28.830199</ele>
        <time>2026-07-03T13:33:19.553Z</time>
      </trkpt>
      <trkpt lat="48.011854" lon="-4.062167">
        <ele>28.917500</ele>
        <time>2026-07-03T13:33:20.023Z</time>
      </trkpt>
      <trkpt lat="48.011856" lon="-4.062151">
        <ele>29.000767</ele>
        <time>2026-07-03T13:33:20.471Z</time>
      </trkpt>
      <trkpt lat="48.011859" lon="-4.062134">
        <ele>29.090708</ele>
        <time>2026-07-03T13:33:20.955Z</time>
      </trkpt>
      <trkpt lat="48.011862" lon="-4.062117">
        <ele>29.180649</ele>
        <time>2026-07-03T13:33:21.439Z</time>
      </trkpt>
      <trkpt lat="48.011866" lon="-4.062101">
        <ele>29.268028</ele>
        <time>2026-07-03T13:33:21.910Z</time>
      </trkpt>
      <trkpt lat="48.011870" lon="-4.062084">
        <ele>29.360216</ele>
        <time>2026-07-03T13:33:22.405Z</time>
      </trkpt>
      <trkpt lat="48.011872" lon="-4.062069">
        <ele>29.438460</ele>
        <time>2026-07-03T13:33:22.827Z</time>
      </trkpt>
      <trkpt lat="48.011873" lon="-4.062053">
        <ele>29.520667</ele>
        <time>2026-07-03T13:33:23.269Z</time>
      </trkpt>
      <trkpt lat="48.011872" lon="-4.062041">
        <ele>29.582529</ele>
        <time>2026-07-03T13:33:23.602Z</time>
      </trkpt>
      <trkpt lat="48.011871" lon="-4.062028">
        <ele>29.649470</ele>
        <time>2026-07-03T13:33:23.962Z</time>
      </trkpt>
      <trkpt lat="48.011869" lon="-4.062016">
        <ele>29.712734</ele>
        <time>2026-07-03T13:33:24.303Z</time>
      </trkpt>
      <trkpt lat="48.011867" lon="-4.062004">
        <ele>29.775999</ele>
        <time>2026-07-03T13:33:24.643Z</time>
      </trkpt>
      <trkpt lat="48.011867" lon="-4.061993">
        <ele>29.832271</ele>
        <time>2026-07-03T13:33:24.947Z</time>
      </trkpt>
      <trkpt lat="48.011867" lon="-4.061982">
        <ele>29.888543</ele>
        <time>2026-07-03T13:33:25.250Z</time>
      </trkpt>
      <trkpt lat="48.011868" lon="-4.061967">
        <ele>29.965657</ele>
        <time>2026-07-03T13:33:25.666Z</time>
      </trkpt>
      <trkpt lat="48.011868" lon="-4.061953">
        <ele>30.037276</ele>
        <time>2026-07-03T13:33:26.052Z</time>
      </trkpt>
      <trkpt lat="48.011864" lon="-4.061939">
        <ele>30.115154</ele>
        <time>2026-07-03T13:33:26.471Z</time>
      </trkpt>
      <trkpt lat="48.011861" lon="-4.061924">
        <ele>30.195244</ele>
        <time>2026-07-03T13:33:26.902Z</time>
      </trkpt>
      <trkpt lat="48.011851" lon="-4.061916">
        <ele>30.281977</ele>
        <time>2026-07-03T13:33:27.369Z</time>
      </trkpt>
      <trkpt lat="48.011842" lon="-4.061908">
        <ele>30.362048</ele>
        <time>2026-07-03T13:33:27.801Z</time>
      </trkpt>
      <trkpt lat="48.011832" lon="-4.061906">
        <ele>30.439199</ele>
        <time>2026-07-03T13:33:28.217Z</time>
      </trkpt>
      <trkpt lat="48.011822" lon="-4.061904">
        <ele>30.516350</ele>
        <time>2026-07-03T13:33:28.632Z</time>
      </trkpt>
      <trkpt lat="48.011812" lon="-4.061901">
        <ele>30.594345</ele>
        <time>2026-07-03T13:33:29.052Z</time>
      </trkpt>
      <trkpt lat="48.011803" lon="-4.061899">
        <ele>30.663924</ele>
        <time>2026-07-03T13:33:29.427Z</time>
      </trkpt>
      <trkpt lat="48.011796" lon="-4.061894">
        <ele>30.723250</ele>
        <time>2026-07-03T13:33:29.746Z</time>
      </trkpt>
      <trkpt lat="48.011789" lon="-4.061888">
        <ele>30.784954</ele>
        <time>2026-07-03T13:33:30.079Z</time>
      </trkpt>
      <trkpt lat="48.011787" lon="-4.061884">
        <ele>30.810501</ele>
        <time>2026-07-03T13:33:30.216Z</time>
      </trkpt>
      <trkpt lat="48.011785" lon="-4.061880">
        <ele>30.836047</ele>
        <time>2026-07-03T13:33:30.354Z</time>
      </trkpt>
      <trkpt lat="48.011783" lon="-4.061876">
        <ele>30.861594</ele>
        <time>2026-07-03T13:33:30.492Z</time>
      </trkpt>
      <trkpt lat="48.011781" lon="-4.061872">
        <ele>30.887140</ele>
        <time>2026-07-03T13:33:30.630Z</time>
      </trkpt>
      <trkpt lat="48.011779" lon="-4.061868">
        <ele>30.912686</ele>
        <time>2026-07-03T13:33:30.767Z</time>
      </trkpt>
      <trkpt lat="48.011778" lon="-4.061857">
        <ele>30.969476</ele>
        <time>2026-07-03T13:33:31.074Z</time>
      </trkpt>
      <trkpt lat="48.011777" lon="-4.061846">
        <ele>31.026265</ele>
        <time>2026-07-03T13:33:31.380Z</time>
      </trkpt>
      <trkpt lat="48.011783" lon="-4.061840">
        <ele>31.081467</ele>
        <time>2026-07-03T13:33:31.678Z</time>
      </trkpt>
      <trkpt lat="48.011788" lon="-4.061835">
        <ele>31.127469</ele>
        <time>2026-07-03T13:33:31.927Z</time>
      </trkpt>
      <trkpt lat="48.011799" lon="-4.061834">
        <ele>31.211741</ele>
        <time>2026-07-03T13:33:32.381Z</time>
      </trkpt>
      <trkpt lat="48.011810" lon="-4.061834">
        <ele>31.295857</ele>
        <time>2026-07-03T13:33:32.835Z</time>
      </trkpt>
      <trkpt lat="48.011825" lon="-4.061834">
        <ele>31.410562</ele>
        <time>2026-07-03T13:33:33.453Z</time>
      </trkpt>
      <trkpt lat="48.011840" lon="-4.061834">
        <ele>31.525266</ele>
        <time>2026-07-03T13:33:34.072Z</time>
      </trkpt>
      <trkpt lat="48.011855" lon="-4.061831">
        <ele>31.640993</ele>
        <time>2026-07-03T13:33:34.695Z</time>
      </trkpt>
      <trkpt lat="48.011870" lon="-4.061829">
        <ele>31.756153</ele>
        <time>2026-07-03T13:33:35.316Z</time>
      </trkpt>
      <trkpt lat="48.011884" lon="-4.061823">
        <ele>31.867524</ele>
        <time>2026-07-03T13:33:35.915Z</time>
      </trkpt>
      <trkpt lat="48.011898" lon="-4.061817">
        <ele>31.978894</ele>
        <time>2026-07-03T13:33:36.516Z</time>
      </trkpt>
      <trkpt lat="48.011911" lon="-4.061810">
        <ele>32.084558</ele>
        <time>2026-07-03T13:33:37.085Z</time>
      </trkpt>
      <trkpt lat="48.011923" lon="-4.061803">
        <ele>32.183061</ele>
        <time>2026-07-03T13:33:37.617Z</time>
      </trkpt>
      <trkpt lat="48.011934" lon="-4.061797">
        <ele>32.272603</ele>
        <time>2026-07-03T13:33:38.100Z</time>
      </trkpt>
      <trkpt lat="48.011945" lon="-4.061792">
        <ele>32.360522</ele>
        <time>2026-07-03T13:33:38.574Z</time>
      </trkpt>
      <trkpt lat="48.011952" lon="-4.061788">
        <ele>32.417829</ele>
        <time>2026-07-03T13:33:38.884Z</time>
      </trkpt>
      <trkpt lat="48.011958" lon="-4.061784">
        <ele>32.468067</ele>
        <time>2026-07-03T13:33:39.154Z</time>
      </trkpt>
      <trkpt lat="48.011970" lon="-4.061776">
        <ele>32.568543</ele>
        <time>2026-07-03T13:33:39.696Z</time>
      </trkpt>
      <trkpt lat="48.011982" lon="-4.061768">
        <ele>32.669019</ele>
        <time>2026-07-03T13:33:40.238Z</time>
      </trkpt>
      <trkpt lat="48.011992" lon="-4.061762">
        <ele>32.751418</ele>
        <time>2026-07-03T13:33:40.682Z</time>
      </trkpt>
      <trkpt lat="48.012003" lon="-4.061755">
        <ele>32.842840</ele>
        <time>2026-07-03T13:33:41.174Z</time>
      </trkpt>
      <trkpt lat="48.012012" lon="-4.061751">
        <ele>32.914640</ele>
        <time>2026-07-03T13:33:41.561Z</time>
      </trkpt>
      <trkpt lat="48.012022" lon="-4.061747">
        <ele>32.993801</ele>
        <time>2026-07-03T13:33:41.987Z</time>
      </trkpt>
      <trkpt lat="48.012032" lon="-4.061745">
        <ele>33.070952</ele>
        <time>2026-07-03T13:33:42.403Z</time>
      </trkpt>
      <trkpt lat="48.012042" lon="-4.061743">
        <ele>33.148103</ele>
        <time>2026-07-03T13:33:42.818Z</time>
      </trkpt>
      <trkpt lat="48.012051" lon="-4.061738">
        <ele>33.221525</ele>
        <time>2026-07-03T13:33:43.213Z</time>
      </trkpt>
      <trkpt lat="48.012061" lon="-4.061733">
        <ele>33.302159</ele>
        <time>2026-07-03T13:33:43.648Z</time>
      </trkpt>
      <trkpt lat="48.012071" lon="-4.061728">
        <ele>33.382793</ele>
        <time>2026-07-03T13:33:44.083Z</time>
      </trkpt>
      <trkpt lat="48.012082" lon="-4.061723">
        <ele>33.470712</ele>
        <time>2026-07-03T13:33:44.557Z</time>
      </trkpt>
      <trkpt lat="48.012093" lon="-4.061719">
        <ele>33.557282</ele>
        <time>2026-07-03T13:33:45.023Z</time>
      </trkpt>
      <trkpt lat="48.012104" lon="-4.061716">
        <ele>33.642787</ele>
        <time>2026-07-03T13:33:45.484Z</time>
      </trkpt>
      <trkpt lat="48.012115" lon="-4.061711">
        <ele>33.730707</ele>
        <time>2026-07-03T13:33:45.957Z</time>
      </trkpt>
      <trkpt lat="48.012126" lon="-4.061706">
        <ele>33.818626</ele>
        <time>2026-07-03T13:33:46.431Z</time>
      </trkpt>
      <trkpt lat="48.012136" lon="-4.061701">
        <ele>33.899260</ele>
        <time>2026-07-03T13:33:46.865Z</time>
      </trkpt>
      <trkpt lat="48.012146" lon="-4.061696">
        <ele>33.979894</ele>
        <time>2026-07-03T13:33:47.299Z</time>
      </trkpt>
      <trkpt lat="48.012156" lon="-4.061690">
        <ele>34.062294</ele>
        <time>2026-07-03T13:33:47.742Z</time>
      </trkpt>
      <trkpt lat="48.012165" lon="-4.061685">
        <ele>34.135716</ele>
        <time>2026-07-03T13:33:48.137Z</time>
      </trkpt>
      <trkpt lat="48.012173" lon="-4.061679">
        <ele>34.204160</ele>
        <time>2026-07-03T13:33:48.506Z</time>
      </trkpt>
      <trkpt lat="48.012182" lon="-4.061672">
        <ele>34.281742</ele>
        <time>2026-07-03T13:33:48.923Z</time>
      </trkpt>
      <trkpt lat="48.012194" lon="-4.061667">
        <ele>34.377003</ele>
        <time>2026-07-03T13:33:49.436Z</time>
      </trkpt>
      <trkpt lat="48.012206" lon="-4.061662">
        <ele>34.472265</ele>
        <time>2026-07-03T13:33:49.948Z</time>
      </trkpt>
      <trkpt lat="48.012220" lon="-4.061658">
        <ele>34.581260</ele>
        <time>2026-07-03T13:33:50.535Z</time>
      </trkpt>
      <trkpt lat="48.012235" lon="-4.061655">
        <ele>34.696987</ele>
        <time>2026-07-03T13:33:51.159Z</time>
      </trkpt>
      <trkpt lat="48.012250" lon="-4.061654">
        <ele>34.811806</ele>
        <time>2026-07-03T13:33:51.776Z</time>
      </trkpt>
      <trkpt lat="48.012264" lon="-4.061652">
        <ele>34.919351</ele>
        <time>2026-07-03T13:33:52.355Z</time>
      </trkpt>
      <trkpt lat="48.012277" lon="-4.061657">
        <ele>35.021999</ele>
        <time>2026-07-03T13:33:52.908Z</time>
      </trkpt>
      <trkpt lat="48.012290" lon="-4.061662">
        <ele>35.124648</ele>
        <time>2026-07-03T13:33:53.460Z</time>
      </trkpt>
      <trkpt lat="48.012304" lon="-4.061679">
        <ele>35.262576</ele>
        <time>2026-07-03T13:33:54.202Z</time>
      </trkpt>
      <trkpt lat="48.012317" lon="-4.061695">
        <ele>35.391347</ele>
        <time>2026-07-03T13:33:54.895Z</time>
      </trkpt>
      <trkpt lat="48.012335" lon="-4.061713">
        <ele>35.556952</ele>
        <time>2026-07-03T13:33:55.786Z</time>
      </trkpt>
      <trkpt lat="48.012353" lon="-4.061730">
        <ele>35.719768</ele>
        <time>2026-07-03T13:33:56.662Z</time>
      </trkpt>
      <trkpt lat="48.012375" lon="-4.061730">
        <ele>35.888001</ele>
        <time>2026-07-03T13:33:57.568Z</time>
      </trkpt>
      <trkpt lat="48.012397" lon="-4.061730">
        <ele>36.056235</ele>
        <time>2026-07-03T13:33:58.473Z</time>
      </trkpt>
      <trkpt lat="48.012416" lon="-4.061708">
        <ele>36.240017</ele>
        <time>2026-07-03T13:33:59.462Z</time>
      </trkpt>
      <trkpt lat="48.012435" lon="-4.061686">
        <ele>36.423799</ele>
        <time>2026-07-03T13:34:00.451Z</time>
      </trkpt>
      <trkpt lat="48.012442" lon="-4.061651">
        <ele>36.610674</ele>
        <time>2026-07-03T13:34:01.456Z</time>
      </trkpt>
      <trkpt lat="48.012450" lon="-4.061615">
        <ele>36.804731</ele>
        <time>2026-07-03T13:34:02.500Z</time>
      </trkpt>
      <trkpt lat="48.012448" lon="-4.061576">
        <ele>37.004824</ele>
        <time>2026-07-03T13:34:03.577Z</time>
      </trkpt>
      <trkpt lat="48.012446" lon="-4.061538">
        <ele>37.199817</ele>
        <time>2026-07-03T13:34:04.626Z</time>
      </trkpt>
      <trkpt lat="48.012445" lon="-4.061509">
        <ele>37.348365</ele>
        <time>2026-07-03T13:34:05.425Z</time>
      </trkpt>
      <trkpt lat="48.012444" lon="-4.061480">
        <ele>37.496914</ele>
        <time>2026-07-03T13:34:06.223Z</time>
      </trkpt>
      <trkpt lat="48.012446" lon="-4.061459">
        <ele>37.605425</ele>
        <time>2026-07-03T13:34:06.806Z</time>
      </trkpt>
      <trkpt lat="48.012449" lon="-4.061437">
        <ele>37.720282</ele>
        <time>2026-07-03T13:34:07.423Z</time>
      </trkpt>
      <trkpt lat="48.012447" lon="-4.061414">
        <ele>37.838930</ele>
        <time>2026-07-03T13:34:08.061Z</time>
      </trkpt>
      <trkpt lat="48.012446" lon="-4.061391">
        <ele>37.956837</ele>
        <time>2026-07-03T13:34:08.695Z</time>
      </trkpt>
      <trkpt lat="48.012441" lon="-4.061363">
        <ele>38.105089</ele>
        <time>2026-07-03T13:34:09.492Z</time>
      </trkpt>
      <trkpt lat="48.012436" lon="-4.061335">
        <ele>38.253340</ele>
        <time>2026-07-03T13:34:10.289Z</time>
      </trkpt>
      <trkpt lat="48.012426" lon="-4.061307">
        <ele>38.415711</ele>
        <time>2026-07-03T13:34:11.162Z</time>
      </trkpt>
      <trkpt lat="48.012417" lon="-4.061278">
        <ele>38.579250</ele>
        <time>2026-07-03T13:34:12.041Z</time>
      </trkpt>
      <trkpt lat="48.012407" lon="-4.061248">
        <ele>38.750714</ele>
        <time>2026-07-03T13:34:12.962Z</time>
      </trkpt>
      <trkpt lat="48.012396" lon="-4.061219">
        <ele>38.887810</ele>
        <time>2026-07-03T13:34:13.878Z</time>
      </trkpt>
      <trkpt lat="48.012388" lon="-4.061191">
        <ele>38.957492</ele>
        <time>2026-07-03T13:34:14.715Z</time>
      </trkpt>
      <trkpt lat="48.012380" lon="-4.061163">
        <ele>39.027174</ele>
        <time>2026-07-03T13:34:15.552Z</time>
      </trkpt>
      <trkpt lat="48.012373" lon="-4.061134">
        <ele>39.097733</ele>
        <time>2026-07-03T13:34:16.400Z</time>
      </trkpt>
      <trkpt lat="48.012366" lon="-4.061104">
        <ele>39.170449</ele>
        <time>2026-07-03T13:34:17.273Z</time>
      </trkpt>
      <trkpt lat="48.012358" lon="-4.061076">
        <ele>39.240131</ele>
        <time>2026-07-03T13:34:18.110Z</time>
      </trkpt>
      <trkpt lat="48.012349" lon="-4.061048">
        <ele>39.311227</ele>
        <time>2026-07-03T13:34:18.964Z</time>
      </trkpt>
      <trkpt lat="48.012338" lon="-4.061024">
        <ele>39.377809</ele>
        <time>2026-07-03T13:34:19.764Z</time>
      </trkpt>
      <trkpt lat="48.012328" lon="-4.061000">
        <ele>39.442520</ele>
        <time>2026-07-03T13:34:20.540Z</time>
      </trkpt>
      <trkpt lat="48.012318" lon="-4.060978">
        <ele>39.503393</ele>
        <time>2026-07-03T13:34:21.271Z</time>
      </trkpt>
      <trkpt lat="48.012308" lon="-4.060956">
        <ele>39.564267</ele>
        <time>2026-07-03T13:34:22.002Z</time>
      </trkpt>
      <trkpt lat="48.012298" lon="-4.060933">
        <ele>39.627046</ele>
        <time>2026-07-03T13:34:22.757Z</time>
      </trkpt>
      <trkpt lat="48.012288" lon="-4.060910">
        <ele>39.689826</ele>
        <time>2026-07-03T13:34:23.511Z</time>
      </trkpt>
      <trkpt lat="48.012279" lon="-4.060884">
        <ele>39.756825</ele>
        <time>2026-07-03T13:34:24.316Z</time>
      </trkpt>
      <trkpt lat="48.012270" lon="-4.060858">
        <ele>39.823824</ele>
        <time>2026-07-03T13:34:25.121Z</time>
      </trkpt>
      <trkpt lat="48.012261" lon="-4.060830">
        <ele>39.894920</ele>
        <time>2026-07-03T13:34:25.974Z</time>
      </trkpt>
      <trkpt lat="48.012253" lon="-4.060803">
        <ele>39.962503</ele>
        <time>2026-07-03T13:34:26.786Z</time>
      </trkpt>
      <trkpt lat="48.012243" lon="-4.060776">
        <ele>40.033135</ele>
        <time>2026-07-03T13:34:27.633Z</time>
      </trkpt>
      <trkpt lat="48.012234" lon="-4.060750">
        <ele>40.100134</ele>
        <time>2026-07-03T13:34:28.438Z</time>
      </trkpt>
      <trkpt lat="48.012225" lon="-4.060725">
        <ele>40.165109</ele>
        <time>2026-07-03T13:34:29.218Z</time>
      </trkpt>
      <trkpt lat="48.012215" lon="-4.060701">
        <ele>40.229820</ele>
        <time>2026-07-03T13:34:29.995Z</time>
      </trkpt>
      <trkpt lat="48.012206" lon="-4.060675">
        <ele>40.296819</ele>
        <time>2026-07-03T13:34:30.800Z</time>
      </trkpt>
      <trkpt lat="48.012197" lon="-4.060649">
        <ele>40.363818</ele>
        <time>2026-07-03T13:34:31.605Z</time>
      </trkpt>
      <trkpt lat="48.012190" lon="-4.060623">
        <ele>40.427962</ele>
        <time>2026-07-03T13:34:32.375Z</time>
      </trkpt>
      <trkpt lat="48.012183" lon="-4.060597">
        <ele>40.492105</ele>
        <time>2026-07-03T13:34:33.145Z</time>
      </trkpt>
      <trkpt lat="48.012177" lon="-4.060574">
        <ele>40.548605</ele>
        <time>2026-07-03T13:34:33.823Z</time>
      </trkpt>
      <trkpt lat="48.012171" lon="-4.060551">
        <ele>40.605104</ele>
        <time>2026-07-03T13:34:34.502Z</time>
      </trkpt>
      <trkpt lat="48.012165" lon="-4.060530">
        <ele>40.657366</ele>
        <time>2026-07-03T13:34:35.130Z</time>
      </trkpt>
      <trkpt lat="48.012159" lon="-4.060510">
        <ele>40.707531</ele>
        <time>2026-07-03T13:34:35.733Z</time>
      </trkpt>
      <trkpt lat="48.012156" lon="-4.060487">
        <ele>40.761162</ele>
        <time>2026-07-03T13:34:36.377Z</time>
      </trkpt>
      <trkpt lat="48.012152" lon="-4.060465">
        <ele>40.813338</ele>
        <time>2026-07-03T13:34:37.005Z</time>
      </trkpt>
      <trkpt lat="48.012149" lon="-4.060441">
        <ele>40.869217</ele>
        <time>2026-07-03T13:34:37.676Z</time>
      </trkpt>
      <trkpt lat="48.012145" lon="-4.060418">
        <ele>40.923606</ele>
        <time>2026-07-03T13:34:38.330Z</time>
      </trkpt>
      <trkpt lat="48.012138" lon="-4.060395">
        <ele>40.981436</ele>
        <time>2026-07-03T13:34:39.024Z</time>
      </trkpt>
      <trkpt lat="48.012132" lon="-4.060372">
        <ele>41.037936</ele>
        <time>2026-07-03T13:34:39.702Z</time>
      </trkpt>
      <trkpt lat="48.012123" lon="-4.060350">
        <ele>41.096955</ele>
        <time>2026-07-03T13:34:40.411Z</time>
      </trkpt>
      <trkpt lat="48.012115" lon="-4.060328">
        <ele>41.154263</ele>
        <time>2026-07-03T13:34:41.100Z</time>
      </trkpt>
      <trkpt lat="48.012107" lon="-4.060305">
        <ele>41.213592</ele>
        <time>2026-07-03T13:34:41.813Z</time>
      </trkpt>
      <trkpt lat="48.012099" lon="-4.060283">
        <ele>41.270901</ele>
        <time>2026-07-03T13:34:42.502Z</time>
      </trkpt>
      <trkpt lat="48.012092" lon="-4.060255">
        <ele>41.339312</ele>
        <time>2026-07-03T13:34:43.324Z</time>
      </trkpt>
      <trkpt lat="48.012084" lon="-4.060227">
        <ele>41.408994</ele>
        <time>2026-07-03T13:34:44.162Z</time>
      </trkpt>
      <trkpt lat="48.012077" lon="-4.060197">
        <ele>41.481710</ele>
        <time>2026-07-03T13:34:45.036Z</time>
      </trkpt>
      <trkpt lat="48.012070" lon="-4.060167">
        <ele>41.554427</ele>
        <time>2026-07-03T13:34:45.909Z</time>
      </trkpt>
      <trkpt lat="48.012063" lon="-4.060140">
        <ele>41.620699</ele>
        <time>2026-07-03T13:34:46.705Z</time>
      </trkpt>
      <trkpt lat="48.012057" lon="-4.060112">
        <ele>41.687989</ele>
        <time>2026-07-03T13:34:47.513Z</time>
      </trkpt>
      <trkpt lat="48.012056" lon="-4.060093">
        <ele>41.731608</ele>
        <time>2026-07-03T13:34:48.038Z</time>
      </trkpt>
      <trkpt lat="48.012055" lon="-4.060074">
        <ele>41.775226</ele>
        <time>2026-07-03T13:34:48.562Z</time>
      </trkpt>
      <trkpt lat="48.012059" lon="-4.060062">
        <ele>41.805911</ele>
        <time>2026-07-03T13:34:48.931Z</time>
      </trkpt>
      <trkpt lat="48.012063" lon="-4.060050">
        <ele>41.836595</ele>
        <time>2026-07-03T13:34:49.300Z</time>
      </trkpt>
      <trkpt lat="48.012071" lon="-4.060040">
        <ele>41.872273</ele>
        <time>2026-07-03T13:34:49.729Z</time>
      </trkpt>
      <trkpt lat="48.012078" lon="-4.060031">
        <ele>41.903860</ele>
        <time>2026-07-03T13:34:50.109Z</time>
      </trkpt>
      <trkpt lat="48.012085" lon="-4.060018">
        <ele>41.942054</ele>
        <time>2026-07-03T13:34:50.568Z</time>
      </trkpt>
      <trkpt lat="48.012092" lon="-4.060006">
        <ele>41.978492</ele>
        <time>2026-07-03T13:34:51.006Z</time>
      </trkpt>
      <trkpt lat="48.012095" lon="-4.059992">
        <ele>42.012137</ele>
        <time>2026-07-03T13:34:51.409Z</time>
      </trkpt>
      <trkpt lat="48.012097" lon="-4.059977">
        <ele>42.047142</ele>
        <time>2026-07-03T13:34:51.830Z</time>
      </trkpt>
      <trkpt lat="48.012093" lon="-4.059963">
        <ele>42.081983</ele>
        <time>2026-07-03T13:34:52.248Z</time>
      </trkpt>
      <trkpt lat="48.012089" lon="-4.059949">
        <ele>42.116825</ele>
        <time>2026-07-03T13:34:52.666Z</time>
      </trkpt>
      <trkpt lat="48.012081" lon="-4.059930">
        <ele>42.168205</ele>
        <time>2026-07-03T13:34:53.284Z</time>
      </trkpt>
      <trkpt lat="48.012074" lon="-4.059911">
        <ele>42.217848</ele>
        <time>2026-07-03T13:34:53.880Z</time>
      </trkpt>
      <trkpt lat="48.012067" lon="-4.059890">
        <ele>42.271546</ele>
        <time>2026-07-03T13:34:54.526Z</time>
      </trkpt>
      <trkpt lat="48.012059" lon="-4.059870">
        <ele>42.324878</ele>
        <time>2026-07-03T13:34:55.167Z</time>
      </trkpt>
      <trkpt lat="48.012055" lon="-4.059853">
        <ele>42.366121</ele>
        <time>2026-07-03T13:34:55.663Z</time>
      </trkpt>
      <trkpt lat="48.012050" lon="-4.059837">
        <ele>42.406538</ele>
        <time>2026-07-03T13:34:56.149Z</time>
      </trkpt>
      <trkpt lat="48.012046" lon="-4.059823">
        <ele>42.441379</ele>
        <time>2026-07-03T13:34:56.567Z</time>
      </trkpt>
      <trkpt lat="48.012041" lon="-4.059810">
        <ele>42.475699</ele>
        <time>2026-07-03T13:34:56.980Z</time>
      </trkpt>
      <trkpt lat="48.012035" lon="-4.059797">
        <ele>42.511845</ele>
        <time>2026-07-03T13:34:57.414Z</time>
      </trkpt>
      <trkpt lat="48.012028" lon="-4.059783">
        <ele>42.551847</ele>
        <time>2026-07-03T13:34:57.894Z</time>
      </trkpt>
      <trkpt lat="48.012019" lon="-4.059769">
        <ele>42.596285</ele>
        <time>2026-07-03T13:34:58.428Z</time>
      </trkpt>
      <trkpt lat="48.012009" lon="-4.059754">
        <ele>42.644751</ele>
        <time>2026-07-03T13:34:59.010Z</time>
      </trkpt>
      <trkpt lat="48.011994" lon="-4.059732">
        <ele>42.716644</ele>
        <time>2026-07-03T13:34:59.873Z</time>
      </trkpt>
      <trkpt lat="48.011980" lon="-4.059711">
        <ele>42.784497</ele>
        <time>2026-07-03T13:35:00.688Z</time>
      </trkpt>
      <trkpt lat="48.011966" lon="-4.059683">
        <ele>42.864500</ele>
        <time>2026-07-03T13:35:01.649Z</time>
      </trkpt>
      <trkpt lat="48.011951" lon="-4.059656">
        <ele>42.944824</ele>
        <time>2026-07-03T13:35:02.614Z</time>
      </trkpt>
      <trkpt lat="48.011943" lon="-4.059626">
        <ele>43.018738</ele>
        <time>2026-07-03T13:35:03.502Z</time>
      </trkpt>
      <trkpt lat="48.011935" lon="-4.059596">
        <ele>43.092652</ele>
        <time>2026-07-03T13:35:04.389Z</time>
      </trkpt>
      <trkpt lat="48.011933" lon="-4.059572">
        <ele>43.148005</ele>
        <time>2026-07-03T13:35:05.053Z</time>
      </trkpt>
      <trkpt lat="48.011930" lon="-4.059548">
        <ele>43.203883</ele>
        <time>2026-07-03T13:35:05.724Z</time>
      </trkpt>
      <trkpt lat="48.011928" lon="-4.059532">
        <ele>43.241136</ele>
        <time>2026-07-03T13:35:06.171Z</time>
      </trkpt>
      <trkpt lat="48.011927" lon="-4.059516">
        <ele>43.277914</ele>
        <time>2026-07-03T13:35:06.612Z</time>
      </trkpt>
      <trkpt lat="48.011924" lon="-4.059503">
        <ele>43.309387</ele>
        <time>2026-07-03T13:35:06.990Z</time>
      </trkpt>
      <trkpt lat="48.011922" lon="-4.059489">
        <ele>43.342151</ele>
        <time>2026-07-03T13:35:07.383Z</time>
      </trkpt>
      <trkpt lat="48.011916" lon="-4.059476">
        <ele>43.378297</ele>
        <time>2026-07-03T13:35:07.817Z</time>
      </trkpt>
      <trkpt lat="48.011909" lon="-4.059463">
        <ele>43.416491</ele>
        <time>2026-07-03T13:35:08.276Z</time>
      </trkpt>
      <trkpt lat="48.011904" lon="-4.059447">
        <ele>43.456908</ele>
        <time>2026-07-03T13:35:08.761Z</time>
      </trkpt>
      <trkpt lat="48.011899" lon="-4.059432">
        <ele>43.495263</ele>
        <time>2026-07-03T13:35:09.222Z</time>
      </trkpt>
      <trkpt lat="48.011901" lon="-4.059411">
        <ele>43.543810</ele>
        <time>2026-07-03T13:35:09.804Z</time>
      </trkpt>
      <trkpt lat="48.011902" lon="-4.059389">
        <ele>43.594277</ele>
        <time>2026-07-03T13:35:10.410Z</time>
      </trkpt>
      <trkpt lat="48.011912" lon="-4.059366">
        <ele>43.657057</ele>
        <time>2026-07-03T13:35:11.163Z</time>
      </trkpt>
      <trkpt lat="48.011922" lon="-4.059342">
        <ele>43.721768</ele>
        <time>2026-07-03T13:35:11.940Z</time>
      </trkpt>
      <trkpt lat="48.011930" lon="-4.059314">
        <ele>43.791450</ele>
        <time>2026-07-03T13:35:12.776Z</time>
      </trkpt>
      <trkpt lat="48.011938" lon="-4.059286">
        <ele>43.861133</ele>
        <time>2026-07-03T13:35:13.612Z</time>
      </trkpt>
      <trkpt lat="48.011934" lon="-4.059254">
        <ele>43.935638</ele>
        <time>2026-07-03T13:35:14.507Z</time>
      </trkpt>
      <trkpt lat="48.011929" lon="-4.059222">
        <ele>44.010846</ele>
        <time>2026-07-03T13:35:15.409Z</time>
      </trkpt>
      <trkpt lat="48.011917" lon="-4.059191">
        <ele>44.092816</ele>
        <time>2026-07-03T13:35:16.393Z</time>
      </trkpt>
      <trkpt lat="48.011905" lon="-4.059160">
        <ele>44.174787</ele>
        <time>2026-07-03T13:35:17.377Z</time>
      </trkpt>
      <trkpt lat="48.011889" lon="-4.059139">
        <ele>44.247631</ele>
        <time>2026-07-03T13:35:18.251Z</time>
      </trkpt>
      <trkpt lat="48.011874" lon="-4.059118">
        <ele>44.317940</ele>
        <time>2026-07-03T13:35:19.095Z</time>
      </trkpt>
      <trkpt lat="48.011859" lon="-4.059108">
        <ele>44.374129</ele>
        <time>2026-07-03T13:35:19.769Z</time>
      </trkpt>
      <trkpt lat="48.011845" lon="-4.059097">
        <ele>44.428239</ele>
        <time>2026-07-03T13:35:20.419Z</time>
      </trkpt>
      <trkpt lat="48.011838" lon="-4.059092">
        <ele>44.454781</ele>
        <time>2026-07-03T13:35:20.737Z</time>
      </trkpt>
      <trkpt lat="48.011832" lon="-4.059087">
        <ele>44.478282</ele>
        <time>2026-07-03T13:35:21.019Z</time>
      </trkpt>
      <trkpt lat="48.011826" lon="-4.059082">
        <ele>44.501783</ele>
        <time>2026-07-03T13:35:21.302Z</time>
      </trkpt>
      <trkpt lat="48.011821" lon="-4.059074">
        <ele>44.526840</ele>
        <time>2026-07-03T13:35:21.602Z</time>
      </trkpt>
      <trkpt lat="48.011816" lon="-4.059066">
        <ele>44.551896</ele>
        <time>2026-07-03T13:35:21.903Z</time>
      </trkpt>
      <trkpt lat="48.011812" lon="-4.059058">
        <ele>44.574755</ele>
        <time>2026-07-03T13:35:22.177Z</time>
      </trkpt>
      <trkpt lat="48.011807" lon="-4.059050">
        <ele>44.599811</ele>
        <time>2026-07-03T13:35:22.478Z</time>
      </trkpt>
      <trkpt lat="48.011801" lon="-4.059046">
        <ele>44.622287</ele>
        <time>2026-07-03T13:35:22.748Z</time>
      </trkpt>
      <trkpt lat="48.011795" lon="-4.059043">
        <ele>44.643932</ele>
        <time>2026-07-03T13:35:23.008Z</time>
      </trkpt>
      <trkpt lat="48.011789" lon="-4.059044">
        <ele>44.664586</ele>
        <time>2026-07-03T13:35:23.256Z</time>
      </trkpt>
      <trkpt lat="48.011782" lon="-4.059046">
        <ele>44.688968</ele>
        <time>2026-07-03T13:35:23.548Z</time>
      </trkpt>
      <trkpt lat="48.011776" lon="-4.059049">
        <ele>44.710612</ele>
        <time>2026-07-03T13:35:23.808Z</time>
      </trkpt>
      <trkpt lat="48.011770" lon="-4.059053">
        <ele>44.733088</ele>
        <time>2026-07-03T13:35:24.078Z</time>
      </trkpt>
      <trkpt lat="48.011762" lon="-4.059058">
        <ele>44.762753</ele>
        <time>2026-07-03T13:35:24.434Z</time>
      </trkpt>
      <trkpt lat="48.011755" lon="-4.059064">
        <ele>44.790359</ele>
        <time>2026-07-03T13:35:24.765Z</time>
      </trkpt>
      <trkpt lat="48.011750" lon="-4.059067">
        <ele>44.808791</ele>
        <time>2026-07-03T13:35:24.986Z</time>
      </trkpt>
      <trkpt lat="48.011746" lon="-4.059071">
        <ele>44.825256</ele>
        <time>2026-07-03T13:35:25.184Z</time>
      </trkpt>
      <trkpt lat="48.011741" lon="-4.059075">
        <ele>44.844657</ele>
        <time>2026-07-03T13:35:25.417Z</time>
      </trkpt>
      <trkpt lat="48.011737" lon="-4.059072">
        <ele>44.859968</ele>
        <time>2026-07-03T13:35:25.600Z</time>
      </trkpt>
      <trkpt lat="48.011733" lon="-4.059070">
        <ele>44.874397</ele>
        <time>2026-07-03T13:35:25.773Z</time>
      </trkpt>
      <trkpt lat="48.011731" lon="-4.059059">
        <ele>44.900486</ele>
        <time>2026-07-03T13:35:26.087Z</time>
      </trkpt>
      <trkpt lat="48.011729" lon="-4.059048">
        <ele>44.926575</ele>
        <time>2026-07-03T13:35:26.400Z</time>
      </trkpt>
      <trkpt lat="48.011728" lon="-4.059034">
        <ele>44.958798</ele>
        <time>2026-07-03T13:35:26.786Z</time>
      </trkpt>
      <trkpt lat="48.011727" lon="-4.059021">
        <ele>44.988747</ele>
        <time>2026-07-03T13:35:27.146Z</time>
      </trkpt>
      <trkpt lat="48.011724" lon="-4.059006">
        <ele>45.007171</ele>
        <time>2026-07-03T13:35:27.576Z</time>
      </trkpt>
      <trkpt lat="48.011720" lon="-4.058992">
        <ele>44.983798</ele>
        <time>2026-07-03T13:35:27.994Z</time>
      </trkpt>
      <trkpt lat="48.011715" lon="-4.058977">
        <ele>44.958067</ele>
        <time>2026-07-03T13:35:28.454Z</time>
      </trkpt>
      <trkpt lat="48.011709" lon="-4.058962">
        <ele>44.931234</ele>
        <time>2026-07-03T13:35:28.934Z</time>
      </trkpt>
      <trkpt lat="48.011701" lon="-4.058950">
        <ele>44.905223</ele>
        <time>2026-07-03T13:35:29.400Z</time>
      </trkpt>
      <trkpt lat="48.011694" lon="-4.058938">
        <ele>44.880779</ele>
        <time>2026-07-03T13:35:29.837Z</time>
      </trkpt>
      <trkpt lat="48.011685" lon="-4.058924">
        <ele>44.850968</ele>
        <time>2026-07-03T13:35:30.370Z</time>
      </trkpt>
      <trkpt lat="48.011677" lon="-4.058911">
        <ele>44.823848</ele>
        <time>2026-07-03T13:35:30.856Z</time>
      </trkpt>
      <trkpt lat="48.011666" lon="-4.058896">
        <ele>44.789676</ele>
        <time>2026-07-03T13:35:31.467Z</time>
      </trkpt>
      <trkpt lat="48.011656" lon="-4.058882">
        <ele>44.758232</ele>
        <time>2026-07-03T13:35:32.029Z</time>
      </trkpt>
      <trkpt lat="48.011646" lon="-4.058872">
        <ele>44.730619</ele>
        <time>2026-07-03T13:35:32.523Z</time>
      </trkpt>
      <trkpt lat="48.011635" lon="-4.058862">
        <ele>44.701071</ele>
        <time>2026-07-03T13:35:33.052Z</time>
      </trkpt>
      <trkpt lat="48.011626" lon="-4.058853">
        <ele>44.676220</ele>
        <time>2026-07-03T13:35:33.497Z</time>
      </trkpt>
      <trkpt lat="48.011616" lon="-4.058845">
        <ele>44.650190</ele>
        <time>2026-07-03T13:35:33.962Z</time>
      </trkpt>
      <trkpt lat="48.011604" lon="-4.058831">
        <ele>44.615254</ele>
        <time>2026-07-03T13:35:34.587Z</time>
      </trkpt>
      <trkpt lat="48.011592" lon="-4.058818">
        <ele>44.581241</ele>
        <time>2026-07-03T13:35:35.196Z</time>
      </trkpt>
      <trkpt lat="48.011580" lon="-4.058803">
        <ele>44.545340</ele>
        <time>2026-07-03T13:35:35.838Z</time>
      </trkpt>
      <trkpt lat="48.011568" lon="-4.058789">
        <ele>44.510404</ele>
        <time>2026-07-03T13:35:36.463Z</time>
      </trkpt>
      <trkpt lat="48.011557" lon="-4.058779">
        <ele>44.480856</ele>
        <time>2026-07-03T13:35:36.992Z</time>
      </trkpt>
      <trkpt lat="48.011545" lon="-4.058769">
        <ele>44.449325</ele>
        <time>2026-07-03T13:35:37.556Z</time>
      </trkpt>
      <trkpt lat="48.011534" lon="-4.058767">
        <ele>44.423894</ele>
        <time>2026-07-03T13:35:38.011Z</time>
      </trkpt>
      <trkpt lat="48.011524" lon="-4.058765">
        <ele>44.400739</ele>
        <time>2026-07-03T13:35:38.425Z</time>
      </trkpt>
      <trkpt lat="48.011515" lon="-4.058768">
        <ele>44.379576</ele>
        <time>2026-07-03T13:35:38.804Z</time>
      </trkpt>
      <trkpt lat="48.011506" lon="-4.058770">
        <ele>44.358693</ele>
        <time>2026-07-03T13:35:39.178Z</time>
      </trkpt>
      <trkpt lat="48.011499" lon="-4.058779">
        <ele>44.337503</ele>
        <time>2026-07-03T13:35:39.557Z</time>
      </trkpt>
      <trkpt lat="48.011492" lon="-4.058787">
        <ele>44.317280</ele>
        <time>2026-07-03T13:35:39.918Z</time>
      </trkpt>
      <trkpt lat="48.011488" lon="-4.058803">
        <ele>44.291055</ele>
        <time>2026-07-03T13:35:40.388Z</time>
      </trkpt>
      <trkpt lat="48.011483" lon="-4.058819">
        <ele>44.263942</ele>
        <time>2026-07-03T13:35:40.873Z</time>
      </trkpt>
      <trkpt lat="48.011479" lon="-4.058842">
        <ele>44.227455</ele>
        <time>2026-07-03T13:35:41.525Z</time>
      </trkpt>
      <trkpt lat="48.011475" lon="-4.058865">
        <ele>44.190968</ele>
        <time>2026-07-03T13:35:42.178Z</time>
      </trkpt>
      <trkpt lat="48.011471" lon="-4.058889">
        <ele>44.152993</ele>
        <time>2026-07-03T13:35:42.858Z</time>
      </trkpt>
      <trkpt lat="48.011466" lon="-4.058913">
        <ele>44.114400</ele>
        <time>2026-07-03T13:35:43.549Z</time>
      </trkpt>
      <trkpt lat="48.011460" lon="-4.058935">
        <ele>44.077923</ele>
        <time>2026-07-03T13:35:44.201Z</time>
      </trkpt>
      <trkpt lat="48.011453" lon="-4.058956">
        <ele>44.041900</ele>
        <time>2026-07-03T13:35:44.846Z</time>
      </trkpt>
      <trkpt lat="48.011445" lon="-4.058970">
        <ele>44.013631</ele>
        <time>2026-07-03T13:35:45.352Z</time>
      </trkpt>
      <trkpt lat="48.011437" lon="-4.058983">
        <ele>43.986511</ele>
        <time>2026-07-03T13:35:45.837Z</time>
      </trkpt>
      <trkpt lat="48.011426" lon="-4.058990">
        <ele>43.959073</ele>
        <time>2026-07-03T13:35:46.328Z</time>
      </trkpt>
      <trkpt lat="48.011415" lon="-4.058996">
        <ele>43.932199</ele>
        <time>2026-07-03T13:35:46.809Z</time>
      </trkpt>
      <trkpt lat="48.011402" lon="-4.059005">
        <ele>43.899319</ele>
        <time>2026-07-03T13:35:47.397Z</time>
      </trkpt>
      <trkpt lat="48.011388" lon="-4.059014">
        <ele>43.864343</ele>
        <time>2026-07-03T13:35:48.023Z</time>
      </trkpt>
      <trkpt lat="48.011375" lon="-4.059027">
        <ele>43.828446</ele>
        <time>2026-07-03T13:35:48.666Z</time>
      </trkpt>
      <trkpt lat="48.011362" lon="-4.059041">
        <ele>43.791674</ele>
        <time>2026-07-03T13:35:49.324Z</time>
      </trkpt>
      <trkpt lat="48.011348" lon="-4.059051">
        <ele>43.756063</ele>
        <time>2026-07-03T13:35:49.962Z</time>
      </trkpt>
      <trkpt lat="48.011335" lon="-4.059061">
        <ele>43.722509</ele>
        <time>2026-07-03T13:35:50.563Z</time>
      </trkpt>
      <trkpt lat="48.011320" lon="-4.059058">
        <ele>43.687776</ele>
        <time>2026-07-03T13:35:51.185Z</time>
      </trkpt>
      <trkpt lat="48.011304" lon="-4.059055">
        <ele>43.650768</ele>
        <time>2026-07-03T13:35:51.847Z</time>
      </trkpt>
      <trkpt lat="48.011291" lon="-4.059037">
        <ele>43.610099</ele>
        <time>2026-07-03T13:35:52.575Z</time>
      </trkpt>
      <trkpt lat="48.011278" lon="-4.059019">
        <ele>43.569431</ele>
        <time>2026-07-03T13:35:53.303Z</time>
      </trkpt>
      <trkpt lat="48.011267" lon="-4.058994">
        <ele>43.523489</ele>
        <time>2026-07-03T13:35:54.125Z</time>
      </trkpt>
      <trkpt lat="48.011255" lon="-4.058970">
        <ele>43.477486</ele>
        <time>2026-07-03T13:35:54.950Z</time>
      </trkpt>
      <trkpt lat="48.011244" lon="-4.058947">
        <ele>43.434076</ele>
        <time>2026-07-03T13:35:55.727Z</time>
      </trkpt>
      <trkpt lat="48.011233" lon="-4.058924">
        <ele>43.390667</ele>
        <time>2026-07-03T13:35:56.504Z</time>
      </trkpt>
      <trkpt lat="48.011222" lon="-4.058904">
        <ele>43.350915</ele>
        <time>2026-07-03T13:35:57.216Z</time>
      </trkpt>
      <trkpt lat="48.011212" lon="-4.058885">
        <ele>43.313797</ele>
        <time>2026-07-03T13:35:57.881Z</time>
      </trkpt>
      <trkpt lat="48.011198" lon="-4.058868">
        <ele>43.272401</ele>
        <time>2026-07-03T13:35:58.622Z</time>
      </trkpt>
      <trkpt lat="48.011185" lon="-4.058851">
        <ele>43.232759</ele>
        <time>2026-07-03T13:35:59.332Z</time>
      </trkpt>
      <trkpt lat="48.011167" lon="-4.058842">
        <ele>43.189199</ele>
        <time>2026-07-03T13:36:00.111Z</time>
      </trkpt>
      <trkpt lat="48.011148" lon="-4.058833">
        <ele>43.143456</ele>
        <time>2026-07-03T13:36:00.930Z</time>
      </trkpt>
      <trkpt lat="48.011129" lon="-4.058838">
        <ele>43.099179</ele>
        <time>2026-07-03T13:36:01.722Z</time>
      </trkpt>
      <trkpt lat="48.011109" lon="-4.058843">
        <ele>43.052640</ele>
        <time>2026-07-03T13:36:02.555Z</time>
      </trkpt>
      <trkpt lat="48.011090" lon="-4.058854">
        <ele>43.005878</ele>
        <time>2026-07-03T13:36:03.392Z</time>
      </trkpt>
      <trkpt lat="48.011072" lon="-4.058864">
        <ele>42.961806</ele>
        <time>2026-07-03T13:36:04.181Z</time>
      </trkpt>
      <trkpt lat="48.011053" lon="-4.058874">
        <ele>42.915576</ele>
        <time>2026-07-03T13:36:05.008Z</time>
      </trkpt>
      <trkpt lat="48.011035" lon="-4.058884">
        <ele>42.871504</ele>
        <time>2026-07-03T13:36:05.796Z</time>
      </trkpt>
      <trkpt lat="48.011017" lon="-4.058895">
        <ele>42.826874</ele>
        <time>2026-07-03T13:36:06.595Z</time>
      </trkpt>
      <trkpt lat="48.011000" lon="-4.058906">
        <ele>42.784360</ele>
        <time>2026-07-03T13:36:07.356Z</time>
      </trkpt>
      <trkpt lat="48.010982" lon="-4.058919">
        <ele>42.738480</ele>
        <time>2026-07-03T13:36:08.177Z</time>
      </trkpt>
      <trkpt lat="48.010965" lon="-4.058932">
        <ele>42.694655</ele>
        <time>2026-07-03T13:36:08.961Z</time>
      </trkpt>
      <trkpt lat="48.010945" lon="-4.058946">
        <ele>42.643970</ele>
        <time>2026-07-03T13:36:09.869Z</time>
      </trkpt>
      <trkpt lat="48.010926" lon="-4.058960">
        <ele>42.595354</ele>
        <time>2026-07-03T13:36:10.739Z</time>
      </trkpt>
      <trkpt lat="48.010907" lon="-4.058980">
        <ele>42.542021</ele>
        <time>2026-07-03T13:36:11.694Z</time>
      </trkpt>
      <trkpt lat="48.010887" lon="-4.058999">
        <ele>42.487634</ele>
        <time>2026-07-03T13:36:12.667Z</time>
      </trkpt>
      <trkpt lat="48.010871" lon="-4.059024">
        <ele>42.434514</ele>
        <time>2026-07-03T13:36:13.617Z</time>
      </trkpt>
      <trkpt lat="48.010855" lon="-4.059049">
        <ele>42.381394</ele>
        <time>2026-07-03T13:36:14.568Z</time>
      </trkpt>
      <trkpt lat="48.010844" lon="-4.059078">
        <ele>42.330209</ele>
        <time>2026-07-03T13:36:15.484Z</time>
      </trkpt>
      <trkpt lat="48.010833" lon="-4.059108">
        <ele>42.277683</ele>
        <time>2026-07-03T13:36:16.424Z</time>
      </trkpt>
      <trkpt lat="48.010829" lon="-4.059139">
        <ele>42.229210</ele>
        <time>2026-07-03T13:36:17.292Z</time>
      </trkpt>
      <trkpt lat="48.010825" lon="-4.059170">
        <ele>42.180736</ele>
        <time>2026-07-03T13:36:18.159Z</time>
      </trkpt>
      <trkpt lat="48.010826" lon="-4.059196">
        <ele>42.140751</ele>
        <time>2026-07-03T13:36:18.875Z</time>
      </trkpt>
      <trkpt lat="48.010827" lon="-4.059221">
        <ele>42.102298</ele>
        <time>2026-07-03T13:36:19.563Z</time>
      </trkpt>
      <trkpt lat="48.010826" lon="-4.059242">
        <ele>42.069974</ele>
        <time>2026-07-03T13:36:20.141Z</time>
      </trkpt>
      <trkpt lat="48.010824" lon="-4.059263">
        <ele>42.037406</ele>
        <time>2026-07-03T13:36:20.724Z</time>
      </trkpt>
      <trkpt lat="48.010817" lon="-4.059279">
        <ele>42.008053</ele>
        <time>2026-07-03T13:36:21.249Z</time>
      </trkpt>
      <trkpt lat="48.010809" lon="-4.059296">
        <ele>41.976141</ele>
        <time>2026-07-03T13:36:21.821Z</time>
      </trkpt>
      <trkpt lat="48.010798" lon="-4.059308">
        <ele>41.944887</ele>
        <time>2026-07-03T13:36:22.380Z</time>
      </trkpt>
      <trkpt lat="48.010786" lon="-4.059321">
        <ele>41.910874</ele>
        <time>2026-07-03T13:36:22.989Z</time>
      </trkpt>
      <trkpt lat="48.010771" lon="-4.059336">
        <ele>41.869455</ele>
        <time>2026-07-03T13:36:23.730Z</time>
      </trkpt>
      <trkpt lat="48.010756" lon="-4.059350">
        <ele>41.828870</ele>
        <time>2026-07-03T13:36:24.457Z</time>
      </trkpt>
      <trkpt lat="48.010740" lon="-4.059363">
        <ele>41.787075</ele>
        <time>2026-07-03T13:36:25.204Z</time>
      </trkpt>
      <trkpt lat="48.010724" lon="-4.059377">
        <ele>41.744525</ele>
        <time>2026-07-03T13:36:25.966Z</time>
      </trkpt>
      <trkpt lat="48.010705" lon="-4.059387">
        <ele>41.698295</ele>
        <time>2026-07-03T13:36:26.793Z</time>
      </trkpt>
      <trkpt lat="48.010687" lon="-4.059398">
        <ele>41.653665</ele>
        <time>2026-07-03T13:36:27.592Z</time>
      </trkpt>
      <trkpt lat="48.010670" lon="-4.059409">
        <ele>41.611151</ele>
        <time>2026-07-03T13:36:28.353Z</time>
      </trkpt>
      <trkpt lat="48.010653" lon="-4.059421">
        <ele>41.568003</ele>
        <time>2026-07-03T13:36:29.125Z</time>
      </trkpt>
      <trkpt lat="48.010637" lon="-4.059435">
        <ele>41.525454</ele>
        <time>2026-07-03T13:36:29.887Z</time>
      </trkpt>
      <trkpt lat="48.010621" lon="-4.059449">
        <ele>41.482904</ele>
        <time>2026-07-03T13:36:30.648Z</time>
      </trkpt>
      <trkpt lat="48.010604" lon="-4.059463">
        <ele>41.438359</ele>
        <time>2026-07-03T13:36:31.445Z</time>
      </trkpt>
      <trkpt lat="48.010587" lon="-4.059476">
        <ele>41.394534</ele>
        <time>2026-07-03T13:36:32.229Z</time>
      </trkpt>
      <trkpt lat="48.010569" lon="-4.059480">
        <ele>41.352769</ele>
        <time>2026-07-03T13:36:32.977Z</time>
      </trkpt>
      <trkpt lat="48.010552" lon="-4.059484">
        <ele>41.313273</ele>
        <time>2026-07-03T13:36:33.684Z</time>
      </trkpt>
      <trkpt lat="48.010533" lon="-4.059483">
        <ele>41.269640</ele>
        <time>2026-07-03T13:36:34.465Z</time>
      </trkpt>
      <trkpt lat="48.010514" lon="-4.059483">
        <ele>41.226034</ele>
        <time>2026-07-03T13:36:35.245Z</time>
      </trkpt>
      <trkpt lat="48.010495" lon="-4.059482">
        <ele>41.182401</ele>
        <time>2026-07-03T13:36:36.026Z</time>
      </trkpt>
      <trkpt lat="48.010476" lon="-4.059481">
        <ele>41.138768</ele>
        <time>2026-07-03T13:36:36.807Z</time>
      </trkpt>
      <trkpt lat="48.010456" lon="-4.059482">
        <ele>41.092841</ele>
        <time>2026-07-03T13:36:37.629Z</time>
      </trkpt>
      <trkpt lat="48.010436" lon="-4.059482">
        <ele>41.046940</ele>
        <time>2026-07-03T13:36:38.450Z</time>
      </trkpt>
      <trkpt lat="48.010416" lon="-4.059479">
        <ele>41.000808</ele>
        <time>2026-07-03T13:36:39.276Z</time>
      </trkpt>
      <trkpt lat="48.010397" lon="-4.059477">
        <ele>40.957094</ele>
        <time>2026-07-03T13:36:40.058Z</time>
      </trkpt>
      <trkpt lat="48.010379" lon="-4.059470">
        <ele>40.914408</ele>
        <time>2026-07-03T13:36:40.822Z</time>
      </trkpt>
      <trkpt lat="48.010361" lon="-4.059463">
        <ele>40.881643</ele>
        <time>2026-07-03T13:36:41.586Z</time>
      </trkpt>
      <trkpt lat="48.010346" lon="-4.059449">
        <ele>40.868907</ele>
        <time>2026-07-03T13:36:42.312Z</time>
      </trkpt>
      <trkpt lat="48.010330" lon="-4.059436">
        <ele>40.855792</ele>
        <time>2026-07-03T13:36:43.060Z</time>
      </trkpt>
      <trkpt lat="48.010317" lon="-4.059417">
        <ele>40.842698</ele>
        <time>2026-07-03T13:36:43.807Z</time>
      </trkpt>
      <trkpt lat="48.010304" lon="-4.059398">
        <ele>40.829604</ele>
        <time>2026-07-03T13:36:44.553Z</time>
      </trkpt>
      <trkpt lat="48.010297" lon="-4.059375">
        <ele>40.817430</ele>
        <time>2026-07-03T13:36:45.248Z</time>
      </trkpt>
      <trkpt lat="48.010290" lon="-4.059351">
        <ele>40.804816</ele>
        <time>2026-07-03T13:36:45.967Z</time>
      </trkpt>
      <trkpt lat="48.010283" lon="-4.059327">
        <ele>40.792201</ele>
        <time>2026-07-03T13:36:46.686Z</time>
      </trkpt>
      <trkpt lat="48.010277" lon="-4.059303">
        <ele>40.779857</ele>
        <time>2026-07-03T13:36:47.390Z</time>
      </trkpt>
      <trkpt lat="48.010275" lon="-4.059279">
        <ele>40.768204</ele>
        <time>2026-07-03T13:36:48.055Z</time>
      </trkpt>
      <trkpt lat="48.010273" lon="-4.059255">
        <ele>40.756552</ele>
        <time>2026-07-03T13:36:48.720Z</time>
      </trkpt>
      <trkpt lat="48.010278" lon="-4.059228">
        <ele>40.743054</ele>
        <time>2026-07-03T13:36:49.489Z</time>
      </trkpt>
      <trkpt lat="48.010282" lon="-4.059201">
        <ele>40.729730</ele>
        <time>2026-07-03T13:36:50.249Z</time>
      </trkpt>
      <trkpt lat="48.010286" lon="-4.059173">
        <ele>40.715936</ele>
        <time>2026-07-03T13:36:51.035Z</time>
      </trkpt>
      <trkpt lat="48.010290" lon="-4.059145">
        <ele>40.702141</ele>
        <time>2026-07-03T13:36:51.822Z</time>
      </trkpt>
      <trkpt lat="48.010293" lon="-4.059115">
        <ele>40.687527</ele>
        <time>2026-07-03T13:36:52.655Z</time>
      </trkpt>
      <trkpt lat="48.010296" lon="-4.059085">
        <ele>40.672912</ele>
        <time>2026-07-03T13:36:53.489Z</time>
      </trkpt>
      <trkpt lat="48.010300" lon="-4.059057">
        <ele>40.659117</ele>
        <time>2026-07-03T13:36:54.275Z</time>
      </trkpt>
      <trkpt lat="48.010305" lon="-4.059028">
        <ele>40.644689</ele>
        <time>2026-07-03T13:36:55.098Z</time>
      </trkpt>
      <trkpt lat="48.010310" lon="-4.058998">
        <ele>40.629793</ele>
        <time>2026-07-03T13:36:55.948Z</time>
      </trkpt>
      <trkpt lat="48.010316" lon="-4.058968">
        <ele>40.614707</ele>
        <time>2026-07-03T13:36:56.808Z</time>
      </trkpt>
      <trkpt lat="48.010323" lon="-4.058938">
        <ele>40.599399</ele>
        <time>2026-07-03T13:36:57.680Z</time>
      </trkpt>
      <trkpt lat="48.010330" lon="-4.058908">
        <ele>40.584091</ele>
        <time>2026-07-03T13:36:58.553Z</time>
      </trkpt>
      <trkpt lat="48.010339" lon="-4.058880">
        <ele>40.569124</ele>
        <time>2026-07-03T13:36:59.407Z</time>
      </trkpt>
      <trkpt lat="48.010348" lon="-4.058853">
        <ele>40.554590</ele>
        <time>2026-07-03T13:37:00.235Z</time>
      </trkpt>
      <trkpt lat="48.010354" lon="-4.058824">
        <ele>40.539965</ele>
        <time>2026-07-03T13:37:01.069Z</time>
      </trkpt>
      <trkpt lat="48.010361" lon="-4.058795">
        <ele>40.525111</ele>
        <time>2026-07-03T13:37:01.916Z</time>
      </trkpt>
      <trkpt lat="48.010363" lon="-4.058766">
        <ele>40.511065</ele>
        <time>2026-07-03T13:37:02.717Z</time>
      </trkpt>
      <trkpt lat="48.010365" lon="-4.058737">
        <ele>40.497019</ele>
        <time>2026-07-03T13:37:03.518Z</time>
      </trkpt>
      <trkpt lat="48.010365" lon="-4.058710">
        <ele>40.484010</ele>
        <time>2026-07-03T13:37:04.260Z</time>
      </trkpt>
      <trkpt lat="48.010364" lon="-4.058684">
        <ele>40.471463</ele>
        <time>2026-07-03T13:37:04.975Z</time>
      </trkpt>
      <trkpt lat="48.010363" lon="-4.058662">
        <ele>40.460839</ele>
        <time>2026-07-03T13:37:05.581Z</time>
      </trkpt>
      <trkpt lat="48.010361" lon="-4.058640">
        <ele>40.450142</ele>
        <time>2026-07-03T13:37:06.191Z</time>
      </trkpt>
      <trkpt lat="48.010363" lon="-4.058623">
        <ele>40.441826</ele>
        <time>2026-07-03T13:37:06.665Z</time>
      </trkpt>
      <trkpt lat="48.010365" lon="-4.058605">
        <ele>40.433034</ele>
        <time>2026-07-03T13:37:07.166Z</time>
      </trkpt>
      <trkpt lat="48.010365" lon="-4.058590">
        <ele>40.425807</ele>
        <time>2026-07-03T13:37:07.578Z</time>
      </trkpt>
      <trkpt lat="48.010366" lon="-4.058574">
        <ele>40.418065</ele>
        <time>2026-07-03T13:37:08.020Z</time>
      </trkpt>
      <trkpt lat="48.010359" lon="-4.058556">
        <ele>40.408034</ele>
        <time>2026-07-03T13:37:08.592Z</time>
      </trkpt>
      <trkpt lat="48.010352" lon="-4.058537">
        <ele>40.397583</ele>
        <time>2026-07-03T13:37:09.187Z</time>
      </trkpt>
      <trkpt lat="48.010342" lon="-4.058519">
        <ele>40.386310</ele>
        <time>2026-07-03T13:37:09.830Z</time>
      </trkpt>
      <trkpt lat="48.010332" lon="-4.058502">
        <ele>40.375404</ele>
        <time>2026-07-03T13:37:10.452Z</time>
      </trkpt>
      <trkpt lat="48.010319" lon="-4.058486">
        <ele>40.363276</ele>
        <time>2026-07-03T13:37:11.143Z</time>
      </trkpt>
      <trkpt lat="48.010307" lon="-4.058471">
        <ele>40.352011</ele>
        <time>2026-07-03T13:37:11.785Z</time>
      </trkpt>
      <trkpt lat="48.010292" lon="-4.058459">
        <ele>40.339758</ele>
        <time>2026-07-03T13:37:12.484Z</time>
      </trkpt>
      <trkpt lat="48.010277" lon="-4.058446">
        <ele>40.327271</ele>
        <time>2026-07-03T13:37:13.196Z</time>
      </trkpt>
      <trkpt lat="48.010262" lon="-4.058436">
        <ele>40.315442</ele>
        <time>2026-07-03T13:37:13.870Z</time>
      </trkpt>
      <trkpt lat="48.010247" lon="-4.058426">
        <ele>40.303614</ele>
        <time>2026-07-03T13:37:14.545Z</time>
      </trkpt>
      <trkpt lat="48.010230" lon="-4.058415">
        <ele>40.290273</ele>
        <time>2026-07-03T13:37:15.305Z</time>
      </trkpt>
      <trkpt lat="48.010214" lon="-4.058405">
        <ele>40.277783</ele>
        <time>2026-07-03T13:37:16.017Z</time>
      </trkpt>
      <trkpt lat="48.010195" lon="-4.058396">
        <ele>40.263429</ele>
        <time>2026-07-03T13:37:16.836Z</time>
      </trkpt>
      <trkpt lat="48.010175" lon="-4.058386">
        <ele>40.248241</ele>
        <time>2026-07-03T13:37:17.702Z</time>
      </trkpt>
      <trkpt lat="48.010155" lon="-4.058379">
        <ele>40.233448</ele>
        <time>2026-07-03T13:37:18.545Z</time>
      </trkpt>
      <trkpt lat="48.010135" lon="-4.058372">
        <ele>40.218655</ele>
        <time>2026-07-03T13:37:19.388Z</time>
      </trkpt>
      <trkpt lat="48.010119" lon="-4.058367">
        <ele>40.206883</ele>
        <time>2026-07-03T13:37:20.059Z</time>
      </trkpt>
      <trkpt lat="48.010102" lon="-4.058362">
        <ele>40.194405</ele>
        <time>2026-07-03T13:37:20.771Z</time>
      </trkpt>
      <trkpt lat="48.010088" lon="-4.058357">
        <ele>40.184038</ele>
        <time>2026-07-03T13:37:21.362Z</time>
      </trkpt>
      <trkpt lat="48.010075" lon="-4.058352">
        <ele>40.174371</ele>
        <time>2026-07-03T13:37:21.913Z</time>
      </trkpt>
      <trkpt lat="48.010063" lon="-4.058340">
        <ele>40.163973</ele>
        <time>2026-07-03T13:37:22.506Z</time>
      </trkpt>
      <trkpt lat="48.010052" lon="-4.058328">
        <ele>40.154166</ele>
        <time>2026-07-03T13:37:23.065Z</time>
      </trkpt>
      <trkpt lat="48.010041" lon="-4.058309">
        <ele>40.142060</ele>
        <time>2026-07-03T13:37:23.755Z</time>
      </trkpt>
      <trkpt lat="48.010031" lon="-4.058290">
        <ele>40.130412</ele>
        <time>2026-07-03T13:37:24.419Z</time>
      </trkpt>
      <trkpt lat="48.010019" lon="-4.058269">
        <ele>40.117106</ele>
        <time>2026-07-03T13:37:25.178Z</time>
      </trkpt>
      <trkpt lat="48.010007" lon="-4.058247">
        <ele>40.103429</ele>
        <time>2026-07-03T13:37:25.958Z</time>
      </trkpt>
      <trkpt lat="48.009993" lon="-4.058233">
        <ele>40.091299</ele>
        <time>2026-07-03T13:37:26.649Z</time>
      </trkpt>
      <trkpt lat="48.009978" lon="-4.058218">
        <ele>40.078301</ele>
        <time>2026-07-03T13:37:27.390Z</time>
      </trkpt>
      <trkpt lat="48.009963" lon="-4.058210">
        <ele>40.066832</ele>
        <time>2026-07-03T13:37:28.044Z</time>
      </trkpt>
      <trkpt lat="48.009949" lon="-4.058203">
        <ele>40.056200</ele>
        <time>2026-07-03T13:37:28.650Z</time>
      </trkpt>
      <trkpt lat="48.009935" lon="-4.058197">
        <ele>40.045711</ele>
        <time>2026-07-03T13:37:29.248Z</time>
      </trkpt>
      <trkpt lat="48.009921" lon="-4.058190">
        <ele>40.035079</ele>
        <time>2026-07-03T13:37:29.855Z</time>
      </trkpt>
      <trkpt lat="48.009908" lon="-4.058185">
        <ele>40.025412</ele>
        <time>2026-07-03T13:37:30.406Z</time>
      </trkpt>
      <trkpt lat="48.009896" lon="-4.058181">
        <ele>40.016558</ele>
        <time>2026-07-03T13:37:30.911Z</time>
      </trkpt>
      <trkpt lat="48.009881" lon="-4.058180">
        <ele>40.005744</ele>
        <time>2026-07-03T13:37:31.527Z</time>
      </trkpt>
      <trkpt lat="48.009867" lon="-4.058178">
        <ele>39.995616</ele>
        <time>2026-07-03T13:37:32.105Z</time>
      </trkpt>
      <trkpt lat="48.009853" lon="-4.058177">
        <ele>39.985522</ele>
        <time>2026-07-03T13:37:32.680Z</time>
      </trkpt>
      <trkpt lat="48.009838" lon="-4.058176">
        <ele>39.974708</ele>
        <time>2026-07-03T13:37:33.297Z</time>
      </trkpt>
      <trkpt lat="48.009825" lon="-4.058174">
        <ele>39.965296</ele>
        <time>2026-07-03T13:37:33.833Z</time>
      </trkpt>
      <trkpt lat="48.009811" lon="-4.058172">
        <ele>39.955168</ele>
        <time>2026-07-03T13:37:34.411Z</time>
      </trkpt>
      <trkpt lat="48.009796" lon="-4.058170">
        <ele>39.944322</ele>
        <time>2026-07-03T13:37:35.029Z</time>
      </trkpt>
      <trkpt lat="48.009781" lon="-4.058167">
        <ele>39.933423</ele>
        <time>2026-07-03T13:37:35.651Z</time>
      </trkpt>
      <trkpt lat="48.009764" lon="-4.058161">
        <ele>39.920843</ele>
        <time>2026-07-03T13:37:36.368Z</time>
      </trkpt>
      <trkpt lat="48.009747" lon="-4.058156">
        <ele>39.908365</ele>
        <time>2026-07-03T13:37:37.079Z</time>
      </trkpt>
      <trkpt lat="48.009727" lon="-4.058152">
        <ele>39.893833</ele>
        <time>2026-07-03T13:37:37.908Z</time>
      </trkpt>
      <trkpt lat="48.009708" lon="-4.058148">
        <ele>39.880015</ele>
        <time>2026-07-03T13:37:38.696Z</time>
      </trkpt>
      <trkpt lat="48.009687" lon="-4.058143">
        <ele>39.864700</ele>
        <time>2026-07-03T13:37:39.569Z</time>
      </trkpt>
      <trkpt lat="48.009667" lon="-4.058138">
        <ele>39.850097</ele>
        <time>2026-07-03T13:37:40.401Z</time>
      </trkpt>
      <trkpt lat="48.009647" lon="-4.058137">
        <ele>39.835685</ele>
        <time>2026-07-03T13:37:41.223Z</time>
      </trkpt>
      <trkpt lat="48.009627" lon="-4.058137">
        <ele>39.821281</ele>
        <time>2026-07-03T13:37:42.044Z</time>
      </trkpt>
      <trkpt lat="48.009608" lon="-4.058142">
        <ele>39.807387</ele>
        <time>2026-07-03T13:37:42.836Z</time>
      </trkpt>
      <trkpt lat="48.009590" lon="-4.058147">
        <ele>39.794202</ele>
        <time>2026-07-03T13:37:43.588Z</time>
      </trkpt>
      <trkpt lat="48.009574" lon="-4.058154">
        <ele>39.782196</ele>
        <time>2026-07-03T13:37:44.273Z</time>
      </trkpt>
      <trkpt lat="48.009559" lon="-4.058161">
        <ele>39.770879</ele>
        <time>2026-07-03T13:37:44.918Z</time>
      </trkpt>
      <trkpt lat="48.009545" lon="-4.058170">
        <ele>39.759903</ele>
        <time>2026-07-03T13:37:45.544Z</time>
      </trkpt>
      <trkpt lat="48.009531" lon="-4.058178">
        <ele>39.749109</ele>
        <time>2026-07-03T13:37:46.159Z</time>
      </trkpt>
      <trkpt lat="48.009517" lon="-4.058186">
        <ele>39.738315</ele>
        <time>2026-07-03T13:37:46.774Z</time>
      </trkpt>
      <trkpt lat="48.009502" lon="-4.058194">
        <ele>39.726845</ele>
        <time>2026-07-03T13:37:47.428Z</time>
      </trkpt>
      <trkpt lat="48.009488" lon="-4.058199">
        <ele>39.716479</ele>
        <time>2026-07-03T13:37:48.019Z</time>
      </trkpt>
      <trkpt lat="48.009474" lon="-4.058205">
        <ele>39.705990</ele>
        <time>2026-07-03T13:37:48.617Z</time>
      </trkpt>
      <trkpt lat="48.009460" lon="-4.058208">
        <ele>39.695804</ele>
        <time>2026-07-03T13:37:49.198Z</time>
      </trkpt>
      <trkpt lat="48.009447" lon="-4.058210">
        <ele>39.686393</ele>
        <time>2026-07-03T13:37:49.734Z</time>
      </trkpt>
      <trkpt lat="48.009433" lon="-4.058208">
        <ele>39.676264</ele>
        <time>2026-07-03T13:37:50.312Z</time>
      </trkpt>
      <trkpt lat="48.009420" lon="-4.058206">
        <ele>39.666852</ele>
        <time>2026-07-03T13:37:50.848Z</time>
      </trkpt>
      <trkpt lat="48.009406" lon="-4.058201">
        <ele>39.656486</ele>
        <time>2026-07-03T13:37:51.439Z</time>
      </trkpt>
      <trkpt lat="48.009392" lon="-4.058195">
        <ele>39.645997</ele>
        <time>2026-07-03T13:37:52.037Z</time>
      </trkpt>
      <trkpt lat="48.009381" lon="-4.058191">
        <ele>39.637844</ele>
        <time>2026-07-03T13:37:52.502Z</time>
      </trkpt>
      <trkpt lat="48.009369" lon="-4.058186">
        <ele>39.628872</ele>
        <time>2026-07-03T13:37:53.014Z</time>
      </trkpt>
      <trkpt lat="48.009359" lon="-4.058184">
        <ele>39.621606</ele>
        <time>2026-07-03T13:37:53.428Z</time>
      </trkpt>
      <trkpt lat="48.009349" lon="-4.058181">
        <ele>39.614261</ele>
        <time>2026-07-03T13:37:53.847Z</time>
      </trkpt>
      <trkpt lat="48.009340" lon="-4.058178">
        <ele>39.607620</ele>
        <time>2026-07-03T13:37:54.225Z</time>
      </trkpt>
      <trkpt lat="48.009332" lon="-4.058175">
        <ele>39.601680</ele>
        <time>2026-07-03T13:37:54.564Z</time>
      </trkpt>
      <trkpt lat="48.009323" lon="-4.058172">
        <ele>39.595039</ele>
        <time>2026-07-03T13:37:54.943Z</time>
      </trkpt>
      <trkpt lat="48.009315" lon="-4.058169">
        <ele>39.587596</ele>
        <time>2026-07-03T13:37:55.281Z</time>
      </trkpt>
      <trkpt lat="48.009305" lon="-4.058173">
        <ele>39.573662</ele>
        <time>2026-07-03T13:37:55.706Z</time>
      </trkpt>
      <trkpt lat="48.009295" lon="-4.058177">
        <ele>39.559728</ele>
        <time>2026-07-03T13:37:56.131Z</time>
      </trkpt>
      <trkpt lat="48.009286" lon="-4.058187">
        <ele>39.544633</ele>
        <time>2026-07-03T13:37:56.592Z</time>
      </trkpt>
      <trkpt lat="48.009276" lon="-4.058198">
        <ele>39.527920</ele>
        <time>2026-07-03T13:37:57.101Z</time>
      </trkpt>
      <trkpt lat="48.009267" lon="-4.058218">
        <ele>39.506214</ele>
        <time>2026-07-03T13:37:57.763Z</time>
      </trkpt>
      <trkpt lat="48.009259" lon="-4.058238">
        <ele>39.485229</ele>
        <time>2026-07-03T13:37:58.404Z</time>
      </trkpt>
      <trkpt lat="48.009251" lon="-4.058265">
        <ele>39.458637</ele>
        <time>2026-07-03T13:37:59.215Z</time>
      </trkpt>
      <trkpt lat="48.009244" lon="-4.058293">
        <ele>39.431718</ele>
        <time>2026-07-03T13:38:00.036Z</time>
      </trkpt>
      <trkpt lat="48.009235" lon="-4.058321">
        <ele>39.403744</ele>
        <time>2026-07-03T13:38:00.889Z</time>
      </trkpt>
      <trkpt lat="48.009226" lon="-4.058350">
        <ele>39.374955</ele>
        <time>2026-07-03T13:38:01.767Z</time>
      </trkpt>
      <trkpt lat="48.009215" lon="-4.058376">
        <ele>39.347252</ele>
        <time>2026-07-03T13:38:02.612Z</time>
      </trkpt>
      <trkpt lat="48.009204" lon="-4.058403">
        <ele>39.318784</ele>
        <time>2026-07-03T13:38:03.480Z</time>
      </trkpt>
      <trkpt lat="48.009193" lon="-4.058427">
        <ele>39.292585</ele>
        <time>2026-07-03T13:38:04.280Z</time>
      </trkpt>
      <trkpt lat="48.009181" lon="-4.058452">
        <ele>39.264877</ele>
        <time>2026-07-03T13:38:05.125Z</time>
      </trkpt>
      <trkpt lat="48.009168" lon="-4.058475">
        <ele>39.237762</ele>
        <time>2026-07-03T13:38:05.952Z</time>
      </trkpt>
      <trkpt lat="48.009155" lon="-4.058499">
        <ele>39.209953</ele>
        <time>2026-07-03T13:38:06.800Z</time>
      </trkpt>
      <trkpt lat="48.009142" lon="-4.058517">
        <ele>39.186100</ele>
        <time>2026-07-03T13:38:07.528Z</time>
      </trkpt>
      <trkpt lat="48.009128" lon="-4.058536">
        <ele>39.160646</ele>
        <time>2026-07-03T13:38:08.304Z</time>
      </trkpt>
      <trkpt lat="48.009115" lon="-4.058550">
        <ele>39.139078</ele>
        <time>2026-07-03T13:38:08.962Z</time>
      </trkpt>
      <trkpt lat="48.009102" lon="-4.058564">
        <ele>39.117510</ele>
        <time>2026-07-03T13:38:09.620Z</time>
      </trkpt>
      <trkpt lat="48.009090" lon="-4.058577">
        <ele>39.097561</ele>
        <time>2026-07-03T13:38:10.228Z</time>
      </trkpt>
      <trkpt lat="48.009078" lon="-4.058589">
        <ele>39.078127</ele>
        <time>2026-07-03T13:38:10.821Z</time>
      </trkpt>
      <trkpt lat="48.009067" lon="-4.058597">
        <ele>39.061660</ele>
        <time>2026-07-03T13:38:11.323Z</time>
      </trkpt>
      <trkpt lat="48.009056" lon="-4.058606">
        <ele>39.044780</ele>
        <time>2026-07-03T13:38:11.838Z</time>
      </trkpt>
      <trkpt lat="48.009047" lon="-4.058611">
        <ele>39.031856</ele>
        <time>2026-07-03T13:38:12.233Z</time>
      </trkpt>
      <trkpt lat="48.009037" lon="-4.058616">
        <ele>39.017662</ele>
        <time>2026-07-03T13:38:12.666Z</time>
      </trkpt>
      <trkpt lat="48.009029" lon="-4.058621">
        <ele>39.005990</ele>
        <time>2026-07-03T13:38:13.022Z</time>
      </trkpt>
      <trkpt lat="48.009020" lon="-4.058626">
        <ele>38.993066</ele>
        <time>2026-07-03T13:38:13.416Z</time>
      </trkpt>
      <trkpt lat="48.009011" lon="-4.058634">
        <ele>38.978971</ele>
        <time>2026-07-03T13:38:13.846Z</time>
      </trkpt>
      <trkpt lat="48.009002" lon="-4.058642">
        <ele>38.964876</ele>
        <time>2026-07-03T13:38:14.276Z</time>
      </trkpt>
      <trkpt lat="48.008992" lon="-4.058651">
        <ele>38.949163</ele>
        <time>2026-07-03T13:38:14.755Z</time>
      </trkpt>
      <trkpt lat="48.008982" lon="-4.058659">
        <ele>38.933896</ele>
        <time>2026-07-03T13:38:15.221Z</time>
      </trkpt>
      <trkpt lat="48.008973" lon="-4.058671">
        <ele>38.917662</ele>
        <time>2026-07-03T13:38:15.716Z</time>
      </trkpt>
      <trkpt lat="48.008963" lon="-4.058682">
        <ele>38.900949</ele>
        <time>2026-07-03T13:38:16.226Z</time>
      </trkpt>
      <trkpt lat="48.008955" lon="-4.058696">
        <ele>38.884368</ele>
        <time>2026-07-03T13:38:16.731Z</time>
      </trkpt>
      <trkpt lat="48.008946" lon="-4.058709">
        <ele>38.867521</ele>
        <time>2026-07-03T13:38:17.245Z</time>
      </trkpt>
      <trkpt lat="48.008938" lon="-4.058725">
        <ele>38.849533</ele>
        <time>2026-07-03T13:38:17.794Z</time>
      </trkpt>
      <trkpt lat="48.008930" lon="-4.058740">
        <ele>38.832258</ele>
        <time>2026-07-03T13:38:18.321Z</time>
      </trkpt>
      <trkpt lat="48.008922" lon="-4.058757">
        <ele>38.813540</ele>
        <time>2026-07-03T13:38:18.892Z</time>
      </trkpt>
      <trkpt lat="48.008915" lon="-4.058774">
        <ele>38.795564</ele>
        <time>2026-07-03T13:38:19.440Z</time>
      </trkpt>
      <trkpt lat="48.008907" lon="-4.058792">
        <ele>38.776103</ele>
        <time>2026-07-03T13:38:20.034Z</time>
      </trkpt>
      <trkpt lat="48.008898" lon="-4.058811">
        <ele>38.755138</ele>
        <time>2026-07-03T13:38:20.673Z</time>
      </trkpt>
      <trkpt lat="48.008888" lon="-4.058830">
        <ele>38.733367</ele>
        <time>2026-07-03T13:38:21.337Z</time>
      </trkpt>
      <trkpt lat="48.008878" lon="-4.058848">
        <ele>38.712297</ele>
        <time>2026-07-03T13:38:21.980Z</time>
      </trkpt>
      <trkpt lat="48.008729" lon="-4.058721">
        <ele>38.481415</ele>
        <time>2026-07-03T13:38:29.024Z</time>
      </trkpt>
      <trkpt lat="48.008414" lon="-4.059548">
        <ele>37.624414</ele>
        <time>2026-07-03T13:38:58.299Z</time>
      </trkpt>
      <trkpt lat="48.008274" lon="-4.059829">
        <ele>37.308897</ele>
        <time>2026-07-03T13:39:09.169Z</time>
      </trkpt>
      <trkpt lat="48.008150" lon="-4.059950">
        <ele>37.110077</ele>
        <time>2026-07-03T13:39:16.038Z</time>
      </trkpt>
      <trkpt lat="48.007837" lon="-4.060039">
        <ele>36.684862</ele>
        <time>2026-07-03T13:39:30.577Z</time>
      </trkpt>
      <trkpt lat="48.007656" lon="-4.060036">
        <ele>36.443289</ele>
        <time>2026-07-03T13:39:38.933Z</time>
      </trkpt>
      <trkpt lat="48.007237" lon="-4.059651">
        <ele>35.786888</ele>
        <time>2026-07-03T13:40:02.041Z</time>
      </trkpt>
      <trkpt lat="48.006990" lon="-4.059358">
        <ele>35.366049</ele>
        <time>2026-07-03T13:40:16.997Z</time>
      </trkpt>
      <trkpt lat="48.006714" lon="-4.059266">
        <ele>34.988657</ele>
        <time>2026-07-03T13:40:30.372Z</time>
      </trkpt>
      <trkpt lat="48.006130" lon="-4.059289">
        <ele>34.535450</ele>
        <time>2026-07-03T13:40:57.888Z</time>
      </trkpt>
      <trkpt lat="48.005600" lon="-4.059096">
        <ele>34.231616</ele>
        <time>2026-07-03T13:41:23.295Z</time>
      </trkpt>
      <trkpt lat="48.005454" lon="-4.059016">
        <ele>34.145005</ele>
        <time>2026-07-03T13:41:30.541Z</time>
      </trkpt>
      <trkpt lat="48.005302" lon="-4.058818">
        <ele>34.032703</ele>
        <time>2026-07-03T13:41:40.041Z</time>
      </trkpt>
      <trkpt lat="48.005232" lon="-4.058652">
        <ele>33.959581</ele>
        <time>2026-07-03T13:41:46.309Z</time>
      </trkpt>
      <trkpt lat="48.005150" lon="-4.058216">
        <ele>33.790806</ele>
        <time>2026-07-03T13:42:01.004Z</time>
      </trkpt>
      <trkpt lat="48.005149" lon="-4.057897">
        <ele>34.212534</ele>
        <time>2026-07-03T13:42:11.790Z</time>
      </trkpt>
      <trkpt lat="48.005168" lon="-4.057562">
        <ele>34.796096</ele>
        <time>2026-07-03T13:42:23.716Z</time>
      </trkpt>
      <trkpt lat="48.005252" lon="-4.057001">
        <ele>35.793938</ele>
        <time>2026-07-03T13:42:45.342Z</time>
      </trkpt>
      <trkpt lat="48.005334" lon="-4.056804">
        <ele>36.196653</ele>
        <time>2026-07-03T13:42:54.418Z</time>
      </trkpt>
      <trkpt lat="48.005514" lon="-4.056601">
        <ele>36.781648</ele>
        <time>2026-07-03T13:43:07.830Z</time>
      </trkpt>
      <trkpt lat="48.005764" lon="-4.056446">
        <ele>37.483810</ele>
        <time>2026-07-03T13:43:23.263Z</time>
      </trkpt>
      <trkpt lat="48.005803" lon="-4.056437">
        <ele>37.586186</ele>
        <time>2026-07-03T13:43:25.499Z</time>
      </trkpt>
      <trkpt lat="48.005863" lon="-4.056423">
        <ele>37.743730</ele>
        <time>2026-07-03T13:43:28.862Z</time>
      </trkpt>
      <trkpt lat="48.005959" lon="-4.056425">
        <ele>37.992806</ele>
        <time>2026-07-03T13:43:34.063Z</time>
      </trkpt>
      <trkpt lat="48.006427" lon="-4.056436">
        <ele>37.355527</ele>
        <time>2026-07-03T13:43:57.534Z</time>
      </trkpt>
      <trkpt lat="48.006448" lon="-4.056431">
        <ele>37.278619</ele>
        <time>2026-07-03T13:43:58.542Z</time>
      </trkpt>
      <trkpt lat="48.006427" lon="-4.056436">
        <ele>37.201712</ele>
        <time>2026-07-03T13:43:59.525Z</time>
      </trkpt>
      <trkpt lat="48.005959" lon="-4.056425">
        <ele>35.508906</ele>
        <time>2026-07-03T13:44:20.874Z</time>
      </trkpt>
      <trkpt lat="48.005863" lon="-4.056423">
        <ele>35.161673</ele>
        <time>2026-07-03T13:44:25.008Z</time>
      </trkpt>
      <trkpt lat="48.005803" lon="-4.056437">
        <ele>34.942046</ele>
        <time>2026-07-03T13:44:27.620Z</time>
      </trkpt>
      <trkpt lat="48.005769" lon="-4.056110">
        <ele>34.141291</ele>
        <time>2026-07-03T13:44:36.726Z</time>
      </trkpt>
      <trkpt lat="48.005744" lon="-4.056110">
        <ele>34.050875</ele>
        <time>2026-07-03T13:44:37.755Z</time>
      </trkpt>
      <trkpt lat="48.005720" lon="-4.056109">
        <ele>33.964041</ele>
        <time>2026-07-03T13:44:38.742Z</time>
      </trkpt>
      <trkpt lat="48.005696" lon="-4.056112">
        <ele>33.876938</ele>
        <time>2026-07-03T13:44:39.733Z</time>
      </trkpt>
      <trkpt lat="48.005673" lon="-4.056115">
        <ele>33.793439</ele>
        <time>2026-07-03T13:44:40.683Z</time>
      </trkpt>
      <trkpt lat="48.005651" lon="-4.056122">
        <ele>33.712090</ele>
        <time>2026-07-03T13:44:41.609Z</time>
      </trkpt>
      <trkpt lat="48.005628" lon="-4.056129">
        <ele>33.627199</ele>
        <time>2026-07-03T13:44:42.576Z</time>
      </trkpt>
      <trkpt lat="48.005605" lon="-4.056139">
        <ele>33.540568</ele>
        <time>2026-07-03T13:44:43.563Z</time>
      </trkpt>
      <trkpt lat="48.005581" lon="-4.056149">
        <ele>33.450459</ele>
        <time>2026-07-03T13:44:44.588Z</time>
      </trkpt>
      <trkpt lat="48.005557" lon="-4.056161">
        <ele>33.358931</ele>
        <time>2026-07-03T13:44:45.629Z</time>
      </trkpt>
      <trkpt lat="48.005533" lon="-4.056174">
        <ele>33.266607</ele>
        <time>2026-07-03T13:44:46.679Z</time>
      </trkpt>
      <trkpt lat="48.005508" lon="-4.056186">
        <ele>33.171642</ele>
        <time>2026-07-03T13:44:47.761Z</time>
      </trkpt>
      <trkpt lat="48.005483" lon="-4.056198">
        <ele>33.076677</ele>
        <time>2026-07-03T13:44:48.843Z</time>
      </trkpt>
      <trkpt lat="48.005460" lon="-4.056210">
        <ele>32.988572</ele>
        <time>2026-07-03T13:44:49.847Z</time>
      </trkpt>
      <trkpt lat="48.005436" lon="-4.056222">
        <ele>32.897044</ele>
        <time>2026-07-03T13:44:50.889Z</time>
      </trkpt>
      <trkpt lat="48.005414" lon="-4.056237">
        <ele>32.809590</ele>
        <time>2026-07-03T13:44:51.883Z</time>
      </trkpt>
      <trkpt lat="48.005391" lon="-4.056252">
        <ele>32.718832</ele>
        <time>2026-07-03T13:44:52.915Z</time>
      </trkpt>
      <trkpt lat="48.005370" lon="-4.056269">
        <ele>32.632458</ele>
        <time>2026-07-03T13:44:53.898Z</time>
      </trkpt>
      <trkpt lat="48.005349" lon="-4.056285">
        <ele>32.547209</ele>
        <time>2026-07-03T13:44:54.868Z</time>
      </trkpt>
      <trkpt lat="48.005328" lon="-4.056303">
        <ele>32.459657</ele>
        <time>2026-07-03T13:44:55.865Z</time>
      </trkpt>
      <trkpt lat="48.005308" lon="-4.056320">
        <ele>32.376444</ele>
        <time>2026-07-03T13:44:56.811Z</time>
      </trkpt>
      <trkpt lat="48.005288" lon="-4.056334">
        <ele>32.296571</ele>
        <time>2026-07-03T13:44:57.719Z</time>
      </trkpt>
      <trkpt lat="48.005269" lon="-4.056348">
        <ele>32.219958</ele>
        <time>2026-07-03T13:44:58.590Z</time>
      </trkpt>
      <trkpt lat="48.005250" lon="-4.056349">
        <ele>32.151199</ele>
        <time>2026-07-03T13:44:59.371Z</time>
      </trkpt>
      <trkpt lat="48.005232" lon="-4.056350">
        <ele>32.086054</ele>
        <time>2026-07-03T13:45:00.112Z</time>
      </trkpt>
      <trkpt lat="48.005218" lon="-4.056338">
        <ele>32.027686</ele>
        <time>2026-07-03T13:45:00.775Z</time>
      </trkpt>
      <trkpt lat="48.005203" lon="-4.056325">
        <ele>31.964975</ele>
        <time>2026-07-03T13:45:01.490Z</time>
      </trkpt>
      <trkpt lat="48.005193" lon="-4.056311">
        <ele>31.920015</ele>
        <time>2026-07-03T13:45:02.054Z</time>
      </trkpt>
      <trkpt lat="48.005183" lon="-4.056298">
        <ele>31.888769</ele>
        <time>2026-07-03T13:45:02.598Z</time>
      </trkpt>
      <trkpt lat="48.005176" lon="-4.056289">
        <ele>31.866999</ele>
        <time>2026-07-03T13:45:02.978Z</time>
      </trkpt>
      <trkpt lat="48.005169" lon="-4.056280">
        <ele>31.845230</ele>
        <time>2026-07-03T13:45:03.357Z</time>
      </trkpt>
      <trkpt lat="48.005165" lon="-4.056278">
        <ele>31.835286</ele>
        <time>2026-07-03T13:45:03.531Z</time>
      </trkpt>
      <trkpt lat="48.005161" lon="-4.056276">
        <ele>31.825341</ele>
        <time>2026-07-03T13:45:03.704Z</time>
      </trkpt>
      <trkpt lat="48.005153" lon="-4.056275">
        <ele>31.806415</ele>
        <time>2026-07-03T13:45:04.034Z</time>
      </trkpt>
      <trkpt lat="48.005144" lon="-4.056275">
        <ele>31.785196</ele>
        <time>2026-07-03T13:45:04.404Z</time>
      </trkpt>
      <trkpt lat="48.005133" lon="-4.056277">
        <ele>31.759071</ele>
        <time>2026-07-03T13:45:04.859Z</time>
      </trkpt>
      <trkpt lat="48.005122" lon="-4.056279">
        <ele>31.732946</ele>
        <time>2026-07-03T13:45:05.314Z</time>
      </trkpt>
      <trkpt lat="48.005110" lon="-4.056278">
        <ele>31.704610</ele>
        <time>2026-07-03T13:45:05.808Z</time>
      </trkpt>
      <trkpt lat="48.005098" lon="-4.056277">
        <ele>31.676275</ele>
        <time>2026-07-03T13:45:06.302Z</time>
      </trkpt>
      <trkpt lat="48.005086" lon="-4.056267">
        <ele>31.643883</ele>
        <time>2026-07-03T13:45:06.867Z</time>
      </trkpt>
      <trkpt lat="48.005074" lon="-4.056258">
        <ele>31.612229</ele>
        <time>2026-07-03T13:45:07.420Z</time>
      </trkpt>
      <trkpt lat="48.005063" lon="-4.056240">
        <ele>31.573775</ele>
        <time>2026-07-03T13:45:08.091Z</time>
      </trkpt>
      <trkpt lat="48.005053" lon="-4.056222">
        <ele>31.536869</ele>
        <time>2026-07-03T13:45:08.735Z</time>
      </trkpt>
      <trkpt lat="48.005045" lon="-4.056202">
        <ele>31.500113</ele>
        <time>2026-07-03T13:45:09.375Z</time>
      </trkpt>
      <trkpt lat="48.005037" lon="-4.056181">
        <ele>31.461994</ele>
        <time>2026-07-03T13:45:10.040Z</time>
      </trkpt>
      <trkpt lat="48.005028" lon="-4.056168">
        <ele>31.432486</ele>
        <time>2026-07-03T13:45:10.554Z</time>
      </trkpt>
      <trkpt lat="48.005019" lon="-4.056155">
        <ele>31.402978</ele>
        <time>2026-07-03T13:45:11.068Z</time>
      </trkpt>
      <trkpt lat="48.005014" lon="-4.056150">
        <ele>31.388795</ele>
        <time>2026-07-03T13:45:11.315Z</time>
      </trkpt>
      <trkpt lat="48.005009" lon="-4.056144">
        <ele>31.373677</ele>
        <time>2026-07-03T13:45:11.578Z</time>
      </trkpt>
      <trkpt lat="48.005001" lon="-4.056137">
        <ele>31.351822</ele>
        <time>2026-07-03T13:45:11.959Z</time>
      </trkpt>
      <trkpt lat="48.004994" lon="-4.056130">
        <ele>31.331965</ele>
        <time>2026-07-03T13:45:12.305Z</time>
      </trkpt>
      <trkpt lat="48.004990" lon="-4.056120">
        <ele>31.313587</ele>
        <time>2026-07-03T13:45:12.626Z</time>
      </trkpt>
      <trkpt lat="48.004985" lon="-4.056110">
        <ele>31.293895</ele>
        <time>2026-07-03T13:45:12.969Z</time>
      </trkpt>
      <trkpt lat="48.004985" lon="-4.056094">
        <ele>31.268656</ele>
        <time>2026-07-03T13:45:13.409Z</time>
      </trkpt>
      <trkpt lat="48.004984" lon="-4.056078">
        <ele>31.243308</ele>
        <time>2026-07-03T13:45:13.851Z</time>
      </trkpt>
      <trkpt lat="48.004986" lon="-4.056057">
        <ele>31.209849</ele>
        <time>2026-07-03T13:45:14.435Z</time>
      </trkpt>
      <trkpt lat="48.004989" lon="-4.056036">
        <ele>31.175976</ele>
        <time>2026-07-03T13:45:15.025Z</time>
      </trkpt>
      <trkpt lat="48.004993" lon="-4.056014">
        <ele>31.140015</ele>
        <time>2026-07-03T13:45:15.652Z</time>
      </trkpt>
      <trkpt lat="48.004998" lon="-4.055991">
        <ele>31.101867</ele>
        <time>2026-07-03T13:45:16.316Z</time>
      </trkpt>
      <trkpt lat="48.005004" lon="-4.055970">
        <ele>31.065848</ele>
        <time>2026-07-03T13:45:16.944Z</time>
      </trkpt>
      <trkpt lat="48.005010" lon="-4.055949">
        <ele>31.029828</ele>
        <time>2026-07-03T13:45:17.571Z</time>
      </trkpt>
      <trkpt lat="48.005012" lon="-4.055928">
        <ele>30.996369</ele>
        <time>2026-07-03T13:45:18.154Z</time>
      </trkpt>
      <trkpt lat="48.005013" lon="-4.055907">
        <ele>30.963160</ele>
        <time>2026-07-03T13:45:18.733Z</time>
      </trkpt>
      <trkpt lat="48.005009" lon="-4.055888">
        <ele>30.931740</ele>
        <time>2026-07-03T13:45:19.280Z</time>
      </trkpt>
      <trkpt lat="48.005006" lon="-4.055869">
        <ele>30.900946</ele>
        <time>2026-07-03T13:45:19.817Z</time>
      </trkpt>
      <trkpt lat="48.005003" lon="-4.055850">
        <ele>30.870152</ele>
        <time>2026-07-03T13:45:20.355Z</time>
      </trkpt>
      <trkpt lat="48.005000" lon="-4.055831">
        <ele>30.839358</ele>
        <time>2026-07-03T13:45:20.892Z</time>
      </trkpt>
      <trkpt lat="48.005004" lon="-4.055817">
        <ele>30.815345</ele>
        <time>2026-07-03T13:45:21.310Z</time>
      </trkpt>
      <trkpt lat="48.005009" lon="-4.055803">
        <ele>30.790312</ele>
        <time>2026-07-03T13:45:21.747Z</time>
      </trkpt>
      <trkpt lat="48.005024" lon="-4.055790">
        <ele>30.749433</ele>
        <time>2026-07-03T13:45:22.459Z</time>
      </trkpt>
      <trkpt lat="48.005038" lon="-4.055778">
        <ele>30.711383</ele>
        <time>2026-07-03T13:45:23.121Z</time>
      </trkpt>
      <trkpt lat="48.005058" lon="-4.055762">
        <ele>30.657901</ele>
        <time>2026-07-03T13:45:24.053Z</time>
      </trkpt>
      <trkpt lat="48.005077" lon="-4.055747">
        <ele>30.607241</ele>
        <time>2026-07-03T13:45:24.935Z</time>
      </trkpt>
      <trkpt lat="48.005096" lon="-4.055727">
        <ele>30.552452</ele>
        <time>2026-07-03T13:45:25.890Z</time>
      </trkpt>
      <trkpt lat="48.005115" lon="-4.055707">
        <ele>30.497663</ele>
        <time>2026-07-03T13:45:26.846Z</time>
      </trkpt>
      <trkpt lat="48.005129" lon="-4.055687">
        <ele>30.452004</ele>
        <time>2026-07-03T13:45:27.641Z</time>
      </trkpt>
      <trkpt lat="48.005142" lon="-4.055668">
        <ele>30.409137</ele>
        <time>2026-07-03T13:45:28.388Z</time>
      </trkpt>
      <trkpt lat="48.005151" lon="-4.055649">
        <ele>30.372415</ele>
        <time>2026-07-03T13:45:29.028Z</time>
      </trkpt>
      <trkpt lat="48.005159" lon="-4.055630">
        <ele>30.337004</ele>
        <time>2026-07-03T13:45:29.645Z</time>
      </trkpt>
      <trkpt lat="48.005167" lon="-4.055604">
        <ele>30.291862</ele>
        <time>2026-07-03T13:45:30.431Z</time>
      </trkpt>
      <trkpt lat="48.005175" lon="-4.055578">
        <ele>30.246720</ele>
        <time>2026-07-03T13:45:31.217Z</time>
      </trkpt>
      <trkpt lat="48.005187" lon="-4.055552">
        <ele>30.196897</ele>
        <time>2026-07-03T13:45:32.085Z</time>
      </trkpt>
      <trkpt lat="48.005200" lon="-4.055526">
        <ele>30.145697</ele>
        <time>2026-07-03T13:45:32.978Z</time>
      </trkpt>
      <trkpt lat="48.005217" lon="-4.055511">
        <ele>30.099154</ele>
        <time>2026-07-03T13:45:33.790Z</time>
      </trkpt>
      <trkpt lat="48.005233" lon="-4.055495">
        <ele>30.053768</ele>
        <time>2026-07-03T13:45:34.581Z</time>
      </trkpt>
      <trkpt lat="48.005252" lon="-4.055493">
        <ele>30.008862</ele>
        <time>2026-07-03T13:45:35.363Z</time>
      </trkpt>
      <trkpt lat="48.005270" lon="-4.055491">
        <ele>29.966308</ele>
        <time>2026-07-03T13:45:36.104Z</time>
      </trkpt>
      <trkpt lat="48.005289" lon="-4.055498">
        <ele>29.920172</ele>
        <time>2026-07-03T13:45:36.907Z</time>
      </trkpt>
      <trkpt lat="48.005307" lon="-4.055504">
        <ele>29.876692</ele>
        <time>2026-07-03T13:45:37.665Z</time>
      </trkpt>
      <trkpt lat="48.005326" lon="-4.055511">
        <ele>29.830556</ele>
        <time>2026-07-03T13:45:38.469Z</time>
      </trkpt>
      <trkpt lat="48.005345" lon="-4.055518">
        <ele>29.784421</ele>
        <time>2026-07-03T13:45:39.275Z</time>
      </trkpt>
      <trkpt lat="48.005366" lon="-4.055522">
        <ele>29.734510</ele>
        <time>2026-07-03T13:45:40.145Z</time>
      </trkpt>
      <trkpt lat="48.005386" lon="-4.055525">
        <ele>29.687121</ele>
        <time>2026-07-03T13:45:40.971Z</time>
      </trkpt>
      <trkpt lat="48.005407" lon="-4.055527">
        <ele>29.637510</ele>
        <time>2026-07-03T13:45:41.835Z</time>
      </trkpt>
      <trkpt lat="48.005427" lon="-4.055529">
        <ele>29.590252</ele>
        <time>2026-07-03T13:45:42.658Z</time>
      </trkpt>
      <trkpt lat="48.005447" lon="-4.055528">
        <ele>29.543073</ele>
        <time>2026-07-03T13:45:43.479Z</time>
      </trkpt>
      <trkpt lat="48.005466" lon="-4.055527">
        <ele>29.498251</ele>
        <time>2026-07-03T13:45:44.260Z</time>
      </trkpt>
      <trkpt lat="48.005486" lon="-4.055524">
        <ele>29.450861</ele>
        <time>2026-07-03T13:45:45.086Z</time>
      </trkpt>
      <trkpt lat="48.005507" lon="-4.055522">
        <ele>29.401251</ele>
        <time>2026-07-03T13:45:45.952Z</time>
      </trkpt>
      <trkpt lat="48.005529" lon="-4.055519">
        <ele>29.349168</ele>
        <time>2026-07-03T13:45:46.860Z</time>
      </trkpt>
      <trkpt lat="48.005552" lon="-4.055517">
        <ele>29.294851</ele>
        <time>2026-07-03T13:45:47.805Z</time>
      </trkpt>
      <trkpt lat="48.005573" lon="-4.055513">
        <ele>29.244940</ele>
        <time>2026-07-03T13:45:48.675Z</time>
      </trkpt>
      <trkpt lat="48.005595" lon="-4.055510">
        <ele>29.192857</ele>
        <time>2026-07-03T13:45:49.582Z</time>
      </trkpt>
      <trkpt lat="48.005616" lon="-4.055505">
        <ele>29.142722</ele>
        <time>2026-07-03T13:45:50.455Z</time>
      </trkpt>
      <trkpt lat="48.005636" lon="-4.055501">
        <ele>29.095150</ele>
        <time>2026-07-03T13:45:51.283Z</time>
      </trkpt>
      <trkpt lat="48.005655" lon="-4.055497">
        <ele>29.049913</ele>
        <time>2026-07-03T13:45:52.072Z</time>
      </trkpt>
      <trkpt lat="48.005673" lon="-4.055493">
        <ele>29.007009</ele>
        <time>2026-07-03T13:45:52.819Z</time>
      </trkpt>
      <trkpt lat="48.005690" lon="-4.055491">
        <ele>28.966805</ele>
        <time>2026-07-03T13:45:53.519Z</time>
      </trkpt>
      <trkpt lat="48.005707" lon="-4.055488">
        <ele>28.926447</ele>
        <time>2026-07-03T13:45:54.222Z</time>
      </trkpt>
      <trkpt lat="48.005724" lon="-4.055487">
        <ele>28.886336</ele>
        <time>2026-07-03T13:45:54.921Z</time>
      </trkpt>
      <trkpt lat="48.005741" lon="-4.055486">
        <ele>28.846226</ele>
        <time>2026-07-03T13:45:55.619Z</time>
      </trkpt>
      <trkpt lat="48.005756" lon="-4.055486">
        <ele>28.810861</ele>
        <time>2026-07-03T13:45:56.235Z</time>
      </trkpt>
      <trkpt lat="48.005772" lon="-4.055486">
        <ele>28.773139</ele>
        <time>2026-07-03T13:45:56.892Z</time>
      </trkpt>
      <trkpt lat="48.005786" lon="-4.055486">
        <ele>28.740133</ele>
        <time>2026-07-03T13:45:57.467Z</time>
      </trkpt>
      <trkpt lat="48.005799" lon="-4.055487">
        <ele>28.709443</ele>
        <time>2026-07-03T13:45:58.002Z</time>
      </trkpt>
      <trkpt lat="48.005812" lon="-4.055486">
        <ele>28.678753</ele>
        <time>2026-07-03T13:45:58.536Z</time>
      </trkpt>
      <trkpt lat="48.005825" lon="-4.055486">
        <ele>28.648104</ele>
        <time>2026-07-03T13:45:59.070Z</time>
      </trkpt>
      <trkpt lat="48.005838" lon="-4.055485">
        <ele>28.617414</ele>
        <time>2026-07-03T13:45:59.604Z</time>
      </trkpt>
      <trkpt lat="48.005851" lon="-4.055485">
        <ele>28.586765</ele>
        <time>2026-07-03T13:46:00.138Z</time>
      </trkpt>
      <trkpt lat="48.005862" lon="-4.055485">
        <ele>28.560831</ele>
        <time>2026-07-03T13:46:00.590Z</time>
      </trkpt>
      <trkpt lat="48.005873" lon="-4.055486">
        <ele>28.534850</ele>
        <time>2026-07-03T13:46:01.043Z</time>
      </trkpt>
      <trkpt lat="48.005884" lon="-4.055485">
        <ele>28.508868</ele>
        <time>2026-07-03T13:46:01.495Z</time>
      </trkpt>
      <trkpt lat="48.005894" lon="-4.055485">
        <ele>28.485291</ele>
        <time>2026-07-03T13:46:01.906Z</time>
      </trkpt>
      <trkpt lat="48.005904" lon="-4.055481">
        <ele>28.460886</ele>
        <time>2026-07-03T13:46:02.331Z</time>
      </trkpt>
      <trkpt lat="48.005915" lon="-4.055478">
        <ele>28.434523</ele>
        <time>2026-07-03T13:46:02.790Z</time>
      </trkpt>
      <trkpt lat="48.005927" lon="-4.055471">
        <ele>28.404154</ele>
        <time>2026-07-03T13:46:03.319Z</time>
      </trkpt>
      <trkpt lat="48.005939" lon="-4.055464">
        <ele>28.373784</ele>
        <time>2026-07-03T13:46:03.848Z</time>
      </trkpt>
      <trkpt lat="48.005953" lon="-4.055454">
        <ele>28.337202</ele>
        <time>2026-07-03T13:46:04.485Z</time>
      </trkpt>
      <trkpt lat="48.005967" lon="-4.055444">
        <ele>28.300619</ele>
        <time>2026-07-03T13:46:05.122Z</time>
      </trkpt>
      <trkpt lat="48.005985" lon="-4.055430">
        <ele>28.252780</ele>
        <time>2026-07-03T13:46:05.955Z</time>
      </trkpt>
      <trkpt lat="48.006003" lon="-4.055416">
        <ele>28.204941</ele>
        <time>2026-07-03T13:46:06.789Z</time>
      </trkpt>
      <trkpt lat="48.006022" lon="-4.055399">
        <ele>28.152733</ele>
        <time>2026-07-03T13:46:07.699Z</time>
      </trkpt>
      <trkpt lat="48.006041" lon="-4.055382">
        <ele>28.100525</ele>
        <time>2026-07-03T13:46:08.609Z</time>
      </trkpt>
      <trkpt lat="48.006060" lon="-4.055366">
        <ele>28.049110</ele>
        <time>2026-07-03T13:46:09.505Z</time>
      </trkpt>
      <trkpt lat="48.006080" lon="-4.055349">
        <ele>27.994866</ele>
        <time>2026-07-03T13:46:10.449Z</time>
      </trkpt>
      <trkpt lat="48.006103" lon="-4.055330">
        <ele>27.932909</ele>
        <time>2026-07-03T13:46:11.529Z</time>
      </trkpt>
      <trkpt lat="48.006125" lon="-4.055311">
        <ele>27.873006</ele>
        <time>2026-07-03T13:46:12.572Z</time>
      </trkpt>
      <trkpt lat="48.006145" lon="-4.055289">
        <ele>27.814460</ele>
        <time>2026-07-03T13:46:13.592Z</time>
      </trkpt>
      <trkpt lat="48.006164" lon="-4.055267">
        <ele>27.757796</ele>
        <time>2026-07-03T13:46:14.579Z</time>
      </trkpt>
      <trkpt lat="48.006177" lon="-4.055246">
        <ele>27.712667</ele>
        <time>2026-07-03T13:46:15.366Z</time>
      </trkpt>
      <trkpt lat="48.006191" lon="-4.055224">
        <ele>27.702527</ele>
        <time>2026-07-03T13:46:16.200Z</time>
      </trkpt>
      <trkpt lat="48.006198" lon="-4.055204">
        <ele>27.724570</ele>
        <time>2026-07-03T13:46:16.820Z</time>
      </trkpt>
      <trkpt lat="48.006205" lon="-4.055185">
        <ele>27.745752</ele>
        <time>2026-07-03T13:46:17.416Z</time>
      </trkpt>
      <trkpt lat="48.006209" lon="-4.055177">
        <ele>27.755506</ele>
        <time>2026-07-03T13:46:17.690Z</time>
      </trkpt>
      <trkpt lat="48.006213" lon="-4.055169">
        <ele>27.765259</ele>
        <time>2026-07-03T13:46:17.965Z</time>
      </trkpt>
      <trkpt lat="48.006220" lon="-4.055161">
        <ele>27.778122</ele>
        <time>2026-07-03T13:46:18.326Z</time>
      </trkpt>
      <trkpt lat="48.006226" lon="-4.055153">
        <ele>27.789858</ele>
        <time>2026-07-03T13:46:18.657Z</time>
      </trkpt>
      <trkpt lat="48.006232" lon="-4.055147">
        <ele>27.800396</ele>
        <time>2026-07-03T13:46:18.953Z</time>
      </trkpt>
      <trkpt lat="48.006239" lon="-4.055141">
        <ele>27.812174</ele>
        <time>2026-07-03T13:46:19.285Z</time>
      </trkpt>
      <trkpt lat="48.006250" lon="-4.055123">
        <ele>27.835982</ele>
        <time>2026-07-03T13:46:19.955Z</time>
      </trkpt>
      <trkpt lat="48.006254" lon="-4.055114">
        <ele>27.846534</ele>
        <time>2026-07-03T13:46:20.251Z</time>
      </trkpt>
      <trkpt lat="48.006259" lon="-4.055105">
        <ele>27.857959</ele>
        <time>2026-07-03T13:46:20.573Z</time>
      </trkpt>
      <trkpt lat="48.006266" lon="-4.055094">
        <ele>27.872785</ele>
        <time>2026-07-03T13:46:20.990Z</time>
      </trkpt>
      <trkpt lat="48.006274" lon="-4.055084">
        <ele>27.888008</ele>
        <time>2026-07-03T13:46:21.419Z</time>
      </trkpt>
      <trkpt lat="48.006289" lon="-4.055067">
        <ele>27.915485</ele>
        <time>2026-07-03T13:46:22.192Z</time>
      </trkpt>
      <trkpt lat="48.006303" lon="-4.055051">
        <ele>27.941210</ele>
        <time>2026-07-03T13:46:22.915Z</time>
      </trkpt>
      <trkpt lat="48.006319" lon="-4.055033">
        <ele>27.970442</ele>
        <time>2026-07-03T13:46:23.738Z</time>
      </trkpt>
      <trkpt lat="48.006334" lon="-4.055015">
        <ele>27.998520</ele>
        <time>2026-07-03T13:46:24.527Z</time>
      </trkpt>
      <trkpt lat="48.006347" lon="-4.055003">
        <ele>28.020823</ele>
        <time>2026-07-03T13:46:25.155Z</time>
      </trkpt>
      <trkpt lat="48.006360" lon="-4.054991">
        <ele>28.043126</ele>
        <time>2026-07-03T13:46:25.783Z</time>
      </trkpt>
      <trkpt lat="48.006370" lon="-4.054987">
        <ele>28.058237</ele>
        <time>2026-07-03T13:46:26.208Z</time>
      </trkpt>
      <trkpt lat="48.006379" lon="-4.054984">
        <ele>28.071696</ele>
        <time>2026-07-03T13:46:26.586Z</time>
      </trkpt>
      <trkpt lat="48.006385" lon="-4.054983">
        <ele>28.080509</ele>
        <time>2026-07-03T13:46:26.834Z</time>
      </trkpt>
      <trkpt lat="48.006390" lon="-4.054983">
        <ele>28.087807</ele>
        <time>2026-07-03T13:46:27.040Z</time>
      </trkpt>
      <trkpt lat="48.006396" lon="-4.054983">
        <ele>28.096565</ele>
        <time>2026-07-03T13:46:27.286Z</time>
      </trkpt>
      <trkpt lat="48.006404" lon="-4.054984">
        <ele>28.108283</ele>
        <time>2026-07-03T13:46:27.616Z</time>
      </trkpt>
      <trkpt lat="48.006412" lon="-4.054984">
        <ele>28.119961</ele>
        <time>2026-07-03T13:46:27.944Z</time>
      </trkpt>
      <trkpt lat="48.006419" lon="-4.054984">
        <ele>28.130179</ele>
        <time>2026-07-03T13:46:28.231Z</time>
      </trkpt>
      <trkpt lat="48.006426" lon="-4.054984">
        <ele>28.140396</ele>
        <time>2026-07-03T13:46:28.519Z</time>
      </trkpt>
      <trkpt lat="48.006431" lon="-4.054985">
        <ele>28.147760</ele>
        <time>2026-07-03T13:46:28.726Z</time>
      </trkpt>
      <trkpt lat="48.006436" lon="-4.054987">
        <ele>28.155315</ele>
        <time>2026-07-03T13:46:28.938Z</time>
      </trkpt>
      <trkpt lat="48.006444" lon="-4.054990">
        <ele>28.167354</ele>
        <time>2026-07-03T13:46:29.277Z</time>
      </trkpt>
      <trkpt lat="48.006452" lon="-4.054993">
        <ele>28.179394</ele>
        <time>2026-07-03T13:46:29.616Z</time>
      </trkpt>
      <trkpt lat="48.006464" lon="-4.054988">
        <ele>28.197578</ele>
        <time>2026-07-03T13:46:30.127Z</time>
      </trkpt>
      <trkpt lat="48.006475" lon="-4.054983">
        <ele>28.214360</ele>
        <time>2026-07-03T13:46:30.599Z</time>
      </trkpt>
      <trkpt lat="48.006486" lon="-4.054970">
        <ele>28.234830</ele>
        <time>2026-07-03T13:46:31.175Z</time>
      </trkpt>
      <trkpt lat="48.006496" lon="-4.054958">
        <ele>28.253549</ele>
        <time>2026-07-03T13:46:31.702Z</time>
      </trkpt>
      <trkpt lat="48.006510" lon="-4.054940">
        <ele>28.280505</ele>
        <time>2026-07-03T13:46:32.460Z</time>
      </trkpt>
      <trkpt lat="48.006523" lon="-4.054922">
        <ele>28.306371</ele>
        <time>2026-07-03T13:46:33.187Z</time>
      </trkpt>
      <trkpt lat="48.006539" lon="-4.054901">
        <ele>28.337453</ele>
        <time>2026-07-03T13:46:34.062Z</time>
      </trkpt>
      <trkpt lat="48.006555" lon="-4.054880">
        <ele>28.368534</ele>
        <time>2026-07-03T13:46:34.936Z</time>
      </trkpt>
      <trkpt lat="48.006572" lon="-4.054858">
        <ele>28.401357</ele>
        <time>2026-07-03T13:46:35.859Z</time>
      </trkpt>
      <trkpt lat="48.006588" lon="-4.054837">
        <ele>28.432439</ele>
        <time>2026-07-03T13:46:36.733Z</time>
      </trkpt>
      <trkpt lat="48.006604" lon="-4.054818">
        <ele>28.462267</ele>
        <time>2026-07-03T13:46:37.572Z</time>
      </trkpt>
      <trkpt lat="48.006620" lon="-4.054799">
        <ele>28.492096</ele>
        <time>2026-07-03T13:46:38.412Z</time>
      </trkpt>
      <trkpt lat="48.006634" lon="-4.054779">
        <ele>28.520364</ele>
        <time>2026-07-03T13:46:39.207Z</time>
      </trkpt>
      <trkpt lat="48.006649" lon="-4.054760">
        <ele>28.549064</ele>
        <time>2026-07-03T13:46:40.014Z</time>
      </trkpt>
      <trkpt lat="48.006662" lon="-4.054739">
        <ele>28.577005</ele>
        <time>2026-07-03T13:46:40.800Z</time>
      </trkpt>
      <trkpt lat="48.006675" lon="-4.054718">
        <ele>28.604946</ele>
        <time>2026-07-03T13:46:41.586Z</time>
      </trkpt>
      <trkpt lat="48.006686" lon="-4.054698">
        <ele>28.630230</ele>
        <time>2026-07-03T13:46:42.297Z</time>
      </trkpt>
      <trkpt lat="48.006696" lon="-4.054678">
        <ele>28.654613</ele>
        <time>2026-07-03T13:46:42.983Z</time>
      </trkpt>
      <trkpt lat="48.006701" lon="-4.054663">
        <ele>28.670980</ele>
        <time>2026-07-03T13:46:43.443Z</time>
      </trkpt>
      <trkpt lat="48.006706" lon="-4.054647">
        <ele>28.688226</ele>
        <time>2026-07-03T13:46:43.928Z</time>
      </trkpt>
      <trkpt lat="48.006706" lon="-4.054636">
        <ele>28.698968</ele>
        <time>2026-07-03T13:46:44.231Z</time>
      </trkpt>
      <trkpt lat="48.006707" lon="-4.054625">
        <ele>28.709809</ele>
        <time>2026-07-03T13:46:44.536Z</time>
      </trkpt>
      <trkpt lat="48.006705" lon="-4.054614">
        <ele>28.720941</ele>
        <time>2026-07-03T13:46:44.849Z</time>
      </trkpt>
      <trkpt lat="48.006703" lon="-4.054603">
        <ele>28.732074</ele>
        <time>2026-07-03T13:46:45.162Z</time>
      </trkpt>
      <trkpt lat="48.006700" lon="-4.054587">
        <ele>28.748301</ele>
        <time>2026-07-03T13:46:45.618Z</time>
      </trkpt>
      <trkpt lat="48.006698" lon="-4.054571">
        <ele>28.764197</ele>
        <time>2026-07-03T13:46:46.065Z</time>
      </trkpt>
      <trkpt lat="48.006697" lon="-4.054547">
        <ele>28.787680</ele>
        <time>2026-07-03T13:46:46.726Z</time>
      </trkpt>
      <trkpt lat="48.006696" lon="-4.054523">
        <ele>28.811164</ele>
        <time>2026-07-03T13:46:47.386Z</time>
      </trkpt>
      <trkpt lat="48.006698" lon="-4.054498">
        <ele>28.835753</ele>
        <time>2026-07-03T13:46:48.078Z</time>
      </trkpt>
      <trkpt lat="48.006700" lon="-4.054474">
        <ele>28.859372</ele>
        <time>2026-07-03T13:46:48.743Z</time>
      </trkpt>
      <trkpt lat="48.006708" lon="-4.054451">
        <ele>28.884688</ele>
        <time>2026-07-03T13:46:49.455Z</time>
      </trkpt>
      <trkpt lat="48.006715" lon="-4.054429">
        <ele>28.908478</ele>
        <time>2026-07-03T13:46:50.124Z</time>
      </trkpt>
      <trkpt lat="48.006728" lon="-4.054411">
        <ele>28.934345</ele>
        <time>2026-07-03T13:46:50.852Z</time>
      </trkpt>
      <trkpt lat="48.006741" lon="-4.054393">
        <ele>28.960212</ele>
        <time>2026-07-03T13:46:51.579Z</time>
      </trkpt>
      <trkpt lat="48.006757" lon="-4.054379">
        <ele>28.987274</ele>
        <time>2026-07-03T13:46:52.340Z</time>
      </trkpt>
      <trkpt lat="48.006772" lon="-4.054364">
        <ele>29.013618</ele>
        <time>2026-07-03T13:46:53.081Z</time>
      </trkpt>
      <trkpt lat="48.006788" lon="-4.054358">
        <ele>29.037697</ele>
        <time>2026-07-03T13:46:53.759Z</time>
      </trkpt>
      <trkpt lat="48.006803" lon="-4.054351">
        <ele>29.060634</ele>
        <time>2026-07-03T13:46:54.404Z</time>
      </trkpt>
      <trkpt lat="48.006817" lon="-4.054352">
        <ele>29.081093</ele>
        <time>2026-07-03T13:46:54.979Z</time>
      </trkpt>
      <trkpt lat="48.006831" lon="-4.054354">
        <ele>29.101622</ele>
        <time>2026-07-03T13:46:55.557Z</time>
      </trkpt>
      <trkpt lat="48.006843" lon="-4.054356">
        <ele>29.119247</ele>
        <time>2026-07-03T13:46:56.053Z</time>
      </trkpt>
      <trkpt lat="48.006856" lon="-4.054358">
        <ele>29.138323</ele>
        <time>2026-07-03T13:46:56.589Z</time>
      </trkpt>
      <trkpt lat="48.006866" lon="-4.054354">
        <ele>29.153433</ele>
        <time>2026-07-03T13:46:57.014Z</time>
      </trkpt>
      <trkpt lat="48.006876" lon="-4.054351">
        <ele>29.168321</ele>
        <time>2026-07-03T13:46:57.433Z</time>
      </trkpt>
      <trkpt lat="48.006883" lon="-4.054342">
        <ele>29.181799</ele>
        <time>2026-07-03T13:46:57.812Z</time>
      </trkpt>
      <trkpt lat="48.006891" lon="-4.054333">
        <ele>29.196414</ele>
        <time>2026-07-03T13:46:58.223Z</time>
      </trkpt>
      <trkpt lat="48.006899" lon="-4.054321">
        <ele>29.212958</ele>
        <time>2026-07-03T13:46:58.688Z</time>
      </trkpt>
      <trkpt lat="48.006907" lon="-4.054309">
        <ele>29.229502</ele>
        <time>2026-07-03T13:46:59.154Z</time>
      </trkpt>
      <trkpt lat="48.006918" lon="-4.054297">
        <ele>29.249380</ele>
        <time>2026-07-03T13:46:59.713Z</time>
      </trkpt>
      <trkpt lat="48.006930" lon="-4.054286">
        <ele>29.269928</ele>
        <time>2026-07-03T13:47:00.291Z</time>
      </trkpt>
      <trkpt lat="48.006941" lon="-4.054272">
        <ele>29.291017</ele>
        <time>2026-07-03T13:47:00.884Z</time>
      </trkpt>
      <trkpt lat="48.006953" lon="-4.054259">
        <ele>29.312650</ele>
        <time>2026-07-03T13:47:01.493Z</time>
      </trkpt>
      <trkpt lat="48.006963" lon="-4.054240">
        <ele>29.336259</ele>
        <time>2026-07-03T13:47:02.157Z</time>
      </trkpt>
      <trkpt lat="48.006973" lon="-4.054222">
        <ele>29.359108</ele>
        <time>2026-07-03T13:47:02.799Z</time>
      </trkpt>
      <trkpt lat="48.006981" lon="-4.054206">
        <ele>29.378614</ele>
        <time>2026-07-03T13:47:03.348Z</time>
      </trkpt>
      <trkpt lat="48.006989" lon="-4.054189">
        <ele>29.398912</ele>
        <time>2026-07-03T13:47:03.919Z</time>
      </trkpt>
      <trkpt lat="48.006995" lon="-4.054176">
        <ele>29.414335</ele>
        <time>2026-07-03T13:47:04.353Z</time>
      </trkpt>
      <trkpt lat="48.007001" lon="-4.054163">
        <ele>29.429759</ele>
        <time>2026-07-03T13:47:04.787Z</time>
      </trkpt>
      <trkpt lat="48.007006" lon="-4.054145">
        <ele>29.448792</ele>
        <time>2026-07-03T13:47:05.322Z</time>
      </trkpt>
      <trkpt lat="48.007011" lon="-4.054127">
        <ele>29.467826</ele>
        <time>2026-07-03T13:47:05.857Z</time>
      </trkpt>
      <trkpt lat="48.007018" lon="-4.054100">
        <ele>29.496104</ele>
        <time>2026-07-03T13:47:06.653Z</time>
      </trkpt>
      <trkpt lat="48.007025" lon="-4.054074">
        <ele>29.523474</ele>
        <time>2026-07-03T13:47:07.423Z</time>
      </trkpt>
      <trkpt lat="48.007035" lon="-4.054047">
        <ele>29.553612</ele>
        <time>2026-07-03T13:47:08.271Z</time>
      </trkpt>
      <trkpt lat="48.007045" lon="-4.054020">
        <ele>29.583751</ele>
        <time>2026-07-03T13:47:09.118Z</time>
      </trkpt>
      <trkpt lat="48.007056" lon="-4.053997">
        <ele>29.611361</ele>
        <time>2026-07-03T13:47:09.895Z</time>
      </trkpt>
      <trkpt lat="48.007067" lon="-4.053974">
        <ele>29.638971</ele>
        <time>2026-07-03T13:47:10.672Z</time>
      </trkpt>
      <trkpt lat="48.007079" lon="-4.053957">
        <ele>29.663105</ele>
        <time>2026-07-03T13:47:11.351Z</time>
      </trkpt>
      <trkpt lat="48.007091" lon="-4.053940">
        <ele>29.687239</ele>
        <time>2026-07-03T13:47:12.030Z</time>
      </trkpt>
      <trkpt lat="48.007105" lon="-4.053925">
        <ele>29.712382</ele>
        <time>2026-07-03T13:47:12.738Z</time>
      </trkpt>
      <trkpt lat="48.007119" lon="-4.053911">
        <ele>29.736969</ele>
        <time>2026-07-03T13:47:13.430Z</time>
      </trkpt>
      <trkpt lat="48.007133" lon="-4.053898">
        <ele>29.761027</ele>
        <time>2026-07-03T13:47:14.107Z</time>
      </trkpt>
      <trkpt lat="48.007147" lon="-4.053884">
        <ele>29.785615</ele>
        <time>2026-07-03T13:47:14.799Z</time>
      </trkpt>
      <trkpt lat="48.007161" lon="-4.053870">
        <ele>29.810202</ele>
        <time>2026-07-03T13:47:15.491Z</time>
      </trkpt>
      <trkpt lat="48.007174" lon="-4.053855">
        <ele>29.834174</ele>
        <time>2026-07-03T13:47:16.165Z</time>
      </trkpt>
      <trkpt lat="48.007186" lon="-4.053840">
        <ele>29.857009</ele>
        <time>2026-07-03T13:47:16.808Z</time>
      </trkpt>
      <trkpt lat="48.007199" lon="-4.053826">
        <ele>29.880397</ele>
        <time>2026-07-03T13:47:17.466Z</time>
      </trkpt>
      <trkpt lat="48.007211" lon="-4.053811">
        <ele>29.903231</ele>
        <time>2026-07-03T13:47:18.109Z</time>
      </trkpt>
      <trkpt lat="48.007224" lon="-4.053795">
        <ele>29.927812</ele>
        <time>2026-07-03T13:47:18.801Z</time>
      </trkpt>
      <trkpt lat="48.007239" lon="-4.053778">
        <ele>29.955290</ele>
        <time>2026-07-03T13:47:19.574Z</time>
      </trkpt>
      <trkpt lat="48.007254" lon="-4.053761">
        <ele>29.982767</ele>
        <time>2026-07-03T13:47:20.347Z</time>
      </trkpt>
      <trkpt lat="48.007270" lon="-4.053743">
        <ele>30.011998</ele>
        <time>2026-07-03T13:47:21.169Z</time>
      </trkpt>
      <trkpt lat="48.007286" lon="-4.053725">
        <ele>30.041229</ele>
        <time>2026-07-03T13:47:21.992Z</time>
      </trkpt>
      <trkpt lat="48.007302" lon="-4.053707">
        <ele>30.070460</ele>
        <time>2026-07-03T13:47:22.814Z</time>
      </trkpt>
      <trkpt lat="48.007318" lon="-4.053689">
        <ele>30.099691</ele>
        <time>2026-07-03T13:47:23.637Z</time>
      </trkpt>
      <trkpt lat="48.007334" lon="-4.053671">
        <ele>30.128922</ele>
        <time>2026-07-03T13:47:24.459Z</time>
      </trkpt>
      <trkpt lat="48.007350" lon="-4.053653">
        <ele>30.158153</ele>
        <time>2026-07-03T13:47:25.281Z</time>
      </trkpt>
      <trkpt lat="48.007366" lon="-4.053634">
        <ele>30.187982</ele>
        <time>2026-07-03T13:47:26.120Z</time>
      </trkpt>
      <trkpt lat="48.007382" lon="-4.053616">
        <ele>30.217213</ele>
        <time>2026-07-03T13:47:26.942Z</time>
      </trkpt>
      <trkpt lat="48.007398" lon="-4.053598">
        <ele>30.246444</ele>
        <time>2026-07-03T13:47:27.765Z</time>
      </trkpt>
      <trkpt lat="48.007414" lon="-4.053579">
        <ele>30.276272</ele>
        <time>2026-07-03T13:47:28.604Z</time>
      </trkpt>
      <trkpt lat="48.007428" lon="-4.053565">
        <ele>30.300859</ele>
        <time>2026-07-03T13:47:29.296Z</time>
      </trkpt>
      <trkpt lat="48.007442" lon="-4.053551">
        <ele>30.362860</ele>
        <time>2026-07-03T13:47:29.987Z</time>
      </trkpt>
      <trkpt lat="48.007453" lon="-4.053538">
        <ele>30.447614</ele>
        <time>2026-07-03T13:47:30.563Z</time>
      </trkpt>
      <trkpt lat="48.007465" lon="-4.053525">
        <ele>30.537187</ele>
        <time>2026-07-03T13:47:31.172Z</time>
      </trkpt>
      <trkpt lat="48.007476" lon="-4.053512">
        <ele>30.621940</ele>
        <time>2026-07-03T13:47:31.748Z</time>
      </trkpt>
      <trkpt lat="48.007487" lon="-4.053499">
        <ele>30.706694</ele>
        <time>2026-07-03T13:47:32.323Z</time>
      </trkpt>
      <trkpt lat="48.007499" lon="-4.053486">
        <ele>30.796267</ele>
        <time>2026-07-03T13:47:32.932Z</time>
      </trkpt>
      <trkpt lat="48.007510" lon="-4.053473">
        <ele>30.881020</ele>
        <time>2026-07-03T13:47:33.508Z</time>
      </trkpt>
      <trkpt lat="48.007521" lon="-4.053458">
        <ele>30.971013</ele>
        <time>2026-07-03T13:47:34.119Z</time>
      </trkpt>
      <trkpt lat="48.007533" lon="-4.053444">
        <ele>31.063017</ele>
        <time>2026-07-03T13:47:34.745Z</time>
      </trkpt>
      <trkpt lat="48.007545" lon="-4.053430">
        <ele>31.155022</ele>
        <time>2026-07-03T13:47:35.370Z</time>
      </trkpt>
      <trkpt lat="48.007556" lon="-4.053415">
        <ele>31.245015</ele>
        <time>2026-07-03T13:47:35.982Z</time>
      </trkpt>
      <trkpt lat="48.007567" lon="-4.053401">
        <ele>31.332334</ele>
        <time>2026-07-03T13:47:36.575Z</time>
      </trkpt>
      <trkpt lat="48.007577" lon="-4.053386">
        <ele>31.417959</ele>
        <time>2026-07-03T13:47:37.157Z</time>
      </trkpt>
      <trkpt lat="48.007589" lon="-4.053369">
        <ele>31.517886</ele>
        <time>2026-07-03T13:47:37.837Z</time>
      </trkpt>
      <trkpt lat="48.007600" lon="-4.053351">
        <ele>31.616463</ele>
        <time>2026-07-03T13:47:38.507Z</time>
      </trkpt>
      <trkpt lat="48.007610" lon="-4.053325">
        <ele>31.737729</ele>
        <time>2026-07-03T13:47:39.330Z</time>
      </trkpt>
      <trkpt lat="48.007620" lon="-4.053299">
        <ele>31.858996</ele>
        <time>2026-07-03T13:47:40.155Z</time>
      </trkpt>
      <trkpt lat="48.007623" lon="-4.053265">
        <ele>31.997667</ele>
        <time>2026-07-03T13:47:41.098Z</time>
      </trkpt>
      <trkpt lat="48.007627" lon="-4.053230">
        <ele>32.141241</ele>
        <time>2026-07-03T13:47:42.074Z</time>
      </trkpt>
      <trkpt lat="48.007623" lon="-4.053191">
        <ele>32.300782</ele>
        <time>2026-07-03T13:47:43.160Z</time>
      </trkpt>
      <trkpt lat="48.007619" lon="-4.053152">
        <ele>32.460323</ele>
        <time>2026-07-03T13:47:44.245Z</time>
      </trkpt>
      <trkpt lat="48.007611" lon="-4.053114">
        <ele>32.621405</ele>
        <time>2026-07-03T13:47:45.339Z</time>
      </trkpt>
      <trkpt lat="48.007604" lon="-4.053077">
        <ele>32.776883</ele>
        <time>2026-07-03T13:47:46.396Z</time>
      </trkpt>
      <trkpt lat="48.007596" lon="-4.053044">
        <ele>32.918810</ele>
        <time>2026-07-03T13:47:47.362Z</time>
      </trkpt>
      <trkpt lat="48.007588" lon="-4.053012">
        <ele>33.056943</ele>
        <time>2026-07-03T13:47:48.302Z</time>
      </trkpt>
      <trkpt lat="48.007580" lon="-4.052990">
        <ele>33.158192</ele>
        <time>2026-07-03T13:47:48.992Z</time>
      </trkpt>
      <trkpt lat="48.007573" lon="-4.052969">
        <ele>33.253062</ele>
        <time>2026-07-03T13:47:49.638Z</time>
      </trkpt>
      <trkpt lat="48.007564" lon="-4.052955">
        <ele>33.331570</ele>
        <time>2026-07-03T13:47:50.172Z</time>
      </trkpt>
      <trkpt lat="48.007555" lon="-4.052941">
        <ele>33.410077</ele>
        <time>2026-07-03T13:47:50.706Z</time>
      </trkpt>
      <trkpt lat="48.007545" lon="-4.052930">
        <ele>33.485119</ele>
        <time>2026-07-03T13:47:51.216Z</time>
      </trkpt>
      <trkpt lat="48.007535" lon="-4.052919">
        <ele>33.560160</ele>
        <time>2026-07-03T13:47:51.726Z</time>
      </trkpt>
      <trkpt lat="48.007524" lon="-4.052913">
        <ele>33.630932</ele>
        <time>2026-07-03T13:47:52.207Z</time>
      </trkpt>
      <trkpt lat="48.007514" lon="-4.052906">
        <ele>33.697670</ele>
        <time>2026-07-03T13:47:52.661Z</time>
      </trkpt>
      <trkpt lat="48.007504" lon="-4.052902">
        <ele>33.760236</ele>
        <time>2026-07-03T13:47:53.087Z</time>
      </trkpt>
      <trkpt lat="48.007494" lon="-4.052899">
        <ele>33.821880</ele>
        <time>2026-07-03T13:47:53.506Z</time>
      </trkpt>
      <trkpt lat="48.007485" lon="-4.052897">
        <ele>33.876873</ele>
        <time>2026-07-03T13:47:53.880Z</time>
      </trkpt>
      <trkpt lat="48.007476" lon="-4.052896">
        <ele>33.931418</ele>
        <time>2026-07-03T13:47:54.252Z</time>
      </trkpt>
      <trkpt lat="48.007467" lon="-4.052896">
        <ele>33.985812</ele>
        <time>2026-07-03T13:47:54.622Z</time>
      </trkpt>
      <trkpt lat="48.007457" lon="-4.052897">
        <ele>34.046386</ele>
        <time>2026-07-03T13:47:55.035Z</time>
      </trkpt>
      <trkpt lat="48.007448" lon="-4.052899">
        <ele>34.101379</ele>
        <time>2026-07-03T13:47:55.409Z</time>
      </trkpt>
      <trkpt lat="48.007440" lon="-4.052901">
        <ele>34.150402</ele>
        <time>2026-07-03T13:47:55.743Z</time>
      </trkpt>
      <trkpt lat="48.007432" lon="-4.052903">
        <ele>34.199424</ele>
        <time>2026-07-03T13:47:56.077Z</time>
      </trkpt>
      <trkpt lat="48.007424" lon="-4.052906">
        <ele>34.249274</ele>
        <time>2026-07-03T13:47:56.416Z</time>
      </trkpt>
      <trkpt lat="48.007414" lon="-4.052906">
        <ele>34.309713</ele>
        <time>2026-07-03T13:47:56.828Z</time>
      </trkpt>
      <trkpt lat="48.007404" lon="-4.052906">
        <ele>34.370152</ele>
        <time>2026-07-03T13:47:57.239Z</time>
      </trkpt>
      <trkpt lat="48.007400" lon="-4.052906">
        <ele>34.394327</ele>
        <time>2026-07-03T13:47:57.403Z</time>
      </trkpt>
      <trkpt lat="48.007396" lon="-4.052907">
        <ele>34.418838</ele>
        <time>2026-07-03T13:47:57.570Z</time>
      </trkpt>
      <trkpt lat="48.007392" lon="-4.052907">
        <ele>34.443014</ele>
        <time>2026-07-03T13:47:57.734Z</time>
      </trkpt>
      <trkpt lat="48.007388" lon="-4.052907">
        <ele>34.467189</ele>
        <time>2026-07-03T13:47:57.898Z</time>
      </trkpt>
      <trkpt lat="48.007384" lon="-4.052907">
        <ele>34.491365</ele>
        <time>2026-07-03T13:47:58.063Z</time>
      </trkpt>
      <trkpt lat="48.007379" lon="-4.052906">
        <ele>34.521854</ele>
        <time>2026-07-03T13:47:58.270Z</time>
      </trkpt>
      <trkpt lat="48.007374" lon="-4.052906">
        <ele>34.552073</ele>
        <time>2026-07-03T13:47:58.475Z</time>
      </trkpt>
      <trkpt lat="48.007369" lon="-4.052901">
        <ele>34.588432</ele>
        <time>2026-07-03T13:47:58.722Z</time>
      </trkpt>
      <trkpt lat="48.007364" lon="-4.052897">
        <ele>34.622708</ele>
        <time>2026-07-03T13:47:58.956Z</time>
      </trkpt>
      <trkpt lat="48.007359" lon="-4.052885">
        <ele>34.679871</ele>
        <time>2026-07-03T13:47:59.345Z</time>
      </trkpt>
      <trkpt lat="48.007354" lon="-4.052872">
        <ele>34.740505</ele>
        <time>2026-07-03T13:47:59.757Z</time>
      </trkpt>
      <trkpt lat="48.007349" lon="-4.052858">
        <ele>34.804676</ele>
        <time>2026-07-03T13:48:00.194Z</time>
      </trkpt>
      <trkpt lat="48.007345" lon="-4.052843">
        <ele>34.869970</ele>
        <time>2026-07-03T13:48:00.639Z</time>
      </trkpt>
      <trkpt lat="48.007345" lon="-4.052829">
        <ele>34.926580</ele>
        <time>2026-07-03T13:48:01.025Z</time>
      </trkpt>
      <trkpt lat="48.007344" lon="-4.052816">
        <ele>34.979492</ele>
        <time>2026-07-03T13:48:01.386Z</time>
      </trkpt>
      <trkpt lat="48.007348" lon="-4.052803">
        <ele>35.037351</ele>
        <time>2026-07-03T13:48:01.780Z</time>
      </trkpt>
      <trkpt lat="48.007351" lon="-4.052790">
        <ele>35.092957</ele>
        <time>2026-07-03T13:48:02.159Z</time>
      </trkpt>
      <trkpt lat="48.007357" lon="-4.052778">
        <ele>35.153533</ele>
        <time>2026-07-03T13:48:02.572Z</time>
      </trkpt>
      <trkpt lat="48.007363" lon="-4.052766">
        <ele>35.214110</ele>
        <time>2026-07-03T13:48:02.985Z</time>
      </trkpt>
      <trkpt lat="48.007370" lon="-4.052755">
        <ele>35.275496</ele>
        <time>2026-07-03T13:48:03.402Z</time>
      </trkpt>
      <trkpt lat="48.007377" lon="-4.052744">
        <ele>35.336883</ele>
        <time>2026-07-03T13:48:03.820Z</time>
      </trkpt>
      <trkpt lat="48.007383" lon="-4.052735">
        <ele>35.388258</ele>
        <time>2026-07-03T13:48:04.169Z</time>
      </trkpt>
      <trkpt lat="48.007388" lon="-4.052725">
        <ele>35.438738</ele>
        <time>2026-07-03T13:48:04.513Z</time>
      </trkpt>
      <trkpt lat="48.007391" lon="-4.052715">
        <ele>35.483053</ele>
        <time>2026-07-03T13:48:04.814Z</time>
      </trkpt>
      <trkpt lat="48.007393" lon="-4.052706">
        <ele>35.521400</ele>
        <time>2026-07-03T13:48:05.075Z</time>
      </trkpt>
      <trkpt lat="48.007394" lon="-4.052699">
        <ele>35.550343</ele>
        <time>2026-07-03T13:48:05.272Z</time>
      </trkpt>
      <trkpt lat="48.007394" lon="-4.052693">
        <ele>35.574604</ele>
        <time>2026-07-03T13:48:05.437Z</time>
      </trkpt>
      <trkpt lat="48.007395" lon="-4.052682">
        <ele>35.619492</ele>
        <time>2026-07-03T13:48:05.743Z</time>
      </trkpt>
      <trkpt lat="48.007395" lon="-4.052672">
        <ele>35.659928</ele>
        <time>2026-07-03T13:48:06.018Z</time>
      </trkpt>
      <trkpt lat="48.007395" lon="-4.052663">
        <ele>35.696320</ele>
        <time>2026-07-03T13:48:06.266Z</time>
      </trkpt>
      <trkpt lat="48.007396" lon="-4.052653">
        <ele>35.737205</ele>
        <time>2026-07-03T13:48:06.545Z</time>
      </trkpt>
      <trkpt lat="48.007399" lon="-4.052643">
        <ele>35.781519</ele>
        <time>2026-07-03T13:48:06.847Z</time>
      </trkpt>
      <trkpt lat="48.007401" lon="-4.052633">
        <ele>35.823723</ele>
        <time>2026-07-03T13:48:07.135Z</time>
      </trkpt>
      <trkpt lat="48.007406" lon="-4.052622">
        <ele>35.877497</ele>
        <time>2026-07-03T13:48:07.502Z</time>
      </trkpt>
      <trkpt lat="48.007410" lon="-4.052611">
        <ele>35.928121</ele>
        <time>2026-07-03T13:48:07.847Z</time>
      </trkpt>
      <trkpt lat="48.007416" lon="-4.052599">
        <ele>35.988698</ele>
        <time>2026-07-03T13:48:08.260Z</time>
      </trkpt>
      <trkpt lat="48.007421" lon="-4.052587">
        <ele>36.045861</ele>
        <time>2026-07-03T13:48:08.650Z</time>
      </trkpt>
      <trkpt lat="48.007427" lon="-4.052574">
        <ele>36.109722</ele>
        <time>2026-07-03T13:48:09.086Z</time>
      </trkpt>
      <trkpt lat="48.007433" lon="-4.052562">
        <ele>36.170299</ele>
        <time>2026-07-03T13:48:09.499Z</time>
      </trkpt>
      <trkpt lat="48.007441" lon="-4.052549">
        <ele>36.241720</ele>
        <time>2026-07-03T13:48:09.985Z</time>
      </trkpt>
      <trkpt lat="48.007448" lon="-4.052537">
        <ele>36.306097</ele>
        <time>2026-07-03T13:48:10.423Z</time>
      </trkpt>
      <trkpt lat="48.007457" lon="-4.052511">
        <ele>36.424468</ele>
        <time>2026-07-03T13:48:11.228Z</time>
      </trkpt>
      <trkpt lat="48.007455" lon="-4.052499">
        <ele>36.474473</ele>
        <time>2026-07-03T13:48:11.568Z</time>
      </trkpt>
      <trkpt lat="48.007454" lon="-4.052487">
        <ele>36.523371</ele>
        <time>2026-07-03T13:48:11.901Z</time>
      </trkpt>
      <trkpt lat="48.007453" lon="-4.052475">
        <ele>36.572269</ele>
        <time>2026-07-03T13:48:12.234Z</time>
      </trkpt>
      <trkpt lat="48.007451" lon="-4.052463">
        <ele>36.622274</ele>
        <time>2026-07-03T13:48:12.575Z</time>
      </trkpt>
      <trkpt lat="48.007450" lon="-4.052451">
        <ele>36.671172</ele>
        <time>2026-07-03T13:48:12.908Z</time>
      </trkpt>
      <trkpt lat="48.007449" lon="-4.052439">
        <ele>36.720070</ele>
        <time>2026-07-03T13:48:13.242Z</time>
      </trkpt>
      <trkpt lat="48.007448" lon="-4.052427">
        <ele>36.768967</ele>
        <time>2026-07-03T13:48:13.575Z</time>
      </trkpt>
      <trkpt lat="48.007446" lon="-4.052415">
        <ele>36.818973</ele>
        <time>2026-07-03T13:48:13.916Z</time>
      </trkpt>
      <trkpt lat="48.007445" lon="-4.052403">
        <ele>36.867871</ele>
        <time>2026-07-03T13:48:14.250Z</time>
      </trkpt>
      <trkpt lat="48.007444" lon="-4.052391">
        <ele>36.916768</ele>
        <time>2026-07-03T13:48:14.583Z</time>
      </trkpt>
      <trkpt lat="48.007442" lon="-4.052379">
        <ele>36.966774</ele>
        <time>2026-07-03T13:48:14.925Z</time>
      </trkpt>
      <trkpt lat="48.007441" lon="-4.052367">
        <ele>37.015672</ele>
        <time>2026-07-03T13:48:15.259Z</time>
      </trkpt>
      <trkpt lat="48.007440" lon="-4.052355">
        <ele>37.064569</ele>
        <time>2026-07-03T13:48:15.592Z</time>
      </trkpt>
      <trkpt lat="48.007438" lon="-4.052342">
        <ele>37.118508</ele>
        <time>2026-07-03T13:48:15.960Z</time>
      </trkpt>
      <trkpt lat="48.007437" lon="-4.052330">
        <ele>37.167405</ele>
        <time>2026-07-03T13:48:16.293Z</time>
      </trkpt>
      <trkpt lat="48.007436" lon="-4.052318">
        <ele>37.216303</ele>
        <time>2026-07-03T13:48:16.626Z</time>
      </trkpt>
      <trkpt lat="48.007435" lon="-4.052306">
        <ele>37.265201</ele>
        <time>2026-07-03T13:48:16.959Z</time>
      </trkpt>
      <trkpt lat="48.007433" lon="-4.052294">
        <ele>37.315206</ele>
        <time>2026-07-03T13:48:17.299Z</time>
      </trkpt>
      <trkpt lat="48.007432" lon="-4.052282">
        <ele>37.364104</ele>
        <time>2026-07-03T13:48:17.632Z</time>
      </trkpt>
      <trkpt lat="48.007431" lon="-4.052270">
        <ele>37.413002</ele>
        <time>2026-07-03T13:48:17.965Z</time>
      </trkpt>
      <trkpt lat="48.007429" lon="-4.052258">
        <ele>37.463008</ele>
        <time>2026-07-03T13:48:18.306Z</time>
      </trkpt>
      <trkpt lat="48.007428" lon="-4.052246">
        <ele>37.511905</ele>
        <time>2026-07-03T13:48:18.639Z</time>
      </trkpt>
      <trkpt lat="48.007427" lon="-4.052234">
        <ele>37.560803</ele>
        <time>2026-07-03T13:48:18.972Z</time>
      </trkpt>
      <trkpt lat="48.007425" lon="-4.052222">
        <ele>37.610809</ele>
        <time>2026-07-03T13:48:19.313Z</time>
      </trkpt>
      <trkpt lat="48.007424" lon="-4.052210">
        <ele>37.659706</ele>
        <time>2026-07-03T13:48:19.647Z</time>
      </trkpt>
      <trkpt lat="48.007423" lon="-4.052198">
        <ele>37.708604</ele>
        <time>2026-07-03T13:48:19.980Z</time>
      </trkpt>
      <trkpt lat="48.007422" lon="-4.052186">
        <ele>37.757502</ele>
        <time>2026-07-03T13:48:20.314Z</time>
      </trkpt>
      <trkpt lat="48.007420" lon="-4.052174">
        <ele>37.807507</ele>
        <time>2026-07-03T13:48:20.655Z</time>
      </trkpt>
      <trkpt lat="48.007419" lon="-4.052162">
        <ele>37.856405</ele>
        <time>2026-07-03T13:48:20.989Z</time>
      </trkpt>
      <trkpt lat="48.007418" lon="-4.052150">
        <ele>37.905303</ele>
        <time>2026-07-03T13:48:21.323Z</time>
      </trkpt>
      <trkpt lat="48.007416" lon="-4.052138">
        <ele>37.955309</ele>
        <time>2026-07-03T13:48:21.664Z</time>
      </trkpt>
      <trkpt lat="48.007415" lon="-4.052126">
        <ele>38.004206</ele>
        <time>2026-07-03T13:48:21.997Z</time>
      </trkpt>
      <trkpt lat="48.007414" lon="-4.052114">
        <ele>38.053104</ele>
        <time>2026-07-03T13:48:22.331Z</time>
      </trkpt>
      <trkpt lat="48.007412" lon="-4.052102">
        <ele>38.103110</ele>
        <time>2026-07-03T13:48:22.671Z</time>
      </trkpt>
      <trkpt lat="48.007411" lon="-4.052090">
        <ele>38.152007</ele>
        <time>2026-07-03T13:48:23.004Z</time>
      </trkpt>
      <trkpt lat="48.007410" lon="-4.052078">
        <ele>38.200905</ele>
        <time>2026-07-03T13:48:23.337Z</time>
      </trkpt>
      <trkpt lat="48.007409" lon="-4.052066">
        <ele>38.249803</ele>
        <time>2026-07-03T13:48:23.669Z</time>
      </trkpt>
      <trkpt lat="48.007407" lon="-4.052054">
        <ele>38.299809</ele>
        <time>2026-07-03T13:48:24.010Z</time>
      </trkpt>
      <trkpt lat="48.007406" lon="-4.052042">
        <ele>38.348706</ele>
        <time>2026-07-03T13:48:24.343Z</time>
      </trkpt>
      <trkpt lat="48.007405" lon="-4.052030">
        <ele>38.397604</ele>
        <time>2026-07-03T13:48:24.676Z</time>
      </trkpt>
      <trkpt lat="48.007403" lon="-4.052018">
        <ele>38.447610</ele>
        <time>2026-07-03T13:48:25.017Z</time>
      </trkpt>
      <trkpt lat="48.007402" lon="-4.052006">
        <ele>38.496507</ele>
        <time>2026-07-03T13:48:25.350Z</time>
      </trkpt>
      <trkpt lat="48.007401" lon="-4.051993">
        <ele>38.549420</ele>
        <time>2026-07-03T13:48:25.711Z</time>
      </trkpt>
      <trkpt lat="48.007399" lon="-4.051981">
        <ele>38.599426</ele>
        <time>2026-07-03T13:48:26.051Z</time>
      </trkpt>
      <trkpt lat="48.007398" lon="-4.051969">
        <ele>38.648324</ele>
        <time>2026-07-03T13:48:26.385Z</time>
      </trkpt>
      <trkpt lat="48.007397" lon="-4.051957">
        <ele>38.697221</ele>
        <time>2026-07-03T13:48:26.718Z</time>
      </trkpt>
      <trkpt lat="48.007396" lon="-4.051945">
        <ele>38.746119</ele>
        <time>2026-07-03T13:48:27.052Z</time>
      </trkpt>
      <trkpt lat="48.007394" lon="-4.051933">
        <ele>38.796125</ele>
        <time>2026-07-03T13:48:27.393Z</time>
      </trkpt>
      <trkpt lat="48.007393" lon="-4.051921">
        <ele>38.845022</ele>
        <time>2026-07-03T13:48:27.726Z</time>
      </trkpt>
      <trkpt lat="48.007392" lon="-4.051909">
        <ele>38.893920</ele>
        <time>2026-07-03T13:48:28.059Z</time>
      </trkpt>
      <trkpt lat="48.007390" lon="-4.051897">
        <ele>38.943926</ele>
        <time>2026-07-03T13:48:28.400Z</time>
      </trkpt>
      <trkpt lat="48.007389" lon="-4.051885">
        <ele>38.992824</ele>
        <time>2026-07-03T13:48:28.733Z</time>
      </trkpt>
      <trkpt lat="48.007388" lon="-4.051873">
        <ele>39.041721</ele>
        <time>2026-07-03T13:48:29.066Z</time>
      </trkpt>
      <trkpt lat="48.007386" lon="-4.051861">
        <ele>39.091727</ele>
        <time>2026-07-03T13:48:29.406Z</time>
      </trkpt>
      <trkpt lat="48.007385" lon="-4.051849">
        <ele>39.140625</ele>
        <time>2026-07-03T13:48:29.738Z</time>
      </trkpt>
      <trkpt lat="48.007384" lon="-4.051837">
        <ele>39.189523</ele>
        <time>2026-07-03T13:48:30.071Z</time>
      </trkpt>
      <trkpt lat="48.007383" lon="-4.051825">
        <ele>39.238420</ele>
        <time>2026-07-03T13:48:30.404Z</time>
      </trkpt>
      <trkpt lat="48.007381" lon="-4.051813">
        <ele>39.288426</ele>
        <time>2026-07-03T13:48:30.744Z</time>
      </trkpt>
      <trkpt lat="48.007380" lon="-4.051801">
        <ele>39.337324</ele>
        <time>2026-07-03T13:48:31.077Z</time>
      </trkpt>
      <trkpt lat="48.007379" lon="-4.051789">
        <ele>39.386222</ele>
        <time>2026-07-03T13:48:31.411Z</time>
      </trkpt>
      <trkpt lat="48.007377" lon="-4.051777">
        <ele>39.436227</ele>
        <time>2026-07-03T13:48:31.751Z</time>
      </trkpt>
      <trkpt lat="48.007376" lon="-4.051765">
        <ele>39.485125</ele>
        <time>2026-07-03T13:48:32.084Z</time>
      </trkpt>
      <trkpt lat="48.007375" lon="-4.051753">
        <ele>39.534023</ele>
        <time>2026-07-03T13:48:32.417Z</time>
      </trkpt>
      <trkpt lat="48.007373" lon="-4.051741">
        <ele>39.584029</ele>
        <time>2026-07-03T13:48:32.759Z</time>
      </trkpt>
      <trkpt lat="48.007372" lon="-4.051729">
        <ele>39.632926</ele>
        <time>2026-07-03T13:48:33.092Z</time>
      </trkpt>
      <trkpt lat="48.007371" lon="-4.051717">
        <ele>39.681824</ele>
        <time>2026-07-03T13:48:33.425Z</time>
      </trkpt>
      <trkpt lat="48.007370" lon="-4.051705">
        <ele>39.730722</ele>
        <time>2026-07-03T13:48:33.758Z</time>
      </trkpt>
      <trkpt lat="48.007368" lon="-4.051693">
        <ele>39.780728</ele>
        <time>2026-07-03T13:48:34.099Z</time>
      </trkpt>
      <trkpt lat="48.007367" lon="-4.051681">
        <ele>39.829625</ele>
        <time>2026-07-03T13:48:34.432Z</time>
      </trkpt>
      <trkpt lat="48.007366" lon="-4.051669">
        <ele>39.878523</ele>
        <time>2026-07-03T13:48:34.765Z</time>
      </trkpt>
      <trkpt lat="48.007364" lon="-4.051657">
        <ele>39.928529</ele>
        <time>2026-07-03T13:48:35.105Z</time>
      </trkpt>
      <trkpt lat="48.007363" lon="-4.051644">
        <ele>39.981441</ele>
        <time>2026-07-03T13:48:35.465Z</time>
      </trkpt>
      <trkpt lat="48.007357" lon="-4.051637">
        <ele>40.027444</ele>
        <time>2026-07-03T13:48:35.778Z</time>
      </trkpt>
      <trkpt lat="48.007351" lon="-4.051629">
        <ele>40.076038</ele>
        <time>2026-07-03T13:48:36.108Z</time>
      </trkpt>
      <trkpt lat="48.007346" lon="-4.051622">
        <ele>40.117444</ele>
        <time>2026-07-03T13:48:36.390Z</time>
      </trkpt>
      <trkpt lat="48.007341" lon="-4.051615">
        <ele>40.158849</ele>
        <time>2026-07-03T13:48:36.672Z</time>
      </trkpt>
      <trkpt lat="48.007337" lon="-4.051607">
        <ele>40.199233</ele>
        <time>2026-07-03T13:48:36.947Z</time>
      </trkpt>
      <trkpt lat="48.007332" lon="-4.051600">
        <ele>40.240638</ele>
        <time>2026-07-03T13:48:37.228Z</time>
      </trkpt>
      <trkpt lat="48.007328" lon="-4.051593">
        <ele>40.277862</ele>
        <time>2026-07-03T13:48:37.482Z</time>
      </trkpt>
      <trkpt lat="48.007324" lon="-4.051585">
        <ele>40.318246</ele>
        <time>2026-07-03T13:48:37.757Z</time>
      </trkpt>
      <trkpt lat="48.007320" lon="-4.051579">
        <ele>40.352496</ele>
        <time>2026-07-03T13:48:37.990Z</time>
      </trkpt>
      <trkpt lat="48.007316" lon="-4.051572">
        <ele>40.389720</ele>
        <time>2026-07-03T13:48:38.243Z</time>
      </trkpt>
      <trkpt lat="48.007312" lon="-4.051567">
        <ele>40.421236</ele>
        <time>2026-07-03T13:48:38.458Z</time>
      </trkpt>
      <trkpt lat="48.007307" lon="-4.051561">
        <ele>40.459989</ele>
        <time>2026-07-03T13:48:38.722Z</time>
      </trkpt>
      <trkpt lat="48.007302" lon="-4.051556">
        <ele>40.496348</ele>
        <time>2026-07-03T13:48:38.969Z</time>
      </trkpt>
      <trkpt lat="48.007297" lon="-4.051551">
        <ele>40.532707</ele>
        <time>2026-07-03T13:48:39.217Z</time>
      </trkpt>
      <trkpt lat="48.007293" lon="-4.051546">
        <ele>40.564222</ele>
        <time>2026-07-03T13:48:39.432Z</time>
      </trkpt>
      <trkpt lat="48.007288" lon="-4.051541">
        <ele>40.600581</ele>
        <time>2026-07-03T13:48:39.679Z</time>
      </trkpt>
      <trkpt lat="48.007284" lon="-4.051535">
        <ele>40.634831</ele>
        <time>2026-07-03T13:48:39.912Z</time>
      </trkpt>
      <trkpt lat="48.007280" lon="-4.051529">
        <ele>40.669082</ele>
        <time>2026-07-03T13:48:40.146Z</time>
      </trkpt>
      <trkpt lat="48.007275" lon="-4.051523">
        <ele>40.707835</ele>
        <time>2026-07-03T13:48:40.410Z</time>
      </trkpt>
      <trkpt lat="48.007271" lon="-4.051517">
        <ele>40.742085</ele>
        <time>2026-07-03T13:48:40.643Z</time>
      </trkpt>
      <trkpt lat="48.007266" lon="-4.051511">
        <ele>40.780839</ele>
        <time>2026-07-03T13:48:40.906Z</time>
      </trkpt>
      <trkpt lat="48.007261" lon="-4.051506">
        <ele>40.817198</ele>
        <time>2026-07-03T13:48:41.154Z</time>
      </trkpt>
      <trkpt lat="48.007256" lon="-4.051500">
        <ele>40.855951</ele>
        <time>2026-07-03T13:48:41.417Z</time>
      </trkpt>
      <trkpt lat="48.007251" lon="-4.051493">
        <ele>40.897356</ele>
        <time>2026-07-03T13:48:41.699Z</time>
      </trkpt>
      <trkpt lat="48.007248" lon="-4.051489">
        <ele>40.921654</ele>
        <time>2026-07-03T13:48:41.864Z</time>
      </trkpt>
      <trkpt lat="48.007246" lon="-4.051485">
        <ele>40.941846</ele>
        <time>2026-07-03T13:48:42.001Z</time>
      </trkpt>
      <trkpt lat="48.007241" lon="-4.051476">
        <ele>40.989149</ele>
        <time>2026-07-03T13:48:42.323Z</time>
      </trkpt>
      <trkpt lat="48.007236" lon="-4.051468">
        <ele>41.033417</ele>
        <time>2026-07-03T13:48:42.624Z</time>
      </trkpt>
      <trkpt lat="48.007232" lon="-4.051460">
        <ele>41.073801</ele>
        <time>2026-07-03T13:48:42.898Z</time>
      </trkpt>
      <trkpt lat="48.007227" lon="-4.051453">
        <ele>41.115206</ele>
        <time>2026-07-03T13:48:43.180Z</time>
      </trkpt>
      <trkpt lat="48.007224" lon="-4.051445">
        <ele>41.152290</ele>
        <time>2026-07-03T13:48:43.432Z</time>
      </trkpt>
      <trkpt lat="48.007222" lon="-4.051437">
        <ele>41.184622</ele>
        <time>2026-07-03T13:48:43.667Z</time>
      </trkpt>
      <trkpt lat="48.007221" lon="-4.051429">
        <ele>41.188650</ele>
        <time>2026-07-03T13:48:43.891Z</time>
      </trkpt>
      <trkpt lat="48.007220" lon="-4.051420">
        <ele>41.193166</ele>
        <time>2026-07-03T13:48:44.142Z</time>
      </trkpt>
      <trkpt lat="48.007219" lon="-4.051410">
        <ele>41.198171</ele>
        <time>2026-07-03T13:48:44.420Z</time>
      </trkpt>
      <trkpt lat="48.007219" lon="-4.051400">
        <ele>41.203120</ele>
        <time>2026-07-03T13:48:44.695Z</time>
      </trkpt>
      <trkpt lat="48.007219" lon="-4.051388">
        <ele>41.209060</ele>
        <time>2026-07-03T13:48:45.025Z</time>
      </trkpt>
      <trkpt lat="48.007219" lon="-4.051377">
        <ele>41.214505</ele>
        <time>2026-07-03T13:48:45.328Z</time>
      </trkpt>
      <trkpt lat="48.007220" lon="-4.051366">
        <ele>41.220000</ele>
        <time>2026-07-03T13:48:45.633Z</time>
      </trkpt>
      <trkpt lat="48.007221" lon="-4.051356">
        <ele>41.225005</ele>
        <time>2026-07-03T13:48:45.911Z</time>
      </trkpt>
      <trkpt lat="48.007223" lon="-4.051345">
        <ele>41.230647</ele>
        <time>2026-07-03T13:48:46.225Z</time>
      </trkpt>
      <trkpt lat="48.007225" lon="-4.051334">
        <ele>41.236289</ele>
        <time>2026-07-03T13:48:46.539Z</time>
      </trkpt>
      <trkpt lat="48.007229" lon="-4.051322">
        <ele>41.242926</ele>
        <time>2026-07-03T13:48:46.908Z</time>
      </trkpt>
      <trkpt lat="48.007233" lon="-4.051311">
        <ele>41.249123</ele>
        <time>2026-07-03T13:48:47.252Z</time>
      </trkpt>
      <trkpt lat="48.007241" lon="-4.051299">
        <ele>41.257508</ele>
        <time>2026-07-03T13:48:47.718Z</time>
      </trkpt>
      <trkpt lat="48.007249" lon="-4.051286">
        <ele>41.266251</ele>
        <time>2026-07-03T13:48:48.204Z</time>
      </trkpt>
      <trkpt lat="48.007258" lon="-4.051272">
        <ele>41.275861</ele>
        <time>2026-07-03T13:48:48.737Z</time>
      </trkpt>
      <trkpt lat="48.007267" lon="-4.051258">
        <ele>41.285472</ele>
        <time>2026-07-03T13:48:49.271Z</time>
      </trkpt>
      <trkpt lat="48.007278" lon="-4.051244">
        <ele>41.296161</ele>
        <time>2026-07-03T13:48:49.865Z</time>
      </trkpt>
      <trkpt lat="48.007288" lon="-4.051229">
        <ele>41.306642</ele>
        <time>2026-07-03T13:48:50.447Z</time>
      </trkpt>
      <trkpt lat="48.007300" lon="-4.051215">
        <ele>41.317905</ele>
        <time>2026-07-03T13:48:51.072Z</time>
      </trkpt>
      <trkpt lat="48.007312" lon="-4.051201">
        <ele>41.329167</ele>
        <time>2026-07-03T13:48:51.698Z</time>
      </trkpt>
      <trkpt lat="48.007324" lon="-4.051187">
        <ele>41.340430</ele>
        <time>2026-07-03T13:48:52.324Z</time>
      </trkpt>
      <trkpt lat="48.007335" lon="-4.051173">
        <ele>41.351119</ele>
        <time>2026-07-03T13:48:52.918Z</time>
      </trkpt>
      <trkpt lat="48.007346" lon="-4.051158">
        <ele>41.362135</ele>
        <time>2026-07-03T13:48:53.531Z</time>
      </trkpt>
      <trkpt lat="48.007357" lon="-4.051143">
        <ele>41.373151</ele>
        <time>2026-07-03T13:48:54.143Z</time>
      </trkpt>
      <trkpt lat="48.007367" lon="-4.051128">
        <ele>41.383633</ele>
        <time>2026-07-03T13:48:54.725Z</time>
      </trkpt>
      <trkpt lat="48.007378" lon="-4.051113">
        <ele>41.394649</ele>
        <time>2026-07-03T13:48:55.337Z</time>
      </trkpt>
      <trkpt lat="48.007389" lon="-4.051097">
        <ele>41.406005</ele>
        <time>2026-07-03T13:48:55.968Z</time>
      </trkpt>
      <trkpt lat="48.007400" lon="-4.051082">
        <ele>41.417021</ele>
        <time>2026-07-03T13:48:56.580Z</time>
      </trkpt>
      <trkpt lat="48.007410" lon="-4.051065">
        <ele>41.428226</ele>
        <time>2026-07-03T13:48:57.202Z</time>
      </trkpt>
      <trkpt lat="48.007420" lon="-4.051049">
        <ele>41.439064</ele>
        <time>2026-07-03T13:48:57.804Z</time>
      </trkpt>
      <trkpt lat="48.007428" lon="-4.051030">
        <ele>41.450176</ele>
        <time>2026-07-03T13:48:58.422Z</time>
      </trkpt>
      <trkpt lat="48.007435" lon="-4.051012">
        <ele>41.460481</ele>
        <time>2026-07-03T13:48:58.995Z</time>
      </trkpt>
      <trkpt lat="48.007440" lon="-4.050993">
        <ele>41.470587</ele>
        <time>2026-07-03T13:48:59.558Z</time>
      </trkpt>
      <trkpt lat="48.007446" lon="-4.050974">
        <ele>41.480987</ele>
        <time>2026-07-03T13:49:00.136Z</time>
      </trkpt>
      <trkpt lat="48.007453" lon="-4.050956">
        <ele>41.491293</ele>
        <time>2026-07-03T13:49:00.709Z</time>
      </trkpt>
      <trkpt lat="48.007461" lon="-4.050938">
        <ele>41.501989</ele>
        <time>2026-07-03T13:49:01.303Z</time>
      </trkpt>
      <trkpt lat="48.007472" lon="-4.050917">
        <ele>41.515191</ele>
        <time>2026-07-03T13:49:02.037Z</time>
      </trkpt>
      <trkpt lat="48.007484" lon="-4.050896">
        <ele>41.528861</ele>
        <time>2026-07-03T13:49:02.795Z</time>
      </trkpt>
      <trkpt lat="48.007496" lon="-4.050876">
        <ele>41.542158</ele>
        <time>2026-07-03T13:49:03.534Z</time>
      </trkpt>
      <trkpt lat="48.007508" lon="-4.050856">
        <ele>41.555456</ele>
        <time>2026-07-03T13:49:04.272Z</time>
      </trkpt>
      <trkpt lat="48.007520" lon="-4.050837">
        <ele>41.568389</ele>
        <time>2026-07-03T13:49:04.990Z</time>
      </trkpt>
      <trkpt lat="48.007533" lon="-4.050817">
        <ele>41.582191</ele>
        <time>2026-07-03T13:49:05.757Z</time>
      </trkpt>
      <trkpt lat="48.007546" lon="-4.050796">
        <ele>41.596353</ele>
        <time>2026-07-03T13:49:06.544Z</time>
      </trkpt>
      <trkpt lat="48.007558" lon="-4.050775">
        <ele>41.610023</ele>
        <time>2026-07-03T13:49:07.303Z</time>
      </trkpt>
      <trkpt lat="48.007572" lon="-4.050752">
        <ele>41.625415</ele>
        <time>2026-07-03T13:49:08.157Z</time>
      </trkpt>
      <trkpt lat="48.007585" lon="-4.050729">
        <ele>41.640318</ele>
        <time>2026-07-03T13:49:08.984Z</time>
      </trkpt>
      <trkpt lat="48.007598" lon="-4.050705">
        <ele>41.655603</ele>
        <time>2026-07-03T13:49:09.832Z</time>
      </trkpt>
      <trkpt lat="48.007611" lon="-4.050681">
        <ele>41.670888</ele>
        <time>2026-07-03T13:49:10.681Z</time>
      </trkpt>
      <trkpt lat="48.007624" lon="-4.050656">
        <ele>41.686561</ele>
        <time>2026-07-03T13:49:11.550Z</time>
      </trkpt>
      <trkpt lat="48.007637" lon="-4.050631">
        <ele>41.702233</ele>
        <time>2026-07-03T13:49:12.420Z</time>
      </trkpt>
      <trkpt lat="48.007651" lon="-4.050604">
        <ele>41.719142</ele>
        <time>2026-07-03T13:49:13.359Z</time>
      </trkpt>
      <trkpt lat="48.007664" lon="-4.050578">
        <ele>41.735208</ele>
        <time>2026-07-03T13:49:14.250Z</time>
      </trkpt>
      <trkpt lat="48.007676" lon="-4.050552">
        <ele>41.750843</ele>
        <time>2026-07-03T13:49:15.118Z</time>
      </trkpt>
      <trkpt lat="48.007689" lon="-4.050526">
        <ele>41.766909</ele>
        <time>2026-07-03T13:49:16.010Z</time>
      </trkpt>
      <trkpt lat="48.007701" lon="-4.050501">
        <ele>41.782139</ele>
        <time>2026-07-03T13:49:16.855Z</time>
      </trkpt>
      <trkpt lat="48.007714" lon="-4.050476">
        <ele>41.797812</ele>
        <time>2026-07-03T13:49:17.725Z</time>
      </trkpt>
      <trkpt lat="48.007728" lon="-4.050452">
        <ele>41.813573</ele>
        <time>2026-07-03T13:49:18.600Z</time>
      </trkpt>
      <trkpt lat="48.007741" lon="-4.050427">
        <ele>41.829246</ele>
        <time>2026-07-03T13:49:19.470Z</time>
      </trkpt>
      <trkpt lat="48.007754" lon="-4.050402">
        <ele>41.844918</ele>
        <time>2026-07-03T13:49:20.340Z</time>
      </trkpt>
      <trkpt lat="48.007767" lon="-4.050377">
        <ele>41.860591</ele>
        <time>2026-07-03T13:49:21.210Z</time>
      </trkpt>
      <trkpt lat="48.007779" lon="-4.050352">
        <ele>41.875821</ele>
        <time>2026-07-03T13:49:22.056Z</time>
      </trkpt>
      <trkpt lat="48.007791" lon="-4.050327">
        <ele>41.891051</ele>
        <time>2026-07-03T13:49:22.902Z</time>
      </trkpt>
      <trkpt lat="48.007803" lon="-4.050303">
        <ele>41.905881</ele>
        <time>2026-07-03T13:49:23.726Z</time>
      </trkpt>
      <trkpt lat="48.007816" lon="-4.050279">
        <ele>41.921166</ele>
        <time>2026-07-03T13:49:24.574Z</time>
      </trkpt>
      <trkpt lat="48.007831" lon="-4.050258">
        <ele>41.936372</ele>
        <time>2026-07-03T13:49:25.418Z</time>
      </trkpt>
      <trkpt lat="48.007845" lon="-4.050237">
        <ele>41.951046</ele>
        <time>2026-07-03T13:49:26.233Z</time>
      </trkpt>
      <trkpt lat="48.007860" lon="-4.050218">
        <ele>41.965592</ele>
        <time>2026-07-03T13:49:27.040Z</time>
      </trkpt>
      <trkpt lat="48.007876" lon="-4.050200">
        <ele>41.980408</ele>
        <time>2026-07-03T13:49:27.863Z</time>
      </trkpt>
      <trkpt lat="48.007892" lon="-4.050180">
        <ele>41.995840</ele>
        <time>2026-07-03T13:49:28.720Z</time>
      </trkpt>
      <trkpt lat="48.007908" lon="-4.050161">
        <ele>42.010958</ele>
        <time>2026-07-03T13:49:29.560Z</time>
      </trkpt>
      <trkpt lat="48.007925" lon="-4.050140">
        <ele>42.027275</ele>
        <time>2026-07-03T13:49:30.465Z</time>
      </trkpt>
      <trkpt lat="48.007942" lon="-4.050120">
        <ele>42.043281</ele>
        <time>2026-07-03T13:49:31.354Z</time>
      </trkpt>
      <trkpt lat="48.007959" lon="-4.050098">
        <ele>42.059918</ele>
        <time>2026-07-03T13:49:32.277Z</time>
      </trkpt>
      <trkpt lat="48.007976" lon="-4.050077">
        <ele>42.076234</ele>
        <time>2026-07-03T13:49:33.183Z</time>
      </trkpt>
      <trkpt lat="48.007992" lon="-4.050054">
        <ele>42.092658</ele>
        <time>2026-07-03T13:49:34.095Z</time>
      </trkpt>
      <trkpt lat="48.008008" lon="-4.050032">
        <ele>42.108742</ele>
        <time>2026-07-03T13:49:34.988Z</time>
      </trkpt>
      <trkpt lat="48.008022" lon="-4.050008">
        <ele>42.124503</ele>
        <time>2026-07-03T13:49:35.864Z</time>
      </trkpt>
      <trkpt lat="48.008037" lon="-4.049984">
        <ele>42.140760</ele>
        <time>2026-07-03T13:49:36.767Z</time>
      </trkpt>
      <trkpt lat="48.008053" lon="-4.049959">
        <ele>42.157885</ele>
        <time>2026-07-03T13:49:37.717Z</time>
      </trkpt>
      <trkpt lat="48.008068" lon="-4.049934">
        <ele>42.174506</ele>
        <time>2026-07-03T13:49:38.640Z</time>
      </trkpt>
      <trkpt lat="48.008085" lon="-4.049909">
        <ele>42.192151</ele>
        <time>2026-07-03T13:49:39.620Z</time>
      </trkpt>
      <trkpt lat="48.008101" lon="-4.049884">
        <ele>42.209275</ele>
        <time>2026-07-03T13:49:40.572Z</time>
      </trkpt>
      <trkpt lat="48.008119" lon="-4.049858">
        <ele>42.227795</ele>
        <time>2026-07-03T13:49:41.600Z</time>
      </trkpt>
      <trkpt lat="48.008136" lon="-4.049833">
        <ele>42.245439</ele>
        <time>2026-07-03T13:49:42.580Z</time>
      </trkpt>
      <trkpt lat="48.008155" lon="-4.049809">
        <ele>42.263843</ele>
        <time>2026-07-03T13:49:43.603Z</time>
      </trkpt>
      <trkpt lat="48.008173" lon="-4.049786">
        <ele>42.281363</ele>
        <time>2026-07-03T13:49:44.575Z</time>
      </trkpt>
      <trkpt lat="48.008191" lon="-4.049762">
        <ele>42.299209</ele>
        <time>2026-07-03T13:49:45.566Z</time>
      </trkpt>
      <trkpt lat="48.008209" lon="-4.049739">
        <ele>42.316729</ele>
        <time>2026-07-03T13:49:46.539Z</time>
      </trkpt>
      <trkpt lat="48.008226" lon="-4.049716">
        <ele>42.333694</ele>
        <time>2026-07-03T13:49:47.481Z</time>
      </trkpt>
      <trkpt lat="48.008243" lon="-4.049693">
        <ele>42.350658</ele>
        <time>2026-07-03T13:49:48.424Z</time>
      </trkpt>
      <trkpt lat="48.008257" lon="-4.049672">
        <ele>42.365332</ele>
        <time>2026-07-03T13:49:49.238Z</time>
      </trkpt>
      <trkpt lat="48.008271" lon="-4.049650">
        <ele>42.380361</ele>
        <time>2026-07-03T13:49:50.073Z</time>
      </trkpt>
      <trkpt lat="48.008281" lon="-4.049640">
        <ele>42.389263</ele>
        <time>2026-07-03T13:49:50.567Z</time>
      </trkpt>
      <trkpt lat="48.008292" lon="-4.049629">
        <ele>42.399054</ele>
        <time>2026-07-03T13:49:51.111Z</time>
      </trkpt>
      <trkpt lat="48.008302" lon="-4.049635">
        <ele>42.407027</ele>
        <time>2026-07-03T13:49:51.553Z</time>
      </trkpt>
      <trkpt lat="48.008311" lon="-4.049642">
        <ele>42.414533</ele>
        <time>2026-07-03T13:49:51.970Z</time>
      </trkpt>
      <trkpt lat="48.008327" lon="-4.049655">
        <ele>42.428006</ele>
        <time>2026-07-03T13:49:52.718Z</time>
      </trkpt>
      <trkpt lat="48.008342" lon="-4.049668">
        <ele>42.440834</ele>
        <time>2026-07-03T13:49:53.430Z</time>
      </trkpt>
      <trkpt lat="48.008363" lon="-4.049669">
        <ele>42.456379</ele>
        <time>2026-07-03T13:49:54.293Z</time>
      </trkpt>
      <trkpt lat="48.008384" lon="-4.049670">
        <ele>42.471924</ele>
        <time>2026-07-03T13:49:55.156Z</time>
      </trkpt>
      <trkpt lat="48.008405" lon="-4.049657">
        <ele>42.488740</ele>
        <time>2026-07-03T13:49:56.089Z</time>
      </trkpt>
      <trkpt lat="48.008427" lon="-4.049644">
        <ele>42.506243</ele>
        <time>2026-07-03T13:49:57.061Z</time>
      </trkpt>
      <trkpt lat="48.008447" lon="-4.049623">
        <ele>42.558311</ele>
        <time>2026-07-03T13:49:58.064Z</time>
      </trkpt>
      <trkpt lat="48.008467" lon="-4.049603">
        <ele>42.641231</ele>
        <time>2026-07-03T13:49:59.052Z</time>
      </trkpt>
      <trkpt lat="48.008486" lon="-4.049580">
        <ele>42.725482</ele>
        <time>2026-07-03T13:50:00.056Z</time>
      </trkpt>
      <trkpt lat="48.008505" lon="-4.049557">
        <ele>42.809733</ele>
        <time>2026-07-03T13:50:01.060Z</time>
      </trkpt>
      <trkpt lat="48.008522" lon="-4.049532">
        <ele>42.891913</ele>
        <time>2026-07-03T13:50:02.039Z</time>
      </trkpt>
      <trkpt lat="48.008539" lon="-4.049506">
        <ele>42.975726</ele>
        <time>2026-07-03T13:50:03.038Z</time>
      </trkpt>
      <trkpt lat="48.008554" lon="-4.049481">
        <ele>43.053144</ele>
        <time>2026-07-03T13:50:03.960Z</time>
      </trkpt>
      <trkpt lat="48.008569" lon="-4.049455">
        <ele>43.132293</ele>
        <time>2026-07-03T13:50:04.903Z</time>
      </trkpt>
      <trkpt lat="48.008582" lon="-4.049428">
        <ele>43.208982</ele>
        <time>2026-07-03T13:50:05.817Z</time>
      </trkpt>
      <trkpt lat="48.008595" lon="-4.049401">
        <ele>43.285672</ele>
        <time>2026-07-03T13:50:06.731Z</time>
      </trkpt>
      <trkpt lat="48.008607" lon="-4.049373">
        <ele>43.362332</ele>
        <time>2026-07-03T13:50:07.644Z</time>
      </trkpt>
      <trkpt lat="48.008619" lon="-4.049345">
        <ele>43.438992</ele>
        <time>2026-07-03T13:50:08.558Z</time>
      </trkpt>
      <trkpt lat="48.008631" lon="-4.049316">
        <ele>43.517603</ele>
        <time>2026-07-03T13:50:09.494Z</time>
      </trkpt>
      <trkpt lat="48.008643" lon="-4.049287">
        <ele>43.596214</ele>
        <time>2026-07-03T13:50:10.431Z</time>
      </trkpt>
      <trkpt lat="48.008655" lon="-4.049257">
        <ele>43.676795</ele>
        <time>2026-07-03T13:50:11.392Z</time>
      </trkpt>
      <trkpt lat="48.008667" lon="-4.049228">
        <ele>43.755406</ele>
        <time>2026-07-03T13:50:12.329Z</time>
      </trkpt>
      <trkpt lat="48.008679" lon="-4.049199">
        <ele>43.834017</ele>
        <time>2026-07-03T13:50:13.265Z</time>
      </trkpt>
      <trkpt lat="48.008691" lon="-4.049170">
        <ele>43.912628</ele>
        <time>2026-07-03T13:50:14.203Z</time>
      </trkpt>
      <trkpt lat="48.008704" lon="-4.049142">
        <ele>43.991200</ele>
        <time>2026-07-03T13:50:15.139Z</time>
      </trkpt>
      <trkpt lat="48.008717" lon="-4.049113">
        <ele>44.071677</ele>
        <time>2026-07-03T13:50:16.099Z</time>
      </trkpt>
      <trkpt lat="48.008728" lon="-4.049085">
        <ele>44.146535</ele>
        <time>2026-07-03T13:50:16.991Z</time>
      </trkpt>
      <trkpt lat="48.008740" lon="-4.049056">
        <ele>44.225146</ele>
        <time>2026-07-03T13:50:17.928Z</time>
      </trkpt>
      <trkpt lat="48.008751" lon="-4.049025">
        <ele>44.306043</ele>
        <time>2026-07-03T13:50:18.893Z</time>
      </trkpt>
      <trkpt lat="48.008762" lon="-4.048994">
        <ele>44.386940</ele>
        <time>2026-07-03T13:50:19.858Z</time>
      </trkpt>
      <trkpt lat="48.008771" lon="-4.048961">
        <ele>44.469096</ele>
        <time>2026-07-03T13:50:20.837Z</time>
      </trkpt>
      <trkpt lat="48.008781" lon="-4.048928">
        <ele>44.552614</ele>
        <time>2026-07-03T13:50:21.833Z</time>
      </trkpt>
      <trkpt lat="48.008786" lon="-4.048896">
        <ele>44.628372</ele>
        <time>2026-07-03T13:50:22.736Z</time>
      </trkpt>
      <trkpt lat="48.008791" lon="-4.048865">
        <ele>44.701886</ele>
        <time>2026-07-03T13:50:23.613Z</time>
      </trkpt>
      <trkpt lat="48.008792" lon="-4.048835">
        <ele>44.771134</ele>
        <time>2026-07-03T13:50:24.438Z</time>
      </trkpt>
      <trkpt lat="48.008793" lon="-4.048806">
        <ele>44.838079</ele>
        <time>2026-07-03T13:50:25.236Z</time>
      </trkpt>
      <trkpt lat="48.008796" lon="-4.048775">
        <ele>44.910290</ele>
        <time>2026-07-03T13:50:26.097Z</time>
      </trkpt>
      <trkpt lat="48.008798" lon="-4.048745">
        <ele>44.979794</ele>
        <time>2026-07-03T13:50:26.926Z</time>
      </trkpt>
      <trkpt lat="48.008802" lon="-4.048711">
        <ele>45.059379</ele>
        <time>2026-07-03T13:50:27.875Z</time>
      </trkpt>
      <trkpt lat="48.008806" lon="-4.048678">
        <ele>45.136696</ele>
        <time>2026-07-03T13:50:28.797Z</time>
      </trkpt>
      <trkpt lat="48.008807" lon="-4.048651">
        <ele>45.199036</ele>
        <time>2026-07-03T13:50:29.540Z</time>
      </trkpt>
      <trkpt lat="48.008808" lon="-4.048624">
        <ele>45.261377</ele>
        <time>2026-07-03T13:50:30.283Z</time>
      </trkpt>
      <trkpt lat="48.008805" lon="-4.048605">
        <ele>45.306383</ele>
        <time>2026-07-03T13:50:30.820Z</time>
      </trkpt>
      <trkpt lat="48.008803" lon="-4.048586">
        <ele>45.350724</ele>
        <time>2026-07-03T13:50:31.348Z</time>
      </trkpt>
      <trkpt lat="48.008798" lon="-4.048572">
        <ele>45.387310</ele>
        <time>2026-07-03T13:50:31.784Z</time>
      </trkpt>
      <trkpt lat="48.008793" lon="-4.048559">
        <ele>45.421880</ele>
        <time>2026-07-03T13:50:32.197Z</time>
      </trkpt>
      <trkpt lat="48.008783" lon="-4.048545">
        <ele>45.469094</ele>
        <time>2026-07-03T13:50:32.760Z</time>
      </trkpt>
      <trkpt lat="48.008773" lon="-4.048531">
        <ele>45.516308</ele>
        <time>2026-07-03T13:50:33.322Z</time>
      </trkpt>
      <trkpt lat="48.008768" lon="-4.048526">
        <ele>45.537038</ele>
        <time>2026-07-03T13:50:33.570Z</time>
      </trkpt>
      <trkpt lat="48.008762" lon="-4.048521">
        <ele>45.560709</ele>
        <time>2026-07-03T13:50:33.852Z</time>
      </trkpt>
      <trkpt lat="48.008755" lon="-4.048513">
        <ele>45.591074</ele>
        <time>2026-07-03T13:50:34.213Z</time>
      </trkpt>
      <trkpt lat="48.008747" lon="-4.048506">
        <ele>45.623017</ele>
        <time>2026-07-03T13:50:34.594Z</time>
      </trkpt>
      <trkpt lat="48.008741" lon="-4.048498">
        <ele>45.650724</ele>
        <time>2026-07-03T13:50:34.924Z</time>
      </trkpt>
      <trkpt lat="48.008734" lon="-4.048491">
        <ele>45.679745</ele>
        <time>2026-07-03T13:50:35.270Z</time>
      </trkpt>
      <trkpt lat="48.008728" lon="-4.048480">
        <ele>45.712465</ele>
        <time>2026-07-03T13:50:35.660Z</time>
      </trkpt>
      <trkpt lat="48.008722" lon="-4.048469">
        <ele>45.745185</ele>
        <time>2026-07-03T13:50:36.050Z</time>
      </trkpt>
      <trkpt lat="48.008717" lon="-4.048457">
        <ele>45.777776</ele>
        <time>2026-07-03T13:50:36.439Z</time>
      </trkpt>
      <trkpt lat="48.008711" lon="-4.048446">
        <ele>45.810496</ele>
        <time>2026-07-03T13:50:36.829Z</time>
      </trkpt>
      <trkpt lat="48.008706" lon="-4.048437">
        <ele>45.837465</ele>
        <time>2026-07-03T13:50:37.151Z</time>
      </trkpt>
      <trkpt lat="48.008702" lon="-4.048429">
        <ele>45.860490</ele>
        <time>2026-07-03T13:50:37.426Z</time>
      </trkpt>
      <trkpt lat="48.008697" lon="-4.048424">
        <ele>45.881220</ele>
        <time>2026-07-03T13:50:37.673Z</time>
      </trkpt>
      <trkpt lat="48.008692" lon="-4.048420">
        <ele>45.900762</ele>
        <time>2026-07-03T13:50:37.906Z</time>
      </trkpt>
      <trkpt lat="48.008686" lon="-4.048418">
        <ele>45.921946</ele>
        <time>2026-07-03T13:50:38.158Z</time>
      </trkpt>
      <trkpt lat="48.008680" lon="-4.048416">
        <ele>45.943129</ele>
        <time>2026-07-03T13:50:38.411Z</time>
      </trkpt>
      <trkpt lat="48.008674" lon="-4.048414">
        <ele>45.964313</ele>
        <time>2026-07-03T13:50:38.664Z</time>
      </trkpt>
      <trkpt lat="48.008669" lon="-4.048411">
        <ele>45.982879</ele>
        <time>2026-07-03T13:50:38.885Z</time>
      </trkpt>
      <trkpt lat="48.008665" lon="-4.048407">
        <ele>45.999463</ele>
        <time>2026-07-03T13:50:39.083Z</time>
      </trkpt>
      <trkpt lat="48.008661" lon="-4.048402">
        <ele>46.017431</ele>
        <time>2026-07-03T13:50:39.298Z</time>
      </trkpt>
      <trkpt lat="48.008655" lon="-4.048395">
        <ele>46.043659</ele>
        <time>2026-07-03T13:50:39.610Z</time>
      </trkpt>
      <trkpt lat="48.008649" lon="-4.048388">
        <ele>46.069887</ele>
        <time>2026-07-03T13:50:39.923Z</time>
      </trkpt>
      <trkpt lat="48.008641" lon="-4.048373">
        <ele>46.114111</ele>
        <time>2026-07-03T13:50:40.450Z</time>
      </trkpt>
      <trkpt lat="48.008632" lon="-4.048359">
        <ele>46.158872</ele>
        <time>2026-07-03T13:50:40.984Z</time>
      </trkpt>
      <trkpt lat="48.008624" lon="-4.048338">
        <ele>46.214584</ele>
        <time>2026-07-03T13:50:41.648Z</time>
      </trkpt>
      <trkpt lat="48.008616" lon="-4.048317">
        <ele>46.270296</ele>
        <time>2026-07-03T13:50:42.313Z</time>
      </trkpt>
      <trkpt lat="48.008612" lon="-4.048295">
        <ele>46.322854</ele>
        <time>2026-07-03T13:50:42.940Z</time>
      </trkpt>
      <trkpt lat="48.008607" lon="-4.048272">
        <ele>46.378607</ele>
        <time>2026-07-03T13:50:43.605Z</time>
      </trkpt>
      <trkpt lat="48.008605" lon="-4.048253">
        <ele>46.422949</ele>
        <time>2026-07-03T13:50:44.134Z</time>
      </trkpt>
      <trkpt lat="48.008603" lon="-4.048234">
        <ele>46.467290</ele>
        <time>2026-07-03T13:50:44.663Z</time>
      </trkpt>
      <trkpt lat="48.008599" lon="-4.048215">
        <ele>46.513210</ele>
        <time>2026-07-03T13:50:45.212Z</time>
      </trkpt>
      <trkpt lat="48.008595" lon="-4.048196">
        <ele>46.559130</ele>
        <time>2026-07-03T13:50:45.760Z</time>
      </trkpt>
      <trkpt lat="48.008591" lon="-4.048177">
        <ele>46.605050</ele>
        <time>2026-07-03T13:50:46.307Z</time>
      </trkpt>
      <trkpt lat="48.008587" lon="-4.048158">
        <ele>46.650970</ele>
        <time>2026-07-03T13:50:46.855Z</time>
      </trkpt>
      <trkpt lat="48.008585" lon="-4.048138">
        <ele>46.697590</ele>
        <time>2026-07-03T13:50:47.411Z</time>
      </trkpt>
      <trkpt lat="48.008582" lon="-4.048118">
        <ele>46.744843</ele>
        <time>2026-07-03T13:50:47.975Z</time>
      </trkpt>
      <trkpt lat="48.008577" lon="-4.048098">
        <ele>46.794065</ele>
        <time>2026-07-03T13:50:48.563Z</time>
      </trkpt>
      <trkpt lat="48.008572" lon="-4.048079">
        <ele>46.841134</ele>
        <time>2026-07-03T13:50:49.125Z</time>
      </trkpt>
      <trkpt lat="48.008564" lon="-4.048058">
        <ele>46.896846</ele>
        <time>2026-07-03T13:50:49.790Z</time>
      </trkpt>
      <trkpt lat="48.008555" lon="-4.048038">
        <ele>46.952414</ele>
        <time>2026-07-03T13:50:50.453Z</time>
      </trkpt>
      <trkpt lat="48.008548" lon="-4.048018">
        <ele>47.004450</ele>
        <time>2026-07-03T13:50:51.075Z</time>
      </trkpt>
      <trkpt lat="48.008540" lon="-4.047998">
        <ele>47.058171</ele>
        <time>2026-07-03T13:50:51.717Z</time>
      </trkpt>
      <trkpt lat="48.008534" lon="-4.047981">
        <ele>47.102482</ele>
        <time>2026-07-03T13:50:52.246Z</time>
      </trkpt>
      <trkpt lat="48.008528" lon="-4.047964">
        <ele>47.146793</ele>
        <time>2026-07-03T13:50:52.775Z</time>
      </trkpt>
      <trkpt lat="48.008523" lon="-4.047949">
        <ele>47.185429</ele>
        <time>2026-07-03T13:50:53.236Z</time>
      </trkpt>
      <trkpt lat="48.008519" lon="-4.047934">
        <ele>47.222655</ele>
        <time>2026-07-03T13:50:53.680Z</time>
      </trkpt>
      <trkpt lat="48.008515" lon="-4.047918">
        <ele>47.262033</ele>
        <time>2026-07-03T13:50:54.150Z</time>
      </trkpt>
      <trkpt lat="48.008511" lon="-4.047902">
        <ele>47.301411</ele>
        <time>2026-07-03T13:50:54.621Z</time>
      </trkpt>
      <trkpt lat="48.008506" lon="-4.047884">
        <ele>47.346343</ele>
        <time>2026-07-03T13:50:55.157Z</time>
      </trkpt>
      <trkpt lat="48.008502" lon="-4.047866">
        <ele>47.390069</ele>
        <time>2026-07-03T13:50:55.680Z</time>
      </trkpt>
      <trkpt lat="48.008498" lon="-4.047849">
        <ele>47.431614</ele>
        <time>2026-07-03T13:50:56.176Z</time>
      </trkpt>
      <trkpt lat="48.008495" lon="-4.047832">
        <ele>47.472146</ele>
        <time>2026-07-03T13:50:56.660Z</time>
      </trkpt>
      <trkpt lat="48.008490" lon="-4.047819">
        <ele>47.506716</ele>
        <time>2026-07-03T13:50:57.072Z</time>
      </trkpt>
      <trkpt lat="48.008484" lon="-4.047806">
        <ele>47.543126</ele>
        <time>2026-07-03T13:50:57.507Z</time>
      </trkpt>
      <trkpt lat="48.008478" lon="-4.047795">
        <ele>47.575846</ele>
        <time>2026-07-03T13:50:57.898Z</time>
      </trkpt>
      <trkpt lat="48.008472" lon="-4.047784">
        <ele>47.608566</ele>
        <time>2026-07-03T13:50:58.289Z</time>
      </trkpt>
      <trkpt lat="48.008464" lon="-4.047774">
        <ele>47.644502</ele>
        <time>2026-07-03T13:50:58.718Z</time>
      </trkpt>
      <trkpt lat="48.008457" lon="-4.047763">
        <ele>47.679502</ele>
        <time>2026-07-03T13:50:59.135Z</time>
      </trkpt>
      <trkpt lat="48.008452" lon="-4.047755">
        <ele>47.704741</ele>
        <time>2026-07-03T13:50:59.436Z</time>
      </trkpt>
      <trkpt lat="48.008447" lon="-4.047747">
        <ele>47.729980</ele>
        <time>2026-07-03T13:50:59.737Z</time>
      </trkpt>
      <trkpt lat="48.008442" lon="-4.047739">
        <ele>47.755219</ele>
        <time>2026-07-03T13:51:00.038Z</time>
      </trkpt>
      <trkpt lat="48.008435" lon="-4.047728">
        <ele>47.790218</ele>
        <time>2026-07-03T13:51:00.456Z</time>
      </trkpt>
      <trkpt lat="48.008429" lon="-4.047717">
        <ele>47.822938</ele>
        <time>2026-07-03T13:51:00.847Z</time>
      </trkpt>
      <trkpt lat="48.008423" lon="-4.047704">
        <ele>47.859348</ele>
        <time>2026-07-03T13:51:01.281Z</time>
      </trkpt>
      <trkpt lat="48.008416" lon="-4.047691">
        <ele>47.897820</ele>
        <time>2026-07-03T13:51:01.741Z</time>
      </trkpt>
      <trkpt lat="48.008410" lon="-4.047678">
        <ele>47.934230</ele>
        <time>2026-07-03T13:51:02.175Z</time>
      </trkpt>
      <trkpt lat="48.008404" lon="-4.047664">
        <ele>47.972560</ele>
        <time>2026-07-03T13:51:02.633Z</time>
      </trkpt>
      <trkpt lat="48.008399" lon="-4.047652">
        <ele>48.005151</ele>
        <time>2026-07-03T13:51:03.021Z</time>
      </trkpt>
      <trkpt lat="48.008393" lon="-4.047640">
        <ele>48.039689</ele>
        <time>2026-07-03T13:51:03.433Z</time>
      </trkpt>
      <trkpt lat="48.008388" lon="-4.047628">
        <ele>48.072280</ele>
        <time>2026-07-03T13:51:03.822Z</time>
      </trkpt>
      <trkpt lat="48.008384" lon="-4.047616">
        <ele>48.103189</ele>
        <time>2026-07-03T13:51:04.191Z</time>
      </trkpt>
      <trkpt lat="48.008379" lon="-4.047602">
        <ele>48.139775</ele>
        <time>2026-07-03T13:51:04.628Z</time>
      </trkpt>
      <trkpt lat="48.008375" lon="-4.047588">
        <ele>48.174871</ele>
        <time>2026-07-03T13:51:05.046Z</time>
      </trkpt>
      <trkpt lat="48.008370" lon="-4.047573">
        <ele>48.213507</ele>
        <time>2026-07-03T13:51:05.507Z</time>
      </trkpt>
      <trkpt lat="48.008364" lon="-4.047558">
        <ele>48.253797</ele>
        <time>2026-07-03T13:51:05.988Z</time>
      </trkpt>
      <trkpt lat="48.008358" lon="-4.047544">
        <ele>48.292127</ele>
        <time>2026-07-03T13:51:06.445Z</time>
      </trkpt>
      <trkpt lat="48.008353" lon="-4.047530">
        <ele>48.328714</ele>
        <time>2026-07-03T13:51:06.882Z</time>
      </trkpt>
      <trkpt lat="48.008348" lon="-4.047516">
        <ele>48.365300</ele>
        <time>2026-07-03T13:51:07.318Z</time>
      </trkpt>
      <trkpt lat="48.008344" lon="-4.047502">
        <ele>48.400396</ele>
        <time>2026-07-03T13:51:07.737Z</time>
      </trkpt>
      <trkpt lat="48.008341" lon="-4.047489">
        <ele>48.432099</ele>
        <time>2026-07-03T13:51:08.116Z</time>
      </trkpt>
      <trkpt lat="48.008338" lon="-4.047476">
        <ele>48.463802</ele>
        <time>2026-07-03T13:51:08.494Z</time>
      </trkpt>
      <trkpt lat="48.008334" lon="-4.047462">
        <ele>48.498898</ele>
        <time>2026-07-03T13:51:08.913Z</time>
      </trkpt>
      <trkpt lat="48.008331" lon="-4.047449">
        <ele>48.530601</ele>
        <time>2026-07-03T13:51:09.291Z</time>
      </trkpt>
      <trkpt lat="48.008325" lon="-4.047435">
        <ele>48.568931</ele>
        <time>2026-07-03T13:51:09.748Z</time>
      </trkpt>
      <trkpt lat="48.008320" lon="-4.047422">
        <ele>48.603501</ele>
        <time>2026-07-03T13:51:10.161Z</time>
      </trkpt>
      <trkpt lat="48.008314" lon="-4.047407">
        <ele>48.643792</ele>
        <time>2026-07-03T13:51:10.642Z</time>
      </trkpt>
      <trkpt lat="48.008309" lon="-4.047393">
        <ele>48.680379</ele>
        <time>2026-07-03T13:51:11.078Z</time>
      </trkpt>
      <trkpt lat="48.008303" lon="-4.047378">
        <ele>48.717897</ele>
        <time>2026-07-03T13:51:11.559Z</time>
      </trkpt>
      <trkpt lat="48.008298" lon="-4.047363">
        <ele>48.742499</ele>
        <time>2026-07-03T13:51:12.019Z</time>
      </trkpt>
      <trkpt lat="48.008292" lon="-4.047348">
        <ele>48.768156</ele>
        <time>2026-07-03T13:51:12.500Z</time>
      </trkpt>
      <trkpt lat="48.008286" lon="-4.047334">
        <ele>48.792564</ele>
        <time>2026-07-03T13:51:12.958Z</time>
      </trkpt>
      <trkpt lat="48.008280" lon="-4.047319">
        <ele>48.818220</ele>
        <time>2026-07-03T13:51:13.438Z</time>
      </trkpt>
      <trkpt lat="48.008273" lon="-4.047303">
        <ele>48.846286</ele>
        <time>2026-07-03T13:51:13.964Z</time>
      </trkpt>
      <trkpt lat="48.008267" lon="-4.047284">
        <ele>48.877130</ele>
        <time>2026-07-03T13:51:14.542Z</time>
      </trkpt>
      <trkpt lat="48.008261" lon="-4.047266">
        <ele>48.906653</ele>
        <time>2026-07-03T13:51:15.096Z</time>
      </trkpt>
      <trkpt lat="48.008258" lon="-4.047246">
        <ele>48.936743</ele>
        <time>2026-07-03T13:51:15.659Z</time>
      </trkpt>
      <trkpt lat="48.008254" lon="-4.047227">
        <ele>48.965984</ele>
        <time>2026-07-03T13:51:16.207Z</time>
      </trkpt>
      <trkpt lat="48.008253" lon="-4.047209">
        <ele>48.992500</ele>
        <time>2026-07-03T13:51:16.704Z</time>
      </trkpt>
      <trkpt lat="48.008251" lon="-4.047191">
        <ele>49.019287</ele>
        <time>2026-07-03T13:51:17.206Z</time>
      </trkpt>
      <trkpt lat="48.008249" lon="-4.047173">
        <ele>49.046074</ele>
        <time>2026-07-03T13:51:17.707Z</time>
      </trkpt>
      <trkpt lat="48.008246" lon="-4.047156">
        <ele>49.071884</ele>
        <time>2026-07-03T13:51:18.191Z</time>
      </trkpt>
      <trkpt lat="48.008242" lon="-4.047141">
        <ele>49.095590</ele>
        <time>2026-07-03T13:51:18.635Z</time>
      </trkpt>
      <trkpt lat="48.008239" lon="-4.047126">
        <ele>49.118574</ele>
        <time>2026-07-03T13:51:19.066Z</time>
      </trkpt>
      <trkpt lat="48.008234" lon="-4.047109">
        <ele>49.145836</ele>
        <time>2026-07-03T13:51:19.577Z</time>
      </trkpt>
      <trkpt lat="48.008229" lon="-4.047092">
        <ele>49.173098</ele>
        <time>2026-07-03T13:51:20.087Z</time>
      </trkpt>
      <trkpt lat="48.008224" lon="-4.047072">
        <ele>49.204442</ele>
        <time>2026-07-03T13:51:20.675Z</time>
      </trkpt>
      <trkpt lat="48.008219" lon="-4.047052">
        <ele>49.235786</ele>
        <time>2026-07-03T13:51:21.262Z</time>
      </trkpt>
      <trkpt lat="48.008215" lon="-4.047031">
        <ele>49.267840</ele>
        <time>2026-07-03T13:51:21.862Z</time>
      </trkpt>
      <trkpt lat="48.008211" lon="-4.047010">
        <ele>49.299894</ele>
        <time>2026-07-03T13:51:22.463Z</time>
      </trkpt>
      <trkpt lat="48.008209" lon="-4.046990">
        <ele>49.329581</ele>
        <time>2026-07-03T13:51:23.019Z</time>
      </trkpt>
      <trkpt lat="48.008207" lon="-4.046970">
        <ele>49.359268</ele>
        <time>2026-07-03T13:51:23.575Z</time>
      </trkpt>
      <trkpt lat="48.008205" lon="-4.046953">
        <ele>49.384608</ele>
        <time>2026-07-03T13:51:24.049Z</time>
      </trkpt>
      <trkpt lat="48.008203" lon="-4.046936">
        <ele>49.409948</ele>
        <time>2026-07-03T13:51:24.524Z</time>
      </trkpt>
      <trkpt lat="48.008201" lon="-4.046920">
        <ele>49.433843</ele>
        <time>2026-07-03T13:51:24.971Z</time>
      </trkpt>
      <trkpt lat="48.008199" lon="-4.046904">
        <ele>49.457739</ele>
        <time>2026-07-03T13:51:25.419Z</time>
      </trkpt>
      <trkpt lat="48.008197" lon="-4.046888">
        <ele>49.481634</ele>
        <time>2026-07-03T13:51:25.866Z</time>
      </trkpt>
      <trkpt lat="48.008195" lon="-4.046872">
        <ele>49.505529</ele>
        <time>2026-07-03T13:51:26.314Z</time>
      </trkpt>
      <trkpt lat="48.008192" lon="-4.046854">
        <ele>49.532762</ele>
        <time>2026-07-03T13:51:26.824Z</time>
      </trkpt>
      <trkpt lat="48.008190" lon="-4.046835">
        <ele>49.560998</ele>
        <time>2026-07-03T13:51:27.353Z</time>
      </trkpt>
      <trkpt lat="48.008187" lon="-4.046814">
        <ele>49.592522</ele>
        <time>2026-07-03T13:51:27.943Z</time>
      </trkpt>
      <trkpt lat="48.008184" lon="-4.046793">
        <ele>49.624046</ele>
        <time>2026-07-03T13:51:28.533Z</time>
      </trkpt>
      <trkpt lat="48.008182" lon="-4.046771">
        <ele>49.656640</ele>
        <time>2026-07-03T13:51:29.143Z</time>
      </trkpt>
      <trkpt lat="48.008179" lon="-4.046749">
        <ele>49.689601</ele>
        <time>2026-07-03T13:51:29.760Z</time>
      </trkpt>
      <trkpt lat="48.008178" lon="-4.046723">
        <ele>49.727834</ele>
        <time>2026-07-03T13:51:30.476Z</time>
      </trkpt>
      <trkpt lat="48.008177" lon="-4.046697">
        <ele>49.766066</ele>
        <time>2026-07-03T13:51:31.191Z</time>
      </trkpt>
      <trkpt lat="48.008177" lon="-4.046668">
        <ele>49.808640</ele>
        <time>2026-07-03T13:51:31.989Z</time>
      </trkpt>
      <trkpt lat="48.008177" lon="-4.046638">
        <ele>49.852681</ele>
        <time>2026-07-03T13:51:32.813Z</time>
      </trkpt>
      <trkpt lat="48.008179" lon="-4.046605">
        <ele>49.901325</ele>
        <time>2026-07-03T13:51:33.724Z</time>
      </trkpt>
      <trkpt lat="48.008181" lon="-4.046571">
        <ele>49.951432</ele>
        <time>2026-07-03T13:51:34.662Z</time>
      </trkpt>
      <trkpt lat="48.008181" lon="-4.046536">
        <ele>50.002813</ele>
        <time>2026-07-03T13:51:35.623Z</time>
      </trkpt>
      <trkpt lat="48.008182" lon="-4.046501">
        <ele>50.054242</ele>
        <time>2026-07-03T13:51:36.586Z</time>
      </trkpt>
      <trkpt lat="48.008182" lon="-4.046464">
        <ele>50.108560</ele>
        <time>2026-07-03T13:51:37.602Z</time>
      </trkpt>
      <trkpt lat="48.008182" lon="-4.046427">
        <ele>50.162878</ele>
        <time>2026-07-03T13:51:38.619Z</time>
      </trkpt>
      <trkpt lat="48.008181" lon="-4.046392">
        <ele>50.214307</ele>
        <time>2026-07-03T13:51:39.581Z</time>
      </trkpt>
      <trkpt lat="48.008180" lon="-4.046357">
        <ele>50.265735</ele>
        <time>2026-07-03T13:51:40.544Z</time>
      </trkpt>
      <trkpt lat="48.008179" lon="-4.046324">
        <ele>50.314231</ele>
        <time>2026-07-03T13:51:41.451Z</time>
      </trkpt>
      <trkpt lat="48.008177" lon="-4.046292">
        <ele>50.361413</ele>
        <time>2026-07-03T13:51:42.334Z</time>
      </trkpt>
      <trkpt lat="48.008174" lon="-4.046261">
        <ele>50.407396</ele>
        <time>2026-07-03T13:51:43.194Z</time>
      </trkpt>
      <trkpt lat="48.008172" lon="-4.046231">
        <ele>50.451656</ele>
        <time>2026-07-03T13:51:44.023Z</time>
      </trkpt>
      <trkpt lat="48.008168" lon="-4.046200">
        <ele>50.498004</ele>
        <time>2026-07-03T13:51:44.890Z</time>
      </trkpt>
      <trkpt lat="48.008165" lon="-4.046170">
        <ele>50.542535</ele>
        <time>2026-07-03T13:51:45.723Z</time>
      </trkpt>
      <trkpt lat="48.008162" lon="-4.046141">
        <ele>50.585614</ele>
        <time>2026-07-03T13:51:46.530Z</time>
      </trkpt>
      <trkpt lat="48.008158" lon="-4.046111">
        <ele>50.630522</ele>
        <time>2026-07-03T13:51:47.370Z</time>
      </trkpt>
      <trkpt lat="48.008154" lon="-4.046082">
        <ele>50.673991</ele>
        <time>2026-07-03T13:51:48.183Z</time>
      </trkpt>
      <trkpt lat="48.008149" lon="-4.046052">
        <ele>50.719379</ele>
        <time>2026-07-03T13:51:49.032Z</time>
      </trkpt>
      <trkpt lat="48.008145" lon="-4.046023">
        <ele>50.762848</ele>
        <time>2026-07-03T13:51:49.846Z</time>
      </trkpt>
      <trkpt lat="48.008140" lon="-4.045994">
        <ele>50.806812</ele>
        <time>2026-07-03T13:51:50.669Z</time>
      </trkpt>
      <trkpt lat="48.008137" lon="-4.045964">
        <ele>50.851343</ele>
        <time>2026-07-03T13:51:51.502Z</time>
      </trkpt>
      <trkpt lat="48.008134" lon="-4.045935">
        <ele>50.894422</ele>
        <time>2026-07-03T13:51:52.308Z</time>
      </trkpt>
      <trkpt lat="48.008130" lon="-4.045907">
        <ele>50.936455</ele>
        <time>2026-07-03T13:51:53.094Z</time>
      </trkpt>
      <trkpt lat="48.008127" lon="-4.045880">
        <ele>50.976635</ele>
        <time>2026-07-03T13:51:53.846Z</time>
      </trkpt>
      <trkpt lat="48.008122" lon="-4.045853">
        <ele>51.017763</ele>
        <time>2026-07-03T13:51:54.616Z</time>
      </trkpt>
      <trkpt lat="48.008116" lon="-4.045827">
        <ele>51.058139</ele>
        <time>2026-07-03T13:51:55.371Z</time>
      </trkpt>
      <trkpt lat="48.008110" lon="-4.045802">
        <ele>51.097131</ele>
        <time>2026-07-03T13:51:56.101Z</time>
      </trkpt>
      <trkpt lat="48.008103" lon="-4.045777">
        <ele>51.136917</ele>
        <time>2026-07-03T13:51:56.845Z</time>
      </trkpt>
      <trkpt lat="48.008096" lon="-4.045751">
        <ele>51.178061</ele>
        <time>2026-07-03T13:51:57.615Z</time>
      </trkpt>
      <trkpt lat="48.008088" lon="-4.045725">
        <ele>51.220073</ele>
        <time>2026-07-03T13:51:58.401Z</time>
      </trkpt>
      <trkpt lat="48.008079" lon="-4.045699">
        <ele>51.263049</ele>
        <time>2026-07-03T13:51:59.206Z</time>
      </trkpt>
      <trkpt lat="48.008071" lon="-4.045672">
        <ele>51.306400</ele>
        <time>2026-07-03T13:52:00.017Z</time>
      </trkpt>
      <trkpt lat="48.008063" lon="-4.045646">
        <ele>51.348413</ele>
        <time>2026-07-03T13:52:00.803Z</time>
      </trkpt>
      <trkpt lat="48.008055" lon="-4.045620">
        <ele>51.390425</ele>
        <time>2026-07-03T13:52:01.589Z</time>
      </trkpt>
      <trkpt lat="48.008048" lon="-4.045596">
        <ele>51.428861</ele>
        <time>2026-07-03T13:52:02.308Z</time>
      </trkpt>
      <trkpt lat="48.008040" lon="-4.045571">
        <ele>51.469545</ele>
        <time>2026-07-03T13:52:03.069Z</time>
      </trkpt>
      <trkpt lat="48.008033" lon="-4.045549">
        <ele>51.505309</ele>
        <time>2026-07-03T13:52:03.738Z</time>
      </trkpt>
      <trkpt lat="48.008025" lon="-4.045526">
        <ele>51.543365</ele>
        <time>2026-07-03T13:52:04.451Z</time>
      </trkpt>
      <trkpt lat="48.008017" lon="-4.045506">
        <ele>51.577574</ele>
        <time>2026-07-03T13:52:05.091Z</time>
      </trkpt>
      <trkpt lat="48.008009" lon="-4.045485">
        <ele>51.613050</ele>
        <time>2026-07-03T13:52:05.754Z</time>
      </trkpt>
      <trkpt lat="48.008002" lon="-4.045467">
        <ele>51.643615</ele>
        <time>2026-07-03T13:52:06.326Z</time>
      </trkpt>
      <trkpt lat="48.007994" lon="-4.045449">
        <ele>51.675340</ele>
        <time>2026-07-03T13:52:06.920Z</time>
      </trkpt>
      <trkpt lat="48.007987" lon="-4.045432">
        <ele>51.704645</ele>
        <time>2026-07-03T13:52:07.468Z</time>
      </trkpt>
      <trkpt lat="48.007979" lon="-4.045415">
        <ele>51.735157</ele>
        <time>2026-07-03T13:52:08.039Z</time>
      </trkpt>
      <trkpt lat="48.007971" lon="-4.045399">
        <ele>51.764481</ele>
        <time>2026-07-03T13:52:08.588Z</time>
      </trkpt>
      <trkpt lat="48.007964" lon="-4.045382">
        <ele>51.793786</ele>
        <time>2026-07-03T13:52:09.136Z</time>
      </trkpt>
      <trkpt lat="48.007958" lon="-4.045365">
        <ele>51.822003</ele>
        <time>2026-07-03T13:52:09.664Z</time>
      </trkpt>
      <trkpt lat="48.007951" lon="-4.045347">
        <ele>51.852568</ele>
        <time>2026-07-03T13:52:10.236Z</time>
      </trkpt>
      <trkpt lat="48.007946" lon="-4.045329">
        <ele>51.881180</ele>
        <time>2026-07-03T13:52:10.771Z</time>
      </trkpt>
      <trkpt lat="48.007941" lon="-4.045311">
        <ele>51.909793</ele>
        <time>2026-07-03T13:52:11.307Z</time>
      </trkpt>
      <trkpt lat="48.007936" lon="-4.045292">
        <ele>51.939766</ele>
        <time>2026-07-03T13:52:11.868Z</time>
      </trkpt>
      <trkpt lat="48.007930" lon="-4.045272">
        <ele>51.971944</ele>
        <time>2026-07-03T13:52:12.470Z</time>
      </trkpt>
      <trkpt lat="48.007923" lon="-4.045251">
        <ele>52.006388</ele>
        <time>2026-07-03T13:52:13.114Z</time>
      </trkpt>
      <trkpt lat="48.007916" lon="-4.045230">
        <ele>52.040832</ele>
        <time>2026-07-03T13:52:13.759Z</time>
      </trkpt>
      <trkpt lat="48.007909" lon="-4.045210">
        <ele>52.073968</ele>
        <time>2026-07-03T13:52:14.379Z</time>
      </trkpt>
      <trkpt lat="48.007902" lon="-4.045190">
        <ele>52.107104</ele>
        <time>2026-07-03T13:52:14.999Z</time>
      </trkpt>
      <trkpt lat="48.007893" lon="-4.045173">
        <ele>52.138930</ele>
        <time>2026-07-03T13:52:15.594Z</time>
      </trkpt>
      <trkpt lat="48.007884" lon="-4.045156">
        <ele>52.170756</ele>
        <time>2026-07-03T13:52:16.190Z</time>
      </trkpt>
      <trkpt lat="48.007875" lon="-4.045141">
        <ele>52.200335</ele>
        <time>2026-07-03T13:52:16.743Z</time>
      </trkpt>
      <trkpt lat="48.007866" lon="-4.045127">
        <ele>52.228838</ele>
        <time>2026-07-03T13:52:17.276Z</time>
      </trkpt>
      <trkpt lat="48.007857" lon="-4.045113">
        <ele>52.257342</ele>
        <time>2026-07-03T13:52:17.810Z</time>
      </trkpt>
      <trkpt lat="48.007849" lon="-4.045099">
        <ele>52.284371</ele>
        <time>2026-07-03T13:52:18.316Z</time>
      </trkpt>
      <trkpt lat="48.007841" lon="-4.045086">
        <ele>52.310301</ele>
        <time>2026-07-03T13:52:18.801Z</time>
      </trkpt>
      <trkpt lat="48.007833" lon="-4.045074">
        <ele>52.335171</ele>
        <time>2026-07-03T13:52:19.266Z</time>
      </trkpt>
      <trkpt lat="48.007825" lon="-4.045063">
        <ele>52.359024</ele>
        <time>2026-07-03T13:52:19.712Z</time>
      </trkpt>
      <trkpt lat="48.007818" lon="-4.045052">
        <ele>52.381311</ele>
        <time>2026-07-03T13:52:20.129Z</time>
      </trkpt>
      <trkpt lat="48.007809" lon="-4.045040">
        <ele>52.407775</ele>
        <time>2026-07-03T13:52:20.625Z</time>
      </trkpt>
      <trkpt lat="48.007800" lon="-4.045028">
        <ele>52.434240</ele>
        <time>2026-07-03T13:52:21.120Z</time>
      </trkpt>
      <trkpt lat="48.007790" lon="-4.045016">
        <ele>52.462380</ele>
        <time>2026-07-03T13:52:21.646Z</time>
      </trkpt>
      <trkpt lat="48.007780" lon="-4.045003">
        <ele>52.491461</ele>
        <time>2026-07-03T13:52:22.190Z</time>
      </trkpt>
      <trkpt lat="48.007771" lon="-4.044990">
        <ele>52.518925</ele>
        <time>2026-07-03T13:52:22.704Z</time>
      </trkpt>
      <trkpt lat="48.007762" lon="-4.044977">
        <ele>52.546388</ele>
        <time>2026-07-03T13:52:23.218Z</time>
      </trkpt>
      <trkpt lat="48.007752" lon="-4.044963">
        <ele>52.576454</ele>
        <time>2026-07-03T13:52:23.781Z</time>
      </trkpt>
      <trkpt lat="48.007743" lon="-4.044949">
        <ele>52.604957</ele>
        <time>2026-07-03T13:52:24.314Z</time>
      </trkpt>
      <trkpt lat="48.007733" lon="-4.044934">
        <ele>52.636044</ele>
        <time>2026-07-03T13:52:24.896Z</time>
      </trkpt>
      <trkpt lat="48.007723" lon="-4.044918">
        <ele>52.651447</ele>
        <time>2026-07-03T13:52:25.497Z</time>
      </trkpt>
      <trkpt lat="48.007713" lon="-4.044902">
        <ele>52.619202</ele>
        <time>2026-07-03T13:52:26.099Z</time>
      </trkpt>
      <trkpt lat="48.007703" lon="-4.044886">
        <ele>52.586957</ele>
        <time>2026-07-03T13:52:26.700Z</time>
      </trkpt>
      <trkpt lat="48.007695" lon="-4.044873">
        <ele>52.560946</ele>
        <time>2026-07-03T13:52:27.185Z</time>
      </trkpt>
      <trkpt lat="48.007686" lon="-4.044860">
        <ele>52.533396</ele>
        <time>2026-07-03T13:52:27.699Z</time>
      </trkpt>
      <trkpt lat="48.007679" lon="-4.044851">
        <ele>52.513071</ele>
        <time>2026-07-03T13:52:28.078Z</time>
      </trkpt>
      <trkpt lat="48.007672" lon="-4.044843">
        <ele>52.493675</ele>
        <time>2026-07-03T13:52:28.440Z</time>
      </trkpt>
      <trkpt lat="48.007666" lon="-4.044837">
        <ele>52.477785</ele>
        <time>2026-07-03T13:52:28.736Z</time>
      </trkpt>
      <trkpt lat="48.007661" lon="-4.044831">
        <ele>52.463671</ele>
        <time>2026-07-03T13:52:29.000Z</time>
      </trkpt>
      <trkpt lat="48.007655" lon="-4.044823">
        <ele>52.445973</ele>
        <time>2026-07-03T13:52:29.330Z</time>
      </trkpt>
      <trkpt lat="48.007650" lon="-4.044814">
        <ele>52.428745</ele>
        <time>2026-07-03T13:52:29.651Z</time>
      </trkpt>
      <trkpt lat="48.007643" lon="-4.044803">
        <ele>52.406388</ele>
        <time>2026-07-03T13:52:30.068Z</time>
      </trkpt>
      <trkpt lat="48.007637" lon="-4.044791">
        <ele>52.384326</ele>
        <time>2026-07-03T13:52:30.480Z</time>
      </trkpt>
      <trkpt lat="48.007629" lon="-4.044779">
        <ele>52.359378</ele>
        <time>2026-07-03T13:52:30.945Z</time>
      </trkpt>
      <trkpt lat="48.007620" lon="-4.044767">
        <ele>52.332831</ele>
        <time>2026-07-03T13:52:31.440Z</time>
      </trkpt>
      <trkpt lat="48.007610" lon="-4.044755">
        <ele>52.304603</ele>
        <time>2026-07-03T13:52:31.967Z</time>
      </trkpt>
      <trkpt lat="48.007600" lon="-4.044744">
        <ele>52.277272</ele>
        <time>2026-07-03T13:52:32.476Z</time>
      </trkpt>
      <trkpt lat="48.007589" lon="-4.044734">
        <ele>52.248932</ele>
        <time>2026-07-03T13:52:33.005Z</time>
      </trkpt>
      <trkpt lat="48.007578" lon="-4.044724">
        <ele>52.220593</ele>
        <time>2026-07-03T13:52:33.534Z</time>
      </trkpt>
      <trkpt lat="48.007565" lon="-4.044713">
        <ele>52.187710</ele>
        <time>2026-07-03T13:52:34.147Z</time>
      </trkpt>
      <trkpt lat="48.007553" lon="-4.044702">
        <ele>52.156724</ele>
        <time>2026-07-03T13:52:34.725Z</time>
      </trkpt>
      <trkpt lat="48.007540" lon="-4.044692">
        <ele>52.124541</ele>
        <time>2026-07-03T13:52:35.325Z</time>
      </trkpt>
      <trkpt lat="48.007527" lon="-4.044682">
        <ele>52.092359</ele>
        <time>2026-07-03T13:52:35.926Z</time>
      </trkpt>
      <trkpt lat="48.007516" lon="-4.044671">
        <ele>52.063226</ele>
        <time>2026-07-03T13:52:36.469Z</time>
      </trkpt>
      <trkpt lat="48.007505" lon="-4.044660">
        <ele>52.034094</ele>
        <time>2026-07-03T13:52:37.012Z</time>
      </trkpt>
      <trkpt lat="48.007496" lon="-4.044647">
        <ele>52.006544</ele>
        <time>2026-07-03T13:52:37.526Z</time>
      </trkpt>
      <trkpt lat="48.007488" lon="-4.044634">
        <ele>51.980533</ele>
        <time>2026-07-03T13:52:38.011Z</time>
      </trkpt>
      <trkpt lat="48.007480" lon="-4.044619">
        <ele>51.952283</ele>
        <time>2026-07-03T13:52:38.538Z</time>
      </trkpt>
      <trkpt lat="48.007473" lon="-4.044603">
        <ele>51.924129</ele>
        <time>2026-07-03T13:52:39.063Z</time>
      </trkpt>
      <trkpt lat="48.007466" lon="-4.044588">
        <ele>51.897196</ele>
        <time>2026-07-03T13:52:39.566Z</time>
      </trkpt>
      <trkpt lat="48.007459" lon="-4.044574">
        <ele>51.871457</ele>
        <time>2026-07-03T13:52:40.046Z</time>
      </trkpt>
      <trkpt lat="48.007451" lon="-4.044560">
        <ele>51.844343</ele>
        <time>2026-07-03T13:52:40.552Z</time>
      </trkpt>
      <trkpt lat="48.007443" lon="-4.044546">
        <ele>51.817229</ele>
        <time>2026-07-03T13:52:41.057Z</time>
      </trkpt>
      <trkpt lat="48.007434" lon="-4.044532">
        <ele>51.788636</ele>
        <time>2026-07-03T13:52:41.591Z</time>
      </trkpt>
      <trkpt lat="48.007425" lon="-4.044518">
        <ele>51.760044</ele>
        <time>2026-07-03T13:52:42.124Z</time>
      </trkpt>
      <trkpt lat="48.007415" lon="-4.044506">
        <ele>51.731816</ele>
        <time>2026-07-03T13:52:42.651Z</time>
      </trkpt>
      <trkpt lat="48.007405" lon="-4.044493">
        <ele>51.702643</ele>
        <time>2026-07-03T13:52:43.195Z</time>
      </trkpt>
      <trkpt lat="48.007395" lon="-4.044483">
        <ele>51.676159</ele>
        <time>2026-07-03T13:52:43.689Z</time>
      </trkpt>
      <trkpt lat="48.007385" lon="-4.044472">
        <ele>51.648829</ele>
        <time>2026-07-03T13:52:44.198Z</time>
      </trkpt>
      <trkpt lat="48.007376" lon="-4.044460">
        <ele>51.622281</ele>
        <time>2026-07-03T13:52:44.694Z</time>
      </trkpt>
      <trkpt lat="48.007366" lon="-4.044449">
        <ele>51.594951</ele>
        <time>2026-07-03T13:52:45.203Z</time>
      </trkpt>
      <trkpt lat="48.007355" lon="-4.044437">
        <ele>51.564975</ele>
        <time>2026-07-03T13:52:45.763Z</time>
      </trkpt>
      <trkpt lat="48.007345" lon="-4.044424">
        <ele>51.535802</ele>
        <time>2026-07-03T13:52:46.307Z</time>
      </trkpt>
      <trkpt lat="48.007335" lon="-4.044412">
        <ele>51.507574</ele>
        <time>2026-07-03T13:52:46.833Z</time>
      </trkpt>
      <trkpt lat="48.007324" lon="-4.044399">
        <ele>51.476707</ele>
        <time>2026-07-03T13:52:47.409Z</time>
      </trkpt>
      <trkpt lat="48.007315" lon="-4.044388">
        <ele>51.451116</ele>
        <time>2026-07-03T13:52:47.886Z</time>
      </trkpt>
      <trkpt lat="48.007306" lon="-4.044378">
        <ele>51.426431</ele>
        <time>2026-07-03T13:52:48.347Z</time>
      </trkpt>
      <trkpt lat="48.007299" lon="-4.044369">
        <ele>51.406106</ele>
        <time>2026-07-03T13:52:48.726Z</time>
      </trkpt>
      <trkpt lat="48.007291" lon="-4.044361">
        <ele>51.384919</ele>
        <time>2026-07-03T13:52:49.121Z</time>
      </trkpt>
      <trkpt lat="48.007281" lon="-4.044353">
        <ele>51.359953</ele>
        <time>2026-07-03T13:52:49.587Z</time>
      </trkpt>
      <trkpt lat="48.007272" lon="-4.044345">
        <ele>51.336904</ele>
        <time>2026-07-03T13:52:50.017Z</time>
      </trkpt>
      <trkpt lat="48.007260" lon="-4.044336">
        <ele>51.307350</ele>
        <time>2026-07-03T13:52:50.568Z</time>
      </trkpt>
      <trkpt lat="48.007249" lon="-4.044327">
        <ele>51.279747</ele>
        <time>2026-07-03T13:52:51.083Z</time>
      </trkpt>
      <trkpt lat="48.007238" lon="-4.044318">
        <ele>51.252144</ele>
        <time>2026-07-03T13:52:51.598Z</time>
      </trkpt>
      <trkpt lat="48.007228" lon="-4.044308">
        <ele>51.225660</ele>
        <time>2026-07-03T13:52:52.092Z</time>
      </trkpt>
      <trkpt lat="48.007218" lon="-4.044297">
        <ele>51.198329</ele>
        <time>2026-07-03T13:52:52.602Z</time>
      </trkpt>
      <trkpt lat="48.007209" lon="-4.044286">
        <ele>51.172739</ele>
        <time>2026-07-03T13:52:53.079Z</time>
      </trkpt>
      <trkpt lat="48.007200" lon="-4.044273">
        <ele>51.145189</ele>
        <time>2026-07-03T13:52:53.593Z</time>
      </trkpt>
      <trkpt lat="48.007191" lon="-4.044261">
        <ele>51.118642</ele>
        <time>2026-07-03T13:52:54.088Z</time>
      </trkpt>
      <trkpt lat="48.007183" lon="-4.044250">
        <ele>51.094714</ele>
        <time>2026-07-03T13:52:54.535Z</time>
      </trkpt>
      <trkpt lat="48.007175" lon="-4.044240">
        <ele>51.071758</ele>
        <time>2026-07-03T13:52:54.963Z</time>
      </trkpt>
      <trkpt lat="48.007165" lon="-4.044230">
        <ele>51.045274</ele>
        <time>2026-07-03T13:52:55.457Z</time>
      </trkpt>
      <trkpt lat="48.007154" lon="-4.044220">
        <ele>51.016934</ele>
        <time>2026-07-03T13:52:55.985Z</time>
      </trkpt>
      <trkpt lat="48.007142" lon="-4.044210">
        <ele>50.986692</ele>
        <time>2026-07-03T13:52:56.550Z</time>
      </trkpt>
      <trkpt lat="48.007131" lon="-4.044200">
        <ele>50.958352</ele>
        <time>2026-07-03T13:52:57.078Z</time>
      </trkpt>
      <trkpt lat="48.007122" lon="-4.044192">
        <ele>50.935303</ele>
        <time>2026-07-03T13:52:57.508Z</time>
      </trkpt>
      <trkpt lat="48.007113" lon="-4.044185">
        <ele>50.912971</ele>
        <time>2026-07-03T13:52:57.925Z</time>
      </trkpt>
      <trkpt lat="48.007104" lon="-4.044178">
        <ele>50.890638</ele>
        <time>2026-07-03T13:52:58.342Z</time>
      </trkpt>
      <trkpt lat="48.007096" lon="-4.044172">
        <ele>50.870936</ele>
        <time>2026-07-03T13:52:58.709Z</time>
      </trkpt>
      <trkpt lat="48.007088" lon="-4.044165">
        <ele>50.850531</ele>
        <time>2026-07-03T13:52:59.090Z</time>
      </trkpt>
      <trkpt lat="48.007080" lon="-4.044159">
        <ele>50.830829</ele>
        <time>2026-07-03T13:52:59.457Z</time>
      </trkpt>
      <trkpt lat="48.007071" lon="-4.044151">
        <ele>50.807780</ele>
        <time>2026-07-03T13:52:59.887Z</time>
      </trkpt>
      <trkpt lat="48.007061" lon="-4.044142">
        <ele>50.782086</ele>
        <time>2026-07-03T13:53:00.367Z</time>
      </trkpt>
      <trkpt lat="48.007050" lon="-4.044132">
        <ele>50.753746</ele>
        <time>2026-07-03T13:53:00.895Z</time>
      </trkpt>
      <trkpt lat="48.007039" lon="-4.044121">
        <ele>50.724613</ele>
        <time>2026-07-03T13:53:01.439Z</time>
      </trkpt>
      <trkpt lat="48.007029" lon="-4.044110">
        <ele>50.697283</ele>
        <time>2026-07-03T13:53:01.949Z</time>
      </trkpt>
      <trkpt lat="48.007020" lon="-4.044098">
        <ele>50.670735</ele>
        <time>2026-07-03T13:53:02.444Z</time>
      </trkpt>
      <trkpt lat="48.007013" lon="-4.044086">
        <ele>50.647289</ele>
        <time>2026-07-03T13:53:02.881Z</time>
      </trkpt>
      <trkpt lat="48.007005" lon="-4.044073">
        <ele>50.621277</ele>
        <time>2026-07-03T13:53:03.366Z</time>
      </trkpt>
      <trkpt lat="48.006998" lon="-4.044061">
        <ele>50.597831</ele>
        <time>2026-07-03T13:53:03.804Z</time>
      </trkpt>
      <trkpt lat="48.006991" lon="-4.044048">
        <ele>50.573256</ele>
        <time>2026-07-03T13:53:04.262Z</time>
      </trkpt>
      <trkpt lat="48.006984" lon="-4.044038">
        <ele>50.551942</ele>
        <time>2026-07-03T13:53:04.660Z</time>
      </trkpt>
      <trkpt lat="48.006977" lon="-4.044028">
        <ele>50.530627</ele>
        <time>2026-07-03T13:53:05.058Z</time>
      </trkpt>
      <trkpt lat="48.006971" lon="-4.044019">
        <ele>50.511916</ele>
        <time>2026-07-03T13:53:05.407Z</time>
      </trkpt>
      <trkpt lat="48.006965" lon="-4.044010">
        <ele>50.493205</ele>
        <time>2026-07-03T13:53:05.756Z</time>
      </trkpt>
      <trkpt lat="48.006959" lon="-4.044002">
        <ele>50.475507</ele>
        <time>2026-07-03T13:53:06.086Z</time>
      </trkpt>
      <trkpt lat="48.006952" lon="-4.043994">
        <ele>50.456111</ele>
        <time>2026-07-03T13:53:06.448Z</time>
      </trkpt>
      <trkpt lat="48.006946" lon="-4.043987">
        <ele>50.439356</ele>
        <time>2026-07-03T13:53:06.761Z</time>
      </trkpt>
      <trkpt lat="48.006940" lon="-4.043980">
        <ele>50.422602</ele>
        <time>2026-07-03T13:53:07.073Z</time>
      </trkpt>
      <trkpt lat="48.006933" lon="-4.043973">
        <ele>50.404064</ele>
        <time>2026-07-03T13:53:07.419Z</time>
      </trkpt>
      <trkpt lat="48.006927" lon="-4.043967">
        <ele>50.388173</ele>
        <time>2026-07-03T13:53:07.715Z</time>
      </trkpt>
      <trkpt lat="48.006921" lon="-4.043959">
        <ele>50.370475</ele>
        <time>2026-07-03T13:53:08.046Z</time>
      </trkpt>
      <trkpt lat="48.006915" lon="-4.043951">
        <ele>50.352776</ele>
        <time>2026-07-03T13:53:08.376Z</time>
      </trkpt>
      <trkpt lat="48.006910" lon="-4.043943">
        <ele>50.336654</ele>
        <time>2026-07-03T13:53:08.677Z</time>
      </trkpt>
      <trkpt lat="48.006905" lon="-4.043934">
        <ele>50.319426</ele>
        <time>2026-07-03T13:53:08.998Z</time>
      </trkpt>
      <trkpt lat="48.006901" lon="-4.043920">
        <ele>50.297007</ele>
        <time>2026-07-03T13:53:09.416Z</time>
      </trkpt>
      <trkpt lat="48.006898" lon="-4.043905">
        <ele>50.273951</ele>
        <time>2026-07-03T13:53:09.846Z</time>
      </trkpt>
      <trkpt lat="48.006897" lon="-4.043883">
        <ele>50.241477</ele>
        <time>2026-07-03T13:53:10.452Z</time>
      </trkpt>
      <trkpt lat="48.006895" lon="-4.043860">
        <ele>50.207320</ele>
        <time>2026-07-03T13:53:11.090Z</time>
      </trkpt>
      <trkpt lat="48.006894" lon="-4.043830">
        <ele>50.163085</ele>
        <time>2026-07-03T13:53:11.915Z</time>
      </trkpt>
      <trkpt lat="48.006892" lon="-4.043800">
        <ele>50.118685</ele>
        <time>2026-07-03T13:53:12.744Z</time>
      </trkpt>
      <trkpt lat="48.006887" lon="-4.043767">
        <ele>50.068856</ele>
        <time>2026-07-03T13:53:13.673Z</time>
      </trkpt>
      <trkpt lat="48.006882" lon="-4.043735">
        <ele>50.020462</ele>
        <time>2026-07-03T13:53:14.576Z</time>
      </trkpt>
      <trkpt lat="48.006875" lon="-4.043701">
        <ele>49.968074</ele>
        <time>2026-07-03T13:53:15.554Z</time>
      </trkpt>
      <trkpt lat="48.006868" lon="-4.043667">
        <ele>49.915685</ele>
        <time>2026-07-03T13:53:16.531Z</time>
      </trkpt>
      <trkpt lat="48.006858" lon="-4.043634">
        <ele>49.862334</ele>
        <time>2026-07-03T13:53:17.527Z</time>
      </trkpt>
      <trkpt lat="48.006849" lon="-4.043600">
        <ele>49.808486</ele>
        <time>2026-07-03T13:53:18.532Z</time>
      </trkpt>
      <trkpt lat="48.006839" lon="-4.043566">
        <ele>49.753790</ele>
        <time>2026-07-03T13:53:19.553Z</time>
      </trkpt>
      <trkpt lat="48.006829" lon="-4.043532">
        <ele>49.699093</ele>
        <time>2026-07-03T13:53:20.574Z</time>
      </trkpt>
      <trkpt lat="48.006822" lon="-4.043497">
        <ele>49.645296</ele>
        <time>2026-07-03T13:53:21.578Z</time>
      </trkpt>
      <trkpt lat="48.006814" lon="-4.043463">
        <ele>49.592218</ele>
        <time>2026-07-03T13:53:22.568Z</time>
      </trkpt>
      <trkpt lat="48.006808" lon="-4.043426">
        <ele>49.536151</ele>
        <time>2026-07-03T13:53:23.615Z</time>
      </trkpt>
      <trkpt lat="48.006802" lon="-4.043389">
        <ele>49.480083</ele>
        <time>2026-07-03T13:53:24.662Z</time>
      </trkpt>
      <trkpt lat="48.006798" lon="-4.043351">
        <ele>49.423433</ele>
        <time>2026-07-03T13:53:25.719Z</time>
      </trkpt>
      <trkpt lat="48.006794" lon="-4.043313">
        <ele>49.366782</ele>
        <time>2026-07-03T13:53:26.777Z</time>
      </trkpt>
      <trkpt lat="48.006792" lon="-4.043277">
        <ele>49.313583</ele>
        <time>2026-07-03T13:53:27.770Z</time>
      </trkpt>
      <trkpt lat="48.006789" lon="-4.043240">
        <ele>49.258695</ele>
        <time>2026-07-03T13:53:28.794Z</time>
      </trkpt>
      <trkpt lat="48.006788" lon="-4.043207">
        <ele>49.210046</ele>
        <time>2026-07-03T13:53:29.702Z</time>
      </trkpt>
      <trkpt lat="48.006787" lon="-4.043174">
        <ele>49.161398</ele>
        <time>2026-07-03T13:53:30.610Z</time>
      </trkpt>
      <trkpt lat="48.006784" lon="-4.043141">
        <ele>49.112352</ele>
        <time>2026-07-03T13:53:31.526Z</time>
      </trkpt>
      <trkpt lat="48.006782" lon="-4.043108">
        <ele>49.063554</ele>
        <time>2026-07-03T13:53:32.437Z</time>
      </trkpt>
      <trkpt lat="48.006775" lon="-4.043074">
        <ele>49.011166</ele>
        <time>2026-07-03T13:53:33.415Z</time>
      </trkpt>
      <trkpt lat="48.006769" lon="-4.043041">
        <ele>48.960804</ele>
        <time>2026-07-03T13:53:34.355Z</time>
      </trkpt>
      <trkpt lat="48.006762" lon="-4.043006">
        <ele>48.907007</ele>
        <time>2026-07-03T13:53:35.359Z</time>
      </trkpt>
      <trkpt lat="48.006755" lon="-4.042971">
        <ele>48.853209</ele>
        <time>2026-07-03T13:53:36.363Z</time>
      </trkpt>
      <trkpt lat="48.006748" lon="-4.042937">
        <ele>48.800820</ele>
        <time>2026-07-03T13:53:37.341Z</time>
      </trkpt>
      <trkpt lat="48.006741" lon="-4.042903">
        <ele>48.748431</ele>
        <time>2026-07-03T13:53:38.320Z</time>
      </trkpt>
      <trkpt lat="48.006736" lon="-4.042869">
        <ele>48.695619</ele>
        <time>2026-07-03T13:53:39.277Z</time>
      </trkpt>
      <trkpt lat="48.006730" lon="-4.042835">
        <ele>48.621040</ele>
        <time>2026-07-03T13:53:40.243Z</time>
      </trkpt>
      <trkpt lat="48.006723" lon="-4.042800">
        <ele>48.543561</ele>
        <time>2026-07-03T13:53:41.248Z</time>
      </trkpt>
      <trkpt lat="48.006716" lon="-4.042765">
        <ele>48.466081</ele>
        <time>2026-07-03T13:53:42.252Z</time>
      </trkpt>
      <trkpt lat="48.006709" lon="-4.042730">
        <ele>48.388602</ele>
        <time>2026-07-03T13:53:43.257Z</time>
      </trkpt>
      <trkpt lat="48.006701" lon="-4.042695">
        <ele>48.310156</ele>
        <time>2026-07-03T13:53:44.274Z</time>
      </trkpt>
      <trkpt lat="48.006692" lon="-4.042660">
        <ele>48.230628</ele>
        <time>2026-07-03T13:53:45.305Z</time>
      </trkpt>
      <trkpt lat="48.006683" lon="-4.042625">
        <ele>48.151101</ele>
        <time>2026-07-03T13:53:46.336Z</time>
      </trkpt>
      <trkpt lat="48.006673" lon="-4.042591">
        <ele>48.072327</ele>
        <time>2026-07-03T13:53:47.357Z</time>
      </trkpt>
      <trkpt lat="48.006663" lon="-4.042557">
        <ele>47.993554</ele>
        <time>2026-07-03T13:53:48.378Z</time>
      </trkpt>
      <trkpt lat="48.006652" lon="-4.042527">
        <ele>47.920996</ele>
        <time>2026-07-03T13:53:49.319Z</time>
      </trkpt>
      <trkpt lat="48.006641" lon="-4.042497">
        <ele>47.848439</ele>
        <time>2026-07-03T13:53:50.260Z</time>
      </trkpt>
      <trkpt lat="48.006635" lon="-4.042474">
        <ele>47.796079</ele>
        <time>2026-07-03T13:53:50.939Z</time>
      </trkpt>
      <trkpt lat="48.006630" lon="-4.042452">
        <ele>47.746800</ele>
        <time>2026-07-03T13:53:51.577Z</time>
      </trkpt>
      <trkpt lat="48.006636" lon="-4.042449">
        <ele>47.726743</ele>
        <time>2026-07-03T13:53:51.837Z</time>
      </trkpt>
      <trkpt lat="48.006643" lon="-4.042445">
        <ele>47.702985</ele>
        <time>2026-07-03T13:53:52.145Z</time>
      </trkpt>
      <trkpt lat="48.006662" lon="-4.042457">
        <ele>47.637596</ele>
        <time>2026-07-03T13:53:52.993Z</time>
      </trkpt>
      <trkpt lat="48.006680" lon="-4.042468">
        <ele>47.575948</ele>
        <time>2026-07-03T13:53:53.792Z</time>
      </trkpt>
      <trkpt lat="48.006703" lon="-4.042488">
        <ele>47.491594</ele>
        <time>2026-07-03T13:53:54.886Z</time>
      </trkpt>
      <trkpt lat="48.006726" lon="-4.042508">
        <ele>47.407239</ele>
        <time>2026-07-03T13:53:55.980Z</time>
      </trkpt>
      <trkpt lat="48.006747" lon="-4.042533">
        <ele>47.322131</ele>
        <time>2026-07-03T13:53:57.084Z</time>
      </trkpt>
      <trkpt lat="48.006768" lon="-4.042557">
        <ele>47.238327</ele>
        <time>2026-07-03T13:53:58.171Z</time>
      </trkpt>
      <trkpt lat="48.006788" lon="-4.042585">
        <ele>47.151455</ele>
        <time>2026-07-03T13:53:59.297Z</time>
      </trkpt>
      <trkpt lat="48.006807" lon="-4.042612">
        <ele>47.068345</ele>
        <time>2026-07-03T13:54:00.375Z</time>
      </trkpt>
      <trkpt lat="48.006826" lon="-4.042640">
        <ele>46.983759</ele>
        <time>2026-07-03T13:54:01.471Z</time>
      </trkpt>
      <trkpt lat="48.006844" lon="-4.042668">
        <ele>46.901401</ele>
        <time>2026-07-03T13:54:02.538Z</time>
      </trkpt>
      <trkpt lat="48.006861" lon="-4.042693">
        <ele>46.825797</ele>
        <time>2026-07-03T13:54:03.519Z</time>
      </trkpt>
      <trkpt lat="48.006877" lon="-4.042719">
        <ele>46.750873</ele>
        <time>2026-07-03T13:54:04.490Z</time>
      </trkpt>
      <trkpt lat="48.006891" lon="-4.042735">
        <ele>46.695004</ele>
        <time>2026-07-03T13:54:05.215Z</time>
      </trkpt>
      <trkpt lat="48.006905" lon="-4.042751">
        <ele>46.639135</ele>
        <time>2026-07-03T13:54:05.939Z</time>
      </trkpt>
      <trkpt lat="48.006913" lon="-4.042744">
        <ele>46.609748</ele>
        <time>2026-07-03T13:54:06.320Z</time>
      </trkpt>
      <trkpt lat="48.006921" lon="-4.042738">
        <ele>46.581373</ele>
        <time>2026-07-03T13:54:06.688Z</time>
      </trkpt>
      <trkpt lat="48.006922" lon="-4.042710">
        <ele>46.521902</ele>
        <time>2026-07-03T13:54:07.459Z</time>
      </trkpt>
      <trkpt lat="48.006923" lon="-4.042682">
        <ele>46.462431</ele>
        <time>2026-07-03T13:54:08.230Z</time>
      </trkpt>
      <trkpt lat="48.006916" lon="-4.042645">
        <ele>46.380878</ele>
        <time>2026-07-03T13:54:09.287Z</time>
      </trkpt>
      <trkpt lat="48.006909" lon="-4.042609">
        <ele>46.301365</ele>
        <time>2026-07-03T13:54:10.318Z</time>
      </trkpt>
      <trkpt lat="48.006898" lon="-4.042575">
        <ele>46.221264</ele>
        <time>2026-07-03T13:54:11.356Z</time>
      </trkpt>
      <trkpt lat="48.006887" lon="-4.042542">
        <ele>46.143066</ele>
        <time>2026-07-03T13:54:12.370Z</time>
      </trkpt>
      <trkpt lat="48.006876" lon="-4.042512">
        <ele>46.070509</ele>
        <time>2026-07-03T13:54:13.311Z</time>
      </trkpt>
      <trkpt lat="48.006864" lon="-4.042482">
        <ele>45.996375</ele>
        <time>2026-07-03T13:54:14.272Z</time>
      </trkpt>
      <trkpt lat="48.006851" lon="-4.042454">
        <ele>45.924090</ele>
        <time>2026-07-03T13:54:15.209Z</time>
      </trkpt>
      <trkpt lat="48.006838" lon="-4.042425">
        <ele>45.850052</ele>
        <time>2026-07-03T13:54:16.169Z</time>
      </trkpt>
      <trkpt lat="48.006822" lon="-4.042398">
        <ele>45.773553</ele>
        <time>2026-07-03T13:54:17.160Z</time>
      </trkpt>
      <trkpt lat="48.006807" lon="-4.042371">
        <ele>45.699118</ele>
        <time>2026-07-03T13:54:18.125Z</time>
      </trkpt>
      <trkpt lat="48.006790" lon="-4.042346">
        <ele>45.623515</ele>
        <time>2026-07-03T13:54:19.104Z</time>
      </trkpt>
      <trkpt lat="48.006773" lon="-4.042321">
        <ele>45.547911</ele>
        <time>2026-07-03T13:54:20.084Z</time>
      </trkpt>
      <trkpt lat="48.006754" lon="-4.042299">
        <ele>45.471719</ele>
        <time>2026-07-03T13:54:21.071Z</time>
      </trkpt>
      <trkpt lat="48.006736" lon="-4.042277">
        <ele>45.398008</ele>
        <time>2026-07-03T13:54:22.026Z</time>
      </trkpt>
      <trkpt lat="48.006717" lon="-4.042260">
        <ele>45.327808</ele>
        <time>2026-07-03T13:54:22.936Z</time>
      </trkpt>
      <trkpt lat="48.006699" lon="-4.042243">
        <ele>45.260308</ele>
        <time>2026-07-03T13:54:23.810Z</time>
      </trkpt>
      <trkpt lat="48.006678" lon="-4.042232">
        <ele>45.189766</ele>
        <time>2026-07-03T13:54:24.724Z</time>
      </trkpt>
      <trkpt lat="48.006657" lon="-4.042221">
        <ele>45.119223</ele>
        <time>2026-07-03T13:54:25.638Z</time>
      </trkpt>
      <trkpt lat="48.006635" lon="-4.042216">
        <ele>45.048679</ele>
        <time>2026-07-03T13:54:26.551Z</time>
      </trkpt>
      <trkpt lat="48.006613" lon="-4.042212">
        <ele>44.978422</ele>
        <time>2026-07-03T13:54:27.461Z</time>
      </trkpt>
      <trkpt lat="48.006592" lon="-4.042211">
        <ele>44.911815</ele>
        <time>2026-07-03T13:54:28.324Z</time>
      </trkpt>
      <trkpt lat="48.006570" lon="-4.042209">
        <ele>44.841943</ele>
        <time>2026-07-03T13:54:29.229Z</time>
      </trkpt>
      <trkpt lat="48.006551" lon="-4.042207">
        <ele>44.781562</ele>
        <time>2026-07-03T13:54:30.011Z</time>
      </trkpt>
      <trkpt lat="48.006531" lon="-4.042206">
        <ele>44.718123</ele>
        <time>2026-07-03T13:54:30.833Z</time>
      </trkpt>
      <trkpt lat="48.006517" lon="-4.042202">
        <ele>44.672938</ele>
        <time>2026-07-03T13:54:31.418Z</time>
      </trkpt>
      <trkpt lat="48.006503" lon="-4.042199">
        <ele>44.628102</ele>
        <time>2026-07-03T13:54:31.999Z</time>
      </trkpt>
      <trkpt lat="48.006493" lon="-4.042193">
        <ele>44.593942</ele>
        <time>2026-07-03T13:54:32.441Z</time>
      </trkpt>
      <trkpt lat="48.006482" lon="-4.042188">
        <ele>44.557494</ele>
        <time>2026-07-03T13:54:32.913Z</time>
      </trkpt>
      <trkpt lat="48.006473" lon="-4.042176">
        <ele>44.519260</ele>
        <time>2026-07-03T13:54:33.408Z</time>
      </trkpt>
      <trkpt lat="48.006464" lon="-4.042164">
        <ele>44.481026</ele>
        <time>2026-07-03T13:54:33.903Z</time>
      </trkpt>
      <trkpt lat="48.006458" lon="-4.042140">
        <ele>44.426685</ele>
        <time>2026-07-03T13:54:34.607Z</time>
      </trkpt>
      <trkpt lat="48.006452" lon="-4.042117">
        <ele>44.374326</ele>
        <time>2026-07-03T13:54:35.286Z</time>
      </trkpt>
      <trkpt lat="48.006446" lon="-4.042091">
        <ele>44.315993</ele>
        <time>2026-07-03T13:54:36.041Z</time>
      </trkpt>
      <trkpt lat="48.006439" lon="-4.042065">
        <ele>44.256550</ele>
        <time>2026-07-03T13:54:36.811Z</time>
      </trkpt>
      <trkpt lat="48.006428" lon="-4.042040">
        <ele>44.193087</ele>
        <time>2026-07-03T13:54:37.633Z</time>
      </trkpt>
      <trkpt lat="48.006417" lon="-4.042016">
        <ele>44.131385</ele>
        <time>2026-07-03T13:54:38.432Z</time>
      </trkpt>
      <trkpt lat="48.006402" lon="-4.041991">
        <ele>44.060161</ele>
        <time>2026-07-03T13:54:39.355Z</time>
      </trkpt>
      <trkpt lat="48.006387" lon="-4.041966">
        <ele>43.988938</ele>
        <time>2026-07-03T13:54:40.277Z</time>
      </trkpt>
      <trkpt lat="48.006370" lon="-4.041941">
        <ele>43.913334</ele>
        <time>2026-07-03T13:54:41.256Z</time>
      </trkpt>
      <trkpt lat="48.006353" lon="-4.041916">
        <ele>43.837730</ele>
        <time>2026-07-03T13:54:42.236Z</time>
      </trkpt>
      <trkpt lat="48.006337" lon="-4.041891">
        <ele>43.764352</ele>
        <time>2026-07-03T13:54:43.186Z</time>
      </trkpt>
      <trkpt lat="48.006320" lon="-4.041866">
        <ele>43.688748</ele>
        <time>2026-07-03T13:54:44.165Z</time>
      </trkpt>
      <trkpt lat="48.006302" lon="-4.041844">
        <ele>43.615037</ele>
        <time>2026-07-03T13:54:45.120Z</time>
      </trkpt>
      <trkpt lat="48.006284" lon="-4.041822">
        <ele>43.541325</ele>
        <time>2026-07-03T13:54:46.075Z</time>
      </trkpt>
      <trkpt lat="48.006268" lon="-4.041802">
        <ele>43.475203</ele>
        <time>2026-07-03T13:54:46.931Z</time>
      </trkpt>
      <trkpt lat="48.006251" lon="-4.041783">
        <ele>43.407910</ele>
        <time>2026-07-03T13:54:47.803Z</time>
      </trkpt>
      <trkpt lat="48.006235" lon="-4.041760">
        <ele>43.337536</ele>
        <time>2026-07-03T13:54:48.714Z</time>
      </trkpt>
      <trkpt lat="48.006219" lon="-4.041737">
        <ele>43.267162</ele>
        <time>2026-07-03T13:54:49.626Z</time>
      </trkpt>
      <trkpt lat="48.006203" lon="-4.041715">
        <ele>43.198242</ele>
        <time>2026-07-03T13:54:50.519Z</time>
      </trkpt>
      <trkpt lat="48.006187" lon="-4.041693">
        <ele>43.129321</ele>
        <time>2026-07-03T13:54:51.411Z</time>
      </trkpt>
      <trkpt lat="48.006170" lon="-4.041677">
        <ele>43.065634</ele>
        <time>2026-07-03T13:54:52.236Z</time>
      </trkpt>
      <trkpt lat="48.006153" lon="-4.041661">
        <ele>43.001948</ele>
        <time>2026-07-03T13:54:53.061Z</time>
      </trkpt>
      <trkpt lat="48.006136" lon="-4.041648">
        <ele>43.013008</ele>
        <time>2026-07-03T13:54:53.845Z</time>
      </trkpt>
      <trkpt lat="48.006119" lon="-4.041634">
        <ele>43.028328</ele>
        <time>2026-07-03T13:54:54.642Z</time>
      </trkpt>
      <trkpt lat="48.006099" lon="-4.041621">
        <ele>43.045542</ele>
        <time>2026-07-03T13:54:55.537Z</time>
      </trkpt>
      <trkpt lat="48.006080" lon="-4.041607">
        <ele>43.062262</ele>
        <time>2026-07-03T13:54:56.407Z</time>
      </trkpt>
      <trkpt lat="48.006062" lon="-4.041590">
        <ele>43.079068</ele>
        <time>2026-07-03T13:54:57.281Z</time>
      </trkpt>
      <trkpt lat="48.006043" lon="-4.041572">
        <ele>43.096824</ele>
        <time>2026-07-03T13:54:58.205Z</time>
      </trkpt>
      <trkpt lat="48.006029" lon="-4.041555">
        <ele>43.111061</ele>
        <time>2026-07-03T13:54:58.945Z</time>
      </trkpt>
      <trkpt lat="48.006015" lon="-4.041537">
        <ele>43.125637</ele>
        <time>2026-07-03T13:54:59.704Z</time>
      </trkpt>
      <trkpt lat="48.006004" lon="-4.041523">
        <ele>43.137040</ele>
        <time>2026-07-03T13:55:00.297Z</time>
      </trkpt>
      <trkpt lat="48.005993" lon="-4.041508">
        <ele>43.148793</ele>
        <time>2026-07-03T13:55:00.908Z</time>
      </trkpt>
      <trkpt lat="48.005981" lon="-4.041494">
        <ele>43.160809</ele>
        <time>2026-07-03T13:55:01.533Z</time>
      </trkpt>
      <trkpt lat="48.005970" lon="-4.041480">
        <ele>43.172212</ele>
        <time>2026-07-03T13:55:02.126Z</time>
      </trkpt>
      <trkpt lat="48.005960" lon="-4.041466">
        <ele>43.183027</ele>
        <time>2026-07-03T13:55:02.689Z</time>
      </trkpt>
      <trkpt lat="48.005949" lon="-4.041451">
        <ele>43.194779</ele>
        <time>2026-07-03T13:55:03.300Z</time>
      </trkpt>
      <trkpt lat="48.005940" lon="-4.041435">
        <ele>43.205818</ele>
        <time>2026-07-03T13:55:03.874Z</time>
      </trkpt>
      <trkpt lat="48.005931" lon="-4.041419">
        <ele>43.216857</ele>
        <time>2026-07-03T13:55:04.449Z</time>
      </trkpt>
      <trkpt lat="48.005922" lon="-4.041403">
        <ele>43.227896</ele>
        <time>2026-07-03T13:55:05.023Z</time>
      </trkpt>
      <trkpt lat="48.005912" lon="-4.041388">
        <ele>43.239078</ele>
        <time>2026-07-03T13:55:05.604Z</time>
      </trkpt>
      <trkpt lat="48.005906" lon="-4.041372">
        <ele>43.248764</ele>
        <time>2026-07-03T13:55:06.108Z</time>
      </trkpt>
      <trkpt lat="48.005899" lon="-4.041357">
        <ele>43.258422</ele>
        <time>2026-07-03T13:55:06.611Z</time>
      </trkpt>
      <trkpt lat="48.005892" lon="-4.041340">
        <ele>43.268963</ele>
        <time>2026-07-03T13:55:07.159Z</time>
      </trkpt>
      <trkpt lat="48.005886" lon="-4.041324">
        <ele>43.278649</ele>
        <time>2026-07-03T13:55:07.663Z</time>
      </trkpt>
      <trkpt lat="48.005877" lon="-4.041306">
        <ele>43.290516</ele>
        <time>2026-07-03T13:55:08.280Z</time>
      </trkpt>
      <trkpt lat="48.005869" lon="-4.041288">
        <ele>43.301927</ele>
        <time>2026-07-03T13:55:08.874Z</time>
      </trkpt>
      <trkpt lat="48.005858" lon="-4.041271">
        <ele>43.314416</ele>
        <time>2026-07-03T13:55:09.523Z</time>
      </trkpt>
      <trkpt lat="48.005848" lon="-4.041255">
        <ele>43.325979</ele>
        <time>2026-07-03T13:55:10.125Z</time>
      </trkpt>
      <trkpt lat="48.005837" lon="-4.041241">
        <ele>43.337382</ele>
        <time>2026-07-03T13:55:10.718Z</time>
      </trkpt>
      <trkpt lat="48.005826" lon="-4.041228">
        <ele>43.348451</ele>
        <time>2026-07-03T13:55:11.294Z</time>
      </trkpt>
      <trkpt lat="48.005815" lon="-4.041218">
        <ele>43.358613</ele>
        <time>2026-07-03T13:55:11.822Z</time>
      </trkpt>
      <trkpt lat="48.005805" lon="-4.041208">
        <ele>43.368109</ele>
        <time>2026-07-03T13:55:12.316Z</time>
      </trkpt>
      <trkpt lat="48.005794" lon="-4.041196">
        <ele>43.378858</ele>
        <time>2026-07-03T13:55:12.875Z</time>
      </trkpt>
      <trkpt lat="48.005783" lon="-4.041184">
        <ele>43.389607</ele>
        <time>2026-07-03T13:55:13.435Z</time>
      </trkpt>
      <trkpt lat="48.005773" lon="-4.041169">
        <ele>43.400790</ele>
        <time>2026-07-03T13:55:14.016Z</time>
      </trkpt>
      <trkpt lat="48.005763" lon="-4.041154">
        <ele>43.411972</ele>
        <time>2026-07-03T13:55:14.598Z</time>
      </trkpt>
      <trkpt lat="48.005753" lon="-4.041139">
        <ele>43.423154</ele>
        <time>2026-07-03T13:55:15.180Z</time>
      </trkpt>
      <trkpt lat="48.005743" lon="-4.041124">
        <ele>43.434337</ele>
        <time>2026-07-03T13:55:15.761Z</time>
      </trkpt>
      <trkpt lat="48.005734" lon="-4.041110">
        <ele>43.444590</ele>
        <time>2026-07-03T13:55:16.295Z</time>
      </trkpt>
      <trkpt lat="48.005725" lon="-4.041095">
        <ele>43.455229</ele>
        <time>2026-07-03T13:55:16.848Z</time>
      </trkpt>
      <trkpt lat="48.005717" lon="-4.041081">
        <ele>43.464952</ele>
        <time>2026-07-03T13:55:17.354Z</time>
      </trkpt>
      <trkpt lat="48.005710" lon="-4.041067">
        <ele>43.474182</ele>
        <time>2026-07-03T13:55:17.834Z</time>
      </trkpt>
      <trkpt lat="48.005703" lon="-4.041055">
        <ele>43.482589</ele>
        <time>2026-07-03T13:55:18.271Z</time>
      </trkpt>
      <trkpt lat="48.005697" lon="-4.041042">
        <ele>43.490929</ele>
        <time>2026-07-03T13:55:18.705Z</time>
      </trkpt>
      <trkpt lat="48.005690" lon="-4.041029">
        <ele>43.499741</ele>
        <time>2026-07-03T13:55:19.163Z</time>
      </trkpt>
      <trkpt lat="48.005683" lon="-4.041015">
        <ele>43.508971</ele>
        <time>2026-07-03T13:55:19.644Z</time>
      </trkpt>
      <trkpt lat="48.005677" lon="-4.040998">
        <ele>43.519121</ele>
        <time>2026-07-03T13:55:20.172Z</time>
      </trkpt>
      <trkpt lat="48.005671" lon="-4.040981">
        <ele>43.529271</ele>
        <time>2026-07-03T13:55:20.700Z</time>
      </trkpt>
      <trkpt lat="48.005667" lon="-4.040957">
        <ele>43.542332</ele>
        <time>2026-07-03T13:55:21.379Z</time>
      </trkpt>
      <trkpt lat="48.005662" lon="-4.040934">
        <ele>43.555103</ele>
        <time>2026-07-03T13:55:22.043Z</time>
      </trkpt>
      <trkpt lat="48.005658" lon="-4.040910">
        <ele>43.568165</ele>
        <time>2026-07-03T13:55:22.723Z</time>
      </trkpt>
      <trkpt lat="48.005655" lon="-4.040886">
        <ele>43.581058</ele>
        <time>2026-07-03T13:55:23.393Z</time>
      </trkpt>
      <trkpt lat="48.005650" lon="-4.040865">
        <ele>43.592829</ele>
        <time>2026-07-03T13:55:24.006Z</time>
      </trkpt>
      <trkpt lat="48.005646" lon="-4.040844">
        <ele>43.604359</ele>
        <time>2026-07-03T13:55:24.605Z</time>
      </trkpt>
      <trkpt lat="48.005640" lon="-4.040827">
        <ele>43.614509</ele>
        <time>2026-07-03T13:55:25.134Z</time>
      </trkpt>
      <trkpt lat="48.005633" lon="-4.040811">
        <ele>43.624605</ele>
        <time>2026-07-03T13:55:25.659Z</time>
      </trkpt>
      <trkpt lat="48.005629" lon="-4.040799">
        <ele>43.631685</ele>
        <time>2026-07-03T13:55:26.027Z</time>
      </trkpt>
      <trkpt lat="48.005624" lon="-4.040788">
        <ele>43.638708</ele>
        <time>2026-07-03T13:55:26.392Z</time>
      </trkpt>
      <trkpt lat="48.005623" lon="-4.040776">
        <ele>43.645094</ele>
        <time>2026-07-03T13:55:26.725Z</time>
      </trkpt>
      <trkpt lat="48.005622" lon="-4.040764">
        <ele>43.651480</ele>
        <time>2026-07-03T13:55:27.057Z</time>
      </trkpt>
      <trkpt lat="48.005623" lon="-4.040749">
        <ele>43.659440</ele>
        <time>2026-07-03T13:55:27.471Z</time>
      </trkpt>
      <trkpt lat="48.005624" lon="-4.040734">
        <ele>43.667401</ele>
        <time>2026-07-03T13:55:27.885Z</time>
      </trkpt>
      <trkpt lat="48.005626" lon="-4.040718">
        <ele>43.675996</ele>
        <time>2026-07-03T13:55:28.332Z</time>
      </trkpt>
      <trkpt lat="48.005628" lon="-4.040701">
        <ele>43.685111</ele>
        <time>2026-07-03T13:55:28.806Z</time>
      </trkpt>
      <trkpt lat="48.005631" lon="-4.040687">
        <ele>43.692874</ele>
        <time>2026-07-03T13:55:29.210Z</time>
      </trkpt>
      <trkpt lat="48.005634" lon="-4.040674">
        <ele>43.700136</ele>
        <time>2026-07-03T13:55:29.588Z</time>
      </trkpt>
      <trkpt lat="48.005633" lon="-4.040662">
        <ele>43.706522</ele>
        <time>2026-07-03T13:55:29.920Z</time>
      </trkpt>
      <trkpt lat="48.005633" lon="-4.040650">
        <ele>43.712859</ele>
        <time>2026-07-03T13:55:30.250Z</time>
      </trkpt>
      <trkpt lat="48.005629" lon="-4.040639">
        <ele>43.719471</ele>
        <time>2026-07-03T13:55:30.594Z</time>
      </trkpt>
      <trkpt lat="48.005624" lon="-4.040629">
        <ele>43.726063</ele>
        <time>2026-07-03T13:55:30.936Z</time>
      </trkpt>
      <trkpt lat="48.005618" lon="-4.040619">
        <ele>43.733157</ele>
        <time>2026-07-03T13:55:31.306Z</time>
      </trkpt>
      <trkpt lat="48.005611" lon="-4.040610">
        <ele>43.740445</ele>
        <time>2026-07-03T13:55:31.685Z</time>
      </trkpt>
      <trkpt lat="48.005604" lon="-4.040596">
        <ele>43.749674</ele>
        <time>2026-07-03T13:55:32.165Z</time>
      </trkpt>
      <trkpt lat="48.005596" lon="-4.040582">
        <ele>43.759397</ele>
        <time>2026-07-03T13:55:32.671Z</time>
      </trkpt>
      <trkpt lat="48.005587" lon="-4.040564">
        <ele>43.771264</ele>
        <time>2026-07-03T13:55:33.288Z</time>
      </trkpt>
      <trkpt lat="48.005578" lon="-4.040546">
        <ele>43.783130</ele>
        <time>2026-07-03T13:55:33.905Z</time>
      </trkpt>
      <trkpt lat="48.005569" lon="-4.040528">
        <ele>43.794997</ele>
        <time>2026-07-03T13:55:34.523Z</time>
      </trkpt>
      <trkpt lat="48.005560" lon="-4.040511">
        <ele>43.806445</ele>
        <time>2026-07-03T13:55:35.118Z</time>
      </trkpt>
      <trkpt lat="48.005549" lon="-4.040493">
        <ele>43.819319</ele>
        <time>2026-07-03T13:55:35.788Z</time>
      </trkpt>
      <trkpt lat="48.005538" lon="-4.040474">
        <ele>43.832587</ele>
        <time>2026-07-03T13:55:36.478Z</time>
      </trkpt>
      <trkpt lat="48.005524" lon="-4.040452">
        <ele>43.848621</ele>
        <time>2026-07-03T13:55:37.312Z</time>
      </trkpt>
      <trkpt lat="48.005510" lon="-4.040431">
        <ele>43.864276</ele>
        <time>2026-07-03T13:55:38.127Z</time>
      </trkpt>
      <trkpt lat="48.005496" lon="-4.040410">
        <ele>43.879932</ele>
        <time>2026-07-03T13:55:38.941Z</time>
      </trkpt>
      <trkpt lat="48.005482" lon="-4.040389">
        <ele>43.895587</ele>
        <time>2026-07-03T13:55:39.756Z</time>
      </trkpt>
      <trkpt lat="48.005471" lon="-4.040369">
        <ele>43.909259</ele>
        <time>2026-07-03T13:55:40.467Z</time>
      </trkpt>
      <trkpt lat="48.005460" lon="-4.040349">
        <ele>43.922932</ele>
        <time>2026-07-03T13:55:41.178Z</time>
      </trkpt>
      <trkpt lat="48.005452" lon="-4.040330">
        <ele>43.934787</ele>
        <time>2026-07-03T13:55:41.795Z</time>
      </trkpt>
      <trkpt lat="48.005444" lon="-4.040312">
        <ele>43.946199</ele>
        <time>2026-07-03T13:55:42.389Z</time>
      </trkpt>
      <trkpt lat="48.005440" lon="-4.040290">
        <ele>43.958238</ele>
        <time>2026-07-03T13:55:43.015Z</time>
      </trkpt>
      <trkpt lat="48.005436" lon="-4.040269">
        <ele>43.969768</ele>
        <time>2026-07-03T13:55:43.615Z</time>
      </trkpt>
      <trkpt lat="48.005431" lon="-4.040244">
        <ele>43.983548</ele>
        <time>2026-07-03T13:55:44.332Z</time>
      </trkpt>
      <trkpt lat="48.005427" lon="-4.040220">
        <ele>43.996609</ele>
        <time>2026-07-03T13:55:45.012Z</time>
      </trkpt>
      <trkpt lat="48.005422" lon="-4.040198">
        <ele>44.008879</ele>
        <time>2026-07-03T13:55:45.650Z</time>
      </trkpt>
      <trkpt lat="48.005419" lon="-4.040176">
        <ele>44.020736</ele>
        <time>2026-07-03T13:55:46.267Z</time>
      </trkpt>
      <trkpt lat="48.005420" lon="-4.040155">
        <ele>44.031854</ele>
        <time>2026-07-03T13:55:46.845Z</time>
      </trkpt>
      <trkpt lat="48.005422" lon="-4.040134">
        <ele>44.043055</ele>
        <time>2026-07-03T13:55:47.428Z</time>
      </trkpt>
      <trkpt lat="48.005428" lon="-4.040111">
        <ele>44.056092</ele>
        <time>2026-07-03T13:55:48.106Z</time>
      </trkpt>
      <trkpt lat="48.005434" lon="-4.040088">
        <ele>44.069128</ele>
        <time>2026-07-03T13:55:48.785Z</time>
      </trkpt>
      <trkpt lat="48.005436" lon="-4.040060">
        <ele>44.083999</ele>
        <time>2026-07-03T13:55:49.558Z</time>
      </trkpt>
      <trkpt lat="48.005438" lon="-4.040031">
        <ele>44.099395</ele>
        <time>2026-07-03T13:55:50.360Z</time>
      </trkpt>
      <trkpt lat="48.005437" lon="-4.040004">
        <ele>44.113675</ele>
        <time>2026-07-03T13:55:51.103Z</time>
      </trkpt>
      <trkpt lat="48.005436" lon="-4.039976">
        <ele>44.128482</ele>
        <time>2026-07-03T13:55:51.873Z</time>
      </trkpt>
      <trkpt lat="48.005437" lon="-4.039953">
        <ele>44.140654</ele>
        <time>2026-07-03T13:55:52.506Z</time>
      </trkpt>
      <trkpt lat="48.005439" lon="-4.039929">
        <ele>44.153426</ele>
        <time>2026-07-03T13:55:53.171Z</time>
      </trkpt>
      <trkpt lat="48.005443" lon="-4.039911">
        <ele>44.163442</ele>
        <time>2026-07-03T13:55:53.692Z</time>
      </trkpt>
      <trkpt lat="48.005447" lon="-4.039892">
        <ele>44.173961</ele>
        <time>2026-07-03T13:55:54.239Z</time>
      </trkpt>
      <trkpt lat="48.005451" lon="-4.039876">
        <ele>44.182981</ele>
        <time>2026-07-03T13:55:54.708Z</time>
      </trkpt>
      <trkpt lat="48.005455" lon="-4.039861">
        <ele>44.191508</ele>
        <time>2026-07-03T13:55:55.152Z</time>
      </trkpt>
      <trkpt lat="48.005458" lon="-4.039846">
        <ele>44.199776</ele>
        <time>2026-07-03T13:55:55.582Z</time>
      </trkpt>
      <trkpt lat="48.005461" lon="-4.039832">
        <ele>44.207539</ele>
        <time>2026-07-03T13:55:55.986Z</time>
      </trkpt>
      <trkpt lat="48.005464" lon="-4.039815">
        <ele>44.216823</ele>
        <time>2026-07-03T13:55:56.469Z</time>
      </trkpt>
      <trkpt lat="48.005466" lon="-4.039799">
        <ele>44.225419</ele>
        <time>2026-07-03T13:55:56.916Z</time>
      </trkpt>
      <trkpt lat="48.005468" lon="-4.039778">
        <ele>44.236620</ele>
        <time>2026-07-03T13:55:57.499Z</time>
      </trkpt>
      <trkpt lat="48.005470" lon="-4.039758">
        <ele>44.247299</ele>
        <time>2026-07-03T13:55:58.055Z</time>
      </trkpt>
      <trkpt lat="48.005471" lon="-4.039736">
        <ele>44.258944</ele>
        <time>2026-07-03T13:55:58.661Z</time>
      </trkpt>
      <trkpt lat="48.005472" lon="-4.039713">
        <ele>44.271116</ele>
        <time>2026-07-03T13:55:59.294Z</time>
      </trkpt>
      <trkpt lat="48.005472" lon="-4.039691">
        <ele>44.282734</ele>
        <time>2026-07-03T13:55:59.898Z</time>
      </trkpt>
      <trkpt lat="48.005473" lon="-4.039669">
        <ele>44.294378</ele>
        <time>2026-07-03T13:56:00.504Z</time>
      </trkpt>
      <trkpt lat="48.005474" lon="-4.039647">
        <ele>44.306023</ele>
        <time>2026-07-03T13:56:01.109Z</time>
      </trkpt>
      <trkpt lat="48.005475" lon="-4.039626">
        <ele>44.317141</ele>
        <time>2026-07-03T13:56:01.688Z</time>
      </trkpt>
      <trkpt lat="48.005476" lon="-4.039605">
        <ele>44.328259</ele>
        <time>2026-07-03T13:56:02.266Z</time>
      </trkpt>
      <trkpt lat="48.005477" lon="-4.039584">
        <ele>44.339377</ele>
        <time>2026-07-03T13:56:02.845Z</time>
      </trkpt>
      <trkpt lat="48.005478" lon="-4.039564">
        <ele>44.349968</ele>
        <time>2026-07-03T13:56:03.396Z</time>
      </trkpt>
      <trkpt lat="48.005479" lon="-4.039543">
        <ele>44.361086</ele>
        <time>2026-07-03T13:56:03.974Z</time>
      </trkpt>
      <trkpt lat="48.005480" lon="-4.039524">
        <ele>44.371150</ele>
        <time>2026-07-03T13:56:04.498Z</time>
      </trkpt>
      <trkpt lat="48.005481" lon="-4.039505">
        <ele>44.381215</ele>
        <time>2026-07-03T13:56:05.021Z</time>
      </trkpt>
      <trkpt lat="48.005480" lon="-4.039487">
        <ele>44.390753</ele>
        <time>2026-07-03T13:56:05.518Z</time>
      </trkpt>
      <trkpt lat="48.005479" lon="-4.039469">
        <ele>44.400291</ele>
        <time>2026-07-03T13:56:06.014Z</time>
      </trkpt>
      <trkpt lat="48.005477" lon="-4.039451">
        <ele>44.409927</ele>
        <time>2026-07-03T13:56:06.515Z</time>
      </trkpt>
      <trkpt lat="48.005475" lon="-4.039433">
        <ele>44.419567</ele>
        <time>2026-07-03T13:56:07.016Z</time>
      </trkpt>
      <trkpt lat="48.005471" lon="-4.039416">
        <ele>44.429122</ele>
        <time>2026-07-03T13:56:07.511Z</time>
      </trkpt>
      <trkpt lat="48.005468" lon="-4.039399">
        <ele>44.438443</ele>
        <time>2026-07-03T13:56:07.994Z</time>
      </trkpt>
      <trkpt lat="48.005464" lon="-4.039380">
        <ele>44.449003</ele>
        <time>2026-07-03T13:56:08.541Z</time>
      </trkpt>
      <trkpt lat="48.005460" lon="-4.039361">
        <ele>44.459563</ele>
        <time>2026-07-03T13:56:09.089Z</time>
      </trkpt>
      <trkpt lat="48.005457" lon="-4.039341">
        <ele>44.470430</ele>
        <time>2026-07-03T13:56:09.652Z</time>
      </trkpt>
      <trkpt lat="48.005454" lon="-4.039321">
        <ele>44.481297</ele>
        <time>2026-07-03T13:56:10.215Z</time>
      </trkpt>
      <trkpt lat="48.005455" lon="-4.039300">
        <ele>44.492459</ele>
        <time>2026-07-03T13:56:10.794Z</time>
      </trkpt>
      <trkpt lat="48.005456" lon="-4.039280">
        <ele>44.503092</ele>
        <time>2026-07-03T13:56:11.345Z</time>
      </trkpt>
      <trkpt lat="48.005460" lon="-4.039259">
        <ele>44.514668</ele>
        <time>2026-07-03T13:56:11.945Z</time>
      </trkpt>
      <trkpt lat="48.005463" lon="-4.039238">
        <ele>44.526052</ele>
        <time>2026-07-03T13:56:12.535Z</time>
      </trkpt>
      <trkpt lat="48.005465" lon="-4.039218">
        <ele>44.536774</ele>
        <time>2026-07-03T13:56:13.090Z</time>
      </trkpt>
      <trkpt lat="48.005466" lon="-4.039197">
        <ele>44.547936</ele>
        <time>2026-07-03T13:56:13.668Z</time>
      </trkpt>
      <trkpt lat="48.005462" lon="-4.039177">
        <ele>44.559003</ele>
        <time>2026-07-03T13:56:14.242Z</time>
      </trkpt>
      <trkpt lat="48.005459" lon="-4.039158">
        <ele>44.569353</ele>
        <time>2026-07-03T13:56:14.778Z</time>
      </trkpt>
      <trkpt lat="48.005454" lon="-4.039140">
        <ele>44.579686</ele>
        <time>2026-07-03T13:56:15.314Z</time>
      </trkpt>
      <trkpt lat="48.005450" lon="-4.039121">
        <ele>44.590246</ele>
        <time>2026-07-03T13:56:15.861Z</time>
      </trkpt>
      <trkpt lat="48.005446" lon="-4.039104">
        <ele>44.599800</ele>
        <time>2026-07-03T13:56:16.356Z</time>
      </trkpt>
      <trkpt lat="48.005441" lon="-4.039087">
        <ele>44.609645</ele>
        <time>2026-07-03T13:56:16.867Z</time>
      </trkpt>
      <trkpt lat="48.005440" lon="-4.039067">
        <ele>44.620279</ele>
        <time>2026-07-03T13:56:17.418Z</time>
      </trkpt>
      <trkpt lat="48.005439" lon="-4.039047">
        <ele>44.630912</ele>
        <time>2026-07-03T13:56:17.969Z</time>
      </trkpt>
      <trkpt lat="48.005440" lon="-4.039025">
        <ele>44.642602</ele>
        <time>2026-07-03T13:56:18.574Z</time>
      </trkpt>
      <trkpt lat="48.005441" lon="-4.039002">
        <ele>44.654822</ele>
        <time>2026-07-03T13:56:19.207Z</time>
      </trkpt>
      <trkpt lat="48.005443" lon="-4.038980">
        <ele>44.666593</ele>
        <time>2026-07-03T13:56:19.817Z</time>
      </trkpt>
      <trkpt lat="48.005445" lon="-4.038959">
        <ele>44.677839</ele>
        <time>2026-07-03T13:56:20.400Z</time>
      </trkpt>
      <trkpt lat="48.005447" lon="-4.038936">
        <ele>44.690136</ele>
        <time>2026-07-03T13:56:21.037Z</time>
      </trkpt>
      <trkpt lat="48.005449" lon="-4.038914">
        <ele>44.701907</ele>
        <time>2026-07-03T13:56:21.647Z</time>
      </trkpt>
      <trkpt lat="48.005451" lon="-4.038891">
        <ele>44.714203</ele>
        <time>2026-07-03T13:56:22.285Z</time>
      </trkpt>
      <trkpt lat="48.005452" lon="-4.038868">
        <ele>44.726423</ele>
        <time>2026-07-03T13:56:22.918Z</time>
      </trkpt>
      <trkpt lat="48.005455" lon="-4.038846">
        <ele>44.738327</ele>
        <time>2026-07-03T13:56:23.535Z</time>
      </trkpt>
      <trkpt lat="48.005457" lon="-4.038825">
        <ele>44.749573</ele>
        <time>2026-07-03T13:56:24.118Z</time>
      </trkpt>
      <trkpt lat="48.005459" lon="-4.038803">
        <ele>44.761344</ele>
        <time>2026-07-03T13:56:24.728Z</time>
      </trkpt>
      <trkpt lat="48.005462" lon="-4.038781">
        <ele>44.773247</ele>
        <time>2026-07-03T13:56:25.345Z</time>
      </trkpt>
      <trkpt lat="48.005463" lon="-4.038758">
        <ele>44.785467</ele>
        <time>2026-07-03T13:56:25.978Z</time>
      </trkpt>
      <trkpt lat="48.005464" lon="-4.038734">
        <ele>44.798216</ele>
        <time>2026-07-03T13:56:26.638Z</time>
      </trkpt>
      <trkpt lat="48.005462" lon="-4.038714">
        <ele>44.808937</ele>
        <time>2026-07-03T13:56:27.194Z</time>
      </trkpt>
      <trkpt lat="48.005459" lon="-4.038694">
        <ele>44.819804</ele>
        <time>2026-07-03T13:56:27.757Z</time>
      </trkpt>
      <trkpt lat="48.005449" lon="-4.038678">
        <ele>44.831412</ele>
        <time>2026-07-03T13:56:28.359Z</time>
      </trkpt>
      <trkpt lat="48.005439" lon="-4.038662">
        <ele>44.843021</ele>
        <time>2026-07-03T13:56:28.960Z</time>
      </trkpt>
      <trkpt lat="48.005425" lon="-4.038642">
        <ele>44.858367</ele>
        <time>2026-07-03T13:56:29.756Z</time>
      </trkpt>
      <trkpt lat="48.005410" lon="-4.038623">
        <ele>44.873947</ele>
        <time>2026-07-03T13:56:30.563Z</time>
      </trkpt>
      <trkpt lat="48.005398" lon="-4.038602">
        <ele>44.888589</ele>
        <time>2026-07-03T13:56:31.322Z</time>
      </trkpt>
      <trkpt lat="48.005386" lon="-4.038581">
        <ele>44.903231</ele>
        <time>2026-07-03T13:56:32.080Z</time>
      </trkpt>
      <trkpt lat="48.005378" lon="-4.038561">
        <ele>44.915585</ele>
        <time>2026-07-03T13:56:32.720Z</time>
      </trkpt>
      <trkpt lat="48.005370" lon="-4.038541">
        <ele>44.927939</ele>
        <time>2026-07-03T13:56:33.360Z</time>
      </trkpt>
      <trkpt lat="48.005367" lon="-4.038520">
        <ele>44.939324</ele>
        <time>2026-07-03T13:56:33.950Z</time>
      </trkpt>
      <trkpt lat="48.005363" lon="-4.038499">
        <ele>44.950900</ele>
        <time>2026-07-03T13:56:34.550Z</time>
      </trkpt>
      <trkpt lat="48.005361" lon="-4.038477">
        <ele>44.962671</ele>
        <time>2026-07-03T13:56:35.160Z</time>
      </trkpt>
      <trkpt lat="48.005360" lon="-4.038456">
        <ele>44.973833</ele>
        <time>2026-07-03T13:56:35.739Z</time>
      </trkpt>
      <trkpt lat="48.005358" lon="-4.038434">
        <ele>44.985604</ele>
        <time>2026-07-03T13:56:36.349Z</time>
      </trkpt>
      <trkpt lat="48.005357" lon="-4.038413">
        <ele>44.996766</ele>
        <time>2026-07-03T13:56:36.927Z</time>
      </trkpt>
      <trkpt lat="48.005356" lon="-4.038392">
        <ele>45.007928</ele>
        <time>2026-07-03T13:56:37.505Z</time>
      </trkpt>
      <trkpt lat="48.005356" lon="-4.038371">
        <ele>45.019061</ele>
        <time>2026-07-03T13:56:38.082Z</time>
      </trkpt>
      <trkpt lat="48.005356" lon="-4.038351">
        <ele>45.029665</ele>
        <time>2026-07-03T13:56:38.631Z</time>
      </trkpt>
      <trkpt lat="48.005355" lon="-4.038330">
        <ele>45.040827</ele>
        <time>2026-07-03T13:56:39.210Z</time>
      </trkpt>
      <trkpt lat="48.005356" lon="-4.038312">
        <ele>45.050403</ele>
        <time>2026-07-03T13:56:39.706Z</time>
      </trkpt>
      <trkpt lat="48.005356" lon="-4.038293">
        <ele>45.060476</ele>
        <time>2026-07-03T13:56:40.228Z</time>
      </trkpt>
      <trkpt lat="48.005357" lon="-4.038274">
        <ele>45.070580</ele>
        <time>2026-07-03T13:56:40.751Z</time>
      </trkpt>
      <trkpt lat="48.005358" lon="-4.038255">
        <ele>45.080685</ele>
        <time>2026-07-03T13:56:41.275Z</time>
      </trkpt>
      <trkpt lat="48.005360" lon="-4.038235">
        <ele>45.091406</ele>
        <time>2026-07-03T13:56:41.831Z</time>
      </trkpt>
      <trkpt lat="48.005361" lon="-4.038214">
        <ele>45.102568</ele>
        <time>2026-07-03T13:56:42.409Z</time>
      </trkpt>
      <trkpt lat="48.005364" lon="-4.038194">
        <ele>45.113435</ele>
        <time>2026-07-03T13:56:42.972Z</time>
      </trkpt>
      <trkpt lat="48.005367" lon="-4.038175">
        <ele>45.123785</ele>
        <time>2026-07-03T13:56:43.508Z</time>
      </trkpt>
      <trkpt lat="48.005369" lon="-4.038156">
        <ele>45.133982</ele>
        <time>2026-07-03T13:56:44.037Z</time>
      </trkpt>
      <trkpt lat="48.005372" lon="-4.038138">
        <ele>45.143817</ele>
        <time>2026-07-03T13:56:44.546Z</time>
      </trkpt>
      <trkpt lat="48.005373" lon="-4.038116">
        <ele>45.155508</ele>
        <time>2026-07-03T13:56:45.152Z</time>
      </trkpt>
      <trkpt lat="48.005374" lon="-4.038095">
        <ele>45.166670</ele>
        <time>2026-07-03T13:56:45.730Z</time>
      </trkpt>
      <trkpt lat="48.005374" lon="-4.038073">
        <ele>45.178334</ele>
        <time>2026-07-03T13:56:46.334Z</time>
      </trkpt>
      <trkpt lat="48.005374" lon="-4.038051">
        <ele>45.189997</ele>
        <time>2026-07-03T13:56:46.939Z</time>
      </trkpt>
      <trkpt lat="48.005374" lon="-4.038029">
        <ele>45.201661</ele>
        <time>2026-07-03T13:56:47.543Z</time>
      </trkpt>
      <trkpt lat="48.005373" lon="-4.038007">
        <ele>45.213352</ele>
        <time>2026-07-03T13:56:48.149Z</time>
      </trkpt>
      <trkpt lat="48.005372" lon="-4.037986">
        <ele>45.224514</ele>
        <time>2026-07-03T13:56:48.727Z</time>
      </trkpt>
      <trkpt lat="48.005370" lon="-4.037965">
        <ele>45.235760</ele>
        <time>2026-07-03T13:56:49.310Z</time>
      </trkpt>
      <trkpt lat="48.005369" lon="-4.037943">
        <ele>45.247451</ele>
        <time>2026-07-03T13:56:49.916Z</time>
      </trkpt>
      <trkpt lat="48.005367" lon="-4.037922">
        <ele>45.258697</ele>
        <time>2026-07-03T13:56:50.498Z</time>
      </trkpt>
      <trkpt lat="48.005365" lon="-4.037899">
        <ele>45.270993</ele>
        <time>2026-07-03T13:56:51.135Z</time>
      </trkpt>
      <trkpt lat="48.005363" lon="-4.037877">
        <ele>45.282764</ele>
        <time>2026-07-03T13:56:51.745Z</time>
      </trkpt>
      <trkpt lat="48.005361" lon="-4.037855">
        <ele>45.294535</ele>
        <time>2026-07-03T13:56:52.355Z</time>
      </trkpt>
      <trkpt lat="48.005359" lon="-4.037832">
        <ele>45.306832</ele>
        <time>2026-07-03T13:56:52.992Z</time>
      </trkpt>
      <trkpt lat="48.005358" lon="-4.037810">
        <ele>45.318523</ele>
        <time>2026-07-03T13:56:53.598Z</time>
      </trkpt>
      <trkpt lat="48.005356" lon="-4.037787">
        <ele>45.330819</ele>
        <time>2026-07-03T13:56:54.235Z</time>
      </trkpt>
      <trkpt lat="48.005356" lon="-4.037766">
        <ele>45.341953</ele>
        <time>2026-07-03T13:56:54.812Z</time>
      </trkpt>
      <trkpt lat="48.005357" lon="-4.037745">
        <ele>45.353115</ele>
        <time>2026-07-03T13:56:55.390Z</time>
      </trkpt>
      <trkpt lat="48.005360" lon="-4.037727">
        <ele>45.362950</ele>
        <time>2026-07-03T13:56:55.900Z</time>
      </trkpt>
      <trkpt lat="48.005362" lon="-4.037708">
        <ele>45.373147</ele>
        <time>2026-07-03T13:56:56.428Z</time>
      </trkpt>
      <trkpt lat="48.005369" lon="-4.037691">
        <ele>45.383730</ele>
        <time>2026-07-03T13:56:56.977Z</time>
      </trkpt>
      <trkpt lat="48.005376" lon="-4.037675">
        <ele>45.393866</ele>
        <time>2026-07-03T13:56:57.502Z</time>
      </trkpt>
      <trkpt lat="48.005382" lon="-4.037657">
        <ele>45.404528</ele>
        <time>2026-07-03T13:56:58.054Z</time>
      </trkpt>
      <trkpt lat="48.005388" lon="-4.037640">
        <ele>45.414718</ele>
        <time>2026-07-03T13:56:58.582Z</time>
      </trkpt>
      <trkpt lat="48.005392" lon="-4.037620">
        <ele>45.425785</ele>
        <time>2026-07-03T13:56:59.156Z</time>
      </trkpt>
      <trkpt lat="48.005396" lon="-4.037601">
        <ele>45.436345</ele>
        <time>2026-07-03T13:56:59.703Z</time>
      </trkpt>
      <trkpt lat="48.005400" lon="-4.037580">
        <ele>45.447921</ele>
        <time>2026-07-03T13:57:00.303Z</time>
      </trkpt>
      <trkpt lat="48.005404" lon="-4.037558">
        <ele>45.460008</ele>
        <time>2026-07-03T13:57:00.929Z</time>
      </trkpt>
      <trkpt lat="48.005406" lon="-4.037536">
        <ele>45.471779</ele>
        <time>2026-07-03T13:57:01.539Z</time>
      </trkpt>
      <trkpt lat="48.005409" lon="-4.037513">
        <ele>45.484203</ele>
        <time>2026-07-03T13:57:02.183Z</time>
      </trkpt>
      <trkpt lat="48.005409" lon="-4.037492">
        <ele>45.495336</ele>
        <time>2026-07-03T13:57:02.759Z</time>
      </trkpt>
      <trkpt lat="48.005409" lon="-4.037470">
        <ele>45.507000</ele>
        <time>2026-07-03T13:57:03.364Z</time>
      </trkpt>
      <trkpt lat="48.005408" lon="-4.037448">
        <ele>45.518691</ele>
        <time>2026-07-03T13:57:03.969Z</time>
      </trkpt>
      <trkpt lat="48.005407" lon="-4.037426">
        <ele>45.530382</ele>
        <time>2026-07-03T13:57:04.575Z</time>
      </trkpt>
      <trkpt lat="48.005405" lon="-4.037405">
        <ele>45.541628</ele>
        <time>2026-07-03T13:57:05.158Z</time>
      </trkpt>
      <trkpt lat="48.005403" lon="-4.037384">
        <ele>45.552874</ele>
        <time>2026-07-03T13:57:05.741Z</time>
      </trkpt>
      <trkpt lat="48.005398" lon="-4.037363">
        <ele>45.564691</ele>
        <time>2026-07-03T13:57:06.353Z</time>
      </trkpt>
      <trkpt lat="48.005394" lon="-4.037342">
        <ele>45.576267</ele>
        <time>2026-07-03T13:57:06.953Z</time>
      </trkpt>
      <trkpt lat="48.005387" lon="-4.037322">
        <ele>45.588234</ele>
        <time>2026-07-03T13:57:07.573Z</time>
      </trkpt>
      <trkpt lat="48.005381" lon="-4.037302">
        <ele>45.599855</ele>
        <time>2026-07-03T13:57:08.175Z</time>
      </trkpt>
      <trkpt lat="48.005376" lon="-4.037282">
        <ele>45.611175</ele>
        <time>2026-07-03T13:57:08.761Z</time>
      </trkpt>
      <trkpt lat="48.005370" lon="-4.037263">
        <ele>45.622314</ele>
        <time>2026-07-03T13:57:09.338Z</time>
      </trkpt>
      <trkpt lat="48.005367" lon="-4.037245">
        <ele>45.632148</ele>
        <time>2026-07-03T13:57:09.848Z</time>
      </trkpt>
      <trkpt lat="48.005364" lon="-4.037226">
        <ele>45.642498</ele>
        <time>2026-07-03T13:57:10.384Z</time>
      </trkpt>
      <trkpt lat="48.005363" lon="-4.037208">
        <ele>45.652074</ele>
        <time>2026-07-03T13:57:10.880Z</time>
      </trkpt>
      <trkpt lat="48.005363" lon="-4.037189">
        <ele>45.662148</ele>
        <time>2026-07-03T13:57:11.402Z</time>
      </trkpt>
      <trkpt lat="48.005364" lon="-4.037171">
        <ele>45.671724</ele>
        <time>2026-07-03T13:57:11.898Z</time>
      </trkpt>
      <trkpt lat="48.005366" lon="-4.037152">
        <ele>45.681921</ele>
        <time>2026-07-03T13:57:12.427Z</time>
      </trkpt>
      <trkpt lat="48.005370" lon="-4.037134">
        <ele>45.691977</ele>
        <time>2026-07-03T13:57:12.948Z</time>
      </trkpt>
      <trkpt lat="48.005375" lon="-4.037116">
        <ele>45.702310</ele>
        <time>2026-07-03T13:57:13.483Z</time>
      </trkpt>
      <trkpt lat="48.005382" lon="-4.037099">
        <ele>45.712893</ele>
        <time>2026-07-03T13:57:14.032Z</time>
      </trkpt>
      <trkpt lat="48.005389" lon="-4.037082">
        <ele>45.723476</ele>
        <time>2026-07-03T13:57:14.580Z</time>
      </trkpt>
      <trkpt lat="48.005396" lon="-4.037063">
        <ele>45.734976</ele>
        <time>2026-07-03T13:57:15.176Z</time>
      </trkpt>
      <trkpt lat="48.005403" lon="-4.037045">
        <ele>45.746014</ele>
        <time>2026-07-03T13:57:15.748Z</time>
      </trkpt>
      <trkpt lat="48.005407" lon="-4.037024">
        <ele>45.757590</ele>
        <time>2026-07-03T13:57:16.347Z</time>
      </trkpt>
      <trkpt lat="48.005411" lon="-4.037003">
        <ele>45.769166</ele>
        <time>2026-07-03T13:57:16.947Z</time>
      </trkpt>
      <trkpt lat="48.005411" lon="-4.036982">
        <ele>45.780300</ele>
        <time>2026-07-03T13:57:17.524Z</time>
      </trkpt>
      <trkpt lat="48.005412" lon="-4.036960">
        <ele>45.791990</ele>
        <time>2026-07-03T13:57:18.130Z</time>
      </trkpt>
      <trkpt lat="48.005410" lon="-4.036939">
        <ele>45.803236</ele>
        <time>2026-07-03T13:57:18.712Z</time>
      </trkpt>
      <trkpt lat="48.005409" lon="-4.036918">
        <ele>45.814398</ele>
        <time>2026-07-03T13:57:19.291Z</time>
      </trkpt>
      <trkpt lat="48.005406" lon="-4.036898">
        <ele>45.825265</ele>
        <time>2026-07-03T13:57:19.854Z</time>
      </trkpt>
      <trkpt lat="48.005404" lon="-4.036877">
        <ele>45.836511</ele>
        <time>2026-07-03T13:57:20.436Z</time>
      </trkpt>
      <trkpt lat="48.005402" lon="-4.036857">
        <ele>45.847925</ele>
        <time>2026-07-03T13:57:20.992Z</time>
      </trkpt>
      <trkpt lat="48.005400" lon="-4.036836">
        <ele>45.861363</ele>
        <time>2026-07-03T13:57:21.575Z</time>
      </trkpt>
      <trkpt lat="48.005400" lon="-4.036815">
        <ele>45.874666</ele>
        <time>2026-07-03T13:57:22.152Z</time>
      </trkpt>
      <trkpt lat="48.005399" lon="-4.036794">
        <ele>45.888003</ele>
        <time>2026-07-03T13:57:22.730Z</time>
      </trkpt>
      <trkpt lat="48.005399" lon="-4.036774">
        <ele>45.900673</ele>
        <time>2026-07-03T13:57:23.279Z</time>
      </trkpt>
      <trkpt lat="48.005400" lon="-4.036754">
        <ele>45.913379</ele>
        <time>2026-07-03T13:57:23.830Z</time>
      </trkpt>
      <trkpt lat="48.005400" lon="-4.036735">
        <ele>45.925415</ele>
        <time>2026-07-03T13:57:24.352Z</time>
      </trkpt>
      <trkpt lat="48.005401" lon="-4.036716">
        <ele>45.937489</ele>
        <time>2026-07-03T13:57:24.876Z</time>
      </trkpt>
      <trkpt lat="48.005400" lon="-4.036696">
        <ele>45.950194</ele>
        <time>2026-07-03T13:57:25.427Z</time>
      </trkpt>
      <trkpt lat="48.005400" lon="-4.036676">
        <ele>45.962864</ele>
        <time>2026-07-03T13:57:25.976Z</time>
      </trkpt>
      <trkpt lat="48.005399" lon="-4.036655">
        <ele>45.976201</ele>
        <time>2026-07-03T13:57:26.554Z</time>
      </trkpt>
      <trkpt lat="48.005398" lon="-4.036634">
        <ele>45.989538</ele>
        <time>2026-07-03T13:57:27.133Z</time>
      </trkpt>
      <trkpt lat="48.005398" lon="-4.036612">
        <ele>46.003475</ele>
        <time>2026-07-03T13:57:27.737Z</time>
      </trkpt>
      <trkpt lat="48.005398" lon="-4.036591">
        <ele>46.016779</ele>
        <time>2026-07-03T13:57:28.314Z</time>
      </trkpt>
      <trkpt lat="48.005400" lon="-4.036571">
        <ele>46.029590</ele>
        <time>2026-07-03T13:57:28.869Z</time>
      </trkpt>
      <trkpt lat="48.005402" lon="-4.036551">
        <ele>46.042400</ele>
        <time>2026-07-03T13:57:29.425Z</time>
      </trkpt>
      <trkpt lat="48.005404" lon="-4.036532">
        <ele>46.054585</ele>
        <time>2026-07-03T13:57:29.953Z</time>
      </trkpt>
      <trkpt lat="48.005406" lon="-4.036513">
        <ele>46.066770</ele>
        <time>2026-07-03T13:57:30.482Z</time>
      </trkpt>
      <trkpt lat="48.005408" lon="-4.036494">
        <ele>46.078954</ele>
        <time>2026-07-03T13:57:31.010Z</time>
      </trkpt>
      <trkpt lat="48.005410" lon="-4.036474">
        <ele>46.091765</ele>
        <time>2026-07-03T13:57:31.565Z</time>
      </trkpt>
      <trkpt lat="48.005411" lon="-4.036454">
        <ele>46.104470</ele>
        <time>2026-07-03T13:57:32.116Z</time>
      </trkpt>
      <trkpt lat="48.005413" lon="-4.036433">
        <ele>46.117908</ele>
        <time>2026-07-03T13:57:32.699Z</time>
      </trkpt>
      <trkpt lat="48.005413" lon="-4.036414">
        <ele>46.129944</ele>
        <time>2026-07-03T13:57:33.221Z</time>
      </trkpt>
      <trkpt lat="48.005414" lon="-4.036394">
        <ele>46.142650</ele>
        <time>2026-07-03T13:57:33.772Z</time>
      </trkpt>
      <trkpt lat="48.005413" lon="-4.036373">
        <ele>46.155987</ele>
        <time>2026-07-03T13:57:34.350Z</time>
      </trkpt>
      <trkpt lat="48.005412" lon="-4.036353">
        <ele>46.168692</ele>
        <time>2026-07-03T13:57:34.901Z</time>
      </trkpt>
      <trkpt lat="48.005412" lon="-4.036331">
        <ele>46.182629</ele>
        <time>2026-07-03T13:57:35.506Z</time>
      </trkpt>
      <trkpt lat="48.005412" lon="-4.036309">
        <ele>46.196566</ele>
        <time>2026-07-03T13:57:36.110Z</time>
      </trkpt>
      <trkpt lat="48.005413" lon="-4.036286">
        <ele>46.211167</ele>
        <time>2026-07-03T13:57:36.743Z</time>
      </trkpt>
      <trkpt lat="48.005414" lon="-4.036263">
        <ele>46.225768</ele>
        <time>2026-07-03T13:57:37.376Z</time>
      </trkpt>
      <trkpt lat="48.005416" lon="-4.036240">
        <ele>46.240461</ele>
        <time>2026-07-03T13:57:38.013Z</time>
      </trkpt>
      <trkpt lat="48.005418" lon="-4.036218">
        <ele>46.254526</ele>
        <time>2026-07-03T13:57:38.623Z</time>
      </trkpt>
      <trkpt lat="48.005420" lon="-4.036196">
        <ele>46.268592</ele>
        <time>2026-07-03T13:57:39.233Z</time>
      </trkpt>
      <trkpt lat="48.005423" lon="-4.036174">
        <ele>46.282815</ele>
        <time>2026-07-03T13:57:39.850Z</time>
      </trkpt>
      <trkpt lat="48.005425" lon="-4.036152">
        <ele>46.296880</ele>
        <time>2026-07-03T13:57:40.460Z</time>
      </trkpt>
      <trkpt lat="48.005427" lon="-4.036130">
        <ele>46.310945</ele>
        <time>2026-07-03T13:57:41.070Z</time>
      </trkpt>
      <trkpt lat="48.005429" lon="-4.036109">
        <ele>46.324383</ele>
        <time>2026-07-03T13:57:41.652Z</time>
      </trkpt>
      <trkpt lat="48.005430" lon="-4.036088">
        <ele>46.337720</ele>
        <time>2026-07-03T13:57:42.231Z</time>
      </trkpt>
      <trkpt lat="48.005431" lon="-4.036067">
        <ele>46.351057</ele>
        <time>2026-07-03T13:57:42.809Z</time>
      </trkpt>
      <trkpt lat="48.005431" lon="-4.036047">
        <ele>46.363727</ele>
        <time>2026-07-03T13:57:43.358Z</time>
      </trkpt>
      <trkpt lat="48.005432" lon="-4.036027">
        <ele>46.376432</ele>
        <time>2026-07-03T13:57:43.909Z</time>
      </trkpt>
      <trkpt lat="48.005432" lon="-4.036007">
        <ele>46.389102</ele>
        <time>2026-07-03T13:57:44.459Z</time>
      </trkpt>
      <trkpt lat="48.005432" lon="-4.035986">
        <ele>46.402406</ele>
        <time>2026-07-03T13:57:45.035Z</time>
      </trkpt>
      <trkpt lat="48.005433" lon="-4.035966">
        <ele>46.415111</ele>
        <time>2026-07-03T13:57:45.586Z</time>
      </trkpt>
      <trkpt lat="48.005433" lon="-4.035944">
        <ele>46.429048</ele>
        <time>2026-07-03T13:57:46.191Z</time>
      </trkpt>
      <trkpt lat="48.005434" lon="-4.035923">
        <ele>46.442385</ele>
        <time>2026-07-03T13:57:46.769Z</time>
      </trkpt>
      <trkpt lat="48.005433" lon="-4.035901">
        <ele>46.456354</ele>
        <time>2026-07-03T13:57:47.375Z</time>
      </trkpt>
      <trkpt lat="48.005433" lon="-4.035879">
        <ele>46.470291</ele>
        <time>2026-07-03T13:57:47.979Z</time>
      </trkpt>
      <trkpt lat="48.005432" lon="-4.035858">
        <ele>46.483628</ele>
        <time>2026-07-03T13:57:48.558Z</time>
      </trkpt>
      <trkpt lat="48.005431" lon="-4.035837">
        <ele>46.496966</ele>
        <time>2026-07-03T13:57:49.136Z</time>
      </trkpt>
      <trkpt lat="48.005429" lon="-4.035817">
        <ele>46.509776</ele>
        <time>2026-07-03T13:57:49.691Z</time>
      </trkpt>
      <trkpt lat="48.005428" lon="-4.035797">
        <ele>46.522482</ele>
        <time>2026-07-03T13:57:50.242Z</time>
      </trkpt>
      <trkpt lat="48.005428" lon="-4.035777">
        <ele>46.535152</ele>
        <time>2026-07-03T13:57:50.792Z</time>
      </trkpt>
      <trkpt lat="48.005427" lon="-4.035756">
        <ele>46.548489</ele>
        <time>2026-07-03T13:57:51.370Z</time>
      </trkpt>
      <trkpt lat="48.005429" lon="-4.035735">
        <ele>46.561926</ele>
        <time>2026-07-03T13:57:51.953Z</time>
      </trkpt>
      <trkpt lat="48.005430" lon="-4.035713">
        <ele>46.575895</ele>
        <time>2026-07-03T13:57:52.558Z</time>
      </trkpt>
      <trkpt lat="48.005432" lon="-4.035692">
        <ele>46.589333</ele>
        <time>2026-07-03T13:57:53.141Z</time>
      </trkpt>
      <trkpt lat="48.005434" lon="-4.035670">
        <ele>46.603398</ele>
        <time>2026-07-03T13:57:53.751Z</time>
      </trkpt>
      <trkpt lat="48.005436" lon="-4.035649">
        <ele>46.616836</ele>
        <time>2026-07-03T13:57:54.334Z</time>
      </trkpt>
      <trkpt lat="48.005437" lon="-4.035629">
        <ele>46.629541</ele>
        <time>2026-07-03T13:57:54.885Z</time>
      </trkpt>
      <trkpt lat="48.005437" lon="-4.035608">
        <ele>46.642844</ele>
        <time>2026-07-03T13:57:55.462Z</time>
      </trkpt>
      <trkpt lat="48.005437" lon="-4.035587">
        <ele>46.656148</ele>
        <time>2026-07-03T13:57:56.039Z</time>
      </trkpt>
      <trkpt lat="48.005438" lon="-4.035566">
        <ele>46.669485</ele>
        <time>2026-07-03T13:57:56.617Z</time>
      </trkpt>
      <trkpt lat="48.005439" lon="-4.035546">
        <ele>46.682190</ele>
        <time>2026-07-03T13:57:57.168Z</time>
      </trkpt>
      <trkpt lat="48.005441" lon="-4.035525">
        <ele>46.695628</ele>
        <time>2026-07-03T13:57:57.750Z</time>
      </trkpt>
      <trkpt lat="48.005442" lon="-4.035505">
        <ele>46.708333</ele>
        <time>2026-07-03T13:57:58.301Z</time>
      </trkpt>
      <trkpt lat="48.005444" lon="-4.035484">
        <ele>46.721771</ele>
        <time>2026-07-03T13:57:58.884Z</time>
      </trkpt>
      <trkpt lat="48.005446" lon="-4.035464">
        <ele>46.734582</ele>
        <time>2026-07-03T13:57:59.440Z</time>
      </trkpt>
      <trkpt lat="48.005448" lon="-4.035445">
        <ele>46.746766</ele>
        <time>2026-07-03T13:57:59.968Z</time>
      </trkpt>
      <trkpt lat="48.005450" lon="-4.035425">
        <ele>46.759577</ele>
        <time>2026-07-03T13:58:00.524Z</time>
      </trkpt>
      <trkpt lat="48.005452" lon="-4.035406">
        <ele>46.771761</ele>
        <time>2026-07-03T13:58:01.052Z</time>
      </trkpt>
      <trkpt lat="48.005455" lon="-4.035386">
        <ele>46.784746</ele>
        <time>2026-07-03T13:58:01.615Z</time>
      </trkpt>
      <trkpt lat="48.005458" lon="-4.035366">
        <ele>46.797730</ele>
        <time>2026-07-03T13:58:02.178Z</time>
      </trkpt>
      <trkpt lat="48.005461" lon="-4.035346">
        <ele>46.810715</ele>
        <time>2026-07-03T13:58:02.741Z</time>
      </trkpt>
      <trkpt lat="48.005466" lon="-4.035326">
        <ele>46.824240</ele>
        <time>2026-07-03T13:58:03.328Z</time>
      </trkpt>
      <trkpt lat="48.005471" lon="-4.035306">
        <ele>46.837766</ele>
        <time>2026-07-03T13:58:03.914Z</time>
      </trkpt>
      <trkpt lat="48.005477" lon="-4.035288">
        <ele>46.850506</ele>
        <time>2026-07-03T13:58:04.467Z</time>
      </trkpt>
      <trkpt lat="48.005483" lon="-4.035270">
        <ele>46.863246</ele>
        <time>2026-07-03T13:58:05.019Z</time>
      </trkpt>
      <trkpt lat="48.005489" lon="-4.035257">
        <ele>46.873251</ele>
        <time>2026-07-03T13:58:05.453Z</time>
      </trkpt>
      <trkpt lat="48.005496" lon="-4.035245">
        <ele>46.883336</ele>
        <time>2026-07-03T13:58:05.890Z</time>
      </trkpt>
      <trkpt lat="48.005506" lon="-4.035239">
        <ele>46.893539</ele>
        <time>2026-07-03T13:58:06.333Z</time>
      </trkpt>
      <trkpt lat="48.005516" lon="-4.035234">
        <ele>46.903523</ele>
        <time>2026-07-03T13:58:06.766Z</time>
      </trkpt>
      <trkpt lat="48.005530" lon="-4.035233">
        <ele>46.916794</ele>
        <time>2026-07-03T13:58:07.341Z</time>
      </trkpt>
      <trkpt lat="48.005544" lon="-4.035233">
        <ele>46.930050</ele>
        <time>2026-07-03T13:58:07.916Z</time>
      </trkpt>
      <trkpt lat="48.005559" lon="-4.035237">
        <ele>46.944477</ele>
        <time>2026-07-03T13:58:08.542Z</time>
      </trkpt>
      <trkpt lat="48.005575" lon="-4.035241">
        <ele>46.959837</ele>
        <time>2026-07-03T13:58:09.208Z</time>
      </trkpt>
      <trkpt lat="48.005590" lon="-4.035246">
        <ele>46.974389</ele>
        <time>2026-07-03T13:58:09.839Z</time>
      </trkpt>
      <trkpt lat="48.005605" lon="-4.035252">
        <ele>46.989092</ele>
        <time>2026-07-03T13:58:10.476Z</time>
      </trkpt>
      <trkpt lat="48.005620" lon="-4.035256">
        <ele>47.003519</ele>
        <time>2026-07-03T13:58:11.102Z</time>
      </trkpt>
      <trkpt lat="48.005617" lon="-4.035282">
        <ele>47.020233</ele>
        <time>2026-07-03T13:58:11.820Z</time>
      </trkpt>
      <trkpt lat="48.005650" lon="-4.035290">
        <ele>47.051887</ele>
        <time>2026-07-03T13:58:13.595Z</time>
      </trkpt>
      <trkpt lat="48.005827" lon="-4.035291">
        <ele>47.219481</ele>
        <time>2026-07-03T13:58:22.732Z</time>
      </trkpt>
      <trkpt lat="48.006074" lon="-4.035024">
        <ele>47.508107</ele>
        <time>2026-07-03T13:58:38.684Z</time>
      </trkpt>
      <trkpt lat="48.006149" lon="-4.034896">
        <ele>47.626948</ele>
        <time>2026-07-03T13:58:44.542Z</time>
      </trkpt>
      <trkpt lat="48.006176" lon="-4.034791">
        <ele>47.709595</ele>
        <time>2026-07-03T13:58:48.485Z</time>
      </trkpt>
      <trkpt lat="48.006193" lon="-4.034584">
        <ele>47.862823</ele>
        <time>2026-07-03T13:58:55.807Z</time>
      </trkpt>
      <trkpt lat="48.005998" lon="-4.034432">
        <ele>48.104335</ele>
        <time>2026-07-03T13:59:07.286Z</time>
      </trkpt>
      <trkpt lat="48.005779" lon="-4.033915">
        <ele>48.553919</ele>
        <time>2026-07-03T13:59:28.210Z</time>
      </trkpt>
      <trkpt lat="48.005657" lon="-4.033419">
        <ele>48.942190</ele>
        <time>2026-07-03T13:59:45.525Z</time>
      </trkpt>
      <trkpt lat="48.005223" lon="-4.033100">
        <ele>49.473302</ele>
        <time>2026-07-03T14:00:05.497Z</time>
      </trkpt>
      <trkpt lat="48.005266" lon="-4.032997">
        <ele>49.606626</ele>
        <time>2026-07-03T14:00:09.448Z</time>
      </trkpt>
      <trkpt lat="48.005292" lon="-4.032680">
        <ele>50.096319</ele>
        <time>2026-07-03T14:00:19.883Z</time>
      </trkpt>
      <trkpt lat="48.005382" lon="-4.032473">
        <ele>50.474840</ele>
        <time>2026-07-03T14:00:28.040Z</time>
      </trkpt>
      <trkpt lat="48.006042" lon="-4.031641">
        <ele>52.453508</ele>
        <time>2026-07-03T14:01:13.083Z</time>
      </trkpt>
      <trkpt lat="48.006142" lon="-4.031551">
        <ele>52.721019</ele>
        <time>2026-07-03T14:01:19.538Z</time>
      </trkpt>
      <trkpt lat="48.006426" lon="-4.031563">
        <ele>53.372124</ele>
        <time>2026-07-03T14:01:35.630Z</time>
      </trkpt>
      <trkpt lat="48.006515" lon="-4.031494">
        <ele>53.601891</ele>
        <time>2026-07-03T14:01:41.390Z</time>
      </trkpt>
      <trkpt lat="48.006613" lon="-4.031344">
        <ele>54.228129</ele>
        <time>2026-07-03T14:01:49.447Z</time>
      </trkpt>
      <trkpt lat="48.006765" lon="-4.030985">
        <ele>55.589916</ele>
        <time>2026-07-03T14:02:06.390Z</time>
      </trkpt>
      <trkpt lat="48.007306" lon="-4.030248">
        <ele>59.096840</ele>
        <time>2026-07-03T14:02:51.244Z</time>
      </trkpt>
      <trkpt lat="48.007368" lon="-4.030155">
        <ele>59.517662</ele>
        <time>2026-07-03T14:02:56.484Z</time>
      </trkpt>
      <trkpt lat="48.007468" lon="-4.029837">
        <ele>60.643928</ele>
        <time>2026-07-03T14:03:10.344Z</time>
      </trkpt>
      <trkpt lat="48.007542" lon="-4.029688">
        <ele>61.238724</ele>
        <time>2026-07-03T14:03:17.487Z</time>
      </trkpt>
      <trkpt lat="48.008256" lon="-4.028942">
        <ele>64.188625</ele>
        <time>2026-07-03T14:04:06.404Z</time>
      </trkpt>
      <trkpt lat="48.008628" lon="-4.028648">
        <ele>65.421787</ele>
        <time>2026-07-03T14:04:28.887Z</time>
      </trkpt>
      <trkpt lat="48.009075" lon="-4.027820">
        <ele>67.507743</ele>
        <time>2026-07-03T14:05:06.712Z</time>
      </trkpt>
      <trkpt lat="48.009255" lon="-4.027585">
        <ele>67.975421</ele>
        <time>2026-07-03T14:05:18.973Z</time>
      </trkpt>
      <trkpt lat="48.009418" lon="-4.027265">
        <ele>68.492552</ele>
        <time>2026-07-03T14:05:32.760Z</time>
      </trkpt>
      <trkpt lat="48.009750" lon="-4.026783">
        <ele>69.382051</ele>
        <time>2026-07-03T14:05:56.477Z</time>
      </trkpt>
      <trkpt lat="48.009920" lon="-4.026769">
        <ele>69.709269</ele>
        <time>2026-07-03T14:06:05.286Z</time>
      </trkpt>
      <trkpt lat="48.010055" lon="-4.026757">
        <ele>69.969184</ele>
        <time>2026-07-03T14:06:12.373Z</time>
      </trkpt>
      <trkpt lat="48.010392" lon="-4.026525">
        <ele>70.682253</ele>
        <time>2026-07-03T14:06:31.611Z</time>
      </trkpt>
      <trkpt lat="48.010485" lon="-4.026375">
        <ele>70.945202</ele>
        <time>2026-07-03T14:06:38.705Z</time>
      </trkpt>
      <trkpt lat="48.010673" lon="-4.026070">
        <ele>71.769559</ele>
        <time>2026-07-03T14:06:53.311Z</time>
      </trkpt>
      <trkpt lat="48.010771" lon="-4.025817">
        <ele>72.368956</ele>
        <time>2026-07-03T14:07:03.844Z</time>
      </trkpt>
      <trkpt lat="48.010838" lon="-4.025326">
        <ele>73.396369</ele>
        <time>2026-07-03T14:07:22.554Z</time>
      </trkpt>
      <trkpt lat="48.010937" lon="-4.025170">
        <ele>73.837227</ele>
        <time>2026-07-03T14:07:30.689Z</time>
      </trkpt>
      <trkpt lat="48.011055" lon="-4.025113">
        <ele>74.217279</ele>
        <time>2026-07-03T14:07:37.678Z</time>
      </trkpt>
      <trkpt lat="48.011169" lon="-4.024979">
        <ele>74.661739</ele>
        <time>2026-07-03T14:07:45.830Z</time>
      </trkpt>
      <trkpt lat="48.011288" lon="-4.024614">
        <ele>75.494222</ele>
        <time>2026-07-03T14:08:00.857Z</time>
      </trkpt>
      <trkpt lat="48.011297" lon="-4.024084">
        <ele>76.590727</ele>
        <time>2026-07-03T14:08:19.957Z</time>
      </trkpt>
      <trkpt lat="48.011340" lon="-4.023550">
        <ele>77.824663</ele>
        <time>2026-07-03T14:08:39.273Z</time>
      </trkpt>
      <trkpt lat="48.011398" lon="-4.023280">
        <ele>78.475243</ele>
        <time>2026-07-03T14:08:49.455Z</time>
      </trkpt>
      <trkpt lat="48.011615" lon="-4.022886">
        <ele>79.646069</ele>
        <time>2026-07-03T14:09:07.815Z</time>
      </trkpt>
      <trkpt lat="48.011552" lon="-4.022537">
        <ele>80.475372</ele>
        <time>2026-07-03T14:09:21.195Z</time>
      </trkpt>
      <trkpt lat="48.011538" lon="-4.022309">
        <ele>81.000642</ele>
        <time>2026-07-03T14:09:29.889Z</time>
      </trkpt>
      <trkpt lat="48.011552" lon="-4.021940">
        <ele>81.848552</ele>
        <time>2026-07-03T14:09:44.010Z</time>
      </trkpt>
      <trkpt lat="48.011590" lon="-4.021654">
        <ele>82.517501</ele>
        <time>2026-07-03T14:09:55.271Z</time>
      </trkpt>
      <trkpt lat="48.011595" lon="-4.021434">
        <ele>82.970326</ele>
        <time>2026-07-03T14:10:03.873Z</time>
      </trkpt>
      <trkpt lat="48.011137" lon="-4.021235">
        <ele>84.364271</ele>
        <time>2026-07-03T14:10:31.546Z</time>
      </trkpt>
      <trkpt lat="48.011115" lon="-4.021184">
        <ele>84.482918</ele>
        <time>2026-07-03T14:10:33.895Z</time>
      </trkpt>
      <trkpt lat="48.011140" lon="-4.021009">
        <ele>84.832787</ele>
        <time>2026-07-03T14:10:40.650Z</time>
      </trkpt>
      <trkpt lat="48.011204" lon="-4.020692">
        <ele>85.480185</ele>
        <time>2026-07-03T14:10:52.687Z</time>
      </trkpt>
      <trkpt lat="48.011267" lon="-4.020471">
        <ele>85.949870</ele>
        <time>2026-07-03T14:11:01.132Z</time>
      </trkpt>
      <trkpt lat="48.011338" lon="-4.020222">
        <ele>86.479084</ele>
        <time>2026-07-03T14:11:10.396Z</time>
      </trkpt>
      <trkpt lat="48.011602" lon="-4.019542">
        <ele>88.007969</ele>
        <time>2026-07-03T14:11:37.204Z</time>
      </trkpt>
      <trkpt lat="48.011997" lon="-4.019103">
        <ele>89.314323</ele>
        <time>2026-07-03T14:12:02.456Z</time>
      </trkpt>
      <trkpt lat="48.011975" lon="-4.018894">
        <ele>89.689966</ele>
        <time>2026-07-03T14:12:09.831Z</time>
      </trkpt>
      <trkpt lat="48.011975" lon="-4.018223">
        <ele>90.881319</ele>
        <time>2026-07-03T14:12:33.778Z</time>
      </trkpt>
      <trkpt lat="48.012154" lon="-4.017580">
        <ele>92.117859</ele>
        <time>2026-07-03T14:12:59.855Z</time>
      </trkpt>
      <trkpt lat="48.012192" lon="-4.017227">
        <ele>92.741223</ele>
        <time>2026-07-03T14:13:13.736Z</time>
      </trkpt>
      <trkpt lat="48.012190" lon="-4.016941">
        <ele>93.139237</ele>
        <time>2026-07-03T14:13:24.441Z</time>
      </trkpt>
      <trkpt lat="48.012266" lon="-4.016233">
        <ele>94.137078</ele>
        <time>2026-07-03T14:13:50.456Z</time>
      </trkpt>
      <trkpt lat="48.012332" lon="-4.015822">
        <ele>94.725264</ele>
        <time>2026-07-03T14:14:05.266Z</time>
      </trkpt>
      <trkpt lat="48.012373" lon="-4.015837">
        <ele>94.813068</ele>
        <time>2026-07-03T14:14:06.979Z</time>
      </trkpt>
      <trkpt lat="48.012376" lon="-4.015803">
        <ele>94.860792</ele>
        <time>2026-07-03T14:14:07.921Z</time>
      </trkpt>
      <trkpt lat="48.012379" lon="-4.015768">
        <ele>94.909895</ele>
        <time>2026-07-03T14:14:08.890Z</time>
      </trkpt>
      <trkpt lat="48.012382" lon="-4.015734">
        <ele>94.957618</ele>
        <time>2026-07-03T14:14:09.832Z</time>
      </trkpt>
      <trkpt lat="48.012386" lon="-4.015698">
        <ele>95.008401</ele>
        <time>2026-07-03T14:14:10.835Z</time>
      </trkpt>
      <trkpt lat="48.012390" lon="-4.015663">
        <ele>95.057812</ele>
        <time>2026-07-03T14:14:11.810Z</time>
      </trkpt>
      <trkpt lat="48.012398" lon="-4.015629">
        <ele>95.107967</ele>
        <time>2026-07-03T14:14:12.800Z</time>
      </trkpt>
      <trkpt lat="48.012406" lon="-4.015595">
        <ele>95.158122</ele>
        <time>2026-07-03T14:14:13.790Z</time>
      </trkpt>
      <trkpt lat="48.012416" lon="-4.015563">
        <ele>95.207271</ele>
        <time>2026-07-03T14:14:14.760Z</time>
      </trkpt>
      <trkpt lat="48.012426" lon="-4.015530">
        <ele>95.257685</ele>
        <time>2026-07-03T14:14:15.755Z</time>
      </trkpt>
      <trkpt lat="48.012437" lon="-4.015498">
        <ele>95.307750</ele>
        <time>2026-07-03T14:14:16.743Z</time>
      </trkpt>
      <trkpt lat="48.012447" lon="-4.015465">
        <ele>95.358164</ele>
        <time>2026-07-03T14:14:17.738Z</time>
      </trkpt>
      <trkpt lat="48.012459" lon="-4.015432">
        <ele>95.410431</ele>
        <time>2026-07-03T14:14:18.770Z</time>
      </trkpt>
      <trkpt lat="48.012471" lon="-4.015398">
        <ele>95.463926</ele>
        <time>2026-07-03T14:14:19.826Z</time>
      </trkpt>
      <trkpt lat="48.012483" lon="-4.015365">
        <ele>95.516194</ele>
        <time>2026-07-03T14:14:20.858Z</time>
      </trkpt>
      <trkpt lat="48.012496" lon="-4.015331">
        <ele>95.570690</ele>
        <time>2026-07-03T14:14:21.933Z</time>
      </trkpt>
      <trkpt lat="48.012508" lon="-4.015298">
        <ele>95.622958</ele>
        <time>2026-07-03T14:14:22.965Z</time>
      </trkpt>
      <trkpt lat="48.012520" lon="-4.015264">
        <ele>95.676453</ele>
        <time>2026-07-03T14:14:24.021Z</time>
      </trkpt>
      <trkpt lat="48.012530" lon="-4.015231">
        <ele>95.726866</ele>
        <time>2026-07-03T14:14:25.016Z</time>
      </trkpt>
      <trkpt lat="48.012539" lon="-4.015199">
        <ele>95.775172</ele>
        <time>2026-07-03T14:14:25.970Z</time>
      </trkpt>
      <trkpt lat="48.012538" lon="-4.015171">
        <ele>95.814191</ele>
        <time>2026-07-03T14:14:26.740Z</time>
      </trkpt>
      <trkpt lat="48.012537" lon="-4.015143">
        <ele>95.853211</ele>
        <time>2026-07-03T14:14:27.510Z</time>
      </trkpt>
      <trkpt lat="48.012524" lon="-4.015122">
        <ele>95.893026</ele>
        <time>2026-07-03T14:14:28.296Z</time>
      </trkpt>
      <trkpt lat="48.012511" lon="-4.015101">
        <ele>95.932842</ele>
        <time>2026-07-03T14:14:29.082Z</time>
      </trkpt>
      <trkpt lat="48.012489" lon="-4.015091">
        <ele>95.980674</ele>
        <time>2026-07-03T14:14:30.026Z</time>
      </trkpt>
      <trkpt lat="48.012468" lon="-4.015080">
        <ele>96.026962</ele>
        <time>2026-07-03T14:14:30.939Z</time>
      </trkpt>
      <trkpt lat="48.012442" lon="-4.015080">
        <ele>96.081047</ele>
        <time>2026-07-03T14:14:32.007Z</time>
      </trkpt>
      <trkpt lat="48.012416" lon="-4.015080">
        <ele>96.135132</ele>
        <time>2026-07-03T14:14:33.074Z</time>
      </trkpt>
      <trkpt lat="48.012390" lon="-4.015082">
        <ele>96.189288</ele>
        <time>2026-07-03T14:14:34.143Z</time>
      </trkpt>
      <trkpt lat="48.012363" lon="-4.015085">
        <ele>96.245607</ele>
        <time>2026-07-03T14:14:35.255Z</time>
      </trkpt>
      <trkpt lat="48.012338" lon="-4.015089">
        <ele>96.297909</ele>
        <time>2026-07-03T14:14:36.287Z</time>
      </trkpt>
      <trkpt lat="48.012313" lon="-4.015093">
        <ele>96.350210</ele>
        <time>2026-07-03T14:14:37.319Z</time>
      </trkpt>
      <trkpt lat="48.012260" lon="-4.015107">
        <ele>96.433018</ele>
        <time>2026-07-03T14:14:39.529Z</time>
      </trkpt>
      <trkpt lat="48.012222" lon="-4.015111">
        <ele>96.401905</ele>
        <time>2026-07-03T14:14:41.093Z</time>
      </trkpt>
      <trkpt lat="48.012184" lon="-4.015115">
        <ele>96.370792</ele>
        <time>2026-07-03T14:14:42.657Z</time>
      </trkpt>
      <trkpt lat="48.012152" lon="-4.015104">
        <ele>96.343974</ele>
        <time>2026-07-03T14:14:44.005Z</time>
      </trkpt>
      <trkpt lat="48.012121" lon="-4.015094">
        <ele>96.318073</ele>
        <time>2026-07-03T14:14:45.308Z</time>
      </trkpt>
      <trkpt lat="48.012091" lon="-4.015083">
        <ele>96.292844</ele>
        <time>2026-07-03T14:14:46.576Z</time>
      </trkpt>
      <trkpt lat="48.012060" lon="-4.015073">
        <ele>96.266942</ele>
        <time>2026-07-03T14:14:47.878Z</time>
      </trkpt>
      <trkpt lat="48.012034" lon="-4.015076">
        <ele>96.245644</ele>
        <time>2026-07-03T14:14:48.948Z</time>
      </trkpt>
      <trkpt lat="48.012007" lon="-4.015079">
        <ele>96.223531</ele>
        <time>2026-07-03T14:14:50.060Z</time>
      </trkpt>
      <trkpt lat="48.011987" lon="-4.015099">
        <ele>96.203878</ele>
        <time>2026-07-03T14:14:51.048Z</time>
      </trkpt>
      <trkpt lat="48.011967" lon="-4.015118">
        <ele>96.184524</ele>
        <time>2026-07-03T14:14:52.021Z</time>
      </trkpt>
      <trkpt lat="48.011957" lon="-4.015150">
        <ele>96.165226</ele>
        <time>2026-07-03T14:14:52.991Z</time>
      </trkpt>
      <trkpt lat="48.011947" lon="-4.015182">
        <ele>96.145928</ele>
        <time>2026-07-03T14:14:53.961Z</time>
      </trkpt>
      <trkpt lat="48.011941" lon="-4.015218">
        <ele>96.125657</ele>
        <time>2026-07-03T14:14:54.980Z</time>
      </trkpt>
      <trkpt lat="48.011936" lon="-4.015254">
        <ele>96.105568</ele>
        <time>2026-07-03T14:14:55.990Z</time>
      </trkpt>
      <trkpt lat="48.011933" lon="-4.015289">
        <ele>96.086289</ele>
        <time>2026-07-03T14:14:56.959Z</time>
      </trkpt>
      <trkpt lat="48.011929" lon="-4.015324">
        <ele>96.066888</ele>
        <time>2026-07-03T14:14:57.934Z</time>
      </trkpt>
      <trkpt lat="48.011925" lon="-4.015357">
        <ele>96.048564</ele>
        <time>2026-07-03T14:14:58.855Z</time>
      </trkpt>
      <trkpt lat="48.011921" lon="-4.015390">
        <ele>96.030240</ele>
        <time>2026-07-03T14:14:59.777Z</time>
      </trkpt>
      <trkpt lat="48.011918" lon="-4.015420">
        <ele>96.013667</ele>
        <time>2026-07-03T14:15:00.610Z</time>
      </trkpt>
      <trkpt lat="48.011914" lon="-4.015450">
        <ele>95.996953</ele>
        <time>2026-07-03T14:15:01.450Z</time>
      </trkpt>
      <trkpt lat="48.011910" lon="-4.015472">
        <ele>95.984496</ele>
        <time>2026-07-03T14:15:02.076Z</time>
      </trkpt>
      <trkpt lat="48.011906" lon="-4.015494">
        <ele>95.972040</ele>
        <time>2026-07-03T14:15:02.702Z</time>
      </trkpt>
      <trkpt lat="48.011902" lon="-4.015512">
        <ele>95.961677</ele>
        <time>2026-07-03T14:15:03.223Z</time>
      </trkpt>
      <trkpt lat="48.011897" lon="-4.015510">
        <ele>95.957449</ele>
        <time>2026-07-03T14:15:03.433Z</time>
      </trkpt>
      <trkpt lat="48.011845" lon="-4.015771">
        <ele>95.808654</ele>
        <time>2026-07-03T14:15:10.866Z</time>
      </trkpt>
      <trkpt lat="48.011860" lon="-4.015927">
        <ele>95.722543</ele>
        <time>2026-07-03T14:15:15.108Z</time>
      </trkpt>
      <trkpt lat="48.011772" lon="-4.016603">
        <ele>95.346262</ele>
        <time>2026-07-03T14:15:33.424Z</time>
      </trkpt>
      <trkpt lat="48.011808" lon="-4.016805">
        <ele>95.232044</ele>
        <time>2026-07-03T14:15:38.925Z</time>
      </trkpt>
      <trkpt lat="48.011489" lon="-4.018265">
        <ele>93.568069</ele>
        <time>2026-07-03T14:16:18.985Z</time>
      </trkpt>
      <trkpt lat="48.011513" lon="-4.018402">
        <ele>93.380532</ele>
        <time>2026-07-03T14:16:22.640Z</time>
      </trkpt>
      <trkpt lat="48.011467" lon="-4.018663">
        <ele>93.023114</ele>
        <time>2026-07-03T14:16:29.646Z</time>
      </trkpt>
      <trkpt lat="48.011003" lon="-4.020181">
        <ele>90.844421</ele>
        <time>2026-07-03T14:17:13.598Z</time>
      </trkpt>
      <trkpt lat="48.010922" lon="-4.020308">
        <ele>90.624240</ele>
        <time>2026-07-03T14:17:18.251Z</time>
      </trkpt>
      <trkpt lat="48.010961" lon="-4.020401">
        <ele>90.486509</ele>
        <time>2026-07-03T14:17:21.262Z</time>
      </trkpt>
      <trkpt lat="48.010952" lon="-4.020438">
        <ele>90.437107</ele>
        <time>2026-07-03T14:17:22.344Z</time>
      </trkpt>
      <trkpt lat="48.010943" lon="-4.020475">
        <ele>90.387705</ele>
        <time>2026-07-03T14:17:23.425Z</time>
      </trkpt>
      <trkpt lat="48.010935" lon="-4.020512">
        <ele>90.338911</ele>
        <time>2026-07-03T14:17:24.493Z</time>
      </trkpt>
      <trkpt lat="48.010927" lon="-4.020549">
        <ele>90.290118</ele>
        <time>2026-07-03T14:17:25.561Z</time>
      </trkpt>
      <trkpt lat="48.010918" lon="-4.020584">
        <ele>90.243067</ele>
        <time>2026-07-03T14:17:26.592Z</time>
      </trkpt>
      <trkpt lat="48.010910" lon="-4.020618">
        <ele>90.197841</ele>
        <time>2026-07-03T14:17:27.582Z</time>
      </trkpt>
      <trkpt lat="48.010902" lon="-4.020652">
        <ele>90.152615</ele>
        <time>2026-07-03T14:17:28.572Z</time>
      </trkpt>
      <trkpt lat="48.010894" lon="-4.020686">
        <ele>90.107389</ele>
        <time>2026-07-03T14:17:29.562Z</time>
      </trkpt>
      <trkpt lat="48.010884" lon="-4.020721">
        <ele>90.059632</ele>
        <time>2026-07-03T14:17:30.607Z</time>
      </trkpt>
      <trkpt lat="48.010874" lon="-4.020756">
        <ele>90.011876</ele>
        <time>2026-07-03T14:17:31.653Z</time>
      </trkpt>
      <trkpt lat="48.010863" lon="-4.020791">
        <ele>89.963352</ele>
        <time>2026-07-03T14:17:32.715Z</time>
      </trkpt>
      <trkpt lat="48.010852" lon="-4.020826">
        <ele>89.914828</ele>
        <time>2026-07-03T14:17:33.777Z</time>
      </trkpt>
      <trkpt lat="48.010842" lon="-4.020862">
        <ele>89.865914</ele>
        <time>2026-07-03T14:17:34.848Z</time>
      </trkpt>
      <trkpt lat="48.010831" lon="-4.020898">
        <ele>89.816252</ele>
        <time>2026-07-03T14:17:35.935Z</time>
      </trkpt>
      <trkpt lat="48.010823" lon="-4.020935">
        <ele>89.767459</ele>
        <time>2026-07-03T14:17:37.003Z</time>
      </trkpt>
      <trkpt lat="48.010814" lon="-4.020972">
        <ele>89.718056</ele>
        <time>2026-07-03T14:17:38.085Z</time>
      </trkpt>
      <trkpt lat="48.010809" lon="-4.021009">
        <ele>89.670690</ele>
        <time>2026-07-03T14:17:39.122Z</time>
      </trkpt>
      <trkpt lat="48.010803" lon="-4.021046">
        <ele>89.622917</ele>
        <time>2026-07-03T14:17:40.168Z</time>
      </trkpt>
      <trkpt lat="48.010795" lon="-4.021080">
        <ele>89.577691</ele>
        <time>2026-07-03T14:17:41.158Z</time>
      </trkpt>
      <trkpt lat="48.010788" lon="-4.021115">
        <ele>89.531851</ele>
        <time>2026-07-03T14:17:42.161Z</time>
      </trkpt>
      <trkpt lat="48.010781" lon="-4.021146">
        <ele>89.490795</ele>
        <time>2026-07-03T14:17:43.060Z</time>
      </trkpt>
      <trkpt lat="48.010773" lon="-4.021178">
        <ele>89.447929</ele>
        <time>2026-07-03T14:17:43.998Z</time>
      </trkpt>
      <trkpt lat="48.010768" lon="-4.021206">
        <ele>89.411563</ele>
        <time>2026-07-03T14:17:44.794Z</time>
      </trkpt>
      <trkpt lat="48.010763" lon="-4.021234">
        <ele>89.375198</ele>
        <time>2026-07-03T14:17:45.590Z</time>
      </trkpt>
      <trkpt lat="48.010762" lon="-4.021264">
        <ele>89.337506</ele>
        <time>2026-07-03T14:17:46.415Z</time>
      </trkpt>
      <trkpt lat="48.010760" lon="-4.021295">
        <ele>89.298426</ele>
        <time>2026-07-03T14:17:47.271Z</time>
      </trkpt>
      <trkpt lat="48.010757" lon="-4.021329">
        <ele>89.255392</ele>
        <time>2026-07-03T14:17:48.213Z</time>
      </trkpt>
      <trkpt lat="48.010755" lon="-4.021363">
        <ele>89.212564</ele>
        <time>2026-07-03T14:17:49.150Z</time>
      </trkpt>
      <trkpt lat="48.010755" lon="-4.021398">
        <ele>89.168645</ele>
        <time>2026-07-03T14:17:50.112Z</time>
      </trkpt>
      <trkpt lat="48.010755" lon="-4.021433">
        <ele>89.124726</ele>
        <time>2026-07-03T14:17:51.073Z</time>
      </trkpt>
      <trkpt lat="48.010756" lon="-4.021469">
        <ele>89.079513</ele>
        <time>2026-07-03T14:17:52.063Z</time>
      </trkpt>
      <trkpt lat="48.010758" lon="-4.021506">
        <ele>89.032933</ele>
        <time>2026-07-03T14:17:53.083Z</time>
      </trkpt>
      <trkpt lat="48.010760" lon="-4.021544">
        <ele>88.985102</ele>
        <time>2026-07-03T14:17:54.130Z</time>
      </trkpt>
      <trkpt lat="48.010762" lon="-4.021582">
        <ele>88.937271</ele>
        <time>2026-07-03T14:17:55.177Z</time>
      </trkpt>
      <trkpt lat="48.010760" lon="-4.021618">
        <ele>88.891942</ele>
        <time>2026-07-03T14:17:56.169Z</time>
      </trkpt>
      <trkpt lat="48.010758" lon="-4.021653">
        <ele>88.847863</ele>
        <time>2026-07-03T14:17:57.134Z</time>
      </trkpt>
      <trkpt lat="48.010754" lon="-4.021684">
        <ele>88.808247</ele>
        <time>2026-07-03T14:17:58.002Z</time>
      </trkpt>
      <trkpt lat="48.010750" lon="-4.021715">
        <ele>88.768630</ele>
        <time>2026-07-03T14:17:58.869Z</time>
      </trkpt>
      <trkpt lat="48.010743" lon="-4.021736">
        <ele>88.739189</ele>
        <time>2026-07-03T14:17:59.514Z</time>
      </trkpt>
      <trkpt lat="48.010736" lon="-4.021757">
        <ele>88.709747</ele>
        <time>2026-07-03T14:18:00.158Z</time>
      </trkpt>
      <trkpt lat="48.010727" lon="-4.021774">
        <ele>88.682544</ele>
        <time>2026-07-03T14:18:00.754Z</time>
      </trkpt>
      <trkpt lat="48.010718" lon="-4.021791">
        <ele>88.655340</ele>
        <time>2026-07-03T14:18:01.349Z</time>
      </trkpt>
      <trkpt lat="48.010711" lon="-4.021814">
        <ele>88.623633</ele>
        <time>2026-07-03T14:18:02.043Z</time>
      </trkpt>
      <trkpt lat="48.010704" lon="-4.021837">
        <ele>88.591925</ele>
        <time>2026-07-03T14:18:02.737Z</time>
      </trkpt>
      <trkpt lat="48.010699" lon="-4.021866">
        <ele>88.554346</ele>
        <time>2026-07-03T14:18:03.560Z</time>
      </trkpt>
      <trkpt lat="48.010693" lon="-4.021895">
        <ele>88.516256</ele>
        <time>2026-07-03T14:18:04.394Z</time>
      </trkpt>
      <trkpt lat="48.010688" lon="-4.021930">
        <ele>88.471346</ele>
        <time>2026-07-03T14:18:05.377Z</time>
      </trkpt>
      <trkpt lat="48.010683" lon="-4.021964">
        <ele>88.427663</ele>
        <time>2026-07-03T14:18:06.334Z</time>
      </trkpt>
      <trkpt lat="48.010677" lon="-4.021998">
        <ele>88.383540</ele>
        <time>2026-07-03T14:18:07.300Z</time>
      </trkpt>
      <trkpt lat="48.010670" lon="-4.022032">
        <ele>88.338901</ele>
        <time>2026-07-03T14:18:08.277Z</time>
      </trkpt>
      <trkpt lat="48.010664" lon="-4.022064">
        <ele>88.297199</ele>
        <time>2026-07-03T14:18:09.190Z</time>
      </trkpt>
      <trkpt lat="48.010658" lon="-4.022096">
        <ele>88.255497</ele>
        <time>2026-07-03T14:18:10.103Z</time>
      </trkpt>
      <trkpt lat="48.010659" lon="-4.022126">
        <ele>88.217805</ele>
        <time>2026-07-03T14:18:10.928Z</time>
      </trkpt>
      <trkpt lat="48.010661" lon="-4.022155">
        <ele>88.181223</ele>
        <time>2026-07-03T14:18:11.729Z</time>
      </trkpt>
      <trkpt lat="48.010661" lon="-4.022182">
        <ele>88.147342</ele>
        <time>2026-07-03T14:18:12.471Z</time>
      </trkpt>
      <trkpt lat="48.010662" lon="-4.022208">
        <ele>88.114663</ele>
        <time>2026-07-03T14:18:13.186Z</time>
      </trkpt>
      <trkpt lat="48.010656" lon="-4.022234">
        <ele>88.080151</ele>
        <time>2026-07-03T14:18:13.942Z</time>
      </trkpt>
      <trkpt lat="48.010651" lon="-4.022259">
        <ele>88.047408</ele>
        <time>2026-07-03T14:18:14.659Z</time>
      </trkpt>
      <trkpt lat="48.010640" lon="-4.022286">
        <ele>87.985895</ele>
        <time>2026-07-03T14:18:15.527Z</time>
      </trkpt>
      <trkpt lat="48.010629" lon="-4.022312">
        <ele>87.919542</ele>
        <time>2026-07-03T14:18:16.372Z</time>
      </trkpt>
      <trkpt lat="48.010615" lon="-4.022340">
        <ele>87.844145</ele>
        <time>2026-07-03T14:18:17.333Z</time>
      </trkpt>
      <trkpt lat="48.010610" lon="-4.022330">
        <ele>87.817217</ele>
        <time>2026-07-03T14:18:17.688Z</time>
      </trkpt>
      <trkpt lat="48.010446" lon="-4.022622">
        <ele>86.994869</ele>
        <time>2026-07-03T14:18:29.268Z</time>
      </trkpt>
      <trkpt lat="48.010271" lon="-4.023030">
        <ele>85.949504</ele>
        <time>2026-07-03T14:18:43.908Z</time>
      </trkpt>
      <trkpt lat="48.010466" lon="-4.023258">
        <ele>85.151310</ele>
        <time>2026-07-03T14:18:54.988Z</time>
      </trkpt>
      <trkpt lat="48.010497" lon="-4.023357">
        <ele>84.915542</ele>
        <time>2026-07-03T14:18:58.255Z</time>
      </trkpt>
      <trkpt lat="48.010482" lon="-4.023658">
        <ele>84.264510</ele>
        <time>2026-07-03T14:19:07.227Z</time>
      </trkpt>
      <trkpt lat="48.010479" lon="-4.023698">
        <ele>84.177693</ele>
        <time>2026-07-03T14:19:08.435Z</time>
      </trkpt>
      <trkpt lat="48.010515" lon="-4.023811">
        <ele>83.907736</ele>
        <time>2026-07-03T14:19:12.114Z</time>
      </trkpt>
      <trkpt lat="48.010513" lon="-4.023899">
        <ele>83.717818</ele>
        <time>2026-07-03T14:19:14.746Z</time>
      </trkpt>
      <trkpt lat="48.010452" lon="-4.024178">
        <ele>83.084715</ele>
        <time>2026-07-03T14:19:23.418Z</time>
      </trkpt>
      <trkpt lat="48.010130" lon="-4.025237">
        <ele>80.739399</ele>
        <time>2026-07-03T14:19:57.577Z</time>
      </trkpt>
      <trkpt lat="48.010070" lon="-4.025450">
        <ele>80.289972</ele>
        <time>2026-07-03T14:20:04.531Z</time>
      </trkpt>
      <trkpt lat="48.010012" lon="-4.025566">
        <ele>80.008354</ele>
        <time>2026-07-03T14:20:08.906Z</time>
      </trkpt>
      <trkpt lat="48.009846" lon="-4.025938">
        <ele>79.138788</ele>
        <time>2026-07-03T14:20:22.285Z</time>
      </trkpt>
      <trkpt lat="48.009706" lon="-4.026158">
        <ele>78.548331</ele>
        <time>2026-07-03T14:20:31.279Z</time>
      </trkpt>
      <trkpt lat="48.009474" lon="-4.026386">
        <ele>77.741260</ele>
        <time>2026-07-03T14:20:43.722Z</time>
      </trkpt>
      <trkpt lat="48.009327" lon="-4.026655">
        <ele>77.065813</ele>
        <time>2026-07-03T14:20:54.540Z</time>
      </trkpt>
      <trkpt lat="48.009263" lon="-4.026834">
        <ele>77.171342</ele>
        <time>2026-07-03T14:21:00.960Z</time>
      </trkpt>
      <trkpt lat="48.009105" lon="-4.026802">
        <ele>77.390327</ele>
        <time>2026-07-03T14:21:08.551Z</time>
      </trkpt>
      <trkpt lat="48.009065" lon="-4.027056">
        <ele>77.630091</ele>
        <time>2026-07-03T14:21:17.190Z</time>
      </trkpt>
      <trkpt lat="48.009033" lon="-4.027148">
        <ele>77.725367</ele>
        <time>2026-07-03T14:21:20.711Z</time>
      </trkpt>
      <trkpt lat="48.008949" lon="-4.027249">
        <ele>77.873428</ele>
        <time>2026-07-03T14:21:26.204Z</time>
      </trkpt>
      <trkpt lat="48.008868" lon="-4.027262">
        <ele>77.985316</ele>
        <time>2026-07-03T14:21:30.517Z</time>
      </trkpt>
      <trkpt lat="48.008866" lon="-4.027232">
        <ele>78.013018</ele>
        <time>2026-07-03T14:21:31.354Z</time>
      </trkpt>
      <trkpt lat="48.008844" lon="-4.027237">
        <ele>78.043580</ele>
        <time>2026-07-03T14:21:32.267Z</time>
      </trkpt>
      <trkpt lat="48.008822" lon="-4.027242">
        <ele>78.074143</ele>
        <time>2026-07-03T14:21:33.181Z</time>
      </trkpt>
      <trkpt lat="48.008800" lon="-4.027238">
        <ele>78.104581</ele>
        <time>2026-07-03T14:21:34.091Z</time>
      </trkpt>
      <trkpt lat="48.008779" lon="-4.027235">
        <ele>78.133555</ele>
        <time>2026-07-03T14:21:34.958Z</time>
      </trkpt>
      <trkpt lat="48.008757" lon="-4.027239">
        <ele>78.163993</ele>
        <time>2026-07-03T14:21:35.868Z</time>
      </trkpt>
      <trkpt lat="48.008736" lon="-4.027242">
        <ele>78.192966</ele>
        <time>2026-07-03T14:21:36.734Z</time>
      </trkpt>
      <trkpt lat="48.008717" lon="-4.027258">
        <ele>78.222918</ele>
        <time>2026-07-03T14:21:37.630Z</time>
      </trkpt>
      <trkpt lat="48.008698" lon="-4.027275">
        <ele>78.253331</ele>
        <time>2026-07-03T14:21:38.539Z</time>
      </trkpt>
      <trkpt lat="48.008681" lon="-4.027298">
        <ele>78.284823</ele>
        <time>2026-07-03T14:21:39.481Z</time>
      </trkpt>
      <trkpt lat="48.008664" lon="-4.027321">
        <ele>78.316315</ele>
        <time>2026-07-03T14:21:40.422Z</time>
      </trkpt>
      <trkpt lat="48.008647" lon="-4.027346">
        <ele>78.349069</ele>
        <time>2026-07-03T14:21:41.402Z</time>
      </trkpt>
      <trkpt lat="48.008630" lon="-4.027370">
        <ele>78.381185</ele>
        <time>2026-07-03T14:21:42.362Z</time>
      </trkpt>
      <trkpt lat="48.008614" lon="-4.027391">
        <ele>78.410430</ele>
        <time>2026-07-03T14:21:43.236Z</time>
      </trkpt>
      <trkpt lat="48.008598" lon="-4.027412">
        <ele>78.439674</ele>
        <time>2026-07-03T14:21:44.111Z</time>
      </trkpt>
      <trkpt lat="48.008584" lon="-4.027429">
        <ele>78.464447</ele>
        <time>2026-07-03T14:21:44.851Z</time>
      </trkpt>
      <trkpt lat="48.008571" lon="-4.027446">
        <ele>78.488170</ele>
        <time>2026-07-03T14:21:45.561Z</time>
      </trkpt>
      <trkpt lat="48.008559" lon="-4.027459">
        <ele>78.508525</ele>
        <time>2026-07-03T14:21:46.169Z</time>
      </trkpt>
      <trkpt lat="48.008548" lon="-4.027472">
        <ele>78.527784</ele>
        <time>2026-07-03T14:21:46.745Z</time>
      </trkpt>
      <trkpt lat="48.008538" lon="-4.027479">
        <ele>78.542950</ele>
        <time>2026-07-03T14:21:47.199Z</time>
      </trkpt>
      <trkpt lat="48.008528" lon="-4.027486">
        <ele>78.558116</ele>
        <time>2026-07-03T14:21:47.652Z</time>
      </trkpt>
      <trkpt lat="48.008520" lon="-4.027484">
        <ele>78.569256</ele>
        <time>2026-07-03T14:21:47.985Z</time>
      </trkpt>
      <trkpt lat="48.008512" lon="-4.027483">
        <ele>78.580282</ele>
        <time>2026-07-03T14:21:48.315Z</time>
      </trkpt>
      <trkpt lat="48.008504" lon="-4.027473">
        <ele>78.594605</ele>
        <time>2026-07-03T14:21:48.743Z</time>
      </trkpt>
      <trkpt lat="48.008496" lon="-4.027463">
        <ele>78.608928</ele>
        <time>2026-07-03T14:21:49.171Z</time>
      </trkpt>
      <trkpt lat="48.008489" lon="-4.027448">
        <ele>78.625733</ele>
        <time>2026-07-03T14:21:49.674Z</time>
      </trkpt>
      <trkpt lat="48.008481" lon="-4.027433">
        <ele>78.643359</ele>
        <time>2026-07-03T14:21:50.201Z</time>
      </trkpt>
      <trkpt lat="48.008476" lon="-4.027417">
        <ele>78.659585</ele>
        <time>2026-07-03T14:21:50.686Z</time>
      </trkpt>
      <trkpt lat="48.008470" lon="-4.027401">
        <ele>78.676439</ele>
        <time>2026-07-03T14:21:51.190Z</time>
      </trkpt>
      <trkpt lat="48.008465" lon="-4.027382">
        <ele>78.695199</ele>
        <time>2026-07-03T14:21:51.751Z</time>
      </trkpt>
      <trkpt lat="48.008461" lon="-4.027364">
        <ele>78.712627</ele>
        <time>2026-07-03T14:21:52.272Z</time>
      </trkpt>
      <trkpt lat="48.008456" lon="-4.027343">
        <ele>78.733109</ele>
        <time>2026-07-03T14:21:52.884Z</time>
      </trkpt>
      <trkpt lat="48.008451" lon="-4.027322">
        <ele>78.753590</ele>
        <time>2026-07-03T14:21:53.497Z</time>
      </trkpt>
      <trkpt lat="48.008446" lon="-4.027303">
        <ele>78.772350</ele>
        <time>2026-07-03T14:21:54.058Z</time>
      </trkpt>
      <trkpt lat="48.008440" lon="-4.027283">
        <ele>78.792490</ele>
        <time>2026-07-03T14:21:54.660Z</time>
      </trkpt>
      <trkpt lat="48.008436" lon="-4.027267">
        <ele>78.808185</ele>
        <time>2026-07-03T14:21:55.129Z</time>
      </trkpt>
      <trkpt lat="48.008432" lon="-4.027250">
        <ele>78.824743</ele>
        <time>2026-07-03T14:21:55.624Z</time>
      </trkpt>
      <trkpt lat="48.008427" lon="-4.027235">
        <ele>78.840142</ele>
        <time>2026-07-03T14:21:56.085Z</time>
      </trkpt>
      <trkpt lat="48.008423" lon="-4.027219">
        <ele>78.855837</ele>
        <time>2026-07-03T14:21:56.554Z</time>
      </trkpt>
      <trkpt lat="48.008418" lon="-4.027201">
        <ele>78.873745</ele>
        <time>2026-07-03T14:21:57.089Z</time>
      </trkpt>
      <trkpt lat="48.008413" lon="-4.027184">
        <ele>78.890808</ele>
        <time>2026-07-03T14:21:57.600Z</time>
      </trkpt>
      <trkpt lat="48.008406" lon="-4.027160">
        <ele>78.914865</ele>
        <time>2026-07-03T14:21:58.319Z</time>
      </trkpt>
      <trkpt lat="48.008398" lon="-4.027137">
        <ele>78.938685</ele>
        <time>2026-07-03T14:21:59.031Z</time>
      </trkpt>
      <trkpt lat="48.008389" lon="-4.027110">
        <ele>78.966403</ele>
        <time>2026-07-03T14:21:59.860Z</time>
      </trkpt>
      <trkpt lat="48.008380" lon="-4.027084">
        <ele>78.993301</ele>
        <time>2026-07-03T14:22:00.665Z</time>
      </trkpt>
      <trkpt lat="48.008371" lon="-4.027055">
        <ele>79.022675</ele>
        <time>2026-07-03T14:22:01.543Z</time>
      </trkpt>
      <trkpt lat="48.008362" lon="-4.027026">
        <ele>79.052049</ele>
        <time>2026-07-03T14:22:02.421Z</time>
      </trkpt>
      <trkpt lat="48.008353" lon="-4.026996">
        <ele>79.082260</ele>
        <time>2026-07-03T14:22:03.325Z</time>
      </trkpt>
      <trkpt lat="48.008345" lon="-4.026966">
        <ele>79.111934</ele>
        <time>2026-07-03T14:22:04.212Z</time>
      </trkpt>
      <trkpt lat="48.008335" lon="-4.026937">
        <ele>79.141912</ele>
        <time>2026-07-03T14:22:05.109Z</time>
      </trkpt>
      <trkpt lat="48.008325" lon="-4.026908">
        <ele>79.171890</ele>
        <time>2026-07-03T14:22:06.005Z</time>
      </trkpt>
      <trkpt lat="48.008315" lon="-4.026876">
        <ele>79.204343</ele>
        <time>2026-07-03T14:22:06.976Z</time>
      </trkpt>
      <trkpt lat="48.008305" lon="-4.026845">
        <ele>79.235966</ele>
        <time>2026-07-03T14:22:07.922Z</time>
      </trkpt>
      <trkpt lat="48.008293" lon="-4.026812">
        <ele>79.270478</ele>
        <time>2026-07-03T14:22:08.954Z</time>
      </trkpt>
      <trkpt lat="48.008282" lon="-4.026779">
        <ele>79.304355</ele>
        <time>2026-07-03T14:22:09.967Z</time>
      </trkpt>
      <trkpt lat="48.008271" lon="-4.026745">
        <ele>79.339058</ele>
        <time>2026-07-03T14:22:11.005Z</time>
      </trkpt>
      <trkpt lat="48.008261" lon="-4.026712">
        <ele>79.372345</ele>
        <time>2026-07-03T14:22:12.001Z</time>
      </trkpt>
      <trkpt lat="48.008250" lon="-4.026681">
        <ele>79.404588</ele>
        <time>2026-07-03T14:22:12.966Z</time>
      </trkpt>
      <trkpt lat="48.008240" lon="-4.026650">
        <ele>79.436211</ele>
        <time>2026-07-03T14:22:13.912Z</time>
      </trkpt>
      <trkpt lat="48.008230" lon="-4.026621">
        <ele>79.466189</ele>
        <time>2026-07-03T14:22:14.808Z</time>
      </trkpt>
      <trkpt lat="48.008220" lon="-4.026592">
        <ele>79.481141</ele>
        <time>2026-07-03T14:22:15.705Z</time>
      </trkpt>
      <trkpt lat="48.008210" lon="-4.026562">
        <ele>79.481141</ele>
        <time>2026-07-03T14:22:16.626Z</time>
      </trkpt>
      <trkpt lat="48.008200" lon="-4.026532">
        <ele>79.481141</ele>
        <time>2026-07-03T14:22:17.548Z</time>
      </trkpt>
      <trkpt lat="48.008189" lon="-4.026501">
        <ele>79.481141</ele>
        <time>2026-07-03T14:22:18.512Z</time>
      </trkpt>
      <trkpt lat="48.008179" lon="-4.026469">
        <ele>79.481141</ele>
        <time>2026-07-03T14:22:19.483Z</time>
      </trkpt>
      <trkpt lat="48.008167" lon="-4.026438">
        <ele>79.481141</ele>
        <time>2026-07-03T14:22:20.467Z</time>
      </trkpt>
      <trkpt lat="48.008155" lon="-4.026406">
        <ele>79.481141</ele>
        <time>2026-07-03T14:22:21.475Z</time>
      </trkpt>
      <trkpt lat="48.008143" lon="-4.026376">
        <ele>79.481141</ele>
        <time>2026-07-03T14:22:22.436Z</time>
      </trkpt>
      <trkpt lat="48.008132" lon="-4.026345">
        <ele>79.481141</ele>
        <time>2026-07-03T14:22:23.400Z</time>
      </trkpt>
      <trkpt lat="48.008119" lon="-4.026316">
        <ele>79.481141</ele>
        <time>2026-07-03T14:22:24.360Z</time>
      </trkpt>
      <trkpt lat="48.008106" lon="-4.026287">
        <ele>79.481141</ele>
        <time>2026-07-03T14:22:25.319Z</time>
      </trkpt>
      <trkpt lat="48.008090" lon="-4.026260">
        <ele>79.481141</ele>
        <time>2026-07-03T14:22:26.310Z</time>
      </trkpt>
      <trkpt lat="48.008074" lon="-4.026233">
        <ele>79.481141</ele>
        <time>2026-07-03T14:22:27.301Z</time>
      </trkpt>
      <trkpt lat="48.008057" lon="-4.026205">
        <ele>79.481141</ele>
        <time>2026-07-03T14:22:28.340Z</time>
      </trkpt>
      <trkpt lat="48.008040" lon="-4.026177">
        <ele>79.481141</ele>
        <time>2026-07-03T14:22:29.379Z</time>
      </trkpt>
      <trkpt lat="48.008023" lon="-4.026150">
        <ele>79.481141</ele>
        <time>2026-07-03T14:22:30.397Z</time>
      </trkpt>
      <trkpt lat="48.008006" lon="-4.026122">
        <ele>79.481141</ele>
        <time>2026-07-03T14:22:31.436Z</time>
      </trkpt>
      <trkpt lat="48.007988" lon="-4.026096">
        <ele>79.481141</ele>
        <time>2026-07-03T14:22:32.464Z</time>
      </trkpt>
      <trkpt lat="48.007971" lon="-4.026070">
        <ele>79.481141</ele>
        <time>2026-07-03T14:22:33.463Z</time>
      </trkpt>
      <trkpt lat="48.007954" lon="-4.026045">
        <ele>79.481141</ele>
        <time>2026-07-03T14:22:34.442Z</time>
      </trkpt>
      <trkpt lat="48.007937" lon="-4.026019">
        <ele>79.481141</ele>
        <time>2026-07-03T14:22:35.441Z</time>
      </trkpt>
      <trkpt lat="48.007918" lon="-4.025995">
        <ele>79.481141</ele>
        <time>2026-07-03T14:22:36.463Z</time>
      </trkpt>
      <trkpt lat="48.007900" lon="-4.025970">
        <ele>79.481141</ele>
        <time>2026-07-03T14:22:37.472Z</time>
      </trkpt>
      <trkpt lat="48.007881" lon="-4.025948">
        <ele>79.481141</ele>
        <time>2026-07-03T14:22:38.458Z</time>
      </trkpt>
      <trkpt lat="48.007862" lon="-4.025925">
        <ele>79.481141</ele>
        <time>2026-07-03T14:22:39.462Z</time>
      </trkpt>
      <trkpt lat="48.007841" lon="-4.025904">
        <ele>79.481141</ele>
        <time>2026-07-03T14:22:40.500Z</time>
      </trkpt>
      <trkpt lat="48.007819" lon="-4.025882">
        <ele>79.481141</ele>
        <time>2026-07-03T14:22:41.587Z</time>
      </trkpt>
      <trkpt lat="48.007798" lon="-4.025862">
        <ele>79.481141</ele>
        <time>2026-07-03T14:22:42.609Z</time>
      </trkpt>
      <trkpt lat="48.007776" lon="-4.025841">
        <ele>79.481141</ele>
        <time>2026-07-03T14:22:43.681Z</time>
      </trkpt>
      <trkpt lat="48.007755" lon="-4.025821">
        <ele>79.481141</ele>
        <time>2026-07-03T14:22:44.703Z</time>
      </trkpt>
      <trkpt lat="48.007734" lon="-4.025800">
        <ele>79.481141</ele>
        <time>2026-07-03T14:22:45.741Z</time>
      </trkpt>
      <trkpt lat="48.007713" lon="-4.025779">
        <ele>79.481141</ele>
        <time>2026-07-03T14:22:46.778Z</time>
      </trkpt>
      <trkpt lat="48.007693" lon="-4.025757">
        <ele>79.481141</ele>
        <time>2026-07-03T14:22:47.798Z</time>
      </trkpt>
      <trkpt lat="48.007674" lon="-4.025733">
        <ele>79.481141</ele>
        <time>2026-07-03T14:22:48.819Z</time>
      </trkpt>
      <trkpt lat="48.007655" lon="-4.025709">
        <ele>79.481141</ele>
        <time>2026-07-03T14:22:49.840Z</time>
      </trkpt>
      <trkpt lat="48.007637" lon="-4.025682">
        <ele>79.481141</ele>
        <time>2026-07-03T14:22:50.887Z</time>
      </trkpt>
      <trkpt lat="48.007619" lon="-4.025656">
        <ele>79.481141</ele>
        <time>2026-07-03T14:22:51.915Z</time>
      </trkpt>
      <trkpt lat="48.007603" lon="-4.025631">
        <ele>79.481141</ele>
        <time>2026-07-03T14:22:52.865Z</time>
      </trkpt>
      <trkpt lat="48.007587" lon="-4.025606">
        <ele>79.481141</ele>
        <time>2026-07-03T14:22:53.816Z</time>
      </trkpt>
      <trkpt lat="48.007572" lon="-4.025581">
        <ele>79.481141</ele>
        <time>2026-07-03T14:22:54.738Z</time>
      </trkpt>
      <trkpt lat="48.007558" lon="-4.025555">
        <ele>79.481141</ele>
        <time>2026-07-03T14:22:55.655Z</time>
      </trkpt>
      <trkpt lat="48.007545" lon="-4.025529">
        <ele>79.481141</ele>
        <time>2026-07-03T14:22:56.547Z</time>
      </trkpt>
      <trkpt lat="48.007616" lon="-4.025493">
        <ele>79.481141</ele>
        <time>2026-07-03T14:22:59.622Z</time>
      </trkpt>
      <trkpt lat="48.007625" lon="-4.025437">
        <ele>79.481141</ele>
        <time>2026-07-03T14:23:01.220Z</time>
      </trkpt>
      <trkpt lat="48.007732" lon="-4.025239">
        <ele>79.481141</ele>
        <time>2026-07-03T14:23:08.200Z</time>
      </trkpt>
      <trkpt lat="48.007730" lon="-4.025172">
        <ele>79.481141</ele>
        <time>2026-07-03T14:23:10.033Z</time>
      </trkpt>
      <trkpt lat="48.007419" lon="-4.025173">
        <ele>79.481141</ele>
        <time>2026-07-03T14:23:22.666Z</time>
      </trkpt>
      <trkpt lat="48.007409" lon="-4.025032">
        <ele>79.481141</ele>
        <time>2026-07-03T14:23:26.505Z</time>
      </trkpt>
      <trkpt lat="48.007376" lon="-4.024806">
        <ele>79.481141</ele>
        <time>2026-07-03T14:23:32.766Z</time>
      </trkpt>
      <trkpt lat="48.007324" lon="-4.024756">
        <ele>79.481141</ele>
        <time>2026-07-03T14:23:35.296Z</time>
      </trkpt>
    </trkseg>
  </trk>
</gpx>
