<?xml version="1.0" encoding="UTF-8" standalone="no"?><gpx xmlns="http://www.topografix.com/GPX/1/1" xmlns:xsi="http://www.w3.org/2001/XMLSchema-instance" creator="Sports Tracker" version="1.1" xsi:schemaLocation="http://www.topografix.com/GPX/1/1 http://www.topografix.com/GPX/1/1/gpx.xsd"><metadata><name>GRF92 &#128526;</name><author><name>stphaneguenard</name></author></metadata><wpt lat="48.29221" lon="-4.45233"><name>Begin</name><desc>Auto-generated</desc><type>Begin</type></wpt><wpt lat="48.21003" lon="-4.3681"><name>End</name><desc>Auto-generated</desc><type>End</type></wpt><rte><rtept lat="48.29221" lon="-4.45233"><ele>5.0</ele></rtept><rtept lat="48.29221" lon="-4.45235"><ele>5.0</ele></rtept><rtept lat="48.29229" lon="-4.45291"><ele>5.0</ele></rtept><rtept lat="48.29234" lon="-4.45333"><ele>5.0</ele></rtept><rtept lat="48.29243" lon="-4.45403"><ele>5.0</ele></rtept><rtept lat="48.29248" lon="-4.4544"><ele>5.0</ele></rtept><rtept lat="48.29254" lon="-4.45486"><ele>5.0</ele></rtept><rtept lat="48.29253" lon="-4.45526"><ele>4.0</ele></rtept><rtept lat="48.29236" lon="-4.45566"><ele>4.0</ele></rtept><rtept lat="48.2922" lon="-4.45575"><ele>4.0</ele></rtept><rtept lat="48.29216" lon="-4.45596"><ele>4.0</ele></rtept><rtept lat="48.29212" lon="-4.45617"><ele>4.0</ele></rtept><rtept lat="48.29205" lon="-4.45649"><ele>4.0</ele></rtept><rtept lat="48.29198" lon="-4.45682"><ele>4.0</ele></rtept><rtept lat="48.29197" lon="-4.45713"><ele>3.0</ele></rtept><rtept lat="48.292" lon="-4.45768"><ele>3.0</ele></rtept><rtept lat="48.2921" lon="-4.45821"><ele>3.0</ele></rtept><rtept lat="48.29224" lon="-4.4586"><ele>4.0</ele></rtept><rtept lat="48.2925" lon="-4.45894"><ele>6.0</ele></rtept><rtept lat="48.29232" lon="-4.45924"><ele>7.0</ele></rtept><rtept lat="48.29219" lon="-4.45941"><ele>10.0</ele></rtept><rtept lat="48.29212" lon="-4.4596"><ele>13.0</ele></rtept><rtept lat="48.29206" lon="-4.45978"><ele>15.0</ele></rtept><rtept lat="48.29187" lon="-4.46023"><ele>23.0</ele></rtept><rtept lat="48.29177" lon="-4.46054"><ele>25.0</ele></rtept><rtept lat="48.29167" lon="-4.46086"><ele>27.0</ele></rtept><rtept lat="48.29151" lon="-4.46114"><ele>26.0</ele></rtept><rtept lat="48.29132" lon="-4.46148"><ele>25.0</ele></rtept><rtept lat="48.29102" lon="-4.46171"><ele>24.0</ele></rtept><rtept lat="48.29072" lon="-4.46193"><ele>23.0</ele></rtept><rtept lat="48.29016" lon="-4.46234"><ele>23.0</ele></rtept><rtept lat="48.29002" lon="-4.46244"><ele>26.0</ele></rtept><rtept lat="48.29024" lon="-4.46265"><ele>21.0</ele></rtept><rtept lat="48.29043" lon="-4.46283"><ele>17.0</ele></rtept><rtept lat="48.29062" lon="-4.46302"><ele>14.0</ele></rtept><rtept lat="48.29058" lon="-4.46306"><ele>13.0</ele></rtept><rtept lat="48.29051" lon="-4.46326"><ele>13.0</ele></rtept><rtept lat="48.29043" lon="-4.46333"><ele>12.0</ele></rtept><rtept lat="48.29026" lon="-4.46363"><ele>13.0</ele></rtept><rtept lat="48.29017" lon="-4.46373"><ele>11.0</ele></rtept><rtept lat="48.28999" lon="-4.46401"><ele>14.0</ele></rtept><rtept lat="48.28988" lon="-4.4642"><ele>13.0</ele></rtept><rtept lat="48.28969" lon="-4.46446"><ele>16.0</ele></rtept><rtept lat="48.28949" lon="-4.46473"><ele>17.0</ele></rtept><rtept lat="48.28925" lon="-4.46506"><ele>15.0</ele></rtept><rtept lat="48.28906" lon="-4.46544"><ele>13.0</ele></rtept><rtept lat="48.28886" lon="-4.46582"><ele>10.0</ele></rtept><rtept lat="48.28872" lon="-4.4661"><ele>12.0</ele></rtept><rtept lat="48.28858" lon="-4.46638"><ele>12.0</ele></rtept><rtept lat="48.28835" lon="-4.46673"><ele>8.0</ele></rtept><rtept lat="48.28845" lon="-4.46671"><ele>7.0</ele></rtept><rtept lat="48.28844" lon="-4.46678"><ele>7.0</ele></rtept><rtept lat="48.28849" lon="-4.46685"><ele>9.0</ele></rtept><rtept lat="48.28843" lon="-4.46683"><ele>4.0</ele></rtept><rtept lat="48.28827" lon="-4.46689"><ele>10.0</ele></rtept><rtept lat="48.28812" lon="-4.46732"><ele>12.0</ele></rtept><rtept lat="48.28798" lon="-4.46775"><ele>15.0</ele></rtept><rtept lat="48.28787" lon="-4.46807"><ele>13.0</ele></rtept><rtept lat="48.28775" lon="-4.46842"><ele>13.0</ele></rtept><rtept lat="48.28762" lon="-4.46875"><ele>14.0</ele></rtept><rtept lat="48.28748" lon="-4.46893"><ele>16.0</ele></rtept><rtept lat="48.28739" lon="-4.46912"><ele>20.0</ele></rtept><rtept lat="48.28735" lon="-4.46912"><ele>16.0</ele></rtept><rtept lat="48.28732" lon="-4.46908"><ele>20.0</ele></rtept><rtept lat="48.28729" lon="-4.46912"><ele>20.0</ele></rtept><rtept lat="48.28726" lon="-4.46912"><ele>20.0</ele></rtept><rtept lat="48.28724" lon="-4.46919"><ele>20.0</ele></rtept><rtept lat="48.28728" lon="-4.4694"><ele>13.0</ele></rtept><rtept lat="48.2873" lon="-4.4694"><ele>17.0</ele></rtept><rtept lat="48.28731" lon="-4.46962"><ele>15.0</ele></rtept><rtept lat="48.28729" lon="-4.46971"><ele>11.0</ele></rtept><rtept lat="48.28732" lon="-4.46969"><ele>15.0</ele></rtept><rtept lat="48.28724" lon="-4.4702"><ele>12.0</ele></rtept><rtept lat="48.28724" lon="-4.47032"><ele>6.0</ele></rtept><rtept lat="48.28707" lon="-4.47062"><ele>14.0</ele></rtept><rtept lat="48.28699" lon="-4.47067"><ele>26.0</ele></rtept><rtept lat="48.28696" lon="-4.47062"><ele>26.0</ele></rtept><rtept lat="48.28689" lon="-4.47062"><ele>21.0</ele></rtept><rtept lat="48.28685" lon="-4.47079"><ele>34.0</ele></rtept><rtept lat="48.28682" lon="-4.47105"><ele>28.0</ele></rtept><rtept lat="48.2868" lon="-4.47109"><ele>28.0</ele></rtept><rtept lat="48.28676" lon="-4.47109"><ele>28.0</ele></rtept><rtept lat="48.28671" lon="-4.47121"><ele>26.0</ele></rtept><rtept lat="48.2867" lon="-4.47133"><ele>25.0</ele></rtept><rtept lat="48.28674" lon="-4.47161"><ele>26.0</ele></rtept><rtept lat="48.28664" lon="-4.47201"><ele>24.0</ele></rtept><rtept lat="48.28657" lon="-4.47248"><ele>23.0</ele></rtept><rtept lat="48.28656" lon="-4.47264"><ele>21.0</ele></rtept><rtept lat="48.28648" lon="-4.47311"><ele>23.0</ele></rtept><rtept lat="48.2864" lon="-4.47332"><ele>23.0</ele></rtept><rtept lat="48.2864" lon="-4.47356"><ele>22.0</ele></rtept><rtept lat="48.28635" lon="-4.4737"><ele>20.0</ele></rtept><rtept lat="48.28631" lon="-4.47399"><ele>22.0</ele></rtept><rtept lat="48.28625" lon="-4.47419"><ele>24.0</ele></rtept><rtept lat="48.28623" lon="-4.47445"><ele>21.0</ele></rtept><rtept lat="48.28623" lon="-4.47478"><ele>21.0</ele></rtept><rtept lat="48.2862" lon="-4.47515"><ele>18.0</ele></rtept><rtept lat="48.28622" lon="-4.47543"><ele>18.0</ele></rtept><rtept lat="48.28613" lon="-4.47576"><ele>16.0</ele></rtept><rtept lat="48.28607" lon="-4.47634"><ele>17.0</ele></rtept><rtept lat="48.28599" lon="-4.47668"><ele>17.0</ele></rtept><rtept lat="48.2859" lon="-4.47708"><ele>18.0</ele></rtept><rtept lat="48.28578" lon="-4.4775"><ele>17.0</ele></rtept><rtept lat="48.28578" lon="-4.47776"><ele>19.0</ele></rtept><rtept lat="48.28572" lon="-4.47801"><ele>17.0</ele></rtept><rtept lat="48.28564" lon="-4.47834"><ele>16.0</ele></rtept><rtept lat="48.28559" lon="-4.47848"><ele>18.0</ele></rtept><rtept lat="48.28554" lon="-4.47876"><ele>16.0</ele></rtept><rtept lat="48.28548" lon="-4.47907"><ele>18.0</ele></rtept><rtept lat="48.2855" lon="-4.47919"><ele>20.0</ele></rtept><rtept lat="48.28548" lon="-4.4794"><ele>18.0</ele></rtept><rtept lat="48.28541" lon="-4.47954"><ele>19.0</ele></rtept><rtept lat="48.28535" lon="-4.47987"><ele>18.0</ele></rtept><rtept lat="48.28536" lon="-4.48003"><ele>17.0</ele></rtept><rtept lat="48.2854" lon="-4.48018"><ele>20.0</ele></rtept><rtept lat="48.28538" lon="-4.48031"><ele>15.0</ele></rtept><rtept lat="48.28528" lon="-4.48041"><ele>20.0</ele></rtept><rtept lat="48.2852" lon="-4.48067"><ele>20.0</ele></rtept><rtept lat="48.28498" lon="-4.48118"><ele>20.0</ele></rtept><rtept lat="48.28487" lon="-4.48155"><ele>20.0</ele></rtept><rtept lat="48.28471" lon="-4.48212"><ele>25.0</ele></rtept><rtept lat="48.28455" lon="-4.48248"><ele>22.0</ele></rtept><rtept lat="48.28427" lon="-4.48313"><ele>19.0</ele></rtept><rtept lat="48.28421" lon="-4.4832"><ele>14.0</ele></rtept><rtept lat="48.28408" lon="-4.48325"><ele>18.0</ele></rtept><rtept lat="48.28394" lon="-4.48332"><ele>16.0</ele></rtept><rtept lat="48.28393" lon="-4.4835"><ele>17.0</ele></rtept><rtept lat="48.28397" lon="-4.48381"><ele>17.0</ele></rtept><rtept lat="48.28395" lon="-4.48393"><ele>14.0</ele></rtept><rtept lat="48.28385" lon="-4.48417"><ele>21.0</ele></rtept><rtept lat="48.28375" lon="-4.48442"><ele>19.0</ele></rtept><rtept lat="48.28369" lon="-4.4847"><ele>19.0</ele></rtept><rtept lat="48.28361" lon="-4.48482"><ele>14.0</ele></rtept><rtept lat="48.28357" lon="-4.48494"><ele>17.0</ele></rtept><rtept lat="48.28356" lon="-4.48512"><ele>18.0</ele></rtept><rtept lat="48.28345" lon="-4.48536"><ele>16.0</ele></rtept><rtept lat="48.28332" lon="-4.48587"><ele>16.0</ele></rtept><rtept lat="48.28321" lon="-4.4862"><ele>19.0</ele></rtept><rtept lat="48.28305" lon="-4.48653"><ele>22.0</ele></rtept><rtept lat="48.28299" lon="-4.48669"><ele>22.0</ele></rtept><rtept lat="48.28284" lon="-4.48684"><ele>21.0</ele></rtept><rtept lat="48.28276" lon="-4.48702"><ele>23.0</ele></rtept><rtept lat="48.28273" lon="-4.48734"><ele>21.0</ele></rtept><rtept lat="48.28268" lon="-4.48784"><ele>21.0</ele></rtept><rtept lat="48.28263" lon="-4.48817"><ele>20.0</ele></rtept><rtept lat="48.28263" lon="-4.48822"><ele>21.0</ele></rtept><rtept lat="48.28269" lon="-4.48838"><ele>21.0</ele></rtept><rtept lat="48.28269" lon="-4.48852"><ele>20.0</ele></rtept><rtept lat="48.28254" lon="-4.48857"><ele>28.0</ele></rtept><rtept lat="48.28252" lon="-4.48874"><ele>19.0</ele></rtept><rtept lat="48.28254" lon="-4.48902"><ele>18.0</ele></rtept><rtept lat="48.28246" lon="-4.48928"><ele>18.0</ele></rtept><rtept lat="48.28244" lon="-4.48953"><ele>19.0</ele></rtept><rtept lat="48.28244" lon="-4.48977"><ele>17.0</ele></rtept><rtept lat="48.28245" lon="-4.49003"><ele>18.0</ele></rtept><rtept lat="48.28243" lon="-4.49017"><ele>16.0</ele></rtept><rtept lat="48.28245" lon="-4.49043"><ele>13.0</ele></rtept><rtept lat="48.28242" lon="-4.49052"><ele>13.0</ele></rtept><rtept lat="48.28242" lon="-4.49091"><ele>13.0</ele></rtept><rtept lat="48.28239" lon="-4.49101"><ele>20.0</ele></rtept><rtept lat="48.28242" lon="-4.49108"><ele>12.0</ele></rtept><rtept lat="48.28241" lon="-4.49143"><ele>15.0</ele></rtept><rtept lat="48.28234" lon="-4.49209"><ele>14.0</ele></rtept><rtept lat="48.28238" lon="-4.49228"><ele>17.0</ele></rtept><rtept lat="48.28242" lon="-4.49237"><ele>14.0</ele></rtept><rtept lat="48.2824" lon="-4.49247"><ele>18.0</ele></rtept><rtept lat="48.28243" lon="-4.49265"><ele>15.0</ele></rtept><rtept lat="48.2824" lon="-4.4927"><ele>19.0</ele></rtept><rtept lat="48.28239" lon="-4.49284"><ele>17.0</ele></rtept><rtept lat="48.28245" lon="-4.49294"><ele>15.0</ele></rtept><rtept lat="48.28249" lon="-4.49308"><ele>15.0</ele></rtept><rtept lat="48.2825" lon="-4.49338"><ele>14.0</ele></rtept><rtept lat="48.28254" lon="-4.4935"><ele>14.0</ele></rtept><rtept lat="48.28254" lon="-4.49369"><ele>14.0</ele></rtept><rtept lat="48.28251" lon="-4.49376"><ele>13.0</ele></rtept><rtept lat="48.28236" lon="-4.49392"><ele>12.0</ele></rtept><rtept lat="48.28229" lon="-4.49404"><ele>11.0</ele></rtept><rtept lat="48.28222" lon="-4.49411"><ele>11.0</ele></rtept><rtept lat="48.28219" lon="-4.49423"><ele>9.0</ele></rtept><rtept lat="48.28214" lon="-4.4943"><ele>9.0</ele></rtept><rtept lat="48.28203" lon="-4.49437"><ele>9.0</ele></rtept><rtept lat="48.28192" lon="-4.49436"><ele>5.0</ele></rtept><rtept lat="48.28187" lon="-4.49465"><ele>8.0</ele></rtept><rtept lat="48.2818" lon="-4.49487"><ele>4.0</ele></rtept><rtept lat="48.2817" lon="-4.49508"><ele>7.0</ele></rtept><rtept lat="48.28157" lon="-4.49533"><ele>7.0</ele></rtept><rtept lat="48.28151" lon="-4.49556"><ele>3.0</ele></rtept><rtept lat="48.28146" lon="-4.49568"><ele>7.0</ele></rtept><rtept lat="48.28141" lon="-4.49602"><ele>8.0</ele></rtept><rtept lat="48.28115" lon="-4.49599"><ele>9.0</ele></rtept><rtept lat="48.28077" lon="-4.49594"><ele>12.0</ele></rtept><rtept lat="48.28058" lon="-4.49616"><ele>14.0</ele></rtept><rtept lat="48.28039" lon="-4.49612"><ele>16.0</ele></rtept><rtept lat="48.28017" lon="-4.49645"><ele>20.0</ele></rtept><rtept lat="48.27995" lon="-4.49678"><ele>23.0</ele></rtept><rtept lat="48.2797" lon="-4.49716"><ele>27.0</ele></rtept><rtept lat="48.27986" lon="-4.49742"><ele>27.0</ele></rtept><rtept lat="48.28003" lon="-4.49771"><ele>30.0</ele></rtept><rtept lat="48.28016" lon="-4.49816"><ele>33.0</ele></rtept><rtept lat="48.27989" lon="-4.49865"><ele>32.0</ele></rtept><rtept lat="48.27994" lon="-4.49912"><ele>32.0</ele></rtept><rtept lat="48.27986" lon="-4.49952"><ele>30.0</ele></rtept><rtept lat="48.27973" lon="-4.50016"><ele>27.0</ele></rtept><rtept lat="48.27955" lon="-4.50043"><ele>27.0</ele></rtept><rtept lat="48.27932" lon="-4.50033"><ele>27.0</ele></rtept><rtept lat="48.27905" lon="-4.50021"><ele>26.0</ele></rtept><rtept lat="48.2791" lon="-4.5007"><ele>26.0</ele></rtept><rtept lat="48.27912" lon="-4.50106"><ele>24.0</ele></rtept><rtept lat="48.27915" lon="-4.50151"><ele>21.0</ele></rtept><rtept lat="48.27924" lon="-4.50202"><ele>18.0</ele></rtept><rtept lat="48.27963" lon="-4.50233"><ele>15.0</ele></rtept><rtept lat="48.27985" lon="-4.50233"><ele>14.0</ele></rtept><rtept lat="48.2801" lon="-4.50232"><ele>12.0</ele></rtept><rtept lat="48.28053" lon="-4.50236"><ele>10.0</ele></rtept><rtept lat="48.2808" lon="-4.50267"><ele>7.0</ele></rtept><rtept lat="48.28089" lon="-4.50302"><ele>6.0</ele></rtept><rtept lat="48.28101" lon="-4.50346"><ele>5.0</ele></rtept><rtept lat="48.28116" lon="-4.50396"><ele>5.0</ele></rtept><rtept lat="48.28129" lon="-4.50431"><ele>5.0</ele></rtept><rtept lat="48.28149" lon="-4.50481"><ele>5.0</ele></rtept><rtept lat="48.28163" lon="-4.50514"><ele>4.0</ele></rtept><rtept lat="48.28183" lon="-4.50558"><ele>4.0</ele></rtept><rtept lat="48.28204" lon="-4.50595"><ele>4.0</ele></rtept><rtept lat="48.28223" lon="-4.50628"><ele>4.0</ele></rtept><rtept lat="48.28259" lon="-4.50689"><ele>4.0</ele></rtept><rtept lat="48.28282" lon="-4.50726"><ele>4.0</ele></rtept><rtept lat="48.28303" lon="-4.5076"><ele>3.0</ele></rtept><rtept lat="48.28325" lon="-4.50793"><ele>3.0</ele></rtept><rtept lat="48.28352" lon="-4.50835"><ele>3.0</ele></rtept><rtept lat="48.28369" lon="-4.50858"><ele>3.0</ele></rtept><rtept lat="48.28388" lon="-4.50877"><ele>4.0</ele></rtept><rtept lat="48.28417" lon="-4.50899"><ele>4.0</ele></rtept><rtept lat="48.28401" lon="-4.50887"><ele>4.0</ele></rtept><rtept lat="48.28419" lon="-4.50895"><ele>4.0</ele></rtept><rtept lat="48.28443" lon="-4.50905"><ele>4.0</ele></rtept><rtept lat="48.28442" lon="-4.50905"><ele>4.0</ele></rtept><rtept lat="48.28458" lon="-4.50861"><ele>4.0</ele></rtept><rtept lat="48.28485" lon="-4.50831"><ele>4.0</ele></rtept><rtept lat="48.28502" lon="-4.50792"><ele>4.0</ele></rtept><rtept lat="48.28528" lon="-4.5076"><ele>4.0</ele></rtept><rtept lat="48.28544" lon="-4.5078"><ele>4.0</ele></rtept><rtept lat="48.28564" lon="-4.50754"><ele>4.0</ele></rtept><rtept lat="48.28593" lon="-4.50715"><ele>4.0</ele></rtept><rtept lat="48.28599" lon="-4.507"><ele>2.0</ele></rtept><rtept lat="48.28613" lon="-4.50727"><ele>5.0</ele></rtept><rtept lat="48.28631" lon="-4.50788"><ele>6.0</ele></rtept><rtept lat="48.28623" lon="-4.50847"><ele>7.0</ele></rtept><rtept lat="48.28625" lon="-4.50908"><ele>9.0</ele></rtept><rtept lat="48.28621" lon="-4.50951"><ele>10.0</ele></rtept><rtept lat="48.28613" lon="-4.51025"><ele>13.0</ele></rtept><rtept lat="48.28611" lon="-4.51062"><ele>14.0</ele></rtept><rtept lat="48.28609" lon="-4.51105"><ele>17.0</ele></rtept><rtept lat="48.28611" lon="-4.51126"><ele>18.0</ele></rtept><rtept lat="48.28627" lon="-4.51134"><ele>18.0</ele></rtept><rtept lat="48.28646" lon="-4.51143"><ele>18.0</ele></rtept><rtept lat="48.28672" lon="-4.51165"><ele>19.0</ele></rtept><rtept lat="48.28699" lon="-4.51188"><ele>19.0</ele></rtept><rtept lat="48.2873" lon="-4.51213"><ele>20.0</ele></rtept><rtept lat="48.28758" lon="-4.51217"><ele>20.0</ele></rtept><rtept lat="48.28782" lon="-4.51213"><ele>21.0</ele></rtept><rtept lat="48.28809" lon="-4.51209"><ele>21.0</ele></rtept><rtept lat="48.28837" lon="-4.51228"><ele>24.0</ele></rtept><rtept lat="48.28855" lon="-4.51268"><ele>24.0</ele></rtept><rtept lat="48.28884" lon="-4.51296"><ele>22.0</ele></rtept><rtept lat="48.28904" lon="-4.51325"><ele>20.0</ele></rtept><rtept lat="48.28939" lon="-4.51375"><ele>16.0</ele></rtept><rtept lat="48.28964" lon="-4.51415"><ele>11.0</ele></rtept><rtept lat="48.28989" lon="-4.51456"><ele>8.0</ele></rtept><rtept lat="48.29014" lon="-4.51496"><ele>6.0</ele></rtept><rtept lat="48.29039" lon="-4.51536"><ele>5.0</ele></rtept><rtept lat="48.29077" lon="-4.51597"><ele>4.0</ele></rtept><rtept lat="48.29103" lon="-4.5164"><ele>4.0</ele></rtept><rtept lat="48.29121" lon="-4.51673"><ele>5.0</ele></rtept><rtept lat="48.29135" lon="-4.51701"><ele>6.0</ele></rtept><rtept lat="48.29151" lon="-4.51731"><ele>7.0</ele></rtept><rtept lat="48.29159" lon="-4.51748"><ele>7.0</ele></rtept><rtept lat="48.29158" lon="-4.51753"><ele>7.0</ele></rtept><rtept lat="48.29174" lon="-4.51758"><ele>7.0</ele></rtept><rtept lat="48.29174" lon="-4.51764"><ele>7.0</ele></rtept><rtept lat="48.2918" lon="-4.51796"><ele>8.0</ele></rtept><rtept lat="48.29178" lon="-4.51804"><ele>8.0</ele></rtept><rtept lat="48.29158" lon="-4.51822"><ele>9.0</ele></rtept><rtept lat="48.29133" lon="-4.51846"><ele>9.0</ele></rtept><rtept lat="48.29147" lon="-4.51874"><ele>9.0</ele></rtept><rtept lat="48.29162" lon="-4.51905"><ele>9.0</ele></rtept><rtept lat="48.29178" lon="-4.51926"><ele>8.0</ele></rtept><rtept lat="48.29202" lon="-4.51943"><ele>7.0</ele></rtept><rtept lat="48.29236" lon="-4.51966"><ele>6.0</ele></rtept><rtept lat="48.29261" lon="-4.52003"><ele>6.0</ele></rtept><rtept lat="48.29275" lon="-4.52037"><ele>6.0</ele></rtept><rtept lat="48.29296" lon="-4.52085"><ele>8.0</ele></rtept><rtept lat="48.29298" lon="-4.52094"><ele>8.0</ele></rtept><rtept lat="48.29298" lon="-4.52123"><ele>8.0</ele></rtept><rtept lat="48.29294" lon="-4.52145"><ele>9.0</ele></rtept><rtept lat="48.29282" lon="-4.52164"><ele>8.0</ele></rtept><rtept lat="48.29269" lon="-4.52186"><ele>6.0</ele></rtept><rtept lat="48.29258" lon="-4.52198"><ele>6.0</ele></rtept><rtept lat="48.29238" lon="-4.52198"><ele>5.0</ele></rtept><rtept lat="48.29208" lon="-4.52189"><ele>4.0</ele></rtept><rtept lat="48.29178" lon="-4.5218"><ele>4.0</ele></rtept><rtept lat="48.29146" lon="-4.5217"><ele>3.0</ele></rtept><rtept lat="48.29111" lon="-4.52175"><ele>3.0</ele></rtept><rtept lat="48.29106" lon="-4.52172"><ele>4.0</ele></rtept><rtept lat="48.29091" lon="-4.52151"><ele>5.0</ele></rtept><rtept lat="48.29075" lon="-4.52128"><ele>6.0</ele></rtept><rtept lat="48.29064" lon="-4.52114"><ele>6.0</ele></rtept><rtept lat="48.29048" lon="-4.52109"><ele>8.0</ele></rtept><rtept lat="48.2903" lon="-4.52104"><ele>9.0</ele></rtept><rtept lat="48.29004" lon="-4.52095"><ele>9.0</ele></rtept><rtept lat="48.28988" lon="-4.52085"><ele>10.0</ele></rtept><rtept lat="48.28977" lon="-4.52074"><ele>11.0</ele></rtept><rtept lat="48.28959" lon="-4.52043"><ele>12.0</ele></rtept><rtept lat="48.28956" lon="-4.52029"><ele>12.0</ele></rtept><rtept lat="48.28956" lon="-4.52019"><ele>12.0</ele></rtept><rtept lat="48.28941" lon="-4.52011"><ele>12.0</ele></rtept><rtept lat="48.28925" lon="-4.52003"><ele>12.0</ele></rtept><rtept lat="48.28909" lon="-4.51999"><ele>12.0</ele></rtept><rtept lat="48.28901" lon="-4.52001"><ele>12.0</ele></rtept><rtept lat="48.28892" lon="-4.52006"><ele>12.0</ele></rtept><rtept lat="48.28877" lon="-4.5202"><ele>14.0</ele></rtept><rtept lat="48.28866" lon="-4.52041"><ele>15.0</ele></rtept><rtept lat="48.28853" lon="-4.5206"><ele>17.0</ele></rtept><rtept lat="48.28845" lon="-4.52067"><ele>17.0</ele></rtept><rtept lat="48.28823" lon="-4.52081"><ele>19.0</ele></rtept><rtept lat="48.28786" lon="-4.52104"><ele>20.0</ele></rtept><rtept lat="48.28778" lon="-4.52111"><ele>20.0</ele></rtept><rtept lat="48.2877" lon="-4.52121"><ele>21.0</ele></rtept><rtept lat="48.2875" lon="-4.5217"><ele>21.0</ele></rtept><rtept lat="48.28737" lon="-4.52198"><ele>21.0</ele></rtept><rtept lat="48.28723" lon="-4.52226"><ele>22.0</ele></rtept><rtept lat="48.28705" lon="-4.52254"><ele>22.0</ele></rtept><rtept lat="48.28679" lon="-4.52294"><ele>22.0</ele></rtept><rtept lat="48.28654" lon="-4.52325"><ele>22.0</ele></rtept><rtept lat="48.28632" lon="-4.52353"><ele>22.0</ele></rtept><rtept lat="48.28592" lon="-4.52404"><ele>22.0</ele></rtept><rtept lat="48.28575" lon="-4.52419"><ele>22.0</ele></rtept><rtept lat="48.28551" lon="-4.5243"><ele>22.0</ele></rtept><rtept lat="48.2852" lon="-4.52445"><ele>22.0</ele></rtept><rtept lat="48.28499" lon="-4.52465"><ele>21.0</ele></rtept><rtept lat="48.28485" lon="-4.52491"><ele>21.0</ele></rtept><rtept lat="48.28475" lon="-4.52498"><ele>23.0</ele></rtept><rtept lat="48.28455" lon="-4.52497"><ele>24.0</ele></rtept><rtept lat="48.28422" lon="-4.52512"><ele>25.0</ele></rtept><rtept lat="48.28396" lon="-4.52523"><ele>25.0</ele></rtept><rtept lat="48.28357" lon="-4.5254"><ele>26.0</ele></rtept><rtept lat="48.28322" lon="-4.52556"><ele>27.0</ele></rtept><rtept lat="48.283" lon="-4.52578"><ele>26.0</ele></rtept><rtept lat="48.28323" lon="-4.52616"><ele>26.0</ele></rtept><rtept lat="48.28345" lon="-4.52643"><ele>25.0</ele></rtept><rtept lat="48.28384" lon="-4.52691"><ele>23.0</ele></rtept><rtept lat="48.28405" lon="-4.52712"><ele>22.0</ele></rtept><rtept lat="48.28431" lon="-4.52738"><ele>21.0</ele></rtept><rtept lat="48.28439" lon="-4.52756"><ele>21.0</ele></rtept><rtept lat="48.28441" lon="-4.52799"><ele>20.0</ele></rtept><rtept lat="48.28444" lon="-4.52818"><ele>19.0</ele></rtept><rtept lat="48.28433" lon="-4.5285"><ele>20.0</ele></rtept><rtept lat="48.28424" lon="-4.52864"><ele>22.0</ele></rtept><rtept lat="48.28414" lon="-4.52885"><ele>21.0</ele></rtept><rtept lat="48.28404" lon="-4.52919"><ele>21.0</ele></rtept><rtept lat="48.28392" lon="-4.52961"><ele>22.0</ele></rtept><rtept lat="48.28382" lon="-4.52982"><ele>23.0</ele></rtept><rtept lat="48.28376" lon="-4.53003"><ele>23.0</ele></rtept><rtept lat="48.28366" lon="-4.53024"><ele>24.0</ele></rtept><rtept lat="48.28354" lon="-4.5304"><ele>24.0</ele></rtept><rtept lat="48.28341" lon="-4.53059"><ele>24.0</ele></rtept><rtept lat="48.28335" lon="-4.53071"><ele>25.0</ele></rtept><rtept lat="48.28325" lon="-4.53098"><ele>24.0</ele></rtept><rtept lat="48.28313" lon="-4.53131"><ele>24.0</ele></rtept><rtept lat="48.28305" lon="-4.53135"><ele>26.0</ele></rtept><rtept lat="48.2829" lon="-4.53146"><ele>25.0</ele></rtept><rtept lat="48.28285" lon="-4.53143"><ele>29.0</ele></rtept><rtept lat="48.28275" lon="-4.53162"><ele>26.0</ele></rtept><rtept lat="48.28257" lon="-4.53185"><ele>25.0</ele></rtept><rtept lat="48.28237" lon="-4.53209"><ele>25.0</ele></rtept><rtept lat="48.28208" lon="-4.53229"><ele>23.0</ele></rtept><rtept lat="48.28186" lon="-4.5324"><ele>19.0</ele></rtept><rtept lat="48.28164" lon="-4.53251"><ele>17.0</ele></rtept><rtept lat="48.28136" lon="-4.53271"><ele>16.0</ele></rtept><rtept lat="48.28149" lon="-4.53302"><ele>15.0</ele></rtept><rtept lat="48.28166" lon="-4.53342"><ele>14.0</ele></rtept><rtept lat="48.28184" lon="-4.53382"><ele>14.0</ele></rtept><rtept lat="48.2821" lon="-4.53441"><ele>13.0</ele></rtept><rtept lat="48.282" lon="-4.5347"><ele>13.0</ele></rtept><rtept lat="48.28191" lon="-4.53518"><ele>13.0</ele></rtept><rtept lat="48.28169" lon="-4.53556"><ele>16.0</ele></rtept><rtept lat="48.28155" lon="-4.53584"><ele>17.0</ele></rtept><rtept lat="48.28146" lon="-4.53616"><ele>21.0</ele></rtept><rtept lat="48.28141" lon="-4.53672"><ele>21.0</ele></rtept><rtept lat="48.28139" lon="-4.53701"><ele>22.0</ele></rtept><rtept lat="48.28146" lon="-4.53739"><ele>22.0</ele></rtept><rtept lat="48.28155" lon="-4.53789"><ele>22.0</ele></rtept><rtept lat="48.28164" lon="-4.5382"><ele>21.0</ele></rtept><rtept lat="48.28174" lon="-4.53851"><ele>21.0</ele></rtept><rtept lat="48.28191" lon="-4.53902"><ele>21.0</ele></rtept><rtept lat="48.282" lon="-4.53942"><ele>21.0</ele></rtept><rtept lat="48.28198" lon="-4.54005"><ele>21.0</ele></rtept><rtept lat="48.28193" lon="-4.54041"><ele>22.0</ele></rtept><rtept lat="48.28186" lon="-4.54086"><ele>25.0</ele></rtept><rtept lat="48.28176" lon="-4.54118"><ele>25.0</ele></rtept><rtept lat="48.28166" lon="-4.54153"><ele>27.0</ele></rtept><rtept lat="48.28159" lon="-4.5419"><ele>27.0</ele></rtept><rtept lat="48.28149" lon="-4.54239"><ele>27.0</ele></rtept><rtept lat="48.28141" lon="-4.54281"><ele>28.0</ele></rtept><rtept lat="48.28126" lon="-4.5436"><ele>30.0</ele></rtept><rtept lat="48.28136" lon="-4.54403"><ele>34.0</ele></rtept><rtept lat="48.28145" lon="-4.54446"><ele>34.0</ele></rtept><rtept lat="48.28156" lon="-4.54492"><ele>37.0</ele></rtept><rtept lat="48.28152" lon="-4.54514"><ele>38.0</ele></rtept><rtept lat="48.28133" lon="-4.54524"><ele>39.0</ele></rtept><rtept lat="48.28106" lon="-4.54539"><ele>39.0</ele></rtept><rtept lat="48.28085" lon="-4.54586"><ele>43.0</ele></rtept><rtept lat="48.28067" lon="-4.5462"><ele>47.0</ele></rtept><rtept lat="48.28034" lon="-4.54681"><ele>51.0</ele></rtept><rtept lat="48.28043" lon="-4.54731"><ele>54.0</ele></rtept><rtept lat="48.28051" lon="-4.54781"><ele>55.0</ele></rtept><rtept lat="48.28058" lon="-4.54823"><ele>56.0</ele></rtept><rtept lat="48.28071" lon="-4.54896"><ele>58.0</ele></rtept><rtept lat="48.28076" lon="-4.54946"><ele>59.0</ele></rtept><rtept lat="48.28082" lon="-4.54997"><ele>59.0</ele></rtept><rtept lat="48.28086" lon="-4.55038"><ele>60.0</ele></rtept><rtept lat="48.28093" lon="-4.55102"><ele>60.0</ele></rtept><rtept lat="48.28106" lon="-4.55166"><ele>60.0</ele></rtept><rtept lat="48.2812" lon="-4.55201"><ele>60.0</ele></rtept><rtept lat="48.28141" lon="-4.55253"><ele>60.0</ele></rtept><rtept lat="48.2815" lon="-4.55271"><ele>60.0</ele></rtept><rtept lat="48.28162" lon="-4.55287"><ele>60.0</ele></rtept><rtept lat="48.28175" lon="-4.55304"><ele>59.0</ele></rtept><rtept lat="48.28187" lon="-4.55318"><ele>59.0</ele></rtept><rtept lat="48.2821" lon="-4.55334"><ele>59.0</ele></rtept><rtept lat="48.28234" lon="-4.5535"><ele>59.0</ele></rtept><rtept lat="48.2826" lon="-4.55368"><ele>58.0</ele></rtept><rtept lat="48.28278" lon="-4.55384"><ele>58.0</ele></rtept><rtept lat="48.28303" lon="-4.55411"><ele>58.0</ele></rtept><rtept lat="48.28328" lon="-4.55439"><ele>58.0</ele></rtept><rtept lat="48.28357" lon="-4.55471"><ele>57.0</ele></rtept><rtept lat="48.28377" lon="-4.55485"><ele>57.0</ele></rtept><rtept lat="48.28413" lon="-4.55497"><ele>57.0</ele></rtept><rtept lat="48.28442" lon="-4.555"><ele>57.0</ele></rtept><rtept lat="48.28466" lon="-4.55502"><ele>57.0</ele></rtept><rtept lat="48.28494" lon="-4.55504"><ele>57.0</ele></rtept><rtept lat="48.2853" lon="-4.555"><ele>56.0</ele></rtept><rtept lat="48.28566" lon="-4.55497"><ele>56.0</ele></rtept><rtept lat="48.28602" lon="-4.55493"><ele>55.0</ele></rtept><rtept lat="48.28638" lon="-4.55489"><ele>54.0</ele></rtept><rtept lat="48.28679" lon="-4.55485"><ele>53.0</ele></rtept><rtept lat="48.28686" lon="-4.55489"><ele>53.0</ele></rtept><rtept lat="48.28696" lon="-4.55507"><ele>52.0</ele></rtept><rtept lat="48.28699" lon="-4.55506"><ele>52.0</ele></rtept><rtept lat="48.28724" lon="-4.55522"><ele>50.0</ele></rtept><rtept lat="48.28736" lon="-4.55525"><ele>50.0</ele></rtept><rtept lat="48.28759" lon="-4.55527"><ele>50.0</ele></rtept><rtept lat="48.28795" lon="-4.55529"><ele>50.0</ele></rtept><rtept lat="48.28805" lon="-4.55525"><ele>50.0</ele></rtept><rtept lat="48.2881" lon="-4.55518"><ele>50.0</ele></rtept><rtept lat="48.2881" lon="-4.55515"><ele>50.0</ele></rtept><rtept lat="48.28832" lon="-4.55504"><ele>49.0</ele></rtept><rtept lat="48.28864" lon="-4.55518"><ele>48.0</ele></rtept><rtept lat="48.28884" lon="-4.55518"><ele>47.0</ele></rtept><rtept lat="48.28907" lon="-4.55511"><ele>45.0</ele></rtept><rtept lat="48.2893" lon="-4.55518"><ele>43.0</ele></rtept><rtept lat="48.28952" lon="-4.55534"><ele>39.0</ele></rtept><rtept lat="48.28977" lon="-4.55555"><ele>36.0</ele></rtept><rtept lat="48.28992" lon="-4.55576"><ele>31.0</ele></rtept><rtept lat="48.29005" lon="-4.55579"><ele>31.0</ele></rtept><rtept lat="48.29006" lon="-4.55537"><ele>30.0</ele></rtept><rtept lat="48.29008" lon="-4.55495"><ele>26.0</ele></rtept><rtept lat="48.2901" lon="-4.55433"><ele>24.0</ele></rtept><rtept lat="48.29038" lon="-4.55447"><ele>22.0</ele></rtept><rtept lat="48.29054" lon="-4.5545"><ele>21.0</ele></rtept><rtept lat="48.29081" lon="-4.5545"><ele>19.0</ele></rtept><rtept lat="48.29124" lon="-4.55443"><ele>16.0</ele></rtept><rtept lat="48.2914" lon="-4.55443"><ele>15.0</ele></rtept><rtept lat="48.29165" lon="-4.5545"><ele>14.0</ele></rtept><rtept lat="48.29188" lon="-4.55459"><ele>12.0</ele></rtept><rtept lat="48.29208" lon="-4.55478"><ele>11.0</ele></rtept><rtept lat="48.29232" lon="-4.55499"><ele>8.0</ele></rtept><rtept lat="48.29248" lon="-4.55511"><ele>8.0</ele></rtept><rtept lat="48.29271" lon="-4.55519"><ele>8.0</ele></rtept><rtept lat="48.2927" lon="-4.55464"><ele>8.0</ele></rtept><rtept lat="48.29266" lon="-4.55431"><ele>8.0</ele></rtept><rtept lat="48.29244" lon="-4.55382"><ele>8.0</ele></rtept><rtept lat="48.29222" lon="-4.55328"><ele>9.0</ele></rtept><rtept lat="48.29208" lon="-4.55283"><ele>9.0</ele></rtept><rtept lat="48.29193" lon="-4.55224"><ele>9.0</ele></rtept><rtept lat="48.29186" lon="-4.55183"><ele>9.0</ele></rtept><rtept lat="48.2918" lon="-4.55149"><ele>9.0</ele></rtept><rtept lat="48.29173" lon="-4.55112"><ele>9.0</ele></rtept><rtept lat="48.29168" lon="-4.55058"><ele>9.0</ele></rtept><rtept lat="48.2917" lon="-4.55011"><ele>9.0</ele></rtept><rtept lat="48.29175" lon="-4.54974"><ele>9.0</ele></rtept><rtept lat="48.29206" lon="-4.54999"><ele>8.0</ele></rtept><rtept lat="48.29237" lon="-4.55025"><ele>8.0</ele></rtept><rtept lat="48.29268" lon="-4.5505"><ele>8.0</ele></rtept><rtept lat="48.29318" lon="-4.55091"><ele>5.0</ele></rtept><rtept lat="48.29331" lon="-4.55108"><ele>5.0</ele></rtept><rtept lat="48.29352" lon="-4.55143"><ele>4.0</ele></rtept><rtept lat="48.29373" lon="-4.55178"><ele>4.0</ele></rtept><rtept lat="48.29394" lon="-4.55213"><ele>4.0</ele></rtept><rtept lat="48.29428" lon="-4.55269"><ele>4.0</ele></rtept><rtept lat="48.29451" lon="-4.55302"><ele>4.0</ele></rtept><rtept lat="48.29476" lon="-4.55332"><ele>4.0</ele></rtept><rtept lat="48.29501" lon="-4.55355"><ele>4.0</ele></rtept><rtept lat="48.29511" lon="-4.55358"><ele>4.0</ele></rtept><rtept lat="48.29516" lon="-4.55356"><ele>4.0</ele></rtept><rtept lat="48.29532" lon="-4.55334"><ele>3.0</ele></rtept><rtept lat="48.29556" lon="-4.553"><ele>3.0</ele></rtept><rtept lat="48.29566" lon="-4.55295"><ele>2.0</ele></rtept><rtept lat="48.29571" lon="-4.55295"><ele>2.0</ele></rtept><rtept lat="48.2958" lon="-4.553"><ele>3.0</ele></rtept><rtept lat="48.29589" lon="-4.55318"><ele>2.0</ele></rtept><rtept lat="48.29602" lon="-4.55354"><ele>3.0</ele></rtept><rtept lat="48.29615" lon="-4.5539"><ele>4.0</ele></rtept><rtept lat="48.29632" lon="-4.55438"><ele>4.0</ele></rtept><rtept lat="48.29648" lon="-4.55475"><ele>5.0</ele></rtept><rtept lat="48.2966" lon="-4.5549"><ele>6.0</ele></rtept><rtept lat="48.29674" lon="-4.55504"><ele>6.0</ele></rtept><rtept lat="48.29701" lon="-4.55512"><ele>7.0</ele></rtept><rtept lat="48.29745" lon="-4.55525"><ele>11.0</ele></rtept><rtept lat="48.29763" lon="-4.55532"><ele>15.0</ele></rtept><rtept lat="48.29777" lon="-4.55544"><ele>15.0</ele></rtept><rtept lat="48.29792" lon="-4.55559"><ele>15.0</ele></rtept><rtept lat="48.29812" lon="-4.55579"><ele>15.0</ele></rtept><rtept lat="48.29833" lon="-4.55596"><ele>14.0</ele></rtept><rtept lat="48.29857" lon="-4.55614"><ele>14.0</ele></rtept><rtept lat="48.29895" lon="-4.5564"><ele>14.0</ele></rtept><rtept lat="48.29917" lon="-4.55651"><ele>17.0</ele></rtept><rtept lat="48.29941" lon="-4.55661"><ele>17.0</ele></rtept><rtept lat="48.29972" lon="-4.55673"><ele>19.0</ele></rtept><rtept lat="48.30002" lon="-4.55682"><ele>19.0</ele></rtept><rtept lat="48.30024" lon="-4.55681"><ele>20.0</ele></rtept><rtept lat="48.30047" lon="-4.5568"><ele>20.0</ele></rtept><rtept lat="48.30064" lon="-4.55675"><ele>20.0</ele></rtept><rtept lat="48.30076" lon="-4.5567"><ele>20.0</ele></rtept><rtept lat="48.30099" lon="-4.55651"><ele>17.0</ele></rtept><rtept lat="48.30133" lon="-4.55623"><ele>13.0</ele></rtept><rtept lat="48.30155" lon="-4.55614"><ele>12.0</ele></rtept><rtept lat="48.3019" lon="-4.55607"><ele>10.0</ele></rtept><rtept lat="48.30226" lon="-4.55612"><ele>9.0</ele></rtept><rtept lat="48.30258" lon="-4.55618"><ele>8.0</ele></rtept><rtept lat="48.3029" lon="-4.55625"><ele>8.0</ele></rtept><rtept lat="48.30342" lon="-4.55635"><ele>6.0</ele></rtept><rtept lat="48.30362" lon="-4.55633"><ele>6.0</ele></rtept><rtept lat="48.30385" lon="-4.55623"><ele>6.0</ele></rtept><rtept lat="48.30422" lon="-4.55592"><ele>5.0</ele></rtept><rtept lat="48.30445" lon="-4.55572"><ele>4.0</ele></rtept><rtept lat="48.30477" lon="-4.55544"><ele>4.0</ele></rtept><rtept lat="48.30498" lon="-4.55518"><ele>3.0</ele></rtept><rtept lat="48.30512" lon="-4.55497"><ele>3.0</ele></rtept><rtept lat="48.30531" lon="-4.55453"><ele>3.0</ele></rtept><rtept lat="48.3055" lon="-4.5541"><ele>4.0</ele></rtept><rtept lat="48.30569" lon="-4.55366"><ele>6.0</ele></rtept><rtept lat="48.30596" lon="-4.55303"><ele>10.0</ele></rtept><rtept lat="48.30609" lon="-4.55283"><ele>10.0</ele></rtept><rtept lat="48.30634" lon="-4.55253"><ele>13.0</ele></rtept><rtept lat="48.30657" lon="-4.55236"><ele>14.0</ele></rtept><rtept lat="48.30672" lon="-4.55231"><ele>16.0</ele></rtept><rtept lat="48.30674" lon="-4.55273"><ele>19.0</ele></rtept><rtept lat="48.30677" lon="-4.55315"><ele>21.0</ele></rtept><rtept lat="48.30681" lon="-4.55379"><ele>25.0</ele></rtept><rtept lat="48.30685" lon="-4.55428"><ele>25.0</ele></rtept><rtept lat="48.30688" lon="-4.5548"><ele>26.0</ele></rtept><rtept lat="48.30705" lon="-4.55464"><ele>29.0</ele></rtept><rtept lat="48.30715" lon="-4.55459"><ele>30.0</ele></rtept><rtept lat="48.30739" lon="-4.55452"><ele>32.0</ele></rtept><rtept lat="48.30779" lon="-4.5544"><ele>34.0</ele></rtept><rtept lat="48.30819" lon="-4.55427"><ele>41.0</ele></rtept><rtept lat="48.30817" lon="-4.55493"><ele>43.0</ele></rtept><rtept lat="48.30821" lon="-4.55538"><ele>43.0</ele></rtept><rtept lat="48.30844" lon="-4.55589"><ele>45.0</ele></rtept><rtept lat="48.30881" lon="-4.55593"><ele>46.0</ele></rtept><rtept lat="48.30892" lon="-4.55612"><ele>49.0</ele></rtept><rtept lat="48.30893" lon="-4.55651"><ele>48.0</ele></rtept><rtept lat="48.30893" lon="-4.55691"><ele>48.0</ele></rtept><rtept lat="48.30894" lon="-4.55744"><ele>48.0</ele></rtept><rtept lat="48.30917" lon="-4.55746"><ele>50.0</ele></rtept><rtept lat="48.30941" lon="-4.55748"><ele>54.0</ele></rtept><rtept lat="48.3097" lon="-4.55755"><ele>54.0</ele></rtept><rtept lat="48.31019" lon="-4.55766"><ele>57.0</ele></rtept><rtept lat="48.31045" lon="-4.55767"><ele>58.0</ele></rtept><rtept lat="48.31077" lon="-4.55768"><ele>59.0</ele></rtept><rtept lat="48.31093" lon="-4.55766"><ele>59.0</ele></rtept><rtept lat="48.31123" lon="-4.55757"><ele>59.0</ele></rtept><rtept lat="48.31152" lon="-4.55748"><ele>59.0</ele></rtept><rtept lat="48.31182" lon="-4.55738"><ele>59.0</ele></rtept><rtept lat="48.31218" lon="-4.55727"><ele>59.0</ele></rtept><rtept lat="48.31244" lon="-4.55714"><ele>59.0</ele></rtept><rtept lat="48.31288" lon="-4.55693"><ele>58.0</ele></rtept><rtept lat="48.31314" lon="-4.5568"><ele>58.0</ele></rtept><rtept lat="48.31341" lon="-4.55668"><ele>58.0</ele></rtept><rtept lat="48.31386" lon="-4.55647"><ele>58.0</ele></rtept><rtept lat="48.31415" lon="-4.55641"><ele>58.0</ele></rtept><rtept lat="48.31439" lon="-4.55635"><ele>57.0</ele></rtept><rtept lat="48.3147" lon="-4.55628"><ele>57.0</ele></rtept><rtept lat="48.31493" lon="-4.55613"><ele>57.0</ele></rtept><rtept lat="48.3152" lon="-4.55595"><ele>57.0</ele></rtept><rtept lat="48.31546" lon="-4.55586"><ele>58.0</ele></rtept><rtept lat="48.31571" lon="-4.55585"><ele>58.0</ele></rtept><rtept lat="48.31603" lon="-4.55583"><ele>58.0</ele></rtept><rtept lat="48.31633" lon="-4.55583"><ele>58.0</ele></rtept><rtept lat="48.31664" lon="-4.55583"><ele>59.0</ele></rtept><rtept lat="48.31698" lon="-4.55583"><ele>59.0</ele></rtept><rtept lat="48.31724" lon="-4.55579"><ele>59.0</ele></rtept><rtept lat="48.31747" lon="-4.5557"><ele>59.0</ele></rtept><rtept lat="48.31773" lon="-4.5556"><ele>59.0</ele></rtept><rtept lat="48.31805" lon="-4.55551"><ele>60.0</ele></rtept><rtept lat="48.31829" lon="-4.55548"><ele>60.0</ele></rtept><rtept lat="48.31859" lon="-4.55541"><ele>60.0</ele></rtept><rtept lat="48.31889" lon="-4.55534"><ele>62.0</ele></rtept><rtept lat="48.31921" lon="-4.55527"><ele>63.0</ele></rtept><rtept lat="48.31947" lon="-4.55518"><ele>63.0</ele></rtept><rtept lat="48.31959" lon="-4.55507"><ele>63.0</ele></rtept><rtept lat="48.31968" lon="-4.5554"><ele>64.0</ele></rtept><rtept lat="48.31985" lon="-4.55599"><ele>65.0</ele></rtept><rtept lat="48.31994" lon="-4.55644"><ele>66.0</ele></rtept><rtept lat="48.31998" lon="-4.55687"><ele>66.0</ele></rtept><rtept lat="48.32005" lon="-4.55761"><ele>66.0</ele></rtept><rtept lat="48.32042" lon="-4.55741"><ele>66.0</ele></rtept><rtept lat="48.32079" lon="-4.55722"><ele>67.0</ele></rtept><rtept lat="48.32116" lon="-4.55702"><ele>67.0</ele></rtept><rtept lat="48.32153" lon="-4.55682"><ele>68.0</ele></rtept><rtept lat="48.3219" lon="-4.55663"><ele>68.0</ele></rtept><rtept lat="48.32227" lon="-4.55643"><ele>68.0</ele></rtept><rtept lat="48.32264" lon="-4.55623"><ele>68.0</ele></rtept><rtept lat="48.32308" lon="-4.556"><ele>67.0</ele></rtept><rtept lat="48.32337" lon="-4.55564"><ele>67.0</ele></rtept><rtept lat="48.32358" lon="-4.55537"><ele>67.0</ele></rtept><rtept lat="48.32394" lon="-4.55491"><ele>68.0</ele></rtept><rtept lat="48.32416" lon="-4.55464"><ele>68.0</ele></rtept><rtept lat="48.32452" lon="-4.55419"><ele>69.0</ele></rtept><rtept lat="48.32485" lon="-4.55377"><ele>71.0</ele></rtept><rtept lat="48.32505" lon="-4.55361"><ele>71.0</ele></rtept><rtept lat="48.32526" lon="-4.55344"><ele>72.0</ele></rtept><rtept lat="48.32563" lon="-4.5533"><ele>73.0</ele></rtept><rtept lat="48.32587" lon="-4.55324"><ele>73.0</ele></rtept><rtept lat="48.32617" lon="-4.55316"><ele>73.0</ele></rtept><rtept lat="48.32641" lon="-4.55307"><ele>72.0</ele></rtept><rtept lat="48.32672" lon="-4.5529"><ele>71.0</ele></rtept><rtept lat="48.32703" lon="-4.55273"><ele>69.0</ele></rtept><rtept lat="48.32762" lon="-4.55241"><ele>68.0</ele></rtept><rtept lat="48.32747" lon="-4.55195"><ele>66.0</ele></rtept><rtept lat="48.32773" lon="-4.5518"><ele>65.0</ele></rtept><rtept lat="48.32819" lon="-4.55154"><ele>64.0</ele></rtept><rtept lat="48.32819" lon="-4.55091"><ele>63.0</ele></rtept><rtept lat="48.32831" lon="-4.55032"><ele>61.0</ele></rtept><rtept lat="48.32836" lon="-4.54999"><ele>60.0</ele></rtept><rtept lat="48.32842" lon="-4.54965"><ele>60.0</ele></rtept><rtept lat="48.32846" lon="-4.54926"><ele>60.0</ele></rtept><rtept lat="48.32853" lon="-4.5487"><ele>59.0</ele></rtept><rtept lat="48.32851" lon="-4.54838"><ele>59.0</ele></rtept><rtept lat="48.32873" lon="-4.5482"><ele>59.0</ele></rtept><rtept lat="48.329" lon="-4.54797"><ele>59.0</ele></rtept><rtept lat="48.32921" lon="-4.54782"><ele>59.0</ele></rtept><rtept lat="48.32945" lon="-4.54765"><ele>60.0</ele></rtept><rtept lat="48.3296" lon="-4.54758"><ele>60.0</ele></rtept><rtept lat="48.32975" lon="-4.54737"><ele>61.0</ele></rtept><rtept lat="48.32997" lon="-4.54718"><ele>62.0</ele></rtept><rtept lat="48.33027" lon="-4.54692"><ele>62.0</ele></rtept><rtept lat="48.33054" lon="-4.54677"><ele>62.0</ele></rtept><rtept lat="48.331" lon="-4.54652"><ele>62.0</ele></rtept><rtept lat="48.33129" lon="-4.54625"><ele>61.0</ele></rtept><rtept lat="48.33152" lon="-4.54603"><ele>61.0</ele></rtept><rtept lat="48.33187" lon="-4.54569"><ele>61.0</ele></rtept><rtept lat="48.33206" lon="-4.54551"><ele>61.0</ele></rtept><rtept lat="48.33226" lon="-4.54533"><ele>61.0</ele></rtept><rtept lat="48.33225" lon="-4.54499"><ele>63.0</ele></rtept><rtept lat="48.33224" lon="-4.54464"><ele>63.0</ele></rtept><rtept lat="48.33225" lon="-4.54448"><ele>64.0</ele></rtept><rtept lat="48.33233" lon="-4.54406"><ele>64.0</ele></rtept><rtept lat="48.33233" lon="-4.54373"><ele>64.0</ele></rtept><rtept lat="48.33224" lon="-4.54344"><ele>64.0</ele></rtept><rtept lat="48.33237" lon="-4.54331"><ele>65.0</ele></rtept><rtept lat="48.33254" lon="-4.54323"><ele>65.0</ele></rtept><rtept lat="48.33274" lon="-4.54314"><ele>65.0</ele></rtept><rtept lat="48.33292" lon="-4.54293"><ele>65.0</ele></rtept><rtept lat="48.33301" lon="-4.54277"><ele>66.0</ele></rtept><rtept lat="48.33316" lon="-4.54262"><ele>65.0</ele></rtept><rtept lat="48.33334" lon="-4.54244"><ele>65.0</ele></rtept><rtept lat="48.33358" lon="-4.54225"><ele>65.0</ele></rtept><rtept lat="48.33347" lon="-4.54188"><ele>65.0</ele></rtept><rtept lat="48.3333" lon="-4.5413"><ele>62.0</ele></rtept><rtept lat="48.33368" lon="-4.54106"><ele>62.0</ele></rtept><rtept lat="48.33405" lon="-4.54081"><ele>63.0</ele></rtept><rtept lat="48.33443" lon="-4.54057"><ele>63.0</ele></rtept><rtept lat="48.33473" lon="-4.54037"><ele>64.0</ele></rtept><rtept lat="48.33503" lon="-4.54018"><ele>64.0</ele></rtept><rtept lat="48.33556" lon="-4.53983"><ele>66.0</ele></rtept><rtept lat="48.33594" lon="-4.53959"><ele>70.0</ele></rtept><rtept lat="48.33631" lon="-4.53934"><ele>70.0</ele></rtept><rtept lat="48.33669" lon="-4.5391"><ele>71.0</ele></rtept><rtept lat="48.33699" lon="-4.53891"><ele>72.0</ele></rtept><rtept lat="48.33729" lon="-4.53871"><ele>73.0</ele></rtept><rtept lat="48.33779" lon="-4.53838"><ele>74.0</ele></rtept><rtept lat="48.33818" lon="-4.53817"><ele>74.0</ele></rtept><rtept lat="48.33841" lon="-4.53817"><ele>75.0</ele></rtept><rtept lat="48.33865" lon="-4.53818"><ele>75.0</ele></rtept><rtept lat="48.33894" lon="-4.53797"><ele>75.0</ele></rtept><rtept lat="48.33916" lon="-4.53813"><ele>75.0</ele></rtept><rtept lat="48.3394" lon="-4.5376"><ele>72.0</ele></rtept><rtept lat="48.33953" lon="-4.53732"><ele>72.0</ele></rtept><rtept lat="48.33967" lon="-4.53703"><ele>72.0</ele></rtept><rtept lat="48.33975" lon="-4.53638"><ele>72.0</ele></rtept><rtept lat="48.33971" lon="-4.53605"><ele>73.0</ele></rtept><rtept lat="48.33987" lon="-4.53578"><ele>73.0</ele></rtept><rtept lat="48.34007" lon="-4.53546"><ele>72.0</ele></rtept><rtept lat="48.34021" lon="-4.53517"><ele>70.0</ele></rtept><rtept lat="48.34037" lon="-4.53483"><ele>69.0</ele></rtept><rtept lat="48.34054" lon="-4.53454"><ele>69.0</ele></rtept><rtept lat="48.34078" lon="-4.53412"><ele>68.0</ele></rtept><rtept lat="48.34086" lon="-4.53402"><ele>68.0</ele></rtept><rtept lat="48.34098" lon="-4.53393"><ele>68.0</ele></rtept><rtept lat="48.34099" lon="-4.53418"><ele>68.0</ele></rtept><rtept lat="48.34094" lon="-4.53439"><ele>68.0</ele></rtept><rtept lat="48.34088" lon="-4.5346"><ele>67.0</ele></rtept><rtept lat="48.34103" lon="-4.5343"><ele>66.0</ele></rtept><rtept lat="48.34104" lon="-4.53432"><ele>66.0</ele></rtept><rtept lat="48.34097" lon="-4.53463"><ele>64.0</ele></rtept><rtept lat="48.34099" lon="-4.53467"><ele>61.0</ele></rtept><rtept lat="48.34106" lon="-4.53444"><ele>63.0</ele></rtept><rtept lat="48.34109" lon="-4.53439"><ele>66.0</ele></rtept><rtept lat="48.34112" lon="-4.53439"><ele>54.0</ele></rtept><rtept lat="48.34107" lon="-4.53481"><ele>57.0</ele></rtept><rtept lat="48.34111" lon="-4.53481"><ele>45.0</ele></rtept><rtept lat="48.34115" lon="-4.5347"><ele>45.0</ele></rtept><rtept lat="48.3412" lon="-4.53488"><ele>52.0</ele></rtept><rtept lat="48.34122" lon="-4.53488"><ele>45.0</ele></rtept><rtept lat="48.34122" lon="-4.53463"><ele>47.0</ele></rtept><rtept lat="48.34131" lon="-4.53479"><ele>32.0</ele></rtept><rtept lat="48.34136" lon="-4.53463"><ele>31.0</ele></rtept><rtept lat="48.34139" lon="-4.53465"><ele>31.0</ele></rtept><rtept lat="48.3414" lon="-4.53465"><ele>31.0</ele></rtept><rtept lat="48.34145" lon="-4.53453"><ele>22.0</ele></rtept><rtept lat="48.34157" lon="-4.53459"><ele>22.0</ele></rtept><rtept lat="48.34152" lon="-4.53481"><ele>17.0</ele></rtept><rtept lat="48.34149" lon="-4.53486"><ele>17.0</ele></rtept><rtept lat="48.34142" lon="-4.53521"><ele>24.0</ele></rtept><rtept lat="48.34143" lon="-4.53533"><ele>11.0</ele></rtept><rtept lat="48.3414" lon="-4.53535"><ele>25.0</ele></rtept><rtept lat="48.3413" lon="-4.53566"><ele>25.0</ele></rtept><rtept lat="48.34118" lon="-4.53585"><ele>28.0</ele></rtept><rtept lat="48.34113" lon="-4.53606"><ele>26.0</ele></rtept><rtept lat="48.34099" lon="-4.53643"><ele>31.0</ele></rtept><rtept lat="48.34084" lon="-4.53671"><ele>34.0</ele></rtept><rtept lat="48.34085" lon="-4.53695"><ele>37.0</ele></rtept><rtept lat="48.34076" lon="-4.53735"><ele>33.0</ele></rtept><rtept lat="48.34066" lon="-4.53775"><ele>32.0</ele></rtept><rtept lat="48.3405" lon="-4.53845"><ele>32.0</ele></rtept><rtept lat="48.34038" lon="-4.53868"><ele>33.0</ele></rtept><rtept lat="48.34036" lon="-4.5388"><ele>35.0</ele></rtept><rtept lat="48.34027" lon="-4.53899"><ele>32.0</ele></rtept><rtept lat="48.34022" lon="-4.53934"><ele>32.0</ele></rtept><rtept lat="48.33999" lon="-4.53986"><ele>44.0</ele></rtept><rtept lat="48.33987" lon="-4.54023"><ele>47.0</ele></rtept><rtept lat="48.33988" lon="-4.5407"><ele>47.0</ele></rtept><rtept lat="48.33996" lon="-4.54105"><ele>48.0</ele></rtept><rtept lat="48.34005" lon="-4.54145"><ele>52.0</ele></rtept><rtept lat="48.33998" lon="-4.54195"><ele>57.0</ele></rtept><rtept lat="48.33988" lon="-4.54223"><ele>59.0</ele></rtept><rtept lat="48.33977" lon="-4.5427"><ele>61.0</ele></rtept><rtept lat="48.33953" lon="-4.54298"><ele>61.0</ele></rtept><rtept lat="48.33931" lon="-4.54301"><ele>61.0</ele></rtept><rtept lat="48.33929" lon="-4.54317"><ele>59.0</ele></rtept><rtept lat="48.33921" lon="-4.54333"><ele>57.0</ele></rtept><rtept lat="48.33902" lon="-4.54353"><ele>57.0</ele></rtept><rtept lat="48.33882" lon="-4.54373"><ele>53.0</ele></rtept><rtept lat="48.33866" lon="-4.5438"><ele>50.0</ele></rtept><rtept lat="48.33848" lon="-4.54393"><ele>48.0</ele></rtept><rtept lat="48.33838" lon="-4.54413"><ele>47.0</ele></rtept><rtept lat="48.33829" lon="-4.54436"><ele>44.0</ele></rtept><rtept lat="48.33818" lon="-4.54464"><ele>42.0</ele></rtept><rtept lat="48.33814" lon="-4.54497"><ele>39.0</ele></rtept><rtept lat="48.33819" lon="-4.54531"><ele>37.0</ele></rtept><rtept lat="48.33818" lon="-4.54568"><ele>32.0</ele></rtept><rtept lat="48.338" lon="-4.54596"><ele>32.0</ele></rtept><rtept lat="48.33804" lon="-4.54626"><ele>35.0</ele></rtept><rtept lat="48.33776" lon="-4.54658"><ele>39.0</ele></rtept><rtept lat="48.33779" lon="-4.54668"><ele>40.0</ele></rtept><rtept lat="48.33772" lon="-4.54715"><ele>47.0</ele></rtept><rtept lat="48.33763" lon="-4.54741"><ele>50.0</ele></rtept><rtept lat="48.33759" lon="-4.5478"><ele>52.0</ele></rtept><rtept lat="48.33753" lon="-4.54833"><ele>58.0</ele></rtept><rtept lat="48.33746" lon="-4.54892"><ele>59.0</ele></rtept><rtept lat="48.33742" lon="-4.54936"><ele>62.0</ele></rtept><rtept lat="48.33739" lon="-4.54974"><ele>63.0</ele></rtept><rtept lat="48.33735" lon="-4.55024"><ele>63.0</ele></rtept><rtept lat="48.33728" lon="-4.55071"><ele>64.0</ele></rtept><rtept lat="48.33721" lon="-4.55117"><ele>64.0</ele></rtept><rtept lat="48.33711" lon="-4.55185"><ele>65.0</ele></rtept><rtept lat="48.33724" lon="-4.55189"><ele>65.0</ele></rtept><rtept lat="48.3373" lon="-4.55206"><ele>65.0</ele></rtept><rtept lat="48.33746" lon="-4.55241"><ele>67.0</ele></rtept><rtept lat="48.33748" lon="-4.55288"><ele>66.0</ele></rtept><rtept lat="48.33752" lon="-4.55303"><ele>65.0</ele></rtept><rtept lat="48.33742" lon="-4.55331"><ele>65.0</ele></rtept><rtept lat="48.33728" lon="-4.5537"><ele>65.0</ele></rtept><rtept lat="48.33719" lon="-4.55384"><ele>66.0</ele></rtept><rtept lat="48.33705" lon="-4.55391"><ele>65.0</ele></rtept><rtept lat="48.33679" lon="-4.55394"><ele>68.0</ele></rtept><rtept lat="48.33643" lon="-4.55398"><ele>68.0</ele></rtept><rtept lat="48.33626" lon="-4.55455"><ele>68.0</ele></rtept><rtept lat="48.33643" lon="-4.55478"><ele>67.0</ele></rtept><rtept lat="48.33644" lon="-4.55483"><ele>66.0</ele></rtept><rtept lat="48.33642" lon="-4.5549"><ele>66.0</ele></rtept><rtept lat="48.33635" lon="-4.55494"><ele>66.0</ele></rtept><rtept lat="48.33628" lon="-4.55504"><ele>66.0</ele></rtept><rtept lat="48.33618" lon="-4.55511"><ele>66.0</ele></rtept><rtept lat="48.33603" lon="-4.55534"><ele>65.0</ele></rtept><rtept lat="48.33582" lon="-4.55539"><ele>65.0</ele></rtept><rtept lat="48.33578" lon="-4.55544"><ele>65.0</ele></rtept><rtept lat="48.33573" lon="-4.55565"><ele>65.0</ele></rtept><rtept lat="48.33562" lon="-4.55576"><ele>63.0</ele></rtept><rtept lat="48.33551" lon="-4.55579"><ele>63.0</ele></rtept><rtept lat="48.33537" lon="-4.55588"><ele>61.0</ele></rtept><rtept lat="48.33526" lon="-4.55604"><ele>60.0</ele></rtept><rtept lat="48.33514" lon="-4.55621"><ele>56.0</ele></rtept><rtept lat="48.33509" lon="-4.55633"><ele>58.0</ele></rtept><rtept lat="48.33502" lon="-4.55635"><ele>58.0</ele></rtept><rtept lat="48.3349" lon="-4.55651"><ele>54.0</ele></rtept><rtept lat="48.3349" lon="-4.55656"><ele>54.0</ele></rtept><rtept lat="48.33481" lon="-4.55661"><ele>54.0</ele></rtept><rtept lat="48.33484" lon="-4.55687"><ele>54.0</ele></rtept><rtept lat="48.33487" lon="-4.55717"><ele>55.0</ele></rtept><rtept lat="48.33484" lon="-4.55731"><ele>55.0</ele></rtept><rtept lat="48.3348" lon="-4.55741"><ele>54.0</ele></rtept><rtept lat="48.33465" lon="-4.55757"><ele>58.0</ele></rtept><rtept lat="48.33462" lon="-4.55788"><ele>58.0</ele></rtept><rtept lat="48.33433" lon="-4.55832"><ele>62.0</ele></rtept><rtept lat="48.33421" lon="-4.55844"><ele>62.0</ele></rtept><rtept lat="48.33421" lon="-4.55858"><ele>62.0</ele></rtept><rtept lat="48.33405" lon="-4.55891"><ele>61.0</ele></rtept><rtept lat="48.33397" lon="-4.55926"><ele>61.0</ele></rtept><rtept lat="48.33378" lon="-4.55978"><ele>60.0</ele></rtept><rtept lat="48.33342" lon="-4.56008"><ele>59.0</ele></rtept><rtept lat="48.33334" lon="-4.5602"><ele>58.0</ele></rtept><rtept lat="48.33329" lon="-4.5602"><ele>58.0</ele></rtept><rtept lat="48.33317" lon="-4.56041"><ele>59.0</ele></rtept><rtept lat="48.33307" lon="-4.56053"><ele>57.0</ele></rtept><rtept lat="48.33306" lon="-4.56062"><ele>59.0</ele></rtept><rtept lat="48.333" lon="-4.56078"><ele>58.0</ele></rtept><rtept lat="48.33287" lon="-4.56088"><ele>59.0</ele></rtept><rtept lat="48.33282" lon="-4.56095"><ele>59.0</ele></rtept><rtept lat="48.33271" lon="-4.56104"><ele>60.0</ele></rtept><rtept lat="48.33266" lon="-4.56111"><ele>60.0</ele></rtept><rtept lat="48.33247" lon="-4.56125"><ele>59.0</ele></rtept><rtept lat="48.33244" lon="-4.56135"><ele>58.0</ele></rtept><rtept lat="48.33233" lon="-4.56142"><ele>59.0</ele></rtept><rtept lat="48.33223" lon="-4.56144"><ele>60.0</ele></rtept><rtept lat="48.33222" lon="-4.56149"><ele>60.0</ele></rtept><rtept lat="48.33229" lon="-4.56163"><ele>59.0</ele></rtept><rtept lat="48.33228" lon="-4.56168"><ele>59.0</ele></rtept><rtept lat="48.33225" lon="-4.5617"><ele>57.0</ele></rtept><rtept lat="48.33224" lon="-4.56182"><ele>57.0</ele></rtept><rtept lat="48.33221" lon="-4.56186"><ele>58.0</ele></rtept><rtept lat="48.33212" lon="-4.56184"><ele>58.0</ele></rtept><rtept lat="48.33206" lon="-4.56186"><ele>58.0</ele></rtept><rtept lat="48.33193" lon="-4.56198"><ele>58.0</ele></rtept><rtept lat="48.3318" lon="-4.5621"><ele>58.0</ele></rtept><rtept lat="48.33164" lon="-4.56229"><ele>58.0</ele></rtept><rtept lat="48.33155" lon="-4.56236"><ele>59.0</ele></rtept><rtept lat="48.33149" lon="-4.5625"><ele>58.0</ele></rtept><rtept lat="48.33143" lon="-4.56254"><ele>58.0</ele></rtept><rtept lat="48.33137" lon="-4.56268"><ele>58.0</ele></rtept><rtept lat="48.33137" lon="-4.56277"><ele>55.0</ele></rtept><rtept lat="48.33135" lon="-4.56283"><ele>55.0</ele></rtept><rtept lat="48.33118" lon="-4.56299"><ele>54.0</ele></rtept><rtept lat="48.331" lon="-4.56315"><ele>54.0</ele></rtept><rtept lat="48.33093" lon="-4.56332"><ele>54.0</ele></rtept><rtept lat="48.33085" lon="-4.56369"><ele>55.0</ele></rtept><rtept lat="48.33086" lon="-4.56381"><ele>57.0</ele></rtept><rtept lat="48.33081" lon="-4.56393"><ele>55.0</ele></rtept><rtept lat="48.33076" lon="-4.564"><ele>60.0</ele></rtept><rtept lat="48.33073" lon="-4.56414"><ele>60.0</ele></rtept><rtept lat="48.33065" lon="-4.56431"><ele>60.0</ele></rtept><rtept lat="48.33062" lon="-4.56444"><ele>59.0</ele></rtept><rtept lat="48.33058" lon="-4.56477"><ele>61.0</ele></rtept><rtept lat="48.33053" lon="-4.56498"><ele>61.0</ele></rtept><rtept lat="48.33051" lon="-4.56534"><ele>61.0</ele></rtept><rtept lat="48.33041" lon="-4.56562"><ele>61.0</ele></rtept><rtept lat="48.33034" lon="-4.56569"><ele>61.0</ele></rtept><rtept lat="48.33032" lon="-4.56578"><ele>61.0</ele></rtept><rtept lat="48.33025" lon="-4.56592"><ele>63.0</ele></rtept><rtept lat="48.33024" lon="-4.56599"><ele>63.0</ele></rtept><rtept lat="48.33026" lon="-4.56616"><ele>63.0</ele></rtept><rtept lat="48.33025" lon="-4.56651"><ele>63.0</ele></rtept><rtept lat="48.33022" lon="-4.56663"><ele>63.0</ele></rtept><rtept lat="48.33012" lon="-4.56677"><ele>63.0</ele></rtept><rtept lat="48.33007" lon="-4.56679"><ele>64.0</ele></rtept><rtept lat="48.33006" lon="-4.56724"><ele>63.0</ele></rtept><rtept lat="48.33004" lon="-4.56745"><ele>64.0</ele></rtept><rtept lat="48.32994" lon="-4.5678"><ele>64.0</ele></rtept><rtept lat="48.32994" lon="-4.56822"><ele>64.0</ele></rtept><rtept lat="48.32993" lon="-4.56888"><ele>65.0</ele></rtept><rtept lat="48.32989" lon="-4.56942"><ele>65.0</ele></rtept><rtept lat="48.32992" lon="-4.56969"><ele>65.0</ele></rtept><rtept lat="48.32962" lon="-4.56972"><ele>65.0</ele></rtept><rtept lat="48.32953" lon="-4.56977"><ele>64.0</ele></rtept><rtept lat="48.32946" lon="-4.56977"><ele>64.0</ele></rtept><rtept lat="48.32935" lon="-4.56968"><ele>65.0</ele></rtept><rtept lat="48.32927" lon="-4.56963"><ele>64.0</ele></rtept><rtept lat="48.32913" lon="-4.5695"><ele>65.0</ele></rtept><rtept lat="48.32908" lon="-4.56956"><ele>65.0</ele></rtept><rtept lat="48.32893" lon="-4.56963"><ele>64.0</ele></rtept><rtept lat="48.32887" lon="-4.56975"><ele>62.0</ele></rtept><rtept lat="48.32868" lon="-4.56991"><ele>61.0</ele></rtept><rtept lat="48.32859" lon="-4.57005"><ele>60.0</ele></rtept><rtept lat="48.32857" lon="-4.57019"><ele>58.0</ele></rtept><rtept lat="48.32844" lon="-4.5703"><ele>53.0</ele></rtept><rtept lat="48.32837" lon="-4.57024"><ele>58.0</ele></rtept><rtept lat="48.32829" lon="-4.57012"><ele>58.0</ele></rtept><rtept lat="48.32817" lon="-4.57003"><ele>58.0</ele></rtept><rtept lat="48.32808" lon="-4.5699"><ele>58.0</ele></rtept><rtept lat="48.328" lon="-4.56961"><ele>59.0</ele></rtept><rtept lat="48.32791" lon="-4.56949"><ele>59.0</ele></rtept><rtept lat="48.32776" lon="-4.56939"><ele>59.0</ele></rtept><rtept lat="48.32772" lon="-4.5693"><ele>59.0</ele></rtept><rtept lat="48.3274" lon="-4.56949"><ele>56.0</ele></rtept><rtept lat="48.32716" lon="-4.56969"><ele>56.0</ele></rtept><rtept lat="48.32681" lon="-4.56998"><ele>54.0</ele></rtept><rtept lat="48.32674" lon="-4.57031"><ele>52.0</ele></rtept><rtept lat="48.32665" lon="-4.57047"><ele>52.0</ele></rtept><rtept lat="48.32645" lon="-4.57071"><ele>50.0</ele></rtept><rtept lat="48.32643" lon="-4.5709"><ele>51.0</ele></rtept><rtept lat="48.32625" lon="-4.57111"><ele>49.0</ele></rtept><rtept lat="48.32593" lon="-4.57141"><ele>48.0</ele></rtept><rtept lat="48.32568" lon="-4.57158"><ele>48.0</ele></rtept><rtept lat="48.32561" lon="-4.57172"><ele>45.0</ele></rtept><rtept lat="48.3256" lon="-4.57186"><ele>49.0</ele></rtept><rtept lat="48.32561" lon="-4.57207"><ele>45.0</ele></rtept><rtept lat="48.32548" lon="-4.57234"><ele>52.0</ele></rtept><rtept lat="48.32528" lon="-4.57275"><ele>54.0</ele></rtept><rtept lat="48.32536" lon="-4.57315"><ele>56.0</ele></rtept><rtept lat="48.32526" lon="-4.57352"><ele>59.0</ele></rtept><rtept lat="48.32513" lon="-4.57402"><ele>59.0</ele></rtept><rtept lat="48.32501" lon="-4.57409"><ele>61.0</ele></rtept><rtept lat="48.32494" lon="-4.57427"><ele>61.0</ele></rtept><rtept lat="48.32488" lon="-4.57426"><ele>61.0</ele></rtept><rtept lat="48.32475" lon="-4.57416"><ele>61.0</ele></rtept><rtept lat="48.32487" lon="-4.57451"><ele>61.0</ele></rtept><rtept lat="48.32491" lon="-4.57472"><ele>62.0</ele></rtept><rtept lat="48.32491" lon="-4.57491"><ele>61.0</ele></rtept><rtept lat="48.32487" lon="-4.57507"><ele>61.0</ele></rtept><rtept lat="48.3247" lon="-4.57542"><ele>58.0</ele></rtept><rtept lat="48.32455" lon="-4.57585"><ele>58.0</ele></rtept><rtept lat="48.32436" lon="-4.57609"><ele>59.0</ele></rtept><rtept lat="48.32414" lon="-4.57639"><ele>61.0</ele></rtept><rtept lat="48.32405" lon="-4.57646"><ele>62.0</ele></rtept><rtept lat="48.32391" lon="-4.57653"><ele>62.0</ele></rtept><rtept lat="48.32367" lon="-4.57641"><ele>62.0</ele></rtept><rtept lat="48.32363" lon="-4.57636"><ele>61.0</ele></rtept><rtept lat="48.32356" lon="-4.57632"><ele>63.0</ele></rtept><rtept lat="48.32353" lon="-4.57634"><ele>63.0</ele></rtept><rtept lat="48.32324" lon="-4.57621"><ele>63.0</ele></rtept><rtept lat="48.32294" lon="-4.57608"><ele>65.0</ele></rtept><rtept lat="48.32265" lon="-4.57595"><ele>66.0</ele></rtept><rtept lat="48.32228" lon="-4.57579"><ele>66.0</ele></rtept><rtept lat="48.32214" lon="-4.57607"><ele>66.0</ele></rtept><rtept lat="48.322" lon="-4.57636"><ele>64.0</ele></rtept><rtept lat="48.32173" lon="-4.57657"><ele>64.0</ele></rtept><rtept lat="48.3215" lon="-4.57675"><ele>64.0</ele></rtept><rtept lat="48.3212" lon="-4.577"><ele>63.0</ele></rtept><rtept lat="48.32078" lon="-4.57697"><ele>63.0</ele></rtept><rtept lat="48.32067" lon="-4.5769"><ele>64.0</ele></rtept><rtept lat="48.32034" lon="-4.57706"><ele>63.0</ele></rtept><rtept lat="48.32001" lon="-4.57723"><ele>63.0</ele></rtept><rtept lat="48.31968" lon="-4.57739"><ele>63.0</ele></rtept><rtept lat="48.31935" lon="-4.57755"><ele>63.0</ele></rtept><rtept lat="48.31881" lon="-4.57782"><ele>63.0</ele></rtept><rtept lat="48.31873" lon="-4.57782"><ele>62.0</ele></rtept><rtept lat="48.31854" lon="-4.57772"><ele>63.0</ele></rtept><rtept lat="48.31836" lon="-4.57751"><ele>64.0</ele></rtept><rtept lat="48.31818" lon="-4.57722"><ele>64.0</ele></rtept><rtept lat="48.3179" lon="-4.57677"><ele>65.0</ele></rtept><rtept lat="48.31774" lon="-4.57639"><ele>66.0</ele></rtept><rtept lat="48.31757" lon="-4.57601"><ele>66.0</ele></rtept><rtept lat="48.3174" lon="-4.57561"><ele>66.0</ele></rtept><rtept lat="48.31714" lon="-4.57547"><ele>66.0</ele></rtept><rtept lat="48.31675" lon="-4.57524"><ele>66.0</ele></rtept><rtept lat="48.31669" lon="-4.57517"><ele>64.0</ele></rtept><rtept lat="48.31675" lon="-4.57485"><ele>66.0</ele></rtept><rtept lat="48.31666" lon="-4.57484"><ele>66.0</ele></rtept><rtept lat="48.31662" lon="-4.575"><ele>66.0</ele></rtept><rtept lat="48.31653" lon="-4.5751"><ele>64.0</ele></rtept><rtept lat="48.31645" lon="-4.57531"><ele>66.0</ele></rtept><rtept lat="48.31639" lon="-4.57538"><ele>66.0</ele></rtept><rtept lat="48.31627" lon="-4.57538"><ele>66.0</ele></rtept><rtept lat="48.31622" lon="-4.57545"><ele>63.0</ele></rtept><rtept lat="48.31607" lon="-4.57554"><ele>65.0</ele></rtept><rtept lat="48.31567" lon="-4.57554"><ele>65.0</ele></rtept><rtept lat="48.31552" lon="-4.57549"><ele>65.0</ele></rtept><rtept lat="48.31533" lon="-4.57535"><ele>65.0</ele></rtept><rtept lat="48.3153" lon="-4.57526"><ele>58.0</ele></rtept><rtept lat="48.3152" lon="-4.57514"><ele>64.0</ele></rtept><rtept lat="48.31488" lon="-4.57496"><ele>64.0</ele></rtept><rtept lat="48.31467" lon="-4.5747"><ele>64.0</ele></rtept><rtept lat="48.31434" lon="-4.5743"><ele>64.0</ele></rtept><rtept lat="48.31411" lon="-4.57413"><ele>64.0</ele></rtept><rtept lat="48.31379" lon="-4.5739"><ele>63.0</ele></rtept><rtept lat="48.31364" lon="-4.57371"><ele>63.0</ele></rtept><rtept lat="48.31336" lon="-4.5735"><ele>61.0</ele></rtept><rtept lat="48.31327" lon="-4.57328"><ele>60.0</ele></rtept><rtept lat="48.31308" lon="-4.57305"><ele>60.0</ele></rtept><rtept lat="48.31297" lon="-4.57298"><ele>61.0</ele></rtept><rtept lat="48.31279" lon="-4.57303"><ele>59.0</ele></rtept><rtept lat="48.31258" lon="-4.57308"><ele>59.0</ele></rtept><rtept lat="48.3123" lon="-4.5732"><ele>58.0</ele></rtept><rtept lat="48.31221" lon="-4.57317"><ele>58.0</ele></rtept><rtept lat="48.31207" lon="-4.57308"><ele>57.0</ele></rtept><rtept lat="48.31185" lon="-4.57301"><ele>56.0</ele></rtept><rtept lat="48.31174" lon="-4.57304"><ele>56.0</ele></rtept><rtept lat="48.31168" lon="-4.5732"><ele>55.0</ele></rtept><rtept lat="48.31144" lon="-4.57338"><ele>54.0</ele></rtept><rtept lat="48.3111" lon="-4.57364"><ele>51.0</ele></rtept><rtept lat="48.31069" lon="-4.57357"><ele>49.0</ele></rtept><rtept lat="48.31047" lon="-4.57344"><ele>47.0</ele></rtept><rtept lat="48.31022" lon="-4.57329"><ele>45.0</ele></rtept><rtept lat="48.30994" lon="-4.57301"><ele>41.0</ele></rtept><rtept lat="48.30978" lon="-4.57291"><ele>38.0</ele></rtept><rtept lat="48.30954" lon="-4.57294"><ele>36.0</ele></rtept><rtept lat="48.30932" lon="-4.5728"><ele>33.0</ele></rtept><rtept lat="48.30926" lon="-4.5728"><ele>31.0</ele></rtept><rtept lat="48.30909" lon="-4.57294"><ele>29.0</ele></rtept><rtept lat="48.30905" lon="-4.57301"><ele>26.0</ele></rtept><rtept lat="48.30885" lon="-4.57313"><ele>27.0</ele></rtept><rtept lat="48.30858" lon="-4.57321"><ele>25.0</ele></rtept><rtept lat="48.30817" lon="-4.57332"><ele>25.0</ele></rtept><rtept lat="48.30811" lon="-4.57319"><ele>26.0</ele></rtept><rtept lat="48.30806" lon="-4.57293"><ele>28.0</ele></rtept><rtept lat="48.30802" lon="-4.57265"><ele>28.0</ele></rtept><rtept lat="48.30796" lon="-4.57265"><ele>28.0</ele></rtept><rtept lat="48.30789" lon="-4.57252"><ele>28.0</ele></rtept><rtept lat="48.30787" lon="-4.57236"><ele>26.0</ele></rtept><rtept lat="48.30788" lon="-4.57217"><ele>24.0</ele></rtept><rtept lat="48.30782" lon="-4.57189"><ele>24.0</ele></rtept><rtept lat="48.30774" lon="-4.57226"><ele>17.0</ele></rtept><rtept lat="48.30768" lon="-4.5724"><ele>19.0</ele></rtept><rtept lat="48.30761" lon="-4.57228"><ele>17.0</ele></rtept><rtept lat="48.30763" lon="-4.57214"><ele>16.0</ele></rtept><rtept lat="48.30764" lon="-4.57187"><ele>14.0</ele></rtept><rtept lat="48.30759" lon="-4.57188"><ele>8.0</ele></rtept><rtept lat="48.30752" lon="-4.57205"><ele>12.0</ele></rtept><rtept lat="48.30747" lon="-4.57203"><ele>9.0</ele></rtept><rtept lat="48.30729" lon="-4.57179"><ele>12.0</ele></rtept><rtept lat="48.30703" lon="-4.57171"><ele>12.0</ele></rtept><rtept lat="48.30697" lon="-4.57172"><ele>12.0</ele></rtept><rtept lat="48.30682" lon="-4.57137"><ele>19.0</ele></rtept><rtept lat="48.3068" lon="-4.57118"><ele>28.0</ele></rtept><rtept lat="48.30675" lon="-4.57104"><ele>30.0</ele></rtept><rtept lat="48.30655" lon="-4.5712"><ele>32.0</ele></rtept><rtept lat="48.30639" lon="-4.5713"><ele>34.0</ele></rtept><rtept lat="48.30628" lon="-4.57132"><ele>34.0</ele></rtept><rtept lat="48.30625" lon="-4.57122"><ele>36.0</ele></rtept><rtept lat="48.30627" lon="-4.57118"><ele>36.0</ele></rtept><rtept lat="48.30625" lon="-4.57111"><ele>36.0</ele></rtept><rtept lat="48.30616" lon="-4.57097"><ele>39.0</ele></rtept><rtept lat="48.30614" lon="-4.5708"><ele>40.0</ele></rtept><rtept lat="48.30611" lon="-4.57076"><ele>40.0</ele></rtept><rtept lat="48.30594" lon="-4.57059"><ele>42.0</ele></rtept><rtept lat="48.30571" lon="-4.57036"><ele>43.0</ele></rtept><rtept lat="48.30549" lon="-4.57021"><ele>46.0</ele></rtept><rtept lat="48.30525" lon="-4.57003"><ele>47.0</ele></rtept><rtept lat="48.30504" lon="-4.56987"><ele>48.0</ele></rtept><rtept lat="48.30481" lon="-4.56968"><ele>50.0</ele></rtept><rtept lat="48.30472" lon="-4.56963"><ele>50.0</ele></rtept><rtept lat="48.30451" lon="-4.56968"><ele>51.0</ele></rtept><rtept lat="48.30429" lon="-4.56965"><ele>52.0</ele></rtept><rtept lat="48.304" lon="-4.56975"><ele>53.0</ele></rtept><rtept lat="48.30384" lon="-4.56984"><ele>53.0</ele></rtept><rtept lat="48.30369" lon="-4.56987"><ele>53.0</ele></rtept><rtept lat="48.30352" lon="-4.56991"><ele>53.0</ele></rtept><rtept lat="48.30337" lon="-4.57005"><ele>54.0</ele></rtept><rtept lat="48.30321" lon="-4.5701"><ele>53.0</ele></rtept><rtept lat="48.30303" lon="-4.57015"><ele>53.0</ele></rtept><rtept lat="48.30283" lon="-4.57015"><ele>53.0</ele></rtept><rtept lat="48.30253" lon="-4.5701"><ele>54.0</ele></rtept><rtept lat="48.30232" lon="-4.5701"><ele>54.0</ele></rtept><rtept lat="48.30207" lon="-4.57015"><ele>54.0</ele></rtept><rtept lat="48.30192" lon="-4.57012"><ele>55.0</ele></rtept><rtept lat="48.3017" lon="-4.56998"><ele>57.0</ele></rtept><rtept lat="48.3015" lon="-4.56996"><ele>58.0</ele></rtept><rtept lat="48.30142" lon="-4.56998"><ele>58.0</ele></rtept><rtept lat="48.30121" lon="-4.5701"><ele>59.0</ele></rtept><rtept lat="48.30098" lon="-4.57012"><ele>59.0</ele></rtept><rtept lat="48.30092" lon="-4.57003"><ele>57.0</ele></rtept><rtept lat="48.30084" lon="-4.5697"><ele>60.0</ele></rtept><rtept lat="48.30073" lon="-4.5692"><ele>60.0</ele></rtept><rtept lat="48.30059" lon="-4.56907"><ele>61.0</ele></rtept><rtept lat="48.30052" lon="-4.56883"><ele>61.0</ele></rtept><rtept lat="48.30044" lon="-4.56853"><ele>61.0</ele></rtept><rtept lat="48.3004" lon="-4.5682"><ele>62.0</ele></rtept><rtept lat="48.30055" lon="-4.56775"><ele>62.0</ele></rtept><rtept lat="48.30062" lon="-4.56717"><ele>62.0</ele></rtept><rtept lat="48.30069" lon="-4.56686"><ele>62.0</ele></rtept><rtept lat="48.30067" lon="-4.56679"><ele>62.0</ele></rtept><rtept lat="48.30058" lon="-4.5667"><ele>62.0</ele></rtept><rtept lat="48.30057" lon="-4.56649"><ele>62.0</ele></rtept><rtept lat="48.30053" lon="-4.56634"><ele>62.0</ele></rtept><rtept lat="48.3004" lon="-4.56618"><ele>62.0</ele></rtept><rtept lat="48.30035" lon="-4.56599"><ele>62.0</ele></rtept><rtept lat="48.3006" lon="-4.56585"><ele>62.0</ele></rtept><rtept lat="48.30068" lon="-4.56571"><ele>62.0</ele></rtept><rtept lat="48.3007" lon="-4.5655"><ele>62.0</ele></rtept><rtept lat="48.30063" lon="-4.56517"><ele>62.0</ele></rtept><rtept lat="48.30056" lon="-4.5648"><ele>62.0</ele></rtept><rtept lat="48.30059" lon="-4.56461"><ele>62.0</ele></rtept><rtept lat="48.30075" lon="-4.56432"><ele>61.0</ele></rtept><rtept lat="48.30107" lon="-4.56374"><ele>60.0</ele></rtept><rtept lat="48.30115" lon="-4.56354"><ele>58.0</ele></rtept><rtept lat="48.30113" lon="-4.56337"><ele>58.0</ele></rtept><rtept lat="48.30108" lon="-4.56325"><ele>60.0</ele></rtept><rtept lat="48.30094" lon="-4.56308"><ele>58.0</ele></rtept><rtept lat="48.3008" lon="-4.5629"><ele>58.0</ele></rtept><rtept lat="48.30055" lon="-4.56263"><ele>59.0</ele></rtept><rtept lat="48.30031" lon="-4.56235"><ele>59.0</ele></rtept><rtept lat="48.30002" lon="-4.56203"><ele>58.0</ele></rtept><rtept lat="48.29972" lon="-4.56179"><ele>58.0</ele></rtept><rtept lat="48.29958" lon="-4.56179"><ele>57.0</ele></rtept><rtept lat="48.29939" lon="-4.56187"><ele>57.0</ele></rtept><rtept lat="48.29914" lon="-4.56197"><ele>57.0</ele></rtept><rtept lat="48.29876" lon="-4.56216"><ele>57.0</ele></rtept><rtept lat="48.29868" lon="-4.56217"><ele>56.0</ele></rtept><rtept lat="48.29858" lon="-4.56217"><ele>56.0</ele></rtept><rtept lat="48.29841" lon="-4.56208"><ele>56.0</ele></rtept><rtept lat="48.29821" lon="-4.56184"><ele>55.0</ele></rtept><rtept lat="48.29793" lon="-4.56151"><ele>53.0</ele></rtept><rtept lat="48.29773" lon="-4.56132"><ele>53.0</ele></rtept><rtept lat="48.29758" lon="-4.56127"><ele>51.0</ele></rtept><rtept lat="48.29744" lon="-4.56128"><ele>52.0</ele></rtept><rtept lat="48.29729" lon="-4.56137"><ele>50.0</ele></rtept><rtept lat="48.2972" lon="-4.56156"><ele>51.0</ele></rtept><rtept lat="48.29708" lon="-4.562"><ele>51.0</ele></rtept><rtept lat="48.29697" lon="-4.56245"><ele>51.0</ele></rtept><rtept lat="48.29681" lon="-4.56306"><ele>49.0</ele></rtept><rtept lat="48.29671" lon="-4.56325"><ele>49.0</ele></rtept><rtept lat="48.29652" lon="-4.56341"><ele>48.0</ele></rtept><rtept lat="48.29622" lon="-4.56367"><ele>48.0</ele></rtept><rtept lat="48.2961" lon="-4.56374"><ele>48.0</ele></rtept><rtept lat="48.29598" lon="-4.56378"><ele>48.0</ele></rtept><rtept lat="48.29588" lon="-4.56372"><ele>50.0</ele></rtept><rtept lat="48.29563" lon="-4.56344"><ele>47.0</ele></rtept><rtept lat="48.29555" lon="-4.5634"><ele>46.0</ele></rtept><rtept lat="48.29548" lon="-4.56341"><ele>46.0</ele></rtept><rtept lat="48.29532" lon="-4.5635"><ele>46.0</ele></rtept><rtept lat="48.29515" lon="-4.5636"><ele>46.0</ele></rtept><rtept lat="48.29501" lon="-4.56362"><ele>44.0</ele></rtept><rtept lat="48.29469" lon="-4.56361"><ele>41.0</ele></rtept><rtept lat="48.29438" lon="-4.5636"><ele>38.0</ele></rtept><rtept lat="48.29406" lon="-4.56359"><ele>35.0</ele></rtept><rtept lat="48.29359" lon="-4.56358"><ele>33.0</ele></rtept><rtept lat="48.29344" lon="-4.5636"><ele>33.0</ele></rtept><rtept lat="48.29328" lon="-4.56366"><ele>31.0</ele></rtept><rtept lat="48.2931" lon="-4.56372"><ele>31.0</ele></rtept><rtept lat="48.29289" lon="-4.56386"><ele>27.0</ele></rtept><rtept lat="48.29269" lon="-4.56406"><ele>26.0</ele></rtept><rtept lat="48.29246" lon="-4.5643"><ele>26.0</ele></rtept><rtept lat="48.29215" lon="-4.56452"><ele>23.0</ele></rtept><rtept lat="48.29185" lon="-4.56475"><ele>22.0</ele></rtept><rtept lat="48.2916" lon="-4.56493"><ele>21.0</ele></rtept><rtept lat="48.2912" lon="-4.56522"><ele>19.0</ele></rtept><rtept lat="48.29094" lon="-4.56536"><ele>17.0</ele></rtept><rtept lat="48.29058" lon="-4.56552"><ele>16.0</ele></rtept><rtept lat="48.2903" lon="-4.56563"><ele>14.0</ele></rtept><rtept lat="48.29006" lon="-4.56572"><ele>13.0</ele></rtept><rtept lat="48.28977" lon="-4.56582"><ele>12.0</ele></rtept><rtept lat="48.28935" lon="-4.56589"><ele>10.0</ele></rtept><rtept lat="48.2891" lon="-4.56586"><ele>10.0</ele></rtept><rtept lat="48.28879" lon="-4.56579"><ele>9.0</ele></rtept><rtept lat="48.28849" lon="-4.56571"><ele>8.0</ele></rtept><rtept lat="48.2881" lon="-4.56562"><ele>8.0</ele></rtept><rtept lat="48.28817" lon="-4.56595"><ele>7.0</ele></rtept><rtept lat="48.28782" lon="-4.56597"><ele>7.0</ele></rtept><rtept lat="48.28763" lon="-4.56602"><ele>5.0</ele></rtept><rtept lat="48.2874" lon="-4.56612"><ele>6.0</ele></rtept><rtept lat="48.28715" lon="-4.56623"><ele>5.0</ele></rtept><rtept lat="48.28688" lon="-4.56631"><ele>5.0</ele></rtept><rtept lat="48.28645" lon="-4.56643"><ele>5.0</ele></rtept><rtept lat="48.28622" lon="-4.56658"><ele>5.0</ele></rtept><rtept lat="48.28614" lon="-4.5667"><ele>6.0</ele></rtept><rtept lat="48.28612" lon="-4.56671"><ele>6.0</ele></rtept><rtept lat="48.28596" lon="-4.56691"><ele>7.0</ele></rtept><rtept lat="48.28583" lon="-4.56693"><ele>7.0</ele></rtept><rtept lat="48.28576" lon="-4.56691"><ele>12.0</ele></rtept><rtept lat="48.2856" lon="-4.56693"><ele>14.0</ele></rtept><rtept lat="48.28543" lon="-4.56704"><ele>16.0</ele></rtept><rtept lat="48.28522" lon="-4.56719"><ele>17.0</ele></rtept><rtept lat="48.28479" lon="-4.56723"><ele>17.0</ele></rtept><rtept lat="48.2846" lon="-4.56726"><ele>17.0</ele></rtept><rtept lat="48.2844" lon="-4.56735"><ele>17.0</ele></rtept><rtept lat="48.28436" lon="-4.56736"><ele>17.0</ele></rtept><rtept lat="48.28417" lon="-4.56746"><ele>17.0</ele></rtept><rtept lat="48.28415" lon="-4.5678"><ele>17.0</ele></rtept><rtept lat="48.28416" lon="-4.56799"><ele>17.0</ele></rtept><rtept lat="48.28412" lon="-4.56815"><ele>16.0</ele></rtept><rtept lat="48.28405" lon="-4.56832"><ele>16.0</ele></rtept><rtept lat="48.28396" lon="-4.56843"><ele>14.0</ele></rtept><rtept lat="48.28352" lon="-4.56853"><ele>13.0</ele></rtept><rtept lat="48.28336" lon="-4.56878"><ele>13.0</ele></rtept><rtept lat="48.28326" lon="-4.56897"><ele>13.0</ele></rtept><rtept lat="48.28307" lon="-4.56921"><ele>11.0</ele></rtept><rtept lat="48.28279" lon="-4.56938"><ele>10.0</ele></rtept><rtept lat="48.28251" lon="-4.56955"><ele>9.0</ele></rtept><rtept lat="48.28222" lon="-4.56972"><ele>6.0</ele></rtept><rtept lat="48.28191" lon="-4.57017"><ele>6.0</ele></rtept><rtept lat="48.28177" lon="-4.57054"><ele>6.0</ele></rtept><rtept lat="48.28159" lon="-4.57085"><ele>5.0</ele></rtept><rtept lat="48.28144" lon="-4.57117"><ele>5.0</ele></rtept><rtept lat="48.28132" lon="-4.57132"><ele>7.0</ele></rtept><rtept lat="48.28113" lon="-4.57133"><ele>8.0</ele></rtept><rtept lat="48.28088" lon="-4.57134"><ele>8.0</ele></rtept><rtept lat="48.28083" lon="-4.57139"><ele>8.0</ele></rtept><rtept lat="48.28088" lon="-4.57134"><ele>8.0</ele></rtept><rtept lat="48.28116" lon="-4.57133"><ele>8.0</ele></rtept><rtept lat="48.28115" lon="-4.57146"><ele>8.0</ele></rtept><rtept lat="48.28141" lon="-4.57161"><ele>11.0</ele></rtept><rtept lat="48.28143" lon="-4.57214"><ele>13.0</ele></rtept><rtept lat="48.28142" lon="-4.57251"><ele>17.0</ele></rtept><rtept lat="48.28141" lon="-4.57298"><ele>19.0</ele></rtept><rtept lat="48.28144" lon="-4.57331"><ele>23.0</ele></rtept><rtept lat="48.28153" lon="-4.57336"><ele>25.0</ele></rtept><rtept lat="48.28178" lon="-4.57336"><ele>25.0</ele></rtept><rtept lat="48.28187" lon="-4.57341"><ele>26.0</ele></rtept><rtept lat="48.28194" lon="-4.5737"><ele>24.0</ele></rtept><rtept lat="48.28203" lon="-4.57406"><ele>24.0</ele></rtept><rtept lat="48.28202" lon="-4.57418"><ele>24.0</ele></rtept><rtept lat="48.28186" lon="-4.57437"><ele>20.0</ele></rtept><rtept lat="48.28172" lon="-4.57437"><ele>26.0</ele></rtept><rtept lat="48.28161" lon="-4.57442"><ele>22.0</ele></rtept><rtept lat="48.28133" lon="-4.57449"><ele>25.0</ele></rtept><rtept lat="48.28125" lon="-4.57444"><ele>25.0</ele></rtept><rtept lat="48.28105" lon="-4.57456"><ele>26.0</ele></rtept><rtept lat="48.28099" lon="-4.57463"><ele>28.0</ele></rtept><rtept lat="48.28098" lon="-4.57472"><ele>28.0</ele></rtept><rtept lat="48.28086" lon="-4.57484"><ele>26.0</ele></rtept><rtept lat="48.28076" lon="-4.57497"><ele>28.0</ele></rtept><rtept lat="48.28057" lon="-4.57508"><ele>24.0</ele></rtept><rtept lat="48.28031" lon="-4.57524"><ele>22.0</ele></rtept><rtept lat="48.28026" lon="-4.57533"><ele>21.0</ele></rtept><rtept lat="48.2801" lon="-4.57538"><ele>19.0</ele></rtept><rtept lat="48.27998" lon="-4.57533"><ele>16.0</ele></rtept><rtept lat="48.27978" lon="-4.57552"><ele>14.0</ele></rtept><rtept lat="48.27959" lon="-4.57561"><ele>12.0</ele></rtept><rtept lat="48.2793" lon="-4.57573"><ele>11.0</ele></rtept><rtept lat="48.27921" lon="-4.57582"><ele>11.0</ele></rtept><rtept lat="48.27915" lon="-4.57585"><ele>11.0</ele></rtept><rtept lat="48.2791" lon="-4.57578"><ele>11.0</ele></rtept><rtept lat="48.27895" lon="-4.57603"><ele>12.0</ele></rtept><rtept lat="48.27892" lon="-4.57613"><ele>12.0</ele></rtept><rtept lat="48.27889" lon="-4.57632"><ele>12.0</ele></rtept><rtept lat="48.27869" lon="-4.57676"><ele>13.0</ele></rtept><rtept lat="48.27851" lon="-4.5769"><ele>13.0</ele></rtept><rtept lat="48.27839" lon="-4.57709"><ele>16.0</ele></rtept><rtept lat="48.27822" lon="-4.57728"><ele>14.0</ele></rtept><rtept lat="48.27819" lon="-4.57735"><ele>16.0</ele></rtept><rtept lat="48.27813" lon="-4.57768"><ele>13.0</ele></rtept><rtept lat="48.27808" lon="-4.57782"><ele>12.0</ele></rtept><rtept lat="48.27804" lon="-4.57789"><ele>12.0</ele></rtept><rtept lat="48.27793" lon="-4.57789"><ele>16.0</ele></rtept><rtept lat="48.27782" lon="-4.57801"><ele>13.0</ele></rtept><rtept lat="48.27777" lon="-4.57797"><ele>17.0</ele></rtept><rtept lat="48.27774" lon="-4.57798"><ele>20.0</ele></rtept><rtept lat="48.27756" lon="-4.57822"><ele>17.0</ele></rtept><rtept lat="48.27746" lon="-4.57845"><ele>17.0</ele></rtept><rtept lat="48.2775" lon="-4.57857"><ele>15.0</ele></rtept><rtept lat="48.27747" lon="-4.57869"><ele>15.0</ele></rtept><rtept lat="48.27749" lon="-4.57876"><ele>12.0</ele></rtept><rtept lat="48.27744" lon="-4.57897"><ele>7.0</ele></rtept><rtept lat="48.27725" lon="-4.57913"><ele>7.0</ele></rtept><rtept lat="48.27718" lon="-4.57925"><ele>7.0</ele></rtept><rtept lat="48.27713" lon="-4.57944"><ele>7.0</ele></rtept><rtept lat="48.27688" lon="-4.57995"><ele>8.0</ele></rtept><rtept lat="48.27676" lon="-4.57999"><ele>8.0</ele></rtept><rtept lat="48.27669" lon="-4.57993"><ele>15.0</ele></rtept><rtept lat="48.27666" lon="-4.57998"><ele>15.0</ele></rtept><rtept lat="48.27662" lon="-4.5803"><ele>19.0</ele></rtept><rtept lat="48.27646" lon="-4.58035"><ele>22.0</ele></rtept><rtept lat="48.27628" lon="-4.58034"><ele>24.0</ele></rtept><rtept lat="48.27607" lon="-4.58033"><ele>26.0</ele></rtept><rtept lat="48.27598" lon="-4.58038"><ele>28.0</ele></rtept><rtept lat="48.27597" lon="-4.58065"><ele>29.0</ele></rtept><rtept lat="48.27596" lon="-4.58094"><ele>29.0</ele></rtept><rtept lat="48.27588" lon="-4.58126"><ele>30.0</ele></rtept><rtept lat="48.27581" lon="-4.58158"><ele>32.0</ele></rtept><rtept lat="48.27576" lon="-4.58175"><ele>33.0</ele></rtept><rtept lat="48.2756" lon="-4.58204"><ele>35.0</ele></rtept><rtept lat="48.27529" lon="-4.58259"><ele>38.0</ele></rtept><rtept lat="48.27496" lon="-4.5829"><ele>41.0</ele></rtept><rtept lat="48.27477" lon="-4.58318"><ele>43.0</ele></rtept><rtept lat="48.27451" lon="-4.58358"><ele>45.0</ele></rtept><rtept lat="48.27431" lon="-4.58395"><ele>46.0</ele></rtept><rtept lat="48.27412" lon="-4.58432"><ele>47.0</ele></rtept><rtept lat="48.27385" lon="-4.58481"><ele>47.0</ele></rtept><rtept lat="48.27415" lon="-4.5848"><ele>47.0</ele></rtept><rtept lat="48.27445" lon="-4.58478"><ele>46.0</ele></rtept><rtept lat="48.27476" lon="-4.58477"><ele>44.0</ele></rtept><rtept lat="48.27504" lon="-4.58476"><ele>40.0</ele></rtept><rtept lat="48.27548" lon="-4.58475"><ele>34.0</ele></rtept><rtept lat="48.27539" lon="-4.58517"><ele>34.0</ele></rtept><rtept lat="48.27533" lon="-4.58551"><ele>35.0</ele></rtept><rtept lat="48.27524" lon="-4.58586"><ele>36.0</ele></rtept><rtept lat="48.27512" lon="-4.58629"><ele>37.0</ele></rtept><rtept lat="48.27498" lon="-4.58667"><ele>37.0</ele></rtept><rtept lat="48.27472" lon="-4.58737"><ele>36.0</ele></rtept><rtept lat="48.27452" lon="-4.58781"><ele>35.0</ele></rtept><rtept lat="48.27424" lon="-4.58833"><ele>35.0</ele></rtept><rtept lat="48.27418" lon="-4.58856"><ele>33.0</ele></rtept><rtept lat="48.2742" lon="-4.5888"><ele>31.0</ele></rtept><rtept lat="48.27431" lon="-4.5892"><ele>28.0</ele></rtept><rtept lat="48.27452" lon="-4.58995"><ele>22.0</ele></rtept><rtept lat="48.27455" lon="-4.59037"><ele>17.0</ele></rtept><rtept lat="48.2746" lon="-4.59107"><ele>14.0</ele></rtept><rtept lat="48.27471" lon="-4.59161"><ele>14.0</ele></rtept><rtept lat="48.27468" lon="-4.59185"><ele>13.0</ele></rtept><rtept lat="48.27465" lon="-4.5919"><ele>14.0</ele></rtept><rtept lat="48.27478" lon="-4.59225"><ele>8.0</ele></rtept><rtept lat="48.27498" lon="-4.59276"><ele>7.0</ele></rtept><rtept lat="48.2751" lon="-4.59317"><ele>4.0</ele></rtept><rtept lat="48.27523" lon="-4.59359"><ele>4.0</ele></rtept><rtept lat="48.27536" lon="-4.59402"><ele>4.0</ele></rtept><rtept lat="48.27553" lon="-4.59454"><ele>4.0</ele></rtept><rtept lat="48.27576" lon="-4.59475"><ele>4.0</ele></rtept><rtept lat="48.27599" lon="-4.595"><ele>4.0</ele></rtept><rtept lat="48.27637" lon="-4.59541"><ele>4.0</ele></rtept><rtept lat="48.27655" lon="-4.59553"><ele>4.0</ele></rtept><rtept lat="48.27691" lon="-4.59591"><ele>4.0</ele></rtept><rtept lat="48.277" lon="-4.59606"><ele>4.0</ele></rtept><rtept lat="48.27714" lon="-4.5962"><ele>4.0</ele></rtept><rtept lat="48.2773" lon="-4.59635"><ele>4.0</ele></rtept><rtept lat="48.27763" lon="-4.59663"><ele>4.0</ele></rtept><rtept lat="48.27792" lon="-4.59685"><ele>4.0</ele></rtept><rtept lat="48.27816" lon="-4.59701"><ele>4.0</ele></rtept><rtept lat="48.27853" lon="-4.59725"><ele>4.0</ele></rtept><rtept lat="48.27876" lon="-4.59741"><ele>4.0</ele></rtept><rtept lat="48.27908" lon="-4.59762"><ele>5.0</ele></rtept><rtept lat="48.27923" lon="-4.59765"><ele>4.0</ele></rtept><rtept lat="48.27923" lon="-4.59771"><ele>7.0</ele></rtept><rtept lat="48.27945" lon="-4.59801"><ele>7.0</ele></rtept><rtept lat="48.27987" lon="-4.5986"><ele>6.0</ele></rtept><rtept lat="48.28022" lon="-4.59894"><ele>6.0</ele></rtept><rtept lat="48.28026" lon="-4.59891"><ele>6.0</ele></rtept><rtept lat="48.28031" lon="-4.59898"><ele>5.0</ele></rtept><rtept lat="48.28057" lon="-4.59898"><ele>5.0</ele></rtept><rtept lat="48.28078" lon="-4.59884"><ele>4.0</ele></rtept><rtept lat="48.281" lon="-4.59861"><ele>4.0</ele></rtept><rtept lat="48.28135" lon="-4.59824"><ele>4.0</ele></rtept><rtept lat="48.28143" lon="-4.59823"><ele>4.0</ele></rtept><rtept lat="48.28148" lon="-4.5983"><ele>4.0</ele></rtept><rtept lat="48.28156" lon="-4.59866"><ele>5.0</ele></rtept><rtept lat="48.28165" lon="-4.59901"><ele>6.0</ele></rtept><rtept lat="48.28173" lon="-4.59937"><ele>7.0</ele></rtept><rtept lat="48.2818" lon="-4.59951"><ele>8.0</ele></rtept><rtept lat="48.28188" lon="-4.59989"><ele>10.0</ele></rtept><rtept lat="48.28197" lon="-4.60027"><ele>11.0</ele></rtept><rtept lat="48.28206" lon="-4.6007"><ele>14.0</ele></rtept><rtept lat="48.28215" lon="-4.60093"><ele>15.0</ele></rtept><rtept lat="48.28226" lon="-4.60102"><ele>17.0</ele></rtept><rtept lat="48.28253" lon="-4.60146"><ele>20.0</ele></rtept><rtept lat="48.28252" lon="-4.60184"><ele>25.0</ele></rtept><rtept lat="48.2825" lon="-4.60231"><ele>28.0</ele></rtept><rtept lat="48.28252" lon="-4.60262"><ele>30.0</ele></rtept><rtept lat="48.28278" lon="-4.60261"><ele>33.0</ele></rtept><rtept lat="48.28316" lon="-4.60259"><ele>32.0</ele></rtept><rtept lat="48.28318" lon="-4.60224"><ele>32.0</ele></rtept><rtept lat="48.2833" lon="-4.60203"><ele>31.0</ele></rtept><rtept lat="48.28369" lon="-4.60182"><ele>30.0</ele></rtept><rtept lat="48.2837" lon="-4.60175"><ele>26.0</ele></rtept><rtept lat="48.28377" lon="-4.60179"><ele>26.0</ele></rtept><rtept lat="48.28385" lon="-4.60179"><ele>29.0</ele></rtept><rtept lat="48.28394" lon="-4.60175"><ele>28.0</ele></rtept><rtept lat="48.28405" lon="-4.60175"><ele>30.0</ele></rtept><rtept lat="48.2843" lon="-4.60182"><ele>32.0</ele></rtept><rtept lat="48.28454" lon="-4.60181"><ele>33.0</ele></rtept><rtept lat="48.28483" lon="-4.60179"><ele>34.0</ele></rtept><rtept lat="48.28489" lon="-4.60183"><ele>37.0</ele></rtept><rtept lat="48.28505" lon="-4.60182"><ele>33.0</ele></rtept><rtept lat="48.2853" lon="-4.60166"><ele>32.0</ele></rtept><rtept lat="48.2857" lon="-4.60142"><ele>32.0</ele></rtept><rtept lat="48.28577" lon="-4.60151"><ele>38.0</ele></rtept><rtept lat="48.28592" lon="-4.60161"><ele>34.0</ele></rtept><rtept lat="48.28604" lon="-4.60154"><ele>39.0</ele></rtept><rtept lat="48.28609" lon="-4.60147"><ele>36.0</ele></rtept><rtept lat="48.28623" lon="-4.60142"><ele>40.0</ele></rtept><rtept lat="48.28629" lon="-4.60144"><ele>40.0</ele></rtept><rtept lat="48.28635" lon="-4.60151"><ele>42.0</ele></rtept><rtept lat="48.28638" lon="-4.60161"><ele>42.0</ele></rtept><rtept lat="48.28643" lon="-4.60192"><ele>41.0</ele></rtept><rtept lat="48.28638" lon="-4.60232"><ele>42.0</ele></rtept><rtept lat="48.2863" lon="-4.60292"><ele>48.0</ele></rtept><rtept lat="48.28631" lon="-4.60313"><ele>48.0</ele></rtept><rtept lat="48.28626" lon="-4.60343"><ele>52.0</ele></rtept><rtept lat="48.28629" lon="-4.60386"><ele>53.0</ele></rtept><rtept lat="48.28639" lon="-4.60447"><ele>55.0</ele></rtept><rtept lat="48.28636" lon="-4.60461"><ele>56.0</ele></rtept><rtept lat="48.28637" lon="-4.60468"><ele>56.0</ele></rtept><rtept lat="48.28634" lon="-4.60477"><ele>56.0</ele></rtept><rtept lat="48.28611" lon="-4.60506"><ele>56.0</ele></rtept><rtept lat="48.28599" lon="-4.60555"><ele>56.0</ele></rtept><rtept lat="48.28595" lon="-4.60583"><ele>56.0</ele></rtept><rtept lat="48.28588" lon="-4.60604"><ele>55.0</ele></rtept><rtept lat="48.28587" lon="-4.60612"><ele>55.0</ele></rtept><rtept lat="48.2858" lon="-4.60635"><ele>55.0</ele></rtept><rtept lat="48.28571" lon="-4.60645"><ele>55.0</ele></rtept><rtept lat="48.28549" lon="-4.60649"><ele>56.0</ele></rtept><rtept lat="48.28538" lon="-4.60649"><ele>56.0</ele></rtept><rtept lat="48.28529" lon="-4.60644"><ele>56.0</ele></rtept><rtept lat="48.28523" lon="-4.60646"><ele>56.0</ele></rtept><rtept lat="48.28514" lon="-4.60653"><ele>55.0</ele></rtept><rtept lat="48.28496" lon="-4.6066"><ele>55.0</ele></rtept><rtept lat="48.28473" lon="-4.6067"><ele>54.0</ele></rtept><rtept lat="48.28442" lon="-4.6069"><ele>53.0</ele></rtept><rtept lat="48.28421" lon="-4.60693"><ele>53.0</ele></rtept><rtept lat="48.28409" lon="-4.60698"><ele>54.0</ele></rtept><rtept lat="48.28393" lon="-4.60708"><ele>53.0</ele></rtept><rtept lat="48.28375" lon="-4.60719"><ele>53.0</ele></rtept><rtept lat="48.28351" lon="-4.60738"><ele>54.0</ele></rtept><rtept lat="48.2833" lon="-4.6075"><ele>55.0</ele></rtept><rtept lat="48.28303" lon="-4.60745"><ele>55.0</ele></rtept><rtept lat="48.28282" lon="-4.60726"><ele>55.0</ele></rtept><rtept lat="48.28258" lon="-4.60719"><ele>55.0</ele></rtept><rtept lat="48.2825" lon="-4.60735"><ele>55.0</ele></rtept><rtept lat="48.28239" lon="-4.60747"><ele>55.0</ele></rtept><rtept lat="48.282" lon="-4.60776"><ele>56.0</ele></rtept><rtept lat="48.2817" lon="-4.608"><ele>57.0</ele></rtept><rtept lat="48.2814" lon="-4.60823"><ele>57.0</ele></rtept><rtept lat="48.2811" lon="-4.60847"><ele>57.0</ele></rtept><rtept lat="48.28078" lon="-4.60872"><ele>59.0</ele></rtept><rtept lat="48.28041" lon="-4.60895"><ele>59.0</ele></rtept><rtept lat="48.28032" lon="-4.60863"><ele>58.0</ele></rtept><rtept lat="48.28022" lon="-4.60829"><ele>56.0</ele></rtept><rtept lat="48.28013" lon="-4.60794"><ele>55.0</ele></rtept><rtept lat="48.28002" lon="-4.60748"><ele>52.0</ele></rtept><rtept lat="48.27992" lon="-4.607"><ele>50.0</ele></rtept><rtept lat="48.27983" lon="-4.60651"><ele>48.0</ele></rtept><rtept lat="48.27975" lon="-4.60613"><ele>46.0</ele></rtept><rtept lat="48.27964" lon="-4.60556"><ele>44.0</ele></rtept><rtept lat="48.27951" lon="-4.60562"><ele>43.0</ele></rtept><rtept lat="48.2792" lon="-4.60566"><ele>43.0</ele></rtept><rtept lat="48.27888" lon="-4.60569"><ele>42.0</ele></rtept><rtept lat="48.27857" lon="-4.60572"><ele>41.0</ele></rtept><rtept lat="48.27814" lon="-4.60577"><ele>41.0</ele></rtept><rtept lat="48.27782" lon="-4.60541"><ele>41.0</ele></rtept><rtept lat="48.27759" lon="-4.60583"><ele>41.0</ele></rtept><rtept lat="48.2777" lon="-4.60624"><ele>43.0</ele></rtept><rtept lat="48.2778" lon="-4.60659"><ele>45.0</ele></rtept><rtept lat="48.27793" lon="-4.60706"><ele>47.0</ele></rtept><rtept lat="48.27816" lon="-4.60749"><ele>50.0</ele></rtept><rtept lat="48.2784" lon="-4.60793"><ele>53.0</ele></rtept><rtept lat="48.27863" lon="-4.60836"><ele>55.0</ele></rtept><rtept lat="48.27887" lon="-4.6088"><ele>57.0</ele></rtept><rtept lat="48.27931" lon="-4.60961"><ele>57.0</ele></rtept><rtept lat="48.27951" lon="-4.60992"><ele>58.0</ele></rtept><rtept lat="48.27967" lon="-4.61018"><ele>58.0</ele></rtept><rtept lat="48.27985" lon="-4.61047"><ele>55.0</ele></rtept><rtept lat="48.27979" lon="-4.61054"><ele>56.0</ele></rtept><rtept lat="48.27988" lon="-4.61062"><ele>53.0</ele></rtept><rtept lat="48.2797" lon="-4.61083"><ele>52.0</ele></rtept><rtept lat="48.27948" lon="-4.61127"><ele>52.0</ele></rtept><rtept lat="48.27938" lon="-4.6116"><ele>44.0</ele></rtept><rtept lat="48.27931" lon="-4.61162"><ele>44.0</ele></rtept><rtept lat="48.27927" lon="-4.61172"><ele>47.0</ele></rtept><rtept lat="48.27923" lon="-4.61193"><ele>44.0</ele></rtept><rtept lat="48.27907" lon="-4.61233"><ele>37.0</ele></rtept><rtept lat="48.27898" lon="-4.61263"><ele>36.0</ele></rtept><rtept lat="48.27896" lon="-4.61311"><ele>31.0</ele></rtept><rtept lat="48.27895" lon="-4.61353"><ele>26.0</ele></rtept><rtept lat="48.27893" lon="-4.61425"><ele>24.0</ele></rtept><rtept lat="48.27898" lon="-4.61472"><ele>23.0</ele></rtept><rtept lat="48.27902" lon="-4.61518"><ele>21.0</ele></rtept><rtept lat="48.27909" lon="-4.61581"><ele>21.0</ele></rtept><rtept lat="48.27908" lon="-4.6159"><ele>21.0</ele></rtept><rtept lat="48.27924" lon="-4.61627"><ele>22.0</ele></rtept><rtept lat="48.27939" lon="-4.61665"><ele>24.0</ele></rtept><rtept lat="48.27959" lon="-4.61712"><ele>26.0</ele></rtept><rtept lat="48.27965" lon="-4.61741"><ele>27.0</ele></rtept><rtept lat="48.2797" lon="-4.61747"><ele>27.0</ele></rtept><rtept lat="48.27975" lon="-4.61747"><ele>27.0</ele></rtept><rtept lat="48.27977" lon="-4.61749"><ele>27.0</ele></rtept><rtept lat="48.27981" lon="-4.61756"><ele>32.0</ele></rtept><rtept lat="48.27985" lon="-4.61756"><ele>32.0</ele></rtept><rtept lat="48.27994" lon="-4.61768"><ele>35.0</ele></rtept><rtept lat="48.28005" lon="-4.61779"><ele>40.0</ele></rtept><rtept lat="48.2802" lon="-4.61784"><ele>42.0</ele></rtept><rtept lat="48.28026" lon="-4.61794"><ele>46.0</ele></rtept><rtept lat="48.28034" lon="-4.61801"><ele>51.0</ele></rtept><rtept lat="48.28035" lon="-4.61805"><ele>51.0</ele></rtept><rtept lat="48.28037" lon="-4.61808"><ele>51.0</ele></rtept><rtept lat="48.28041" lon="-4.61808"><ele>51.0</ele></rtept><rtept lat="48.28055" lon="-4.6182"><ele>54.0</ele></rtept><rtept lat="48.28062" lon="-4.61829"><ele>52.0</ele></rtept><rtept lat="48.28063" lon="-4.61843"><ele>54.0</ele></rtept><rtept lat="48.2806" lon="-4.61852"><ele>53.0</ele></rtept><rtept lat="48.28057" lon="-4.61852"><ele>53.0</ele></rtept><rtept lat="48.28049" lon="-4.61869"><ele>53.0</ele></rtept><rtept lat="48.28043" lon="-4.61869"><ele>53.0</ele></rtept><rtept lat="48.2804" lon="-4.61864"><ele>53.0</ele></rtept><rtept lat="48.28035" lon="-4.61862"><ele>53.0</ele></rtept><rtept lat="48.28024" lon="-4.61869"><ele>51.0</ele></rtept><rtept lat="48.28019" lon="-4.61876"><ele>49.0</ele></rtept><rtept lat="48.28016" lon="-4.61876"><ele>49.0</ele></rtept><rtept lat="48.28008" lon="-4.61909"><ele>46.0</ele></rtept><rtept lat="48.27991" lon="-4.6192"><ele>45.0</ele></rtept><rtept lat="48.27987" lon="-4.6193"><ele>45.0</ele></rtept><rtept lat="48.27983" lon="-4.61931"><ele>45.0</ele></rtept><rtept lat="48.27981" lon="-4.61977"><ele>45.0</ele></rtept><rtept lat="48.27975" lon="-4.62021"><ele>46.0</ele></rtept><rtept lat="48.27979" lon="-4.62035"><ele>46.0</ele></rtept><rtept lat="48.27986" lon="-4.62049"><ele>47.0</ele></rtept><rtept lat="48.2799" lon="-4.62075"><ele>48.0</ele></rtept><rtept lat="48.27997" lon="-4.62094"><ele>48.0</ele></rtept><rtept lat="48.27999" lon="-4.62129"><ele>48.0</ele></rtept><rtept lat="48.28007" lon="-4.62188"><ele>49.0</ele></rtept><rtept lat="48.27992" lon="-4.62212"><ele>50.0</ele></rtept><rtept lat="48.27978" lon="-4.62218"><ele>52.0</ele></rtept><rtept lat="48.27953" lon="-4.62216"><ele>52.0</ele></rtept><rtept lat="48.27928" lon="-4.62227"><ele>53.0</ele></rtept><rtept lat="48.27917" lon="-4.62229"><ele>53.0</ele></rtept><rtept lat="48.27895" lon="-4.62223"><ele>53.0</ele></rtept><rtept lat="48.27885" lon="-4.62218"><ele>53.0</ele></rtept><rtept lat="48.27875" lon="-4.62197"><ele>53.0</ele></rtept><rtept lat="48.27863" lon="-4.62178"><ele>52.0</ele></rtept><rtept lat="48.27849" lon="-4.62154"><ele>50.0</ele></rtept><rtept lat="48.27847" lon="-4.62138"><ele>48.0</ele></rtept><rtept lat="48.27848" lon="-4.62125"><ele>48.0</ele></rtept><rtept lat="48.27845" lon="-4.6212"><ele>48.0</ele></rtept><rtept lat="48.27847" lon="-4.62099"><ele>41.0</ele></rtept><rtept lat="48.27842" lon="-4.62073"><ele>37.0</ele></rtept><rtept lat="48.27843" lon="-4.62049"><ele>30.0</ele></rtept><rtept lat="48.27839" lon="-4.62009"><ele>19.0</ele></rtept><rtept lat="48.27834" lon="-4.62"><ele>19.0</ele></rtept><rtept lat="48.27825" lon="-4.61977"><ele>16.0</ele></rtept><rtept lat="48.27817" lon="-4.61967"><ele>15.0</ele></rtept><rtept lat="48.27808" lon="-4.61937"><ele>16.0</ele></rtept><rtept lat="48.27782" lon="-4.61897"><ele>16.0</ele></rtept><rtept lat="48.27767" lon="-4.61883"><ele>7.0</ele></rtept><rtept lat="48.27753" lon="-4.61866"><ele>10.0</ele></rtept><rtept lat="48.27735" lon="-4.61843"><ele>10.0</ele></rtept><rtept lat="48.2772" lon="-4.6181"><ele>10.0</ele></rtept><rtept lat="48.27709" lon="-4.61783"><ele>10.0</ele></rtept><rtept lat="48.27717" lon="-4.61749"><ele>13.0</ele></rtept><rtept lat="48.27719" lon="-4.61721"><ele>13.0</ele></rtept><rtept lat="48.27718" lon="-4.61704"><ele>14.0</ele></rtept><rtept lat="48.2771" lon="-4.617"><ele>13.0</ele></rtept><rtept lat="48.27697" lon="-4.61701"><ele>13.0</ele></rtept><rtept lat="48.27683" lon="-4.61695"><ele>12.0</ele></rtept><rtept lat="48.27666" lon="-4.61679"><ele>11.0</ele></rtept><rtept lat="48.27645" lon="-4.61645"><ele>11.0</ele></rtept><rtept lat="48.27622" lon="-4.61626"><ele>11.0</ele></rtept><rtept lat="48.27589" lon="-4.61599"><ele>11.0</ele></rtept><rtept lat="48.27567" lon="-4.61592"><ele>11.0</ele></rtept><rtept lat="48.27552" lon="-4.61594"><ele>11.0</ele></rtept><rtept lat="48.27532" lon="-4.61587"><ele>11.0</ele></rtept><rtept lat="48.27527" lon="-4.61575"><ele>11.0</ele></rtept><rtept lat="48.27502" lon="-4.61578"><ele>7.0</ele></rtept><rtept lat="48.27486" lon="-4.61573"><ele>11.0</ele></rtept><rtept lat="48.27467" lon="-4.61562"><ele>6.0</ele></rtept><rtept lat="48.2744" lon="-4.61545"><ele>6.0</ele></rtept><rtept lat="48.27411" lon="-4.61524"><ele>8.0</ele></rtept><rtept lat="48.27371" lon="-4.61514"><ele>13.0</ele></rtept><rtept lat="48.27352" lon="-4.61496"><ele>16.0</ele></rtept><rtept lat="48.27326" lon="-4.61491"><ele>18.0</ele></rtept><rtept lat="48.27287" lon="-4.61484"><ele>23.0</ele></rtept><rtept lat="48.27276" lon="-4.61477"><ele>23.0</ele></rtept><rtept lat="48.27252" lon="-4.61474"><ele>28.0</ele></rtept><rtept lat="48.27235" lon="-4.61477"><ele>33.0</ele></rtept><rtept lat="48.27209" lon="-4.61484"><ele>47.0</ele></rtept><rtept lat="48.27183" lon="-4.61493"><ele>49.0</ele></rtept><rtept lat="48.27175" lon="-4.61493"><ele>49.0</ele></rtept><rtept lat="48.27166" lon="-4.61481"><ele>52.0</ele></rtept><rtept lat="48.27144" lon="-4.61484"><ele>52.0</ele></rtept><rtept lat="48.27132" lon="-4.61474"><ele>55.0</ele></rtept><rtept lat="48.27112" lon="-4.61476"><ele>56.0</ele></rtept><rtept lat="48.27096" lon="-4.61475"><ele>57.0</ele></rtept><rtept lat="48.27082" lon="-4.61486"><ele>56.0</ele></rtept><rtept lat="48.27069" lon="-4.61481"><ele>56.0</ele></rtept><rtept lat="48.27057" lon="-4.61486"><ele>56.0</ele></rtept><rtept lat="48.2705" lon="-4.61496"><ele>56.0</ele></rtept><rtept lat="48.27034" lon="-4.61507"><ele>56.0</ele></rtept><rtept lat="48.27007" lon="-4.61538"><ele>55.0</ele></rtept><rtept lat="48.26993" lon="-4.61544"><ele>52.0</ele></rtept><rtept lat="48.26973" lon="-4.61538"><ele>54.0</ele></rtept><rtept lat="48.26957" lon="-4.61545"><ele>53.0</ele></rtept><rtept lat="48.26949" lon="-4.61552"><ele>54.0</ele></rtept><rtept lat="48.26932" lon="-4.61556"><ele>54.0</ele></rtept><rtept lat="48.26908" lon="-4.61565"><ele>54.0</ele></rtept><rtept lat="48.26886" lon="-4.61572"><ele>54.0</ele></rtept><rtept lat="48.26863" lon="-4.61578"><ele>53.0</ele></rtept><rtept lat="48.2686" lon="-4.61578"><ele>53.0</ele></rtept><rtept lat="48.26828" lon="-4.61569"><ele>51.0</ele></rtept><rtept lat="48.26793" lon="-4.61545"><ele>48.0</ele></rtept><rtept lat="48.26784" lon="-4.61549"><ele>48.0</ele></rtept><rtept lat="48.26762" lon="-4.6155"><ele>48.0</ele></rtept><rtept lat="48.26741" lon="-4.61561"><ele>48.0</ele></rtept><rtept lat="48.26719" lon="-4.61571"><ele>48.0</ele></rtept><rtept lat="48.26715" lon="-4.61602"><ele>49.0</ele></rtept><rtept lat="48.26697" lon="-4.61613"><ele>50.0</ele></rtept><rtept lat="48.26674" lon="-4.61634"><ele>50.0</ele></rtept><rtept lat="48.26662" lon="-4.61639"><ele>50.0</ele></rtept><rtept lat="48.2665" lon="-4.6165"><ele>50.0</ele></rtept><rtept lat="48.26633" lon="-4.61667"><ele>51.0</ele></rtept><rtept lat="48.26616" lon="-4.61699"><ele>51.0</ele></rtept><rtept lat="48.26595" lon="-4.61707"><ele>52.0</ele></rtept><rtept lat="48.26576" lon="-4.6173"><ele>52.0</ele></rtept><rtept lat="48.26555" lon="-4.61756"><ele>54.0</ele></rtept><rtept lat="48.2655" lon="-4.61758"><ele>54.0</ele></rtept><rtept lat="48.26546" lon="-4.61765"><ele>55.0</ele></rtept><rtept lat="48.2654" lon="-4.61765"><ele>55.0</ele></rtept><rtept lat="48.2653" lon="-4.6177"><ele>55.0</ele></rtept><rtept lat="48.26523" lon="-4.61768"><ele>55.0</ele></rtept><rtept lat="48.26519" lon="-4.61772"><ele>55.0</ele></rtept><rtept lat="48.2651" lon="-4.61775"><ele>55.0</ele></rtept><rtept lat="48.265" lon="-4.61782"><ele>55.0</ele></rtept><rtept lat="48.26483" lon="-4.61803"><ele>55.0</ele></rtept><rtept lat="48.26456" lon="-4.6182"><ele>54.0</ele></rtept><rtept lat="48.26407" lon="-4.6185"><ele>53.0</ele></rtept><rtept lat="48.26385" lon="-4.61859"><ele>53.0</ele></rtept><rtept lat="48.26364" lon="-4.61874"><ele>51.0</ele></rtept><rtept lat="48.26342" lon="-4.61901"><ele>51.0</ele></rtept><rtept lat="48.26321" lon="-4.61917"><ele>52.0</ele></rtept><rtept lat="48.26315" lon="-4.61923"><ele>53.0</ele></rtept><rtept lat="48.26307" lon="-4.61937"><ele>53.0</ele></rtept><rtept lat="48.26305" lon="-4.61958"><ele>52.0</ele></rtept><rtept lat="48.26299" lon="-4.61962"><ele>53.0</ele></rtept><rtept lat="48.26285" lon="-4.61967"><ele>53.0</ele></rtept><rtept lat="48.26273" lon="-4.61984"><ele>53.0</ele></rtept><rtept lat="48.2626" lon="-4.61995"><ele>55.0</ele></rtept><rtept lat="48.26247" lon="-4.62023"><ele>54.0</ele></rtept><rtept lat="48.26239" lon="-4.62054"><ele>55.0</ele></rtept><rtept lat="48.26224" lon="-4.62075"><ele>57.0</ele></rtept><rtept lat="48.26202" lon="-4.6208"><ele>58.0</ele></rtept><rtept lat="48.26176" lon="-4.6211"><ele>59.0</ele></rtept><rtept lat="48.26163" lon="-4.6212"><ele>58.0</ele></rtept><rtept lat="48.26149" lon="-4.62133"><ele>59.0</ele></rtept><rtept lat="48.26134" lon="-4.62148"><ele>59.0</ele></rtept><rtept lat="48.26103" lon="-4.62157"><ele>59.0</ele></rtept><rtept lat="48.26073" lon="-4.62162"><ele>59.0</ele></rtept><rtept lat="48.26048" lon="-4.62169"><ele>59.0</ele></rtept><rtept lat="48.26025" lon="-4.6217"><ele>59.0</ele></rtept><rtept lat="48.26002" lon="-4.6217"><ele>57.0</ele></rtept><rtept lat="48.25976" lon="-4.62197"><ele>54.0</ele></rtept><rtept lat="48.2597" lon="-4.62207"><ele>54.0</ele></rtept><rtept lat="48.25949" lon="-4.62216"><ele>53.0</ele></rtept><rtept lat="48.25937" lon="-4.62223"><ele>55.0</ele></rtept><rtept lat="48.25929" lon="-4.62235"><ele>53.0</ele></rtept><rtept lat="48.25923" lon="-4.62246"><ele>51.0</ele></rtept><rtept lat="48.2591" lon="-4.62289"><ele>55.0</ele></rtept><rtept lat="48.25886" lon="-4.62326"><ele>58.0</ele></rtept><rtept lat="48.25865" lon="-4.62322"><ele>58.0</ele></rtept><rtept lat="48.25851" lon="-4.6231"><ele>58.0</ele></rtept><rtept lat="48.25838" lon="-4.62295"><ele>56.0</ele></rtept><rtept lat="48.25824" lon="-4.62277"><ele>54.0</ele></rtept><rtept lat="48.25789" lon="-4.62249"><ele>54.0</ele></rtept><rtept lat="48.25775" lon="-4.62244"><ele>51.0</ele></rtept><rtept lat="48.25765" lon="-4.62246"><ele>54.0</ele></rtept><rtept lat="48.25751" lon="-4.62253"><ele>54.0</ele></rtept><rtept lat="48.25737" lon="-4.62266"><ele>57.0</ele></rtept><rtept lat="48.25722" lon="-4.62279"><ele>57.0</ele></rtept><rtept lat="48.25709" lon="-4.62289"><ele>58.0</ele></rtept><rtept lat="48.25702" lon="-4.62265"><ele>55.0</ele></rtept><rtept lat="48.25696" lon="-4.62235"><ele>53.0</ele></rtept><rtept lat="48.25689" lon="-4.62214"><ele>56.0</ele></rtept><rtept lat="48.2568" lon="-4.62197"><ele>53.0</ele></rtept><rtept lat="48.25664" lon="-4.62185"><ele>56.0</ele></rtept><rtept lat="48.25646" lon="-4.62181"><ele>58.0</ele></rtept><rtept lat="48.25621" lon="-4.62176"><ele>62.0</ele></rtept><rtept lat="48.25607" lon="-4.62161"><ele>62.0</ele></rtept><rtept lat="48.25617" lon="-4.62144"><ele>62.0</ele></rtept><rtept lat="48.25629" lon="-4.62125"><ele>61.0</ele></rtept><rtept lat="48.2565" lon="-4.62106"><ele>59.0</ele></rtept><rtept lat="48.25676" lon="-4.62084"><ele>56.0</ele></rtept><rtept lat="48.25698" lon="-4.62062"><ele>53.0</ele></rtept><rtept lat="48.25729" lon="-4.62066"><ele>53.0</ele></rtept><rtept lat="48.25751" lon="-4.62056"><ele>50.0</ele></rtept><rtept lat="48.25774" lon="-4.62045"><ele>50.0</ele></rtept><rtept lat="48.25801" lon="-4.62035"><ele>48.0</ele></rtept><rtept lat="48.25845" lon="-4.62019"><ele>49.0</ele></rtept><rtept lat="48.25861" lon="-4.62021"><ele>52.0</ele></rtept><rtept lat="48.25884" lon="-4.62012"><ele>51.0</ele></rtept><rtept lat="48.25914" lon="-4.6201"><ele>51.0</ele></rtept><rtept lat="48.25973" lon="-4.62005"><ele>48.0</ele></rtept><rtept lat="48.25981" lon="-4.61995"><ele>50.0</ele></rtept><rtept lat="48.25997" lon="-4.61986"><ele>47.0</ele></rtept><rtept lat="48.26014" lon="-4.61977"><ele>46.0</ele></rtept><rtept lat="48.26039" lon="-4.61959"><ele>44.0</ele></rtept><rtept lat="48.26078" lon="-4.6193"><ele>42.0</ele></rtept><rtept lat="48.26087" lon="-4.61913"><ele>40.0</ele></rtept><rtept lat="48.26102" lon="-4.61897"><ele>41.0</ele></rtept><rtept lat="48.26115" lon="-4.61865"><ele>40.0</ele></rtept><rtept lat="48.26141" lon="-4.61824"><ele>40.0</ele></rtept><rtept lat="48.26151" lon="-4.61777"><ele>32.0</ele></rtept><rtept lat="48.26151" lon="-4.61765"><ele>32.0</ele></rtept><rtept lat="48.2616" lon="-4.61737"><ele>29.0</ele></rtept><rtept lat="48.26163" lon="-4.61693"><ele>26.0</ele></rtept><rtept lat="48.26177" lon="-4.6166"><ele>24.0</ele></rtept><rtept lat="48.26174" lon="-4.61648"><ele>22.0</ele></rtept><rtept lat="48.26178" lon="-4.61613"><ele>21.0</ele></rtept><rtept lat="48.26181" lon="-4.61547"><ele>18.0</ele></rtept><rtept lat="48.26187" lon="-4.61535"><ele>17.0</ele></rtept><rtept lat="48.262" lon="-4.61519"><ele>17.0</ele></rtept><rtept lat="48.26204" lon="-4.61511"><ele>18.0</ele></rtept><rtept lat="48.26197" lon="-4.61496"><ele>16.0</ele></rtept><rtept lat="48.26197" lon="-4.61472"><ele>15.0</ele></rtept><rtept lat="48.26203" lon="-4.61442"><ele>15.0</ele></rtept><rtept lat="48.26213" lon="-4.61412"><ele>14.0</ele></rtept><rtept lat="48.26213" lon="-4.61402"><ele>14.0</ele></rtept><rtept lat="48.26219" lon="-4.61372"><ele>13.0</ele></rtept><rtept lat="48.26226" lon="-4.61336"><ele>10.0</ele></rtept><rtept lat="48.26227" lon="-4.6131"><ele>5.0</ele></rtept><rtept lat="48.26226" lon="-4.61289"><ele>4.0</ele></rtept><rtept lat="48.26225" lon="-4.61268"><ele>4.0</ele></rtept><rtept lat="48.26227" lon="-4.61259"><ele>4.0</ele></rtept><rtept lat="48.2623" lon="-4.61257"><ele>4.0</ele></rtept><rtept lat="48.26227" lon="-4.61245"><ele>4.0</ele></rtept><rtept lat="48.26233" lon="-4.61242"><ele>7.0</ele></rtept><rtept lat="48.26233" lon="-4.61228"><ele>8.0</ele></rtept><rtept lat="48.2623" lon="-4.61221"><ele>5.0</ele></rtept><rtept lat="48.2622" lon="-4.61188"><ele>9.0</ele></rtept><rtept lat="48.26208" lon="-4.61148"><ele>13.0</ele></rtept><rtept lat="48.26209" lon="-4.61107"><ele>12.0</ele></rtept><rtept lat="48.26203" lon="-4.61071"><ele>12.0</ele></rtept><rtept lat="48.26197" lon="-4.61059"><ele>10.0</ele></rtept><rtept lat="48.2618" lon="-4.61043"><ele>11.0</ele></rtept><rtept lat="48.26173" lon="-4.61019"><ele>15.0</ele></rtept><rtept lat="48.26172" lon="-4.61008"><ele>11.0</ele></rtept><rtept lat="48.26179" lon="-4.60996"><ele>11.0</ele></rtept><rtept lat="48.26183" lon="-4.60982"><ele>22.0</ele></rtept><rtept lat="48.26182" lon="-4.60965"><ele>21.0</ele></rtept><rtept lat="48.26176" lon="-4.60938"><ele>23.0</ele></rtept><rtept lat="48.2617" lon="-4.60907"><ele>30.0</ele></rtept><rtept lat="48.26166" lon="-4.60872"><ele>33.0</ele></rtept><rtept lat="48.26161" lon="-4.60832"><ele>35.0</ele></rtept><rtept lat="48.26165" lon="-4.60799"><ele>35.0</ele></rtept><rtept lat="48.26155" lon="-4.60771"><ele>35.0</ele></rtept><rtept lat="48.26156" lon="-4.60752"><ele>36.0</ele></rtept><rtept lat="48.26152" lon="-4.60726"><ele>37.0</ele></rtept><rtept lat="48.26145" lon="-4.60691"><ele>39.0</ele></rtept><rtept lat="48.26136" lon="-4.60649"><ele>39.0</ele></rtept><rtept lat="48.26136" lon="-4.60593"><ele>39.0</ele></rtept><rtept lat="48.26137" lon="-4.60536"><ele>37.0</ele></rtept><rtept lat="48.26137" lon="-4.6048"><ele>37.0</ele></rtept><rtept lat="48.26138" lon="-4.60423"><ele>35.0</ele></rtept><rtept lat="48.26138" lon="-4.60367"><ele>33.0</ele></rtept><rtept lat="48.26138" lon="-4.60333"><ele>31.0</ele></rtept><rtept lat="48.26139" lon="-4.60298"><ele>31.0</ele></rtept><rtept lat="48.26145" lon="-4.6029"><ele>31.0</ele></rtept><rtept lat="48.26148" lon="-4.60271"><ele>31.0</ele></rtept><rtept lat="48.26154" lon="-4.60268"><ele>31.0</ele></rtept><rtept lat="48.26152" lon="-4.60231"><ele>30.0</ele></rtept><rtept lat="48.26132" lon="-4.60182"><ele>28.0</ele></rtept><rtept lat="48.26126" lon="-4.60177"><ele>29.0</ele></rtept><rtept lat="48.26119" lon="-4.60177"><ele>29.0</ele></rtept><rtept lat="48.261" lon="-4.60188"><ele>29.0</ele></rtept><rtept lat="48.26074" lon="-4.60203"><ele>31.0</ele></rtept><rtept lat="48.26044" lon="-4.60212"><ele>36.0</ele></rtept><rtept lat="48.26037" lon="-4.60212"><ele>37.0</ele></rtept><rtept lat="48.26019" lon="-4.60192"><ele>39.0</ele></rtept><rtept lat="48.25997" lon="-4.60177"><ele>42.0</ele></rtept><rtept lat="48.25984" lon="-4.60175"><ele>42.0</ele></rtept><rtept lat="48.25956" lon="-4.60161"><ele>44.0</ele></rtept><rtept lat="48.25938" lon="-4.60135"><ele>45.0</ele></rtept><rtept lat="48.25926" lon="-4.60123"><ele>47.0</ele></rtept><rtept lat="48.25897" lon="-4.60111"><ele>54.0</ele></rtept><rtept lat="48.25885" lon="-4.60102"><ele>56.0</ele></rtept><rtept lat="48.2587" lon="-4.60076"><ele>55.0</ele></rtept><rtept lat="48.25844" lon="-4.60032"><ele>54.0</ele></rtept><rtept lat="48.25825" lon="-4.60012"><ele>57.0</ele></rtept><rtept lat="48.25804" lon="-4.59991"><ele>61.0</ele></rtept><rtept lat="48.25798" lon="-4.59987"><ele>60.0</ele></rtept><rtept lat="48.25793" lon="-4.59985"><ele>60.0</ele></rtept><rtept lat="48.25777" lon="-4.59953"><ele>62.0</ele></rtept><rtept lat="48.25761" lon="-4.59921"><ele>62.0</ele></rtept><rtept lat="48.25743" lon="-4.59884"><ele>62.0</ele></rtept><rtept lat="48.25732" lon="-4.59846"><ele>62.0</ele></rtept><rtept lat="48.25714" lon="-4.59782"><ele>61.0</ele></rtept><rtept lat="48.25703" lon="-4.59727"><ele>60.0</ele></rtept><rtept lat="48.25689" lon="-4.59677"><ele>58.0</ele></rtept><rtept lat="48.25665" lon="-4.59621"><ele>58.0</ele></rtept><rtept lat="48.2564" lon="-4.59579"><ele>57.0</ele></rtept><rtept lat="48.25614" lon="-4.5956"><ele>57.0</ele></rtept><rtept lat="48.25566" lon="-4.59525"><ele>57.0</ele></rtept><rtept lat="48.25553" lon="-4.59513"><ele>56.0</ele></rtept><rtept lat="48.2554" lon="-4.59497"><ele>56.0</ele></rtept><rtept lat="48.25526" lon="-4.59478"><ele>56.0</ele></rtept><rtept lat="48.25512" lon="-4.59466"><ele>56.0</ele></rtept><rtept lat="48.25489" lon="-4.59466"><ele>59.0</ele></rtept><rtept lat="48.25466" lon="-4.59469"><ele>59.0</ele></rtept><rtept lat="48.2544" lon="-4.59473"><ele>60.0</ele></rtept><rtept lat="48.25397" lon="-4.59471"><ele>61.0</ele></rtept><rtept lat="48.25372" lon="-4.59476"><ele>62.0</ele></rtept><rtept lat="48.25339" lon="-4.59483"><ele>63.0</ele></rtept><rtept lat="48.2532" lon="-4.59478"><ele>63.0</ele></rtept><rtept lat="48.25307" lon="-4.59464"><ele>63.0</ele></rtept><rtept lat="48.253" lon="-4.59443"><ele>63.0</ele></rtept><rtept lat="48.25299" lon="-4.59431"><ele>63.0</ele></rtept><rtept lat="48.25304" lon="-4.59403"><ele>63.0</ele></rtept><rtept lat="48.2532" lon="-4.59368"><ele>61.0</ele></rtept><rtept lat="48.25334" lon="-4.59339"><ele>60.0</ele></rtept><rtept lat="48.25349" lon="-4.59307"><ele>58.0</ele></rtept><rtept lat="48.25362" lon="-4.59276"><ele>57.0</ele></rtept><rtept lat="48.25379" lon="-4.59236"><ele>56.0</ele></rtept><rtept lat="48.25388" lon="-4.59206"><ele>55.0</ele></rtept><rtept lat="48.25395" lon="-4.59166"><ele>55.0</ele></rtept><rtept lat="48.25396" lon="-4.59152"><ele>55.0</ele></rtept><rtept lat="48.25396" lon="-4.59114"><ele>54.0</ele></rtept><rtept lat="48.25395" lon="-4.5908"><ele>54.0</ele></rtept><rtept lat="48.25395" lon="-4.59046"><ele>54.0</ele></rtept><rtept lat="48.25397" lon="-4.59004"><ele>54.0</ele></rtept><rtept lat="48.25402" lon="-4.58976"><ele>53.0</ele></rtept><rtept lat="48.25419" lon="-4.58916"><ele>53.0</ele></rtept><rtept lat="48.25423" lon="-4.58894"><ele>53.0</ele></rtept><rtept lat="48.25424" lon="-4.58868"><ele>53.0</ele></rtept><rtept lat="48.25421" lon="-4.58821"><ele>54.0</ele></rtept><rtept lat="48.25421" lon="-4.58785"><ele>54.0</ele></rtept><rtept lat="48.2542" lon="-4.58744"><ele>54.0</ele></rtept><rtept lat="48.25409" lon="-4.5871"><ele>50.0</ele></rtept><rtept lat="48.25394" lon="-4.58667"><ele>50.0</ele></rtept><rtept lat="48.25392" lon="-4.58652"><ele>49.0</ele></rtept><rtept lat="48.25391" lon="-4.58626"><ele>50.0</ele></rtept><rtept lat="48.25393" lon="-4.58603"><ele>52.0</ele></rtept><rtept lat="48.25388" lon="-4.58561"><ele>53.0</ele></rtept><rtept lat="48.25383" lon="-4.58519"><ele>55.0</ele></rtept><rtept lat="48.25375" lon="-4.58448"><ele>57.0</ele></rtept><rtept lat="48.25367" lon="-4.5841"><ele>57.0</ele></rtept><rtept lat="48.25356" lon="-4.58356"><ele>57.0</ele></rtept><rtept lat="48.25349" lon="-4.58335"><ele>57.0</ele></rtept><rtept lat="48.25335" lon="-4.58313"><ele>59.0</ele></rtept><rtept lat="48.25315" lon="-4.5828"><ele>59.0</ele></rtept><rtept lat="48.25294" lon="-4.58257"><ele>59.0</ele></rtept><rtept lat="48.25263" lon="-4.58223"><ele>59.0</ele></rtept><rtept lat="48.25246" lon="-4.58192"><ele>58.0</ele></rtept><rtept lat="48.25244" lon="-4.58181"><ele>58.0</ele></rtept><rtept lat="48.25248" lon="-4.58148"><ele>57.0</ele></rtept><rtept lat="48.2525" lon="-4.5811"><ele>55.0</ele></rtept><rtept lat="48.25256" lon="-4.58091"><ele>55.0</ele></rtept><rtept lat="48.25276" lon="-4.58061"><ele>54.0</ele></rtept><rtept lat="48.25296" lon="-4.58032"><ele>54.0</ele></rtept><rtept lat="48.25327" lon="-4.57986"><ele>53.0</ele></rtept><rtept lat="48.25344" lon="-4.57957"><ele>53.0</ele></rtept><rtept lat="48.25366" lon="-4.57918"><ele>51.0</ele></rtept><rtept lat="48.25388" lon="-4.57893"><ele>51.0</ele></rtept><rtept lat="48.25423" lon="-4.57854"><ele>52.0</ele></rtept><rtept lat="48.25446" lon="-4.57824"><ele>52.0</ele></rtept><rtept lat="48.2548" lon="-4.57786"><ele>52.0</ele></rtept><rtept lat="48.25501" lon="-4.57756"><ele>52.0</ele></rtept><rtept lat="48.25523" lon="-4.57718"><ele>49.0</ele></rtept><rtept lat="48.25536" lon="-4.57686"><ele>46.0</ele></rtept><rtept lat="48.25554" lon="-4.57643"><ele>46.0</ele></rtept><rtept lat="48.25565" lon="-4.5761"><ele>45.0</ele></rtept><rtept lat="48.25571" lon="-4.57573"><ele>45.0</ele></rtept><rtept lat="48.25577" lon="-4.57514"><ele>44.0</ele></rtept><rtept lat="48.25583" lon="-4.57499"><ele>46.0</ele></rtept><rtept lat="48.25568" lon="-4.57481"><ele>44.0</ele></rtept><rtept lat="48.25552" lon="-4.57457"><ele>44.0</ele></rtept><rtept lat="48.25537" lon="-4.57432"><ele>41.0</ele></rtept><rtept lat="48.25524" lon="-4.5739"><ele>41.0</ele></rtept><rtept lat="48.255" lon="-4.57343"><ele>41.0</ele></rtept><rtept lat="48.2549" lon="-4.57306"><ele>41.0</ele></rtept><rtept lat="48.25477" lon="-4.57253"><ele>42.0</ele></rtept><rtept lat="48.25472" lon="-4.57212"><ele>42.0</ele></rtept><rtept lat="48.25465" lon="-4.57146"><ele>42.0</ele></rtept><rtept lat="48.2547" lon="-4.57108"><ele>43.0</ele></rtept><rtept lat="48.25478" lon="-4.57075"><ele>45.0</ele></rtept><rtept lat="48.25486" lon="-4.5704"><ele>45.0</ele></rtept><rtept lat="48.25498" lon="-4.57003"><ele>46.0</ele></rtept><rtept lat="48.25512" lon="-4.56972"><ele>46.0</ele></rtept><rtept lat="48.2553" lon="-4.56932"><ele>46.0</ele></rtept><rtept lat="48.2555" lon="-4.569"><ele>46.0</ele></rtept><rtept lat="48.25568" lon="-4.56846"><ele>46.0</ele></rtept><rtept lat="48.25576" lon="-4.56815"><ele>44.0</ele></rtept><rtept lat="48.25579" lon="-4.56796"><ele>43.0</ele></rtept><rtept lat="48.2558" lon="-4.56768"><ele>42.0</ele></rtept><rtept lat="48.25581" lon="-4.56733"><ele>42.0</ele></rtept><rtept lat="48.25579" lon="-4.567"><ele>39.0</ele></rtept><rtept lat="48.25572" lon="-4.56658"><ele>37.0</ele></rtept><rtept lat="48.25575" lon="-4.56602"><ele>35.0</ele></rtept><rtept lat="48.25573" lon="-4.56573"><ele>33.0</ele></rtept><rtept lat="48.25582" lon="-4.56541"><ele>32.0</ele></rtept><rtept lat="48.25597" lon="-4.56515"><ele>31.0</ele></rtept><rtept lat="48.25607" lon="-4.56476"><ele>28.0</ele></rtept><rtept lat="48.25624" lon="-4.56414"><ele>26.0</ele></rtept><rtept lat="48.25624" lon="-4.56381"><ele>23.0</ele></rtept><rtept lat="48.25634" lon="-4.56327"><ele>19.0</ele></rtept><rtept lat="48.25648" lon="-4.56304"><ele>17.0</ele></rtept><rtept lat="48.25653" lon="-4.5629"><ele>17.0</ele></rtept><rtept lat="48.25675" lon="-4.56261"><ele>15.0</ele></rtept><rtept lat="48.25686" lon="-4.56196"><ele>12.0</ele></rtept><rtept lat="48.25689" lon="-4.56186"><ele>10.0</ele></rtept><rtept lat="48.25707" lon="-4.56155"><ele>10.0</ele></rtept><rtept lat="48.25742" lon="-4.56093"><ele>8.0</ele></rtept><rtept lat="48.25751" lon="-4.56095"><ele>8.0</ele></rtept><rtept lat="48.25757" lon="-4.56093"><ele>8.0</ele></rtept><rtept lat="48.25772" lon="-4.56081"><ele>8.0</ele></rtept><rtept lat="48.25809" lon="-4.56097"><ele>8.0</ele></rtept><rtept lat="48.25832" lon="-4.56105"><ele>8.0</ele></rtept><rtept lat="48.2586" lon="-4.56115"><ele>6.0</ele></rtept><rtept lat="48.25867" lon="-4.56093"><ele>3.0</ele></rtept><rtept lat="48.2588" lon="-4.56082"><ele>4.0</ele></rtept><rtept lat="48.25898" lon="-4.5605"><ele>3.0</ele></rtept><rtept lat="48.25918" lon="-4.56033"><ele>3.0</ele></rtept><rtept lat="48.25941" lon="-4.56013"><ele>5.0</ele></rtept><rtept lat="48.2594" lon="-4.55959"><ele>5.0</ele></rtept><rtept lat="48.25936" lon="-4.55913"><ele>6.0</ele></rtept><rtept lat="48.25931" lon="-4.55914"><ele>6.0</ele></rtept><rtept lat="48.25927" lon="-4.55912"><ele>6.0</ele></rtept><rtept lat="48.25923" lon="-4.55905"><ele>6.0</ele></rtept><rtept lat="48.25921" lon="-4.55879"><ele>6.0</ele></rtept><rtept lat="48.25918" lon="-4.55849"><ele>6.0</ele></rtept><rtept lat="48.25907" lon="-4.55785"><ele>6.0</ele></rtept><rtept lat="48.25899" lon="-4.55755"><ele>5.0</ele></rtept><rtept lat="48.25885" lon="-4.55717"><ele>5.0</ele></rtept><rtept lat="48.25874" lon="-4.55685"><ele>5.0</ele></rtept><rtept lat="48.25861" lon="-4.55647"><ele>5.0</ele></rtept><rtept lat="48.25849" lon="-4.55617"><ele>5.0</ele></rtept><rtept lat="48.25835" lon="-4.55582"><ele>5.0</ele></rtept><rtept lat="48.25819" lon="-4.55567"><ele>5.0</ele></rtept><rtept lat="48.2581" lon="-4.55553"><ele>5.0</ele></rtept><rtept lat="48.258" lon="-4.55527"><ele>6.0</ele></rtept><rtept lat="48.25797" lon="-4.55513"><ele>10.0</ele></rtept><rtept lat="48.25797" lon="-4.55499"><ele>19.0</ele></rtept><rtept lat="48.25791" lon="-4.55494"><ele>19.0</ele></rtept><rtept lat="48.25766" lon="-4.5548"><ele>25.0</ele></rtept><rtept lat="48.25747" lon="-4.55459"><ele>30.0</ele></rtept><rtept lat="48.25723" lon="-4.55422"><ele>21.0</ele></rtept><rtept lat="48.25714" lon="-4.55393"><ele>19.0</ele></rtept><rtept lat="48.25699" lon="-4.55356"><ele>28.0</ele></rtept><rtept lat="48.25686" lon="-4.55328"><ele>30.0</ele></rtept><rtept lat="48.25677" lon="-4.55316"><ele>21.0</ele></rtept><rtept lat="48.25668" lon="-4.55297"><ele>29.0</ele></rtept><rtept lat="48.25657" lon="-4.55283"><ele>28.0</ele></rtept><rtept lat="48.25642" lon="-4.5527"><ele>29.0</ele></rtept><rtept lat="48.25626" lon="-4.55255"><ele>30.0</ele></rtept><rtept lat="48.25611" lon="-4.55236"><ele>28.0</ele></rtept><rtept lat="48.25605" lon="-4.55227"><ele>19.0</ele></rtept><rtept lat="48.25602" lon="-4.55213"><ele>29.0</ele></rtept><rtept lat="48.25583" lon="-4.5518"><ele>26.0</ele></rtept><rtept lat="48.2558" lon="-4.55166"><ele>17.0</ele></rtept><rtept lat="48.25575" lon="-4.55124"><ele>30.0</ele></rtept><rtept lat="48.2557" lon="-4.55083"><ele>34.0</ele></rtept><rtept lat="48.25564" lon="-4.5503"><ele>29.0</ele></rtept><rtept lat="48.25565" lon="-4.55004"><ele>35.0</ele></rtept><rtept lat="48.25558" lon="-4.54976"><ele>28.0</ele></rtept><rtept lat="48.25548" lon="-4.54934"><ele>28.0</ele></rtept><rtept lat="48.25543" lon="-4.54927"><ele>30.0</ele></rtept><rtept lat="48.25542" lon="-4.54917"><ele>30.0</ele></rtept><rtept lat="48.25551" lon="-4.54894"><ele>27.0</ele></rtept><rtept lat="48.25554" lon="-4.54861"><ele>27.0</ele></rtept><rtept lat="48.25541" lon="-4.54814"><ele>24.0</ele></rtept><rtept lat="48.25535" lon="-4.54781"><ele>22.0</ele></rtept><rtept lat="48.25529" lon="-4.54745"><ele>21.0</ele></rtept><rtept lat="48.25526" lon="-4.54739"><ele>18.0</ele></rtept><rtept lat="48.25515" lon="-4.54726"><ele>21.0</ele></rtept><rtept lat="48.255" lon="-4.5472"><ele>19.0</ele></rtept><rtept lat="48.25485" lon="-4.54729"><ele>16.0</ele></rtept><rtept lat="48.2547" lon="-4.54739"><ele>13.0</ele></rtept><rtept lat="48.25462" lon="-4.54751"><ele>11.0</ele></rtept><rtept lat="48.25455" lon="-4.54755"><ele>10.0</ele></rtept><rtept lat="48.25427" lon="-4.54767"><ele>8.0</ele></rtept><rtept lat="48.25422" lon="-4.54767"><ele>8.0</ele></rtept><rtept lat="48.25415" lon="-4.54765"><ele>7.0</ele></rtept><rtept lat="48.25402" lon="-4.54755"><ele>8.0</ele></rtept><rtept lat="48.2538" lon="-4.54741"><ele>8.0</ele></rtept><rtept lat="48.25355" lon="-4.54725"><ele>8.0</ele></rtept><rtept lat="48.25319" lon="-4.54697"><ele>8.0</ele></rtept><rtept lat="48.25301" lon="-4.54672"><ele>8.0</ele></rtept><rtept lat="48.25271" lon="-4.54636"><ele>8.0</ele></rtept><rtept lat="48.25254" lon="-4.54624"><ele>9.0</ele></rtept><rtept lat="48.25235" lon="-4.54605"><ele>9.0</ele></rtept><rtept lat="48.25217" lon="-4.54593"><ele>9.0</ele></rtept><rtept lat="48.25191" lon="-4.54572"><ele>9.0</ele></rtept><rtept lat="48.25177" lon="-4.54557"><ele>10.0</ele></rtept><rtept lat="48.2516" lon="-4.54545"><ele>9.0</ele></rtept><rtept lat="48.25136" lon="-4.54528"><ele>9.0</ele></rtept><rtept lat="48.25113" lon="-4.54515"><ele>9.0</ele></rtept><rtept lat="48.25085" lon="-4.545"><ele>9.0</ele></rtept><rtept lat="48.25056" lon="-4.54479"><ele>9.0</ele></rtept><rtept lat="48.25036" lon="-4.54457"><ele>9.0</ele></rtept><rtept lat="48.25005" lon="-4.54429"><ele>9.0</ele></rtept><rtept lat="48.25" lon="-4.54419"><ele>9.0</ele></rtept><rtept lat="48.24998" lon="-4.54401"><ele>9.0</ele></rtept><rtept lat="48.25001" lon="-4.54394"><ele>8.0</ele></rtept><rtept lat="48.25" lon="-4.5438"><ele>8.0</ele></rtept><rtept lat="48.24993" lon="-4.54368"><ele>8.0</ele></rtept><rtept lat="48.24981" lon="-4.54356"><ele>6.0</ele></rtept><rtept lat="48.24966" lon="-4.54326"><ele>6.0</ele></rtept><rtept lat="48.24965" lon="-4.54325"><ele>6.0</ele></rtept><rtept lat="48.24961" lon="-4.54341"><ele>6.0</ele></rtept><rtept lat="48.24953" lon="-4.54347"><ele>5.0</ele></rtept><rtept lat="48.24944" lon="-4.54347"><ele>5.0</ele></rtept><rtept lat="48.24934" lon="-4.54336"><ele>5.0</ele></rtept><rtept lat="48.24911" lon="-4.54328"><ele>5.0</ele></rtept><rtept lat="48.24887" lon="-4.54319"><ele>5.0</ele></rtept><rtept lat="48.24878" lon="-4.54313"><ele>5.0</ele></rtept><rtept lat="48.24861" lon="-4.54309"><ele>5.0</ele></rtept><rtept lat="48.24837" lon="-4.54316"><ele>6.0</ele></rtept><rtept lat="48.24809" lon="-4.54324"><ele>6.0</ele></rtept><rtept lat="48.2477" lon="-4.54331"><ele>6.0</ele></rtept><rtept lat="48.24755" lon="-4.54328"><ele>6.0</ele></rtept><rtept lat="48.24736" lon="-4.54314"><ele>6.0</ele></rtept><rtept lat="48.24709" lon="-4.54293"><ele>6.0</ele></rtept><rtept lat="48.2468" lon="-4.54286"><ele>6.0</ele></rtept><rtept lat="48.24625" lon="-4.54272"><ele>6.0</ele></rtept><rtept lat="48.24605" lon="-4.54277"><ele>6.0</ele></rtept><rtept lat="48.24577" lon="-4.54291"><ele>7.0</ele></rtept><rtept lat="48.24555" lon="-4.543"><ele>7.0</ele></rtept><rtept lat="48.2453" lon="-4.54302"><ele>7.0</ele></rtept><rtept lat="48.24505" lon="-4.54308"><ele>7.0</ele></rtept><rtept lat="48.24471" lon="-4.54317"><ele>7.0</ele></rtept><rtept lat="48.24442" lon="-4.54341"><ele>7.0</ele></rtept><rtept lat="48.24418" lon="-4.54344"><ele>7.0</ele></rtept><rtept lat="48.24389" lon="-4.54347"><ele>7.0</ele></rtept><rtept lat="48.24377" lon="-4.54352"><ele>7.0</ele></rtept><rtept lat="48.24353" lon="-4.54353"><ele>8.0</ele></rtept><rtept lat="48.24339" lon="-4.54347"><ele>9.0</ele></rtept><rtept lat="48.24325" lon="-4.54331"><ele>9.0</ele></rtept><rtept lat="48.2431" lon="-4.54321"><ele>9.0</ele></rtept><rtept lat="48.24295" lon="-4.54317"><ele>9.0</ele></rtept><rtept lat="48.24278" lon="-4.54312"><ele>9.0</ele></rtept><rtept lat="48.24249" lon="-4.54307"><ele>8.0</ele></rtept><rtept lat="48.24241" lon="-4.54303"><ele>8.0</ele></rtept><rtept lat="48.24219" lon="-4.54331"><ele>7.0</ele></rtept><rtept lat="48.24195" lon="-4.54349"><ele>7.0</ele></rtept><rtept lat="48.24168" lon="-4.54381"><ele>6.0</ele></rtept><rtept lat="48.24157" lon="-4.54403"><ele>6.0</ele></rtept><rtept lat="48.2415" lon="-4.5441"><ele>7.0</ele></rtept><rtept lat="48.24141" lon="-4.54413"><ele>7.0</ele></rtept><rtept lat="48.24127" lon="-4.54422"><ele>6.0</ele></rtept><rtept lat="48.24096" lon="-4.54458"><ele>6.0</ele></rtept><rtept lat="48.24077" lon="-4.54485"><ele>4.0</ele></rtept><rtept lat="48.24051" lon="-4.54521"><ele>4.0</ele></rtept><rtept lat="48.24041" lon="-4.5453"><ele>5.0</ele></rtept><rtept lat="48.24036" lon="-4.54544"><ele>4.0</ele></rtept><rtept lat="48.24034" lon="-4.54557"><ele>4.0</ele></rtept><rtept lat="48.24032" lon="-4.54565"><ele>4.0</ele></rtept><rtept lat="48.24028" lon="-4.5457"><ele>9.0</ele></rtept><rtept lat="48.24019" lon="-4.54565"><ele>12.0</ele></rtept><rtept lat="48.24018" lon="-4.5457"><ele>14.0</ele></rtept><rtept lat="48.2402" lon="-4.54575"><ele>14.0</ele></rtept><rtept lat="48.24012" lon="-4.54586"><ele>14.0</ele></rtept><rtept lat="48.24011" lon="-4.54593"><ele>14.0</ele></rtept><rtept lat="48.24016" lon="-4.546"><ele>14.0</ele></rtept><rtept lat="48.24017" lon="-4.5461"><ele>15.0</ele></rtept><rtept lat="48.24009" lon="-4.54636"><ele>15.0</ele></rtept><rtept lat="48.23998" lon="-4.54652"><ele>17.0</ele></rtept><rtept lat="48.23998" lon="-4.54677"><ele>18.0</ele></rtept><rtept lat="48.23997" lon="-4.54706"><ele>18.0</ele></rtept><rtept lat="48.24007" lon="-4.5474"><ele>19.0</ele></rtept><rtept lat="48.24018" lon="-4.54779"><ele>19.0</ele></rtept><rtept lat="48.2402" lon="-4.54793"><ele>19.0</ele></rtept><rtept lat="48.2402" lon="-4.54809"><ele>19.0</ele></rtept><rtept lat="48.24018" lon="-4.54821"><ele>19.0</ele></rtept><rtept lat="48.24006" lon="-4.54845"><ele>19.0</ele></rtept><rtept lat="48.23994" lon="-4.5487"><ele>20.0</ele></rtept><rtept lat="48.23983" lon="-4.54898"><ele>22.0</ele></rtept><rtept lat="48.23967" lon="-4.54882"><ele>29.0</ele></rtept><rtept lat="48.23958" lon="-4.54877"><ele>33.0</ele></rtept><rtept lat="48.23942" lon="-4.54898"><ele>37.0</ele></rtept><rtept lat="48.23935" lon="-4.54941"><ele>38.0</ele></rtept><rtept lat="48.23938" lon="-4.54981"><ele>38.0</ele></rtept><rtept lat="48.23942" lon="-4.5504"><ele>36.0</ele></rtept><rtept lat="48.23938" lon="-4.55044"><ele>39.0</ele></rtept><rtept lat="48.2394" lon="-4.55051"><ele>39.0</ele></rtept><rtept lat="48.23946" lon="-4.55058"><ele>39.0</ele></rtept><rtept lat="48.23952" lon="-4.55084"><ele>36.0</ele></rtept><rtept lat="48.23951" lon="-4.55101"><ele>36.0</ele></rtept><rtept lat="48.23957" lon="-4.55131"><ele>37.0</ele></rtept><rtept lat="48.23959" lon="-4.55189"><ele>37.0</ele></rtept><rtept lat="48.23956" lon="-4.55217"><ele>37.0</ele></rtept><rtept lat="48.23946" lon="-4.55255"><ele>41.0</ele></rtept><rtept lat="48.23927" lon="-4.55295"><ele>40.0</ele></rtept><rtept lat="48.23918" lon="-4.55351"><ele>40.0</ele></rtept><rtept lat="48.23908" lon="-4.55389"><ele>43.0</ele></rtept><rtept lat="48.23895" lon="-4.55419"><ele>43.0</ele></rtept><rtept lat="48.23871" lon="-4.55457"><ele>43.0</ele></rtept><rtept lat="48.23845" lon="-4.55511"><ele>46.0</ele></rtept><rtept lat="48.23827" lon="-4.55544"><ele>46.0</ele></rtept><rtept lat="48.23798" lon="-4.55599"><ele>43.0</ele></rtept><rtept lat="48.23791" lon="-4.55602"><ele>45.0</ele></rtept><rtept lat="48.23787" lon="-4.556"><ele>42.0</ele></rtept><rtept lat="48.23782" lon="-4.55605"><ele>42.0</ele></rtept><rtept lat="48.23779" lon="-4.55614"><ele>40.0</ele></rtept><rtept lat="48.23774" lon="-4.55616"><ele>40.0</ele></rtept><rtept lat="48.23768" lon="-4.55623"><ele>37.0</ele></rtept><rtept lat="48.23748" lon="-4.55654"><ele>31.0</ele></rtept><rtept lat="48.23732" lon="-4.55684"><ele>30.0</ele></rtept><rtept lat="48.2371" lon="-4.55724"><ele>25.0</ele></rtept><rtept lat="48.23688" lon="-4.55752"><ele>24.0</ele></rtept><rtept lat="48.23683" lon="-4.55769"><ele>23.0</ele></rtept><rtept lat="48.23675" lon="-4.55811"><ele>18.0</ele></rtept><rtept lat="48.23662" lon="-4.55856"><ele>17.0</ele></rtept><rtept lat="48.23651" lon="-4.55884"><ele>15.0</ele></rtept><rtept lat="48.23636" lon="-4.5591"><ele>12.0</ele></rtept><rtept lat="48.23635" lon="-4.55917"><ele>12.0</ele></rtept><rtept lat="48.23638" lon="-4.55924"><ele>12.0</ele></rtept><rtept lat="48.23634" lon="-4.55928"><ele>12.0</ele></rtept><rtept lat="48.23623" lon="-4.55926"><ele>12.0</ele></rtept><rtept lat="48.2362" lon="-4.55938"><ele>12.0</ele></rtept><rtept lat="48.236" lon="-4.55959"><ele>15.0</ele></rtept><rtept lat="48.23592" lon="-4.55978"><ele>15.0</ele></rtept><rtept lat="48.23583" lon="-4.56017"><ele>15.0</ele></rtept><rtept lat="48.23573" lon="-4.56039"><ele>14.0</ele></rtept><rtept lat="48.23565" lon="-4.56064"><ele>14.0</ele></rtept><rtept lat="48.23565" lon="-4.56097"><ele>15.0</ele></rtept><rtept lat="48.23554" lon="-4.56114"><ele>14.0</ele></rtept><rtept lat="48.23551" lon="-4.56132"><ele>16.0</ele></rtept><rtept lat="48.23557" lon="-4.56179"><ele>17.0</ele></rtept><rtept lat="48.23567" lon="-4.56189"><ele>20.0</ele></rtept><rtept lat="48.23571" lon="-4.56205"><ele>19.0</ele></rtept><rtept lat="48.23571" lon="-4.56231"><ele>20.0</ele></rtept><rtept lat="48.23568" lon="-4.56253"><ele>22.0</ele></rtept><rtept lat="48.23564" lon="-4.56275"><ele>22.0</ele></rtept><rtept lat="48.23558" lon="-4.56304"><ele>22.0</ele></rtept><rtept lat="48.2356" lon="-4.56341"><ele>22.0</ele></rtept><rtept lat="48.23568" lon="-4.56355"><ele>24.0</ele></rtept><rtept lat="48.23577" lon="-4.56379"><ele>22.0</ele></rtept><rtept lat="48.23567" lon="-4.56433"><ele>24.0</ele></rtept><rtept lat="48.23572" lon="-4.56449"><ele>26.0</ele></rtept><rtept lat="48.23593" lon="-4.5647"><ele>24.0</ele></rtept><rtept lat="48.236" lon="-4.56473"><ele>26.0</ele></rtept><rtept lat="48.2363" lon="-4.56489"><ele>25.0</ele></rtept><rtept lat="48.23635" lon="-4.56498"><ele>28.0</ele></rtept><rtept lat="48.23641" lon="-4.56517"><ele>28.0</ele></rtept><rtept lat="48.23659" lon="-4.56539"><ele>32.0</ele></rtept><rtept lat="48.23678" lon="-4.56562"><ele>36.0</ele></rtept><rtept lat="48.23675" lon="-4.56582"><ele>35.0</ele></rtept><rtept lat="48.23672" lon="-4.56584"><ele>35.0</ele></rtept><rtept lat="48.23658" lon="-4.56583"><ele>41.0</ele></rtept><rtept lat="48.23635" lon="-4.56599"><ele>41.0</ele></rtept><rtept lat="48.23621" lon="-4.56602"><ele>43.0</ele></rtept><rtept lat="48.23598" lon="-4.56593"><ele>38.0</ele></rtept><rtept lat="48.23558" lon="-4.56578"><ele>34.0</ele></rtept><rtept lat="48.23546" lon="-4.56578"><ele>34.0</ele></rtept><rtept lat="48.23531" lon="-4.56581"><ele>34.0</ele></rtept><rtept lat="48.23511" lon="-4.56597"><ele>36.0</ele></rtept><rtept lat="48.23487" lon="-4.5661"><ele>37.0</ele></rtept><rtept lat="48.2348" lon="-4.5666"><ele>38.0</ele></rtept><rtept lat="48.23471" lon="-4.56704"><ele>39.0</ele></rtept><rtept lat="48.23468" lon="-4.56745"><ele>43.0</ele></rtept><rtept lat="48.23469" lon="-4.56773"><ele>45.0</ele></rtept><rtept lat="48.2346" lon="-4.56813"><ele>46.0</ele></rtept><rtept lat="48.23453" lon="-4.56857"><ele>47.0</ele></rtept><rtept lat="48.23464" lon="-4.56893"><ele>49.0</ele></rtept><rtept lat="48.23479" lon="-4.56942"><ele>49.0</ele></rtept><rtept lat="48.23482" lon="-4.56972"><ele>45.0</ele></rtept><rtept lat="48.23482" lon="-4.56991"><ele>41.0</ele></rtept><rtept lat="48.23473" lon="-4.57015"><ele>45.0</ele></rtept><rtept lat="48.23472" lon="-4.57013"><ele>45.0</ele></rtept><rtept lat="48.23472" lon="-4.57014"><ele>45.0</ele></rtept><rtept lat="48.23468" lon="-4.57003"><ele>48.0</ele></rtept><rtept lat="48.23439" lon="-4.56998"><ele>49.0</ele></rtept><rtept lat="48.23415" lon="-4.57003"><ele>53.0</ele></rtept><rtept lat="48.23389" lon="-4.57009"><ele>53.0</ele></rtept><rtept lat="48.23375" lon="-4.57022"><ele>54.0</ele></rtept><rtept lat="48.2337" lon="-4.57022"><ele>54.0</ele></rtept><rtept lat="48.23362" lon="-4.57015"><ele>54.0</ele></rtept><rtept lat="48.23357" lon="-4.57022"><ele>57.0</ele></rtept><rtept lat="48.23349" lon="-4.57026"><ele>59.0</ele></rtept><rtept lat="48.23341" lon="-4.57026"><ele>59.0</ele></rtept><rtept lat="48.23331" lon="-4.57019"><ele>59.0</ele></rtept><rtept lat="48.23302" lon="-4.57017"><ele>60.0</ele></rtept><rtept lat="48.2329" lon="-4.57022"><ele>61.0</ele></rtept><rtept lat="48.23284" lon="-4.57021"><ele>59.0</ele></rtept><rtept lat="48.23269" lon="-4.57033"><ele>59.0</ele></rtept><rtept lat="48.23264" lon="-4.57036"><ele>59.0</ele></rtept><rtept lat="48.2326" lon="-4.57033"><ele>60.0</ele></rtept><rtept lat="48.23255" lon="-4.57019"><ele>61.0</ele></rtept><rtept lat="48.23252" lon="-4.5699"><ele>62.0</ele></rtept><rtept lat="48.23247" lon="-4.56949"><ele>61.0</ele></rtept><rtept lat="48.2325" lon="-4.56886"><ele>61.0</ele></rtept><rtept lat="48.23272" lon="-4.56855"><ele>59.0</ele></rtept><rtept lat="48.2329" lon="-4.56825"><ele>56.0</ele></rtept><rtept lat="48.23298" lon="-4.56785"><ele>54.0</ele></rtept><rtept lat="48.23299" lon="-4.56745"><ele>52.0</ele></rtept><rtept lat="48.23304" lon="-4.56714"><ele>50.0</ele></rtept><rtept lat="48.23305" lon="-4.56695"><ele>49.0</ele></rtept><rtept lat="48.23302" lon="-4.5666"><ele>48.0</ele></rtept><rtept lat="48.23322" lon="-4.56616"><ele>48.0</ele></rtept><rtept lat="48.23327" lon="-4.56562"><ele>47.0</ele></rtept><rtept lat="48.23333" lon="-4.56534"><ele>46.0</ele></rtept><rtept lat="48.23337" lon="-4.56522"><ele>44.0</ele></rtept><rtept lat="48.23352" lon="-4.56503"><ele>44.0</ele></rtept><rtept lat="48.23351" lon="-4.5647"><ele>41.0</ele></rtept><rtept lat="48.23354" lon="-4.56441"><ele>39.0</ele></rtept><rtept lat="48.23354" lon="-4.56426"><ele>37.0</ele></rtept><rtept lat="48.23359" lon="-4.56406"><ele>35.0</ele></rtept><rtept lat="48.23345" lon="-4.56376"><ele>33.0</ele></rtept><rtept lat="48.23327" lon="-4.56339"><ele>32.0</ele></rtept><rtept lat="48.23313" lon="-4.56335"><ele>32.0</ele></rtept><rtept lat="48.23305" lon="-4.56329"><ele>32.0</ele></rtept><rtept lat="48.23287" lon="-4.56327"><ele>32.0</ele></rtept><rtept lat="48.23263" lon="-4.5632"><ele>32.0</ele></rtept><rtept lat="48.23227" lon="-4.56299"><ele>32.0</ele></rtept><rtept lat="48.23213" lon="-4.56289"><ele>33.0</ele></rtept><rtept lat="48.23195" lon="-4.56278"><ele>32.0</ele></rtept><rtept lat="48.23189" lon="-4.56278"><ele>29.0</ele></rtept><rtept lat="48.2317" lon="-4.5628"><ele>23.0</ele></rtept><rtept lat="48.23152" lon="-4.56277"><ele>18.0</ele></rtept><rtept lat="48.23137" lon="-4.5625"><ele>20.0</ele></rtept><rtept lat="48.23123" lon="-4.56243"><ele>21.0</ele></rtept><rtept lat="48.23107" lon="-4.56231"><ele>16.0</ele></rtept><rtept lat="48.23083" lon="-4.56203"><ele>24.0</ele></rtept><rtept lat="48.23075" lon="-4.56186"><ele>32.0</ele></rtept><rtept lat="48.23071" lon="-4.56182"><ele>32.0</ele></rtept><rtept lat="48.23065" lon="-4.56151"><ele>32.0</ele></rtept><rtept lat="48.23066" lon="-4.56135"><ele>32.0</ele></rtept><rtept lat="48.23072" lon="-4.56115"><ele>39.0</ele></rtept><rtept lat="48.23073" lon="-4.56084"><ele>38.0</ele></rtept><rtept lat="48.23066" lon="-4.56076"><ele>39.0</ele></rtept><rtept lat="48.23048" lon="-4.56065"><ele>40.0</ele></rtept><rtept lat="48.23029" lon="-4.56053"><ele>42.0</ele></rtept><rtept lat="48.23004" lon="-4.56046"><ele>44.0</ele></rtept><rtept lat="48.22991" lon="-4.56053"><ele>47.0</ele></rtept><rtept lat="48.22984" lon="-4.5605"><ele>46.0</ele></rtept><rtept lat="48.22977" lon="-4.56046"><ele>48.0</ele></rtept><rtept lat="48.22973" lon="-4.56034"><ele>48.0</ele></rtept><rtept lat="48.22961" lon="-4.56015"><ele>46.0</ele></rtept><rtept lat="48.22953" lon="-4.56012"><ele>46.0</ele></rtept><rtept lat="48.2294" lon="-4.55992"><ele>51.0</ele></rtept><rtept lat="48.22935" lon="-4.55978"><ele>53.0</ele></rtept><rtept lat="48.22923" lon="-4.55961"><ele>55.0</ele></rtept><rtept lat="48.22906" lon="-4.55945"><ele>57.0</ele></rtept><rtept lat="48.22893" lon="-4.5593"><ele>58.0</ele></rtept><rtept lat="48.22876" lon="-4.55927"><ele>58.0</ele></rtept><rtept lat="48.22857" lon="-4.55924"><ele>58.0</ele></rtept><rtept lat="48.22846" lon="-4.55924"><ele>59.0</ele></rtept><rtept lat="48.22832" lon="-4.55928"><ele>59.0</ele></rtept><rtept lat="48.22803" lon="-4.55931"><ele>59.0</ele></rtept><rtept lat="48.22782" lon="-4.55938"><ele>59.0</ele></rtept><rtept lat="48.2275" lon="-4.55956"><ele>57.0</ele></rtept><rtept lat="48.22724" lon="-4.55957"><ele>56.0</ele></rtept><rtept lat="48.22691" lon="-4.55959"><ele>56.0</ele></rtept><rtept lat="48.22667" lon="-4.55956"><ele>53.0</ele></rtept><rtept lat="48.22637" lon="-4.55952"><ele>44.0</ele></rtept><rtept lat="48.22631" lon="-4.55949"><ele>44.0</ele></rtept><rtept lat="48.22612" lon="-4.55936"><ele>42.0</ele></rtept><rtept lat="48.22591" lon="-4.5592"><ele>39.0</ele></rtept><rtept lat="48.22564" lon="-4.55888"><ele>27.0</ele></rtept><rtept lat="48.22547" lon="-4.55865"><ele>21.0</ele></rtept><rtept lat="48.22528" lon="-4.55839"><ele>13.0</ele></rtept><rtept lat="48.22514" lon="-4.55849"><ele>8.0</ele></rtept><rtept lat="48.22508" lon="-4.55856"><ele>11.0</ele></rtept><rtept lat="48.22502" lon="-4.55849"><ele>7.0</ele></rtept><rtept lat="48.22495" lon="-4.55849"><ele>7.0</ele></rtept><rtept lat="48.22494" lon="-4.55837"><ele>12.0</ele></rtept><rtept lat="48.22496" lon="-4.55825"><ele>10.0</ele></rtept><rtept lat="48.22506" lon="-4.55799"><ele>14.0</ele></rtept><rtept lat="48.22504" lon="-4.55792"><ele>14.0</ele></rtept><rtept lat="48.22492" lon="-4.55799"><ele>14.0</ele></rtept><rtept lat="48.22477" lon="-4.55813"><ele>13.0</ele></rtept><rtept lat="48.22457" lon="-4.5583"><ele>13.0</ele></rtept><rtept lat="48.22452" lon="-4.55827"><ele>13.0</ele></rtept><rtept lat="48.2246" lon="-4.55795"><ele>20.0</ele></rtept><rtept lat="48.2247" lon="-4.55753"><ele>27.0</ele></rtept><rtept lat="48.22474" lon="-4.55688"><ele>28.0</ele></rtept><rtept lat="48.22472" lon="-4.55642"><ele>30.0</ele></rtept><rtept lat="48.22465" lon="-4.55619"><ele>35.0</ele></rtept><rtept lat="48.22458" lon="-4.55639"><ele>35.0</ele></rtept><rtept lat="48.22451" lon="-4.5566"><ele>35.0</ele></rtept><rtept lat="48.22433" lon="-4.55685"><ele>39.0</ele></rtept><rtept lat="48.2241" lon="-4.55717"><ele>41.0</ele></rtept><rtept lat="48.22383" lon="-4.55716"><ele>43.0</ele></rtept><rtept lat="48.2236" lon="-4.55719"><ele>44.0</ele></rtept><rtept lat="48.22337" lon="-4.55713"><ele>44.0</ele></rtept><rtept lat="48.22324" lon="-4.5569"><ele>45.0</ele></rtept><rtept lat="48.22299" lon="-4.55674"><ele>45.0</ele></rtept><rtept lat="48.2226" lon="-4.55649"><ele>46.0</ele></rtept><rtept lat="48.22249" lon="-4.55683"><ele>46.0</ele></rtept><rtept lat="48.22236" lon="-4.55724"><ele>44.0</ele></rtept><rtept lat="48.22231" lon="-4.55727"><ele>42.0</ele></rtept><rtept lat="48.22223" lon="-4.55712"><ele>46.0</ele></rtept><rtept lat="48.22201" lon="-4.55698"><ele>48.0</ele></rtept><rtept lat="48.22163" lon="-4.55721"><ele>51.0</ele></rtept><rtept lat="48.2214" lon="-4.55748"><ele>55.0</ele></rtept><rtept lat="48.22114" lon="-4.55766"><ele>56.0</ele></rtept><rtept lat="48.22098" lon="-4.55785"><ele>57.0</ele></rtept><rtept lat="48.22087" lon="-4.55804"><ele>60.0</ele></rtept><rtept lat="48.22085" lon="-4.55837"><ele>57.0</ele></rtept><rtept lat="48.22087" lon="-4.55846"><ele>56.0</ele></rtept><rtept lat="48.22081" lon="-4.55853"><ele>56.0</ele></rtept><rtept lat="48.22065" lon="-4.55853"><ele>57.0</ele></rtept><rtept lat="48.22056" lon="-4.55856"><ele>58.0</ele></rtept><rtept lat="48.22048" lon="-4.55853"><ele>58.0</ele></rtept><rtept lat="48.22038" lon="-4.55858"><ele>58.0</ele></rtept><rtept lat="48.22028" lon="-4.55856"><ele>58.0</ele></rtept><rtept lat="48.22018" lon="-4.55858"><ele>58.0</ele></rtept><rtept lat="48.21989" lon="-4.55874"><ele>59.0</ele></rtept><rtept lat="48.21977" lon="-4.55865"><ele>59.0</ele></rtept><rtept lat="48.21964" lon="-4.55865"><ele>59.0</ele></rtept><rtept lat="48.21944" lon="-4.55853"><ele>59.0</ele></rtept><rtept lat="48.2193" lon="-4.55851"><ele>55.0</ele></rtept><rtept lat="48.21922" lon="-4.55844"><ele>55.0</ele></rtept><rtept lat="48.21912" lon="-4.55844"><ele>53.0</ele></rtept><rtept lat="48.21895" lon="-4.55846"><ele>52.0</ele></rtept><rtept lat="48.2188" lon="-4.55842"><ele>49.0</ele></rtept><rtept lat="48.21868" lon="-4.55827"><ele>50.0</ele></rtept><rtept lat="48.21855" lon="-4.55832"><ele>50.0</ele></rtept><rtept lat="48.21841" lon="-4.55823"><ele>47.0</ele></rtept><rtept lat="48.21826" lon="-4.5583"><ele>51.0</ele></rtept><rtept lat="48.21815" lon="-4.55823"><ele>51.0</ele></rtept><rtept lat="48.21802" lon="-4.55818"><ele>53.0</ele></rtept><rtept lat="48.21777" lon="-4.55797"><ele>55.0</ele></rtept><rtept lat="48.21773" lon="-4.55792"><ele>55.0</ele></rtept><rtept lat="48.21766" lon="-4.5579"><ele>51.0</ele></rtept><rtept lat="48.21755" lon="-4.55783"><ele>55.0</ele></rtept><rtept lat="48.21745" lon="-4.55757"><ele>53.0</ele></rtept><rtept lat="48.2174" lon="-4.55738"><ele>52.0</ele></rtept><rtept lat="48.21739" lon="-4.55727"><ele>53.0</ele></rtept><rtept lat="48.21735" lon="-4.55715"><ele>54.0</ele></rtept><rtept lat="48.21728" lon="-4.55668"><ele>53.0</ele></rtept><rtept lat="48.21716" lon="-4.55637"><ele>52.0</ele></rtept><rtept lat="48.21702" lon="-4.55602"><ele>52.0</ele></rtept><rtept lat="48.21667" lon="-4.55562"><ele>54.0</ele></rtept><rtept lat="48.2166" lon="-4.5556"><ele>54.0</ele></rtept><rtept lat="48.21638" lon="-4.55565"><ele>54.0</ele></rtept><rtept lat="48.2161" lon="-4.55572"><ele>54.0</ele></rtept><rtept lat="48.21601" lon="-4.55575"><ele>54.0</ele></rtept><rtept lat="48.21591" lon="-4.55586"><ele>54.0</ele></rtept><rtept lat="48.21569" lon="-4.55616"><ele>53.0</ele></rtept><rtept lat="48.21533" lon="-4.55644"><ele>53.0</ele></rtept><rtept lat="48.21516" lon="-4.55637"><ele>52.0</ele></rtept><rtept lat="48.21503" lon="-4.55639"><ele>50.0</ele></rtept><rtept lat="48.21489" lon="-4.55647"><ele>45.0</ele></rtept><rtept lat="48.21473" lon="-4.55642"><ele>41.0</ele></rtept><rtept lat="48.21445" lon="-4.55616"><ele>36.0</ele></rtept><rtept lat="48.21427" lon="-4.55609"><ele>32.0</ele></rtept><rtept lat="48.21408" lon="-4.55605"><ele>30.0</ele></rtept><rtept lat="48.21391" lon="-4.55604"><ele>25.0</ele></rtept><rtept lat="48.21379" lon="-4.55581"><ele>28.0</ele></rtept><rtept lat="48.21362" lon="-4.55548"><ele>28.0</ele></rtept><rtept lat="48.21349" lon="-4.5552"><ele>25.0</ele></rtept><rtept lat="48.2133" lon="-4.55477"><ele>21.0</ele></rtept><rtept lat="48.21318" lon="-4.55446"><ele>21.0</ele></rtept><rtept lat="48.21304" lon="-4.55412"><ele>19.0</ele></rtept><rtept lat="48.21298" lon="-4.55405"><ele>19.0</ele></rtept><rtept lat="48.21283" lon="-4.55377"><ele>17.0</ele></rtept><rtept lat="48.21265" lon="-4.55333"><ele>15.0</ele></rtept><rtept lat="48.21262" lon="-4.55328"><ele>16.0</ele></rtept><rtept lat="48.21248" lon="-4.55297"><ele>14.0</ele></rtept><rtept lat="48.2124" lon="-4.5529"><ele>12.0</ele></rtept><rtept lat="48.21233" lon="-4.55288"><ele>14.0</ele></rtept><rtept lat="48.21223" lon="-4.55276"><ele>14.0</ele></rtept><rtept lat="48.2121" lon="-4.55271"><ele>13.0</ele></rtept><rtept lat="48.21201" lon="-4.55262"><ele>13.0</ele></rtept><rtept lat="48.21176" lon="-4.55255"><ele>9.0</ele></rtept><rtept lat="48.2117" lon="-4.5525"><ele>9.0</ele></rtept><rtept lat="48.21158" lon="-4.55231"><ele>8.0</ele></rtept><rtept lat="48.21155" lon="-4.55233"><ele>8.0</ele></rtept><rtept lat="48.21149" lon="-4.55224"><ele>6.0</ele></rtept><rtept lat="48.21136" lon="-4.55222"><ele>7.0</ele></rtept><rtept lat="48.21128" lon="-4.55213"><ele>6.0</ele></rtept><rtept lat="48.21125" lon="-4.55206"><ele>7.0</ele></rtept><rtept lat="48.21121" lon="-4.55205"><ele>7.0</ele></rtept><rtept lat="48.2112" lon="-4.55208"><ele>7.0</ele></rtept><rtept lat="48.21107" lon="-4.55189"><ele>7.0</ele></rtept><rtept lat="48.21094" lon="-4.55182"><ele>10.0</ele></rtept><rtept lat="48.21074" lon="-4.55163"><ele>7.0</ele></rtept><rtept lat="48.21049" lon="-4.55152"><ele>8.0</ele></rtept><rtept lat="48.2103" lon="-4.55152"><ele>8.0</ele></rtept><rtept lat="48.21007" lon="-4.55157"><ele>9.0</ele></rtept><rtept lat="48.20981" lon="-4.55163"><ele>10.0</ele></rtept><rtept lat="48.20958" lon="-4.55166"><ele>11.0</ele></rtept><rtept lat="48.20946" lon="-4.55166"><ele>11.0</ele></rtept><rtept lat="48.20926" lon="-4.55152"><ele>13.0</ele></rtept><rtept lat="48.20918" lon="-4.55149"><ele>13.0</ele></rtept><rtept lat="48.20907" lon="-4.55156"><ele>14.0</ele></rtept><rtept lat="48.20895" lon="-4.55149"><ele>14.0</ele></rtept><rtept lat="48.20878" lon="-4.55145"><ele>16.0</ele></rtept><rtept lat="48.20862" lon="-4.55159"><ele>21.0</ele></rtept><rtept lat="48.20861" lon="-4.55166"><ele>19.0</ele></rtept><rtept lat="48.20858" lon="-4.55168"><ele>21.0</ele></rtept><rtept lat="48.20835" lon="-4.55168"><ele>20.0</ele></rtept><rtept lat="48.20821" lon="-4.55194"><ele>22.0</ele></rtept><rtept lat="48.20817" lon="-4.55206"><ele>23.0</ele></rtept><rtept lat="48.20809" lon="-4.55213"><ele>22.0</ele></rtept><rtept lat="48.20789" lon="-4.55222"><ele>22.0</ele></rtept><rtept lat="48.20775" lon="-4.55233"><ele>22.0</ele></rtept><rtept lat="48.2077" lon="-4.55246"><ele>22.0</ele></rtept><rtept lat="48.20764" lon="-4.55253"><ele>22.0</ele></rtept><rtept lat="48.20756" lon="-4.5526"><ele>19.0</ele></rtept><rtept lat="48.20744" lon="-4.55275"><ele>22.0</ele></rtept><rtept lat="48.2073" lon="-4.55291"><ele>18.0</ele></rtept><rtept lat="48.20724" lon="-4.55307"><ele>18.0</ele></rtept><rtept lat="48.20716" lon="-4.55318"><ele>17.0</ele></rtept><rtept lat="48.20709" lon="-4.55321"><ele>17.0</ele></rtept><rtept lat="48.20675" lon="-4.55318"><ele>17.0</ele></rtept><rtept lat="48.20665" lon="-4.55316"><ele>10.0</ele></rtept><rtept lat="48.20664" lon="-4.55307"><ele>9.0</ele></rtept><rtept lat="48.20669" lon="-4.55295"><ele>15.0</ele></rtept><rtept lat="48.20666" lon="-4.55286"><ele>11.0</ele></rtept><rtept lat="48.20661" lon="-4.55281"><ele>11.0</ele></rtept><rtept lat="48.20658" lon="-4.55264"><ele>13.0</ele></rtept><rtept lat="48.20647" lon="-4.55246"><ele>12.0</ele></rtept><rtept lat="48.20628" lon="-4.55234"><ele>12.0</ele></rtept><rtept lat="48.20612" lon="-4.55232"><ele>9.0</ele></rtept><rtept lat="48.20607" lon="-4.55227"><ele>11.0</ele></rtept><rtept lat="48.20584" lon="-4.55218"><ele>11.0</ele></rtept><rtept lat="48.20571" lon="-4.55203"><ele>14.0</ele></rtept><rtept lat="48.20569" lon="-4.55206"><ele>11.0</ele></rtept><rtept lat="48.20566" lon="-4.55201"><ele>13.0</ele></rtept><rtept lat="48.20548" lon="-4.55206"><ele>11.0</ele></rtept><rtept lat="48.20536" lon="-4.55203"><ele>12.0</ele></rtept><rtept lat="48.2053" lon="-4.5521"><ele>11.0</ele></rtept><rtept lat="48.20523" lon="-4.55212"><ele>11.0</ele></rtept><rtept lat="48.20517" lon="-4.55215"><ele>11.0</ele></rtept><rtept lat="48.20513" lon="-4.55215"><ele>11.0</ele></rtept><rtept lat="48.20497" lon="-4.55203"><ele>15.0</ele></rtept><rtept lat="48.20486" lon="-4.55201"><ele>15.0</ele></rtept><rtept lat="48.20471" lon="-4.55192"><ele>15.0</ele></rtept><rtept lat="48.20457" lon="-4.55189"><ele>18.0</ele></rtept><rtept lat="48.20429" lon="-4.55171"><ele>17.0</ele></rtept><rtept lat="48.20423" lon="-4.55154"><ele>20.0</ele></rtept><rtept lat="48.20423" lon="-4.5514"><ele>20.0</ele></rtept><rtept lat="48.20396" lon="-4.55124"><ele>21.0</ele></rtept><rtept lat="48.20364" lon="-4.55116"><ele>22.0</ele></rtept><rtept lat="48.20345" lon="-4.55105"><ele>22.0</ele></rtept><rtept lat="48.2033" lon="-4.55091"><ele>22.0</ele></rtept><rtept lat="48.20321" lon="-4.5508"><ele>20.0</ele></rtept><rtept lat="48.20315" lon="-4.55129"><ele>19.0</ele></rtept><rtept lat="48.20315" lon="-4.55159"><ele>15.0</ele></rtept><rtept lat="48.20296" lon="-4.55161"><ele>14.0</ele></rtept><rtept lat="48.20267" lon="-4.55142"><ele>13.0</ele></rtept><rtept lat="48.20262" lon="-4.55145"><ele>13.0</ele></rtept><rtept lat="48.20254" lon="-4.55137"><ele>15.0</ele></rtept><rtept lat="48.20239" lon="-4.55142"><ele>11.0</ele></rtept><rtept lat="48.20234" lon="-4.55145"><ele>11.0</ele></rtept><rtept lat="48.2022" lon="-4.55145"><ele>10.0</ele></rtept><rtept lat="48.20213" lon="-4.55146"><ele>10.0</ele></rtept><rtept lat="48.20193" lon="-4.55138"><ele>10.0</ele></rtept><rtept lat="48.20178" lon="-4.55128"><ele>10.0</ele></rtept><rtept lat="48.20163" lon="-4.55123"><ele>9.0</ele></rtept><rtept lat="48.20148" lon="-4.55117"><ele>10.0</ele></rtept><rtept lat="48.20136" lon="-4.55117"><ele>9.0</ele></rtept><rtept lat="48.20115" lon="-4.55114"><ele>9.0</ele></rtept><rtept lat="48.20097" lon="-4.55102"><ele>9.0</ele></rtept><rtept lat="48.20089" lon="-4.551"><ele>10.0</ele></rtept><rtept lat="48.20082" lon="-4.55095"><ele>9.0</ele></rtept><rtept lat="48.20071" lon="-4.55081"><ele>9.0</ele></rtept><rtept lat="48.20064" lon="-4.55086"><ele>8.0</ele></rtept><rtept lat="48.20044" lon="-4.55091"><ele>8.0</ele></rtept><rtept lat="48.20048" lon="-4.55071"><ele>8.0</ele></rtept><rtept lat="48.20042" lon="-4.55068"><ele>8.0</ele></rtept><rtept lat="48.20034" lon="-4.55067"><ele>7.0</ele></rtept><rtept lat="48.20026" lon="-4.55058"><ele>8.0</ele></rtept><rtept lat="48.20015" lon="-4.5505"><ele>8.0</ele></rtept><rtept lat="48.20009" lon="-4.55047"><ele>8.0</ele></rtept><rtept lat="48.19988" lon="-4.55044"><ele>8.0</ele></rtept><rtept lat="48.1997" lon="-4.55044"><ele>8.0</ele></rtept><rtept lat="48.19948" lon="-4.55035"><ele>10.0</ele></rtept><rtept lat="48.19925" lon="-4.55027"><ele>10.0</ele></rtept><rtept lat="48.19898" lon="-4.55018"><ele>12.0</ele></rtept><rtept lat="48.19864" lon="-4.55027"><ele>13.0</ele></rtept><rtept lat="48.19824" lon="-4.55032"><ele>14.0</ele></rtept><rtept lat="48.19812" lon="-4.5503"><ele>14.0</ele></rtept><rtept lat="48.1978" lon="-4.5502"><ele>17.0</ele></rtept><rtept lat="48.1976" lon="-4.55018"><ele>17.0</ele></rtept><rtept lat="48.19737" lon="-4.55004"><ele>18.0</ele></rtept><rtept lat="48.1972" lon="-4.54999"><ele>18.0</ele></rtept><rtept lat="48.19707" lon="-4.54991"><ele>18.0</ele></rtept><rtept lat="48.19694" lon="-4.54983"><ele>18.0</ele></rtept><rtept lat="48.19686" lon="-4.54983"><ele>20.0</ele></rtept><rtept lat="48.19668" lon="-4.54974"><ele>19.0</ele></rtept><rtept lat="48.1965" lon="-4.54964"><ele>19.0</ele></rtept><rtept lat="48.19628" lon="-4.54945"><ele>20.0</ele></rtept><rtept lat="48.19617" lon="-4.54941"><ele>21.0</ele></rtept><rtept lat="48.19593" lon="-4.54938"><ele>24.0</ele></rtept><rtept lat="48.19577" lon="-4.54943"><ele>26.0</ele></rtept><rtept lat="48.19561" lon="-4.54941"><ele>27.0</ele></rtept><rtept lat="48.19549" lon="-4.54929"><ele>29.0</ele></rtept><rtept lat="48.19537" lon="-4.54924"><ele>30.0</ele></rtept><rtept lat="48.19515" lon="-4.54927"><ele>30.0</ele></rtept><rtept lat="48.19492" lon="-4.54929"><ele>30.0</ele></rtept><rtept lat="48.19481" lon="-4.54929"><ele>30.0</ele></rtept><rtept lat="48.19477" lon="-4.54924"><ele>30.0</ele></rtept><rtept lat="48.19462" lon="-4.54922"><ele>30.0</ele></rtept><rtept lat="48.1944" lon="-4.54908"><ele>31.0</ele></rtept><rtept lat="48.19429" lon="-4.54905"><ele>36.0</ele></rtept><rtept lat="48.19421" lon="-4.5491"><ele>32.0</ele></rtept><rtept lat="48.19403" lon="-4.54905"><ele>39.0</ele></rtept><rtept lat="48.1939" lon="-4.54896"><ele>42.0</ele></rtept><rtept lat="48.19386" lon="-4.54891"><ele>42.0</ele></rtept><rtept lat="48.19383" lon="-4.54884"><ele>42.0</ele></rtept><rtept lat="48.19385" lon="-4.54868"><ele>43.0</ele></rtept><rtept lat="48.19383" lon="-4.54861"><ele>42.0</ele></rtept><rtept lat="48.19379" lon="-4.54858"><ele>44.0</ele></rtept><rtept lat="48.1936" lon="-4.54873"><ele>42.0</ele></rtept><rtept lat="48.19323" lon="-4.54887"><ele>39.0</ele></rtept><rtept lat="48.19301" lon="-4.54882"><ele>38.0</ele></rtept><rtept lat="48.19276" lon="-4.5487"><ele>38.0</ele></rtept><rtept lat="48.19242" lon="-4.54854"><ele>40.0</ele></rtept><rtept lat="48.19233" lon="-4.54854"><ele>41.0</ele></rtept><rtept lat="48.19224" lon="-4.54865"><ele>46.0</ele></rtept><rtept lat="48.19223" lon="-4.549"><ele>46.0</ele></rtept><rtept lat="48.19221" lon="-4.54938"><ele>45.0</ele></rtept><rtept lat="48.19219" lon="-4.54955"><ele>44.0</ele></rtept><rtept lat="48.1921" lon="-4.54976"><ele>44.0</ele></rtept><rtept lat="48.1919" lon="-4.54994"><ele>45.0</ele></rtept><rtept lat="48.19169" lon="-4.55013"><ele>45.0</ele></rtept><rtept lat="48.19159" lon="-4.5502"><ele>45.0</ele></rtept><rtept lat="48.19142" lon="-4.55027"><ele>45.0</ele></rtept><rtept lat="48.1913" lon="-4.55037"><ele>47.0</ele></rtept><rtept lat="48.19117" lon="-4.55056"><ele>49.0</ele></rtept><rtept lat="48.19104" lon="-4.55098"><ele>48.0</ele></rtept><rtept lat="48.19102" lon="-4.55126"><ele>48.0</ele></rtept><rtept lat="48.19096" lon="-4.55154"><ele>46.0</ele></rtept><rtept lat="48.19087" lon="-4.5518"><ele>46.0</ele></rtept><rtept lat="48.19075" lon="-4.55196"><ele>45.0</ele></rtept><rtept lat="48.19058" lon="-4.55205"><ele>46.0</ele></rtept><rtept lat="48.19038" lon="-4.55217"><ele>43.0</ele></rtept><rtept lat="48.19021" lon="-4.55217"><ele>43.0</ele></rtept><rtept lat="48.19003" lon="-4.55213"><ele>41.0</ele></rtept><rtept lat="48.18995" lon="-4.55199"><ele>40.0</ele></rtept><rtept lat="48.18992" lon="-4.55174"><ele>40.0</ele></rtept><rtept lat="48.1899" lon="-4.55149"><ele>31.0</ele></rtept><rtept lat="48.18984" lon="-4.55124"><ele>40.0</ele></rtept><rtept lat="48.18978" lon="-4.55084"><ele>40.0</ele></rtept><rtept lat="48.18973" lon="-4.55063"><ele>44.0</ele></rtept><rtept lat="48.18965" lon="-4.55046"><ele>40.0</ele></rtept><rtept lat="48.18954" lon="-4.55015"><ele>44.0</ele></rtept><rtept lat="48.18943" lon="-4.5498"><ele>48.0</ele></rtept><rtept lat="48.18929" lon="-4.54953"><ele>51.0</ele></rtept><rtept lat="48.18915" lon="-4.54924"><ele>55.0</ele></rtept><rtept lat="48.18893" lon="-4.54889"><ele>62.0</ele></rtept><rtept lat="48.18889" lon="-4.54875"><ele>66.0</ele></rtept><rtept lat="48.18881" lon="-4.54866"><ele>66.0</ele></rtept><rtept lat="48.18879" lon="-4.54848"><ele>74.0</ele></rtept><rtept lat="48.18872" lon="-4.54851"><ele>73.0</ele></rtept><rtept lat="48.18861" lon="-4.54882"><ele>73.0</ele></rtept><rtept lat="48.18844" lon="-4.54908"><ele>73.0</ele></rtept><rtept lat="48.18826" lon="-4.54936"><ele>71.0</ele></rtept><rtept lat="48.18803" lon="-4.54941"><ele>72.0</ele></rtept><rtept lat="48.18794" lon="-4.54934"><ele>73.0</ele></rtept><rtept lat="48.18785" lon="-4.54941"><ele>72.0</ele></rtept><rtept lat="48.18767" lon="-4.5495"><ele>72.0</ele></rtept><rtept lat="48.18762" lon="-4.5495"><ele>72.0</ele></rtept><rtept lat="48.18737" lon="-4.54941"><ele>72.0</ele></rtept><rtept lat="48.18707" lon="-4.54943"><ele>77.0</ele></rtept><rtept lat="48.18689" lon="-4.54962"><ele>77.0</ele></rtept><rtept lat="48.1866" lon="-4.54999"><ele>77.0</ele></rtept><rtept lat="48.18637" lon="-4.55018"><ele>77.0</ele></rtept><rtept lat="48.18628" lon="-4.55023"><ele>78.0</ele></rtept><rtept lat="48.18622" lon="-4.5503"><ele>74.0</ele></rtept><rtept lat="48.18607" lon="-4.55037"><ele>79.0</ele></rtept><rtept lat="48.1859" lon="-4.55058"><ele>76.0</ele></rtept><rtept lat="48.18582" lon="-4.55072"><ele>79.0</ele></rtept><rtept lat="48.18573" lon="-4.551"><ele>78.0</ele></rtept><rtept lat="48.1856" lon="-4.55131"><ele>78.0</ele></rtept><rtept lat="48.18556" lon="-4.55144"><ele>79.0</ele></rtept><rtept lat="48.18536" lon="-4.55168"><ele>78.0</ele></rtept><rtept lat="48.18511" lon="-4.55186"><ele>73.0</ele></rtept><rtept lat="48.18489" lon="-4.5517"><ele>74.0</ele></rtept><rtept lat="48.18465" lon="-4.55152"><ele>75.0</ele></rtept><rtept lat="48.18433" lon="-4.55138"><ele>77.0</ele></rtept><rtept lat="48.18425" lon="-4.55133"><ele>77.0</ele></rtept><rtept lat="48.18414" lon="-4.55119"><ele>80.0</ele></rtept><rtept lat="48.1841" lon="-4.55117"><ele>80.0</ele></rtept><rtept lat="48.18392" lon="-4.55116"><ele>80.0</ele></rtept><rtept lat="48.18387" lon="-4.55105"><ele>80.0</ele></rtept><rtept lat="48.18373" lon="-4.55091"><ele>82.0</ele></rtept><rtept lat="48.18361" lon="-4.55068"><ele>83.0</ele></rtept><rtept lat="48.18354" lon="-4.55056"><ele>83.0</ele></rtept><rtept lat="48.18343" lon="-4.5502"><ele>83.0</ele></rtept><rtept lat="48.18327" lon="-4.54984"><ele>83.0</ele></rtept><rtept lat="48.18298" lon="-4.54917"><ele>84.0</ele></rtept><rtept lat="48.18289" lon="-4.54886"><ele>85.0</ele></rtept><rtept lat="48.18273" lon="-4.54863"><ele>85.0</ele></rtept><rtept lat="48.18256" lon="-4.54839"><ele>85.0</ele></rtept><rtept lat="48.18232" lon="-4.54807"><ele>85.0</ele></rtept><rtept lat="48.18229" lon="-4.54793"><ele>84.0</ele></rtept><rtept lat="48.18216" lon="-4.54762"><ele>85.0</ele></rtept><rtept lat="48.18209" lon="-4.54776"><ele>84.0</ele></rtept><rtept lat="48.18193" lon="-4.54793"><ele>78.0</ele></rtept><rtept lat="48.18192" lon="-4.548"><ele>78.0</ele></rtept><rtept lat="48.18176" lon="-4.54833"><ele>72.0</ele></rtept><rtept lat="48.18169" lon="-4.54851"><ele>69.0</ele></rtept><rtept lat="48.18145" lon="-4.54861"><ele>72.0</ele></rtept><rtept lat="48.1814" lon="-4.54856"><ele>73.0</ele></rtept><rtept lat="48.18127" lon="-4.54863"><ele>70.0</ele></rtept><rtept lat="48.18125" lon="-4.5487"><ele>73.0</ele></rtept><rtept lat="48.18124" lon="-4.54884"><ele>71.0</ele></rtept><rtept lat="48.18108" lon="-4.54912"><ele>69.0</ele></rtept><rtept lat="48.18102" lon="-4.54934"><ele>66.0</ele></rtept><rtept lat="48.18083" lon="-4.54966"><ele>65.0</ele></rtept><rtept lat="48.18072" lon="-4.55011"><ele>59.0</ele></rtept><rtept lat="48.18057" lon="-4.5503"><ele>53.0</ele></rtept><rtept lat="48.18053" lon="-4.55044"><ele>53.0</ele></rtept><rtept lat="48.18043" lon="-4.55058"><ele>56.0</ele></rtept><rtept lat="48.18037" lon="-4.55063"><ele>56.0</ele></rtept><rtept lat="48.18029" lon="-4.55114"><ele>60.0</ele></rtept><rtept lat="48.18024" lon="-4.55117"><ele>60.0</ele></rtept><rtept lat="48.18007" lon="-4.55114"><ele>65.0</ele></rtept><rtept lat="48.17995" lon="-4.55124"><ele>72.0</ele></rtept><rtept lat="48.1798" lon="-4.55144"><ele>71.0</ele></rtept><rtept lat="48.17967" lon="-4.55154"><ele>76.0</ele></rtept><rtept lat="48.17944" lon="-4.55163"><ele>76.0</ele></rtept><rtept lat="48.17931" lon="-4.55173"><ele>76.0</ele></rtept><rtept lat="48.17914" lon="-4.55176"><ele>78.0</ele></rtept><rtept lat="48.17895" lon="-4.55179"><ele>80.0</ele></rtept><rtept lat="48.17886" lon="-4.55187"><ele>82.0</ele></rtept><rtept lat="48.17868" lon="-4.55213"><ele>84.0</ele></rtept><rtept lat="48.17857" lon="-4.55232"><ele>83.0</ele></rtept><rtept lat="48.17848" lon="-4.55267"><ele>84.0</ele></rtept><rtept lat="48.17839" lon="-4.55281"><ele>86.0</ele></rtept><rtept lat="48.17832" lon="-4.55283"><ele>86.0</ele></rtept><rtept lat="48.17814" lon="-4.55316"><ele>87.0</ele></rtept><rtept lat="48.178" lon="-4.55343"><ele>87.0</ele></rtept><rtept lat="48.17785" lon="-4.55372"><ele>88.0</ele></rtept><rtept lat="48.1778" lon="-4.55386"><ele>90.0</ele></rtept><rtept lat="48.1777" lon="-4.55398"><ele>92.0</ele></rtept><rtept lat="48.17758" lon="-4.5541"><ele>91.0</ele></rtept><rtept lat="48.17749" lon="-4.55422"><ele>93.0</ele></rtept><rtept lat="48.1774" lon="-4.55431"><ele>93.0</ele></rtept><rtept lat="48.1774" lon="-4.5545"><ele>93.0</ele></rtept><rtept lat="48.17748" lon="-4.55487"><ele>93.0</ele></rtept><rtept lat="48.17747" lon="-4.55504"><ele>92.0</ele></rtept><rtept lat="48.1774" lon="-4.5553"><ele>91.0</ele></rtept><rtept lat="48.17732" lon="-4.5556"><ele>91.0</ele></rtept><rtept lat="48.17717" lon="-4.55592"><ele>92.0</ele></rtept><rtept lat="48.17696" lon="-4.55635"><ele>92.0</ele></rtept><rtept lat="48.17683" lon="-4.5567"><ele>91.0</ele></rtept><rtept lat="48.17664" lon="-4.55696"><ele>91.0</ele></rtept><rtept lat="48.17651" lon="-4.55722"><ele>90.0</ele></rtept><rtept lat="48.17639" lon="-4.55736"><ele>92.0</ele></rtept><rtept lat="48.17633" lon="-4.5574"><ele>90.0</ele></rtept><rtept lat="48.1763" lon="-4.55745"><ele>92.0</ele></rtept><rtept lat="48.17625" lon="-4.55764"><ele>88.0</ele></rtept><rtept lat="48.17626" lon="-4.55766"><ele>91.0</ele></rtept><rtept lat="48.17619" lon="-4.55773"><ele>89.0</ele></rtept><rtept lat="48.1761" lon="-4.5579"><ele>88.0</ele></rtept><rtept lat="48.17606" lon="-4.55788"><ele>90.0</ele></rtept><rtept lat="48.17593" lon="-4.55775"><ele>88.0</ele></rtept><rtept lat="48.17586" lon="-4.55769"><ele>90.0</ele></rtept><rtept lat="48.17578" lon="-4.55736"><ele>88.0</ele></rtept><rtept lat="48.17572" lon="-4.55722"><ele>87.0</ele></rtept><rtept lat="48.17572" lon="-4.55708"><ele>88.0</ele></rtept><rtept lat="48.17561" lon="-4.55687"><ele>88.0</ele></rtept><rtept lat="48.17553" lon="-4.55668"><ele>84.0</ele></rtept><rtept lat="48.17546" lon="-4.55661"><ele>84.0</ele></rtept><rtept lat="48.17543" lon="-4.55654"><ele>84.0</ele></rtept><rtept lat="48.17519" lon="-4.55633"><ele>84.0</ele></rtept><rtept lat="48.1751" lon="-4.55628"><ele>81.0</ele></rtept><rtept lat="48.17498" lon="-4.55613"><ele>82.0</ele></rtept><rtept lat="48.1749" lon="-4.55605"><ele>81.0</ele></rtept><rtept lat="48.17463" lon="-4.5559"><ele>81.0</ele></rtept><rtept lat="48.1745" lon="-4.55588"><ele>76.0</ele></rtept><rtept lat="48.17448" lon="-4.55583"><ele>76.0</ele></rtept><rtept lat="48.17439" lon="-4.55581"><ele>72.0</ele></rtept><rtept lat="48.17426" lon="-4.55583"><ele>72.0</ele></rtept><rtept lat="48.17414" lon="-4.55572"><ele>68.0</ele></rtept><rtept lat="48.17392" lon="-4.55565"><ele>65.0</ele></rtept><rtept lat="48.17378" lon="-4.55567"><ele>63.0</ele></rtept><rtept lat="48.17369" lon="-4.55572"><ele>65.0</ele></rtept><rtept lat="48.17356" lon="-4.55576"><ele>70.0</ele></rtept><rtept lat="48.17347" lon="-4.55583"><ele>65.0</ele></rtept><rtept lat="48.17316" lon="-4.55593"><ele>77.0</ele></rtept><rtept lat="48.17312" lon="-4.55588"><ele>77.0</ele></rtept><rtept lat="48.17298" lon="-4.55582"><ele>84.0</ele></rtept><rtept lat="48.17292" lon="-4.55588"><ele>84.0</ele></rtept><rtept lat="48.17285" lon="-4.55614"><ele>86.0</ele></rtept><rtept lat="48.17282" lon="-4.55635"><ele>86.0</ele></rtept><rtept lat="48.17266" lon="-4.55647"><ele>86.0</ele></rtept><rtept lat="48.17243" lon="-4.55649"><ele>86.0</ele></rtept><rtept lat="48.17217" lon="-4.55647"><ele>84.0</ele></rtept><rtept lat="48.17187" lon="-4.55642"><ele>85.0</ele></rtept><rtept lat="48.17176" lon="-4.55647"><ele>85.0</ele></rtept><rtept lat="48.17157" lon="-4.55647"><ele>86.0</ele></rtept><rtept lat="48.17132" lon="-4.55636"><ele>86.0</ele></rtept><rtept lat="48.17097" lon="-4.55621"><ele>87.0</ele></rtept><rtept lat="48.17063" lon="-4.55609"><ele>87.0</ele></rtept><rtept lat="48.17059" lon="-4.55599"><ele>88.0</ele></rtept><rtept lat="48.17052" lon="-4.55593"><ele>88.0</ele></rtept><rtept lat="48.17038" lon="-4.55562"><ele>87.0</ele></rtept><rtept lat="48.17036" lon="-4.55534"><ele>90.0</ele></rtept><rtept lat="48.1702" lon="-4.55503"><ele>91.0</ele></rtept><rtept lat="48.16997" lon="-4.55459"><ele>93.0</ele></rtept><rtept lat="48.1699" lon="-4.55424"><ele>93.0</ele></rtept><rtept lat="48.16981" lon="-4.55383"><ele>91.0</ele></rtept><rtept lat="48.16954" lon="-4.55375"><ele>90.0</ele></rtept><rtept lat="48.16912" lon="-4.55363"><ele>84.0</ele></rtept><rtept lat="48.16904" lon="-4.55329"><ele>84.0</ele></rtept><rtept lat="48.16896" lon="-4.55291"><ele>84.0</ele></rtept><rtept lat="48.16901" lon="-4.55249"><ele>85.0</ele></rtept><rtept lat="48.16909" lon="-4.55179"><ele>87.0</ele></rtept><rtept lat="48.16911" lon="-4.55145"><ele>89.0</ele></rtept><rtept lat="48.16912" lon="-4.55111"><ele>90.0</ele></rtept><rtept lat="48.16919" lon="-4.55072"><ele>89.0</ele></rtept><rtept lat="48.16928" lon="-4.55017"><ele>89.0</ele></rtept><rtept lat="48.16927" lon="-4.54952"><ele>89.0</ele></rtept><rtept lat="48.16923" lon="-4.54919"><ele>88.0</ele></rtept><rtept lat="48.16919" lon="-4.54884"><ele>87.0</ele></rtept><rtept lat="48.16933" lon="-4.54828"><ele>88.0</ele></rtept><rtept lat="48.16944" lon="-4.54767"><ele>88.0</ele></rtept><rtept lat="48.16946" lon="-4.54731"><ele>88.0</ele></rtept><rtept lat="48.16949" lon="-4.54687"><ele>85.0</ele></rtept><rtept lat="48.16955" lon="-4.5465"><ele>85.0</ele></rtept><rtept lat="48.16965" lon="-4.54615"><ele>85.0</ele></rtept><rtept lat="48.16969" lon="-4.54605"><ele>84.0</ele></rtept><rtept lat="48.16976" lon="-4.54599"><ele>84.0</ele></rtept><rtept lat="48.16992" lon="-4.54596"><ele>89.0</ele></rtept><rtept lat="48.17004" lon="-4.54599"><ele>89.0</ele></rtept><rtept lat="48.17012" lon="-4.54565"><ele>91.0</ele></rtept><rtept lat="48.17014" lon="-4.5453"><ele>91.0</ele></rtept><rtept lat="48.17008" lon="-4.54496"><ele>90.0</ele></rtept><rtept lat="48.17008" lon="-4.54458"><ele>90.0</ele></rtept><rtept lat="48.17009" lon="-4.5441"><ele>89.0</ele></rtept><rtept lat="48.17003" lon="-4.54378"><ele>88.0</ele></rtept><rtept lat="48.1699" lon="-4.54352"><ele>87.0</ele></rtept><rtept lat="48.16978" lon="-4.54319"><ele>84.0</ele></rtept><rtept lat="48.16977" lon="-4.54311"><ele>84.0</ele></rtept><rtept lat="48.16979" lon="-4.54301"><ele>82.0</ele></rtept><rtept lat="48.16992" lon="-4.54286"><ele>84.0</ele></rtept><rtept lat="48.17005" lon="-4.5427"><ele>84.0</ele></rtept><rtept lat="48.17014" lon="-4.54263"><ele>84.0</ele></rtept><rtept lat="48.17038" lon="-4.5423"><ele>84.0</ele></rtept><rtept lat="48.17041" lon="-4.54192"><ele>81.0</ele></rtept><rtept lat="48.17045" lon="-4.54141"><ele>79.0</ele></rtept><rtept lat="48.17049" lon="-4.54119"><ele>71.0</ele></rtept><rtept lat="48.17055" lon="-4.54101"><ele>79.0</ele></rtept><rtept lat="48.17057" lon="-4.54087"><ele>75.0</ele></rtept><rtept lat="48.17064" lon="-4.5408"><ele>79.0</ele></rtept><rtept lat="48.17066" lon="-4.54073"><ele>79.0</ele></rtept><rtept lat="48.17075" lon="-4.54059"><ele>76.0</ele></rtept><rtept lat="48.17086" lon="-4.54052"><ele>69.0</ele></rtept><rtept lat="48.17102" lon="-4.5407"><ele>73.0</ele></rtept><rtept lat="48.17122" lon="-4.54101"><ele>71.0</ele></rtept><rtept lat="48.17147" lon="-4.54124"><ele>72.0</ele></rtept><rtept lat="48.17152" lon="-4.54134"><ele>68.0</ele></rtept><rtept lat="48.17162" lon="-4.54143"><ele>69.0</ele></rtept><rtept lat="48.17184" lon="-4.54183"><ele>68.0</ele></rtept><rtept lat="48.17196" lon="-4.54216"><ele>68.0</ele></rtept><rtept lat="48.17205" lon="-4.54234"><ele>61.0</ele></rtept><rtept lat="48.17207" lon="-4.54237"><ele>61.0</ele></rtept><rtept lat="48.17209" lon="-4.54234"><ele>61.0</ele></rtept><rtept lat="48.17206" lon="-4.5422"><ele>60.0</ele></rtept><rtept lat="48.17208" lon="-4.54216"><ele>60.0</ele></rtept><rtept lat="48.1721" lon="-4.54218"><ele>60.0</ele></rtept><rtept lat="48.17223" lon="-4.54256"><ele>56.0</ele></rtept><rtept lat="48.17247" lon="-4.54293"><ele>55.0</ele></rtept><rtept lat="48.17276" lon="-4.54319"><ele>54.0</ele></rtept><rtept lat="48.17285" lon="-4.54324"><ele>54.0</ele></rtept><rtept lat="48.17295" lon="-4.54326"><ele>54.0</ele></rtept><rtept lat="48.17326" lon="-4.54317"><ele>55.0</ele></rtept><rtept lat="48.17337" lon="-4.54305"><ele>54.0</ele></rtept><rtept lat="48.17346" lon="-4.54298"><ele>56.0</ele></rtept><rtept lat="48.17364" lon="-4.5429"><ele>61.0</ele></rtept><rtept lat="48.17395" lon="-4.54281"><ele>69.0</ele></rtept><rtept lat="48.17422" lon="-4.54278"><ele>70.0</ele></rtept><rtept lat="48.17465" lon="-4.54273"><ele>71.0</ele></rtept><rtept lat="48.17471" lon="-4.5427"><ele>77.0</ele></rtept><rtept lat="48.17479" lon="-4.54253"><ele>68.0</ele></rtept><rtept lat="48.1748" lon="-4.54237"><ele>67.0</ele></rtept><rtept lat="48.17483" lon="-4.54223"><ele>66.0</ele></rtept><rtept lat="48.17509" lon="-4.5419"><ele>66.0</ele></rtept><rtept lat="48.17532" lon="-4.54175"><ele>66.0</ele></rtept><rtept lat="48.1756" lon="-4.54157"><ele>67.0</ele></rtept><rtept lat="48.17579" lon="-4.54143"><ele>65.0</ele></rtept><rtept lat="48.17587" lon="-4.54129"><ele>61.0</ele></rtept><rtept lat="48.17609" lon="-4.54105"><ele>64.0</ele></rtept><rtept lat="48.17616" lon="-4.54091"><ele>67.0</ele></rtept><rtept lat="48.17641" lon="-4.54061"><ele>64.0</ele></rtept><rtept lat="48.17659" lon="-4.5403"><ele>64.0</ele></rtept><rtept lat="48.17661" lon="-4.54007"><ele>65.0</ele></rtept><rtept lat="48.1767" lon="-4.53993"><ele>65.0</ele></rtept><rtept lat="48.17669" lon="-4.53983"><ele>63.0</ele></rtept><rtept lat="48.17677" lon="-4.53986"><ele>63.0</ele></rtept><rtept lat="48.17692" lon="-4.53995"><ele>63.0</ele></rtept><rtept lat="48.17714" lon="-4.54002"><ele>61.0</ele></rtept><rtept lat="48.17733" lon="-4.54016"><ele>53.0</ele></rtept><rtept lat="48.17755" lon="-4.54028"><ele>53.0</ele></rtept><rtept lat="48.17769" lon="-4.54049"><ele>53.0</ele></rtept><rtept lat="48.17772" lon="-4.54049"><ele>46.0</ele></rtept><rtept lat="48.17796" lon="-4.54087"><ele>49.0</ele></rtept><rtept lat="48.17815" lon="-4.54098"><ele>49.0</ele></rtept><rtept lat="48.17823" lon="-4.54094"><ele>46.0</ele></rtept><rtept lat="48.17836" lon="-4.54115"><ele>49.0</ele></rtept><rtept lat="48.17839" lon="-4.54138"><ele>52.0</ele></rtept><rtept lat="48.17845" lon="-4.54141"><ele>49.0</ele></rtept><rtept lat="48.1785" lon="-4.5415"><ele>49.0</ele></rtept><rtept lat="48.17855" lon="-4.54155"><ele>45.0</ele></rtept><rtept lat="48.17859" lon="-4.54152"><ele>45.0</ele></rtept><rtept lat="48.17865" lon="-4.54143"><ele>45.0</ele></rtept><rtept lat="48.17886" lon="-4.54138"><ele>45.0</ele></rtept><rtept lat="48.17911" lon="-4.54136"><ele>45.0</ele></rtept><rtept lat="48.17924" lon="-4.54143"><ele>47.0</ele></rtept><rtept lat="48.17948" lon="-4.54145"><ele>47.0</ele></rtept><rtept lat="48.17969" lon="-4.54141"><ele>49.0</ele></rtept><rtept lat="48.17981" lon="-4.54145"><ele>52.0</ele></rtept><rtept lat="48.17991" lon="-4.54145"><ele>54.0</ele></rtept><rtept lat="48.17998" lon="-4.54141"><ele>54.0</ele></rtept><rtept lat="48.18006" lon="-4.54148"><ele>54.0</ele></rtept><rtept lat="48.1802" lon="-4.54138"><ele>54.0</ele></rtept><rtept lat="48.1804" lon="-4.54134"><ele>55.0</ele></rtept><rtept lat="48.18055" lon="-4.54136"><ele>56.0</ele></rtept><rtept lat="48.18074" lon="-4.54136"><ele>58.0</ele></rtept><rtept lat="48.18082" lon="-4.54134"><ele>61.0</ele></rtept><rtept lat="48.18105" lon="-4.5411"><ele>56.0</ele></rtept><rtept lat="48.1813" lon="-4.54073"><ele>55.0</ele></rtept><rtept lat="48.18138" lon="-4.54049"><ele>54.0</ele></rtept><rtept lat="48.18138" lon="-4.54026"><ele>48.0</ele></rtept><rtept lat="48.18139" lon="-4.54"><ele>42.0</ele></rtept><rtept lat="48.18144" lon="-4.53981"><ele>29.0</ele></rtept><rtept lat="48.1815" lon="-4.53962"><ele>37.0</ele></rtept><rtept lat="48.18157" lon="-4.53951"><ele>44.0</ele></rtept><rtept lat="48.18179" lon="-4.5392"><ele>46.0</ele></rtept><rtept lat="48.18188" lon="-4.53873"><ele>46.0</ele></rtept><rtept lat="48.18196" lon="-4.53852"><ele>43.0</ele></rtept><rtept lat="48.18202" lon="-4.53843"><ele>46.0</ele></rtept><rtept lat="48.18232" lon="-4.53823"><ele>49.0</ele></rtept><rtept lat="48.18247" lon="-4.53817"><ele>50.0</ele></rtept><rtept lat="48.1826" lon="-4.53819"><ele>53.0</ele></rtept><rtept lat="48.18273" lon="-4.53824"><ele>63.0</ele></rtept><rtept lat="48.18288" lon="-4.53824"><ele>57.0</ele></rtept><rtept lat="48.18294" lon="-4.53823"><ele>65.0</ele></rtept><rtept lat="48.18306" lon="-4.53803"><ele>61.0</ele></rtept><rtept lat="48.18322" lon="-4.53786"><ele>61.0</ele></rtept><rtept lat="48.18344" lon="-4.53749"><ele>63.0</ele></rtept><rtept lat="48.18353" lon="-4.53746"><ele>66.0</ele></rtept><rtept lat="48.18357" lon="-4.53749"><ele>66.0</ele></rtept><rtept lat="48.18364" lon="-4.53737"><ele>66.0</ele></rtept><rtept lat="48.18374" lon="-4.53728"><ele>69.0</ele></rtept><rtept lat="48.18385" lon="-4.53721"><ele>69.0</ele></rtept><rtept lat="48.18393" lon="-4.53718"><ele>75.0</ele></rtept><rtept lat="48.18401" lon="-4.53711"><ele>82.0</ele></rtept><rtept lat="48.18403" lon="-4.53702"><ele>80.0</ele></rtept><rtept lat="48.184" lon="-4.53676"><ele>65.0</ele></rtept><rtept lat="48.18401" lon="-4.53667"><ele>80.0</ele></rtept><rtept lat="48.18397" lon="-4.5362"><ele>75.0</ele></rtept><rtept lat="48.18392" lon="-4.5361"><ele>75.0</ele></rtept><rtept lat="48.18387" lon="-4.53606"><ele>69.0</ele></rtept><rtept lat="48.1838" lon="-4.53582"><ele>75.0</ele></rtept><rtept lat="48.18376" lon="-4.53561"><ele>74.0</ele></rtept><rtept lat="48.18379" lon="-4.53545"><ele>76.0</ele></rtept><rtept lat="48.18394" lon="-4.53519"><ele>78.0</ele></rtept><rtept lat="48.18409" lon="-4.53491"><ele>82.0</ele></rtept><rtept lat="48.1843" lon="-4.53441"><ele>80.0</ele></rtept><rtept lat="48.18439" lon="-4.53409"><ele>81.0</ele></rtept><rtept lat="48.18449" lon="-4.53373"><ele>82.0</ele></rtept><rtept lat="48.18462" lon="-4.53346"><ele>85.0</ele></rtept><rtept lat="48.18476" lon="-4.53319"><ele>86.0</ele></rtept><rtept lat="48.18499" lon="-4.53285"><ele>88.0</ele></rtept><rtept lat="48.18522" lon="-4.53251"><ele>88.0</ele></rtept><rtept lat="48.18556" lon="-4.532"><ele>88.0</ele></rtept><rtept lat="48.1856" lon="-4.53164"><ele>86.0</ele></rtept><rtept lat="48.18564" lon="-4.53122"><ele>87.0</ele></rtept><rtept lat="48.18581" lon="-4.53122"><ele>87.0</ele></rtept><rtept lat="48.18599" lon="-4.53104"><ele>88.0</ele></rtept><rtept lat="48.18612" lon="-4.53086"><ele>90.0</ele></rtept><rtept lat="48.18615" lon="-4.53073"><ele>88.0</ele></rtept><rtept lat="48.18621" lon="-4.53068"><ele>88.0</ele></rtept><rtept lat="48.18629" lon="-4.5307"><ele>88.0</ele></rtept><rtept lat="48.18638" lon="-4.53052"><ele>91.0</ele></rtept><rtept lat="48.18647" lon="-4.53033"><ele>92.0</ele></rtept><rtept lat="48.18674" lon="-4.52986"><ele>91.0</ele></rtept><rtept lat="48.18676" lon="-4.52951"><ele>91.0</ele></rtept><rtept lat="48.18679" lon="-4.52911"><ele>92.0</ele></rtept><rtept lat="48.18689" lon="-4.52895"><ele>92.0</ele></rtept><rtept lat="48.18701" lon="-4.52885"><ele>92.0</ele></rtept><rtept lat="48.18701" lon="-4.5286"><ele>92.0</ele></rtept><rtept lat="48.18714" lon="-4.52838"><ele>92.0</ele></rtept><rtept lat="48.18732" lon="-4.52806"><ele>92.0</ele></rtept><rtept lat="48.18739" lon="-4.52782"><ele>87.0</ele></rtept><rtept lat="48.18753" lon="-4.52764"><ele>86.0</ele></rtept><rtept lat="48.18773" lon="-4.52738"><ele>85.0</ele></rtept><rtept lat="48.18794" lon="-4.52721"><ele>83.0</ele></rtept><rtept lat="48.18794" lon="-4.52714"><ele>76.0</ele></rtept><rtept lat="48.18806" lon="-4.52693"><ele>78.0</ele></rtept><rtept lat="48.18816" lon="-4.52686"><ele>74.0</ele></rtept><rtept lat="48.18825" lon="-4.52684"><ele>74.0</ele></rtept><rtept lat="48.18832" lon="-4.52677"><ele>65.0</ele></rtept><rtept lat="48.18842" lon="-4.52674"><ele>72.0</ele></rtept><rtept lat="48.18856" lon="-4.52677"><ele>65.0</ele></rtept><rtept lat="48.18865" lon="-4.52684"><ele>72.0</ele></rtept><rtept lat="48.1888" lon="-4.52707"><ele>72.0</ele></rtept><rtept lat="48.18885" lon="-4.52709"><ele>71.0</ele></rtept><rtept lat="48.18896" lon="-4.52705"><ele>71.0</ele></rtept><rtept lat="48.18896" lon="-4.52702"><ele>71.0</ele></rtept><rtept lat="48.18894" lon="-4.527"><ele>71.0</ele></rtept><rtept lat="48.18897" lon="-4.52698"><ele>68.0</ele></rtept><rtept lat="48.18892" lon="-4.52698"><ele>68.0</ele></rtept><rtept lat="48.18899" lon="-4.52681"><ele>73.0</ele></rtept><rtept lat="48.18922" lon="-4.52681"><ele>76.0</ele></rtept><rtept lat="48.18936" lon="-4.52672"><ele>85.0</ele></rtept><rtept lat="48.18953" lon="-4.52656"><ele>92.0</ele></rtept><rtept lat="48.18976" lon="-4.52634"><ele>95.0</ele></rtept><rtept lat="48.18988" lon="-4.52611"><ele>96.0</ele></rtept><rtept lat="48.19004" lon="-4.52562"><ele>97.0</ele></rtept><rtept lat="48.19011" lon="-4.52545"><ele>99.0</ele></rtept><rtept lat="48.19018" lon="-4.52522"><ele>96.0</ele></rtept><rtept lat="48.19019" lon="-4.5251"><ele>98.0</ele></rtept><rtept lat="48.19035" lon="-4.52483"><ele>96.0</ele></rtept><rtept lat="48.19059" lon="-4.5244"><ele>95.0</ele></rtept><rtept lat="48.19065" lon="-4.5244"><ele>95.0</ele></rtept><rtept lat="48.19072" lon="-4.52447"><ele>94.0</ele></rtept><rtept lat="48.19075" lon="-4.52444"><ele>94.0</ele></rtept><rtept lat="48.19092" lon="-4.52442"><ele>94.0</ele></rtept><rtept lat="48.19116" lon="-4.52435"><ele>91.0</ele></rtept><rtept lat="48.19141" lon="-4.52427"><ele>90.0</ele></rtept><rtept lat="48.19168" lon="-4.52419"><ele>90.0</ele></rtept><rtept lat="48.19189" lon="-4.52397"><ele>91.0</ele></rtept><rtept lat="48.19203" lon="-4.52388"><ele>92.0</ele></rtept><rtept lat="48.19219" lon="-4.52372"><ele>92.0</ele></rtept><rtept lat="48.19251" lon="-4.52332"><ele>94.0</ele></rtept><rtept lat="48.19263" lon="-4.52322"><ele>95.0</ele></rtept><rtept lat="48.19268" lon="-4.52322"><ele>94.0</ele></rtept><rtept lat="48.19272" lon="-4.52318"><ele>93.0</ele></rtept><rtept lat="48.19279" lon="-4.5232"><ele>95.0</ele></rtept><rtept lat="48.19297" lon="-4.52338"><ele>94.0</ele></rtept><rtept lat="48.19321" lon="-4.52362"><ele>93.0</ele></rtept><rtept lat="48.19365" lon="-4.52367"><ele>92.0</ele></rtept><rtept lat="48.19405" lon="-4.52367"><ele>92.0</ele></rtept><rtept lat="48.19411" lon="-4.52365"><ele>92.0</ele></rtept><rtept lat="48.19431" lon="-4.52367"><ele>92.0</ele></rtept><rtept lat="48.19452" lon="-4.52369"><ele>93.0</ele></rtept><rtept lat="48.19463" lon="-4.52369"><ele>93.0</ele></rtept><rtept lat="48.19473" lon="-4.52365"><ele>94.0</ele></rtept><rtept lat="48.19496" lon="-4.52365"><ele>94.0</ele></rtept><rtept lat="48.19503" lon="-4.52358"><ele>94.0</ele></rtept><rtept lat="48.19517" lon="-4.52358"><ele>94.0</ele></rtept><rtept lat="48.19561" lon="-4.52346"><ele>94.0</ele></rtept><rtept lat="48.1958" lon="-4.52313"><ele>94.0</ele></rtept><rtept lat="48.19595" lon="-4.52292"><ele>93.0</ele></rtept><rtept lat="48.19613" lon="-4.52252"><ele>91.0</ele></rtept><rtept lat="48.19636" lon="-4.52224"><ele>87.0</ele></rtept><rtept lat="48.19651" lon="-4.52184"><ele>87.0</ele></rtept><rtept lat="48.19657" lon="-4.52179"><ele>80.0</ele></rtept><rtept lat="48.19673" lon="-4.5215"><ele>87.0</ele></rtept><rtept lat="48.19698" lon="-4.52102"><ele>86.0</ele></rtept><rtept lat="48.197" lon="-4.52092"><ele>82.0</ele></rtept><rtept lat="48.19707" lon="-4.52088"><ele>82.0</ele></rtept><rtept lat="48.19714" lon="-4.52064"><ele>86.0</ele></rtept><rtept lat="48.19723" lon="-4.52037"><ele>88.0</ele></rtept><rtept lat="48.19731" lon="-4.52038"><ele>88.0</ele></rtept><rtept lat="48.19742" lon="-4.52053"><ele>87.0</ele></rtept><rtept lat="48.19758" lon="-4.52062"><ele>89.0</ele></rtept><rtept lat="48.19765" lon="-4.52064"><ele>87.0</ele></rtept><rtept lat="48.19771" lon="-4.52064"><ele>87.0</ele></rtept><rtept lat="48.19791" lon="-4.52055"><ele>87.0</ele></rtept><rtept lat="48.19808" lon="-4.52034"><ele>87.0</ele></rtept><rtept lat="48.19819" lon="-4.52034"><ele>89.0</ele></rtept><rtept lat="48.1984" lon="-4.52029"><ele>87.0</ele></rtept><rtept lat="48.19864" lon="-4.52015"><ele>91.0</ele></rtept><rtept lat="48.19879" lon="-4.52015"><ele>91.0</ele></rtept><rtept lat="48.19886" lon="-4.52013"><ele>90.0</ele></rtept><rtept lat="48.1991" lon="-4.51999"><ele>90.0</ele></rtept><rtept lat="48.19937" lon="-4.51974"><ele>87.0</ele></rtept><rtept lat="48.19949" lon="-4.51942"><ele>90.0</ele></rtept><rtept lat="48.19953" lon="-4.51935"><ele>91.0</ele></rtept><rtept lat="48.19961" lon="-4.51909"><ele>90.0</ele></rtept><rtept lat="48.19968" lon="-4.51869"><ele>88.0</ele></rtept><rtept lat="48.1998" lon="-4.51802"><ele>86.0</ele></rtept><rtept lat="48.19977" lon="-4.51766"><ele>87.0</ele></rtept><rtept lat="48.19979" lon="-4.51759"><ele>82.0</ele></rtept><rtept lat="48.20006" lon="-4.51729"><ele>89.0</ele></rtept><rtept lat="48.2001" lon="-4.51726"><ele>89.0</ele></rtept><rtept lat="48.20017" lon="-4.51729"><ele>89.0</ele></rtept><rtept lat="48.20023" lon="-4.51726"><ele>83.0</ele></rtept><rtept lat="48.20032" lon="-4.51679"><ele>78.0</ele></rtept><rtept lat="48.20042" lon="-4.51648"><ele>66.0</ele></rtept><rtept lat="48.20054" lon="-4.51613"><ele>63.0</ele></rtept><rtept lat="48.20075" lon="-4.51592"><ele>65.0</ele></rtept><rtept lat="48.20102" lon="-4.51565"><ele>68.0</ele></rtept><rtept lat="48.20136" lon="-4.51538"><ele>63.0</ele></rtept><rtept lat="48.20142" lon="-4.51497"><ele>59.0</ele></rtept><rtept lat="48.20151" lon="-4.51427"><ele>52.0</ele></rtept><rtept lat="48.20182" lon="-4.51458"><ele>46.0</ele></rtept><rtept lat="48.20211" lon="-4.51475"><ele>46.0</ele></rtept><rtept lat="48.2024" lon="-4.51492"><ele>46.0</ele></rtept><rtept lat="48.20275" lon="-4.51512"><ele>44.0</ele></rtept><rtept lat="48.20303" lon="-4.51528"><ele>47.0</ele></rtept><rtept lat="48.20358" lon="-4.51557"><ele>50.0</ele></rtept><rtept lat="48.20375" lon="-4.51582"><ele>53.0</ele></rtept><rtept lat="48.204" lon="-4.51592"><ele>56.0</ele></rtept><rtept lat="48.20434" lon="-4.51605"><ele>62.0</ele></rtept><rtept lat="48.20454" lon="-4.51614"><ele>63.0</ele></rtept><rtept lat="48.20471" lon="-4.51629"><ele>71.0</ele></rtept><rtept lat="48.20475" lon="-4.51675"><ele>75.0</ele></rtept><rtept lat="48.20478" lon="-4.51713"><ele>75.0</ele></rtept><rtept lat="48.20482" lon="-4.5176"><ele>75.0</ele></rtept><rtept lat="48.20486" lon="-4.51821"><ele>75.0</ele></rtept><rtept lat="48.20486" lon="-4.51841"><ele>75.0</ele></rtept><rtept lat="48.2049" lon="-4.51865"><ele>75.0</ele></rtept><rtept lat="48.20461" lon="-4.51875"><ele>75.0</ele></rtept><rtept lat="48.20408" lon="-4.51894"><ele>78.0</ele></rtept><rtept lat="48.2038" lon="-4.51907"><ele>81.0</ele></rtept><rtept lat="48.20323" lon="-4.51932"><ele>84.0</ele></rtept><rtept lat="48.20307" lon="-4.51956"><ele>84.0</ele></rtept><rtept lat="48.20312" lon="-4.52003"><ele>82.0</ele></rtept><rtept lat="48.20317" lon="-4.52051"><ele>80.0</ele></rtept><rtept lat="48.20325" lon="-4.52119"><ele>78.0</ele></rtept><rtept lat="48.2033" lon="-4.52172"><ele>74.0</ele></rtept><rtept lat="48.20334" lon="-4.52225"><ele>73.0</ele></rtept><rtept lat="48.20339" lon="-4.52278"><ele>72.0</ele></rtept><rtept lat="48.20348" lon="-4.5238"><ele>69.0</ele></rtept><rtept lat="48.20352" lon="-4.52422"><ele>68.0</ele></rtept><rtept lat="48.20358" lon="-4.52494"><ele>67.0</ele></rtept><rtept lat="48.20362" lon="-4.52533"><ele>65.0</ele></rtept><rtept lat="48.20368" lon="-4.52585"><ele>63.0</ele></rtept><rtept lat="48.2037" lon="-4.52645"><ele>62.0</ele></rtept><rtept lat="48.20375" lon="-4.52698"><ele>60.0</ele></rtept><rtept lat="48.20373" lon="-4.52712"><ele>60.0</ele></rtept><rtept lat="48.20381" lon="-4.5273"><ele>58.0</ele></rtept><rtept lat="48.20382" lon="-4.52748"><ele>58.0</ele></rtept><rtept lat="48.20397" lon="-4.52766"><ele>57.0</ele></rtept><rtept lat="48.20415" lon="-4.52789"><ele>56.0</ele></rtept><rtept lat="48.204" lon="-4.5282"><ele>56.0</ele></rtept><rtept lat="48.20372" lon="-4.52849"><ele>56.0</ele></rtept><rtept lat="48.20364" lon="-4.52838"><ele>57.0</ele></rtept><rtept lat="48.20358" lon="-4.52824"><ele>56.0</ele></rtept><rtept lat="48.20364" lon="-4.52838"><ele>57.0</ele></rtept><rtept lat="48.20372" lon="-4.52849"><ele>56.0</ele></rtept><rtept lat="48.204" lon="-4.5282"><ele>56.0</ele></rtept><rtept lat="48.20415" lon="-4.52789"><ele>56.0</ele></rtept><rtept lat="48.20405" lon="-4.52774"><ele>57.0</ele></rtept><rtept lat="48.20382" lon="-4.52748"><ele>58.0</ele></rtept><rtept lat="48.20381" lon="-4.5273"><ele>58.0</ele></rtept><rtept lat="48.2041" lon="-4.52721"><ele>58.0</ele></rtept><rtept lat="48.20439" lon="-4.52711"><ele>57.0</ele></rtept><rtept lat="48.20492" lon="-4.52694"><ele>56.0</ele></rtept><rtept lat="48.20522" lon="-4.52654"><ele>56.0</ele></rtept><rtept lat="48.2054" lon="-4.52628"><ele>56.0</ele></rtept><rtept lat="48.20562" lon="-4.52597"><ele>57.0</ele></rtept><rtept lat="48.20564" lon="-4.52558"><ele>58.0</ele></rtept><rtept lat="48.20573" lon="-4.52526"><ele>58.0</ele></rtept><rtept lat="48.20584" lon="-4.52491"><ele>58.0</ele></rtept><rtept lat="48.20594" lon="-4.52453"><ele>59.0</ele></rtept><rtept lat="48.20611" lon="-4.52394"><ele>60.0</ele></rtept><rtept lat="48.20618" lon="-4.5235"><ele>60.0</ele></rtept><rtept lat="48.20633" lon="-4.52264"><ele>60.0</ele></rtept><rtept lat="48.20647" lon="-4.52224"><ele>61.0</ele></rtept><rtept lat="48.20661" lon="-4.52184"><ele>61.0</ele></rtept><rtept lat="48.20676" lon="-4.52142"><ele>61.0</ele></rtept><rtept lat="48.2069" lon="-4.52092"><ele>63.0</ele></rtept><rtept lat="48.20704" lon="-4.52042"><ele>64.0</ele></rtept><rtept lat="48.20718" lon="-4.51993"><ele>65.0</ele></rtept><rtept lat="48.20732" lon="-4.51943"><ele>66.0</ele></rtept><rtept lat="48.20746" lon="-4.51893"><ele>66.0</ele></rtept><rtept lat="48.20763" lon="-4.51865"><ele>66.0</ele></rtept><rtept lat="48.20785" lon="-4.51829"><ele>66.0</ele></rtept><rtept lat="48.20796" lon="-4.51799"><ele>67.0</ele></rtept><rtept lat="48.208" lon="-4.51774"><ele>67.0</ele></rtept><rtept lat="48.2079" lon="-4.51748"><ele>67.0</ele></rtept><rtept lat="48.20777" lon="-4.5171"><ele>67.0</ele></rtept><rtept lat="48.2076" lon="-4.5168"><ele>66.0</ele></rtept><rtept lat="48.20754" lon="-4.51645"><ele>66.0</ele></rtept><rtept lat="48.20747" lon="-4.51602"><ele>64.0</ele></rtept><rtept lat="48.20735" lon="-4.51519"><ele>53.0</ele></rtept><rtept lat="48.20733" lon="-4.51476"><ele>46.0</ele></rtept><rtept lat="48.20728" lon="-4.51403"><ele>47.0</ele></rtept><rtept lat="48.20737" lon="-4.51398"><ele>31.0</ele></rtept><rtept lat="48.20745" lon="-4.514"><ele>39.0</ele></rtept><rtept lat="48.20753" lon="-4.51386"><ele>49.0</ele></rtept><rtept lat="48.20764" lon="-4.51375"><ele>52.0</ele></rtept><rtept lat="48.20777" lon="-4.51375"><ele>58.0</ele></rtept><rtept lat="48.20782" lon="-4.51379"><ele>58.0</ele></rtept><rtept lat="48.20788" lon="-4.51377"><ele>58.0</ele></rtept><rtept lat="48.20808" lon="-4.51379"><ele>61.0</ele></rtept><rtept lat="48.20832" lon="-4.51382"><ele>67.0</ele></rtept><rtept lat="48.20845" lon="-4.51378"><ele>68.0</ele></rtept><rtept lat="48.20852" lon="-4.5137"><ele>68.0</ele></rtept><rtept lat="48.20862" lon="-4.51363"><ele>71.0</ele></rtept><rtept lat="48.2087" lon="-4.51349"><ele>70.0</ele></rtept><rtept lat="48.20875" lon="-4.51335"><ele>73.0</ele></rtept><rtept lat="48.2089" lon="-4.51316"><ele>70.0</ele></rtept><rtept lat="48.20909" lon="-4.51288"><ele>71.0</ele></rtept><rtept lat="48.20914" lon="-4.51272"><ele>77.0</ele></rtept><rtept lat="48.20919" lon="-4.51269"><ele>77.0</ele></rtept><rtept lat="48.20928" lon="-4.51257"><ele>77.0</ele></rtept><rtept lat="48.20951" lon="-4.51253"><ele>82.0</ele></rtept><rtept lat="48.20974" lon="-4.51248"><ele>82.0</ele></rtept><rtept lat="48.20997" lon="-4.51241"><ele>83.0</ele></rtept><rtept lat="48.21041" lon="-4.51236"><ele>85.0</ele></rtept><rtept lat="48.21071" lon="-4.51222"><ele>85.0</ele></rtept><rtept lat="48.21084" lon="-4.51213"><ele>86.0</ele></rtept><rtept lat="48.21103" lon="-4.51206"><ele>85.0</ele></rtept><rtept lat="48.21109" lon="-4.51199"><ele>85.0</ele></rtept><rtept lat="48.2113" lon="-4.51188"><ele>85.0</ele></rtept><rtept lat="48.21157" lon="-4.51173"><ele>85.0</ele></rtept><rtept lat="48.21179" lon="-4.51152"><ele>82.0</ele></rtept><rtept lat="48.21199" lon="-4.51138"><ele>81.0</ele></rtept><rtept lat="48.21225" lon="-4.5111"><ele>80.0</ele></rtept><rtept lat="48.21249" lon="-4.51085"><ele>80.0</ele></rtept><rtept lat="48.21291" lon="-4.51041"><ele>81.0</ele></rtept><rtept lat="48.21315" lon="-4.51006"><ele>80.0</ele></rtept><rtept lat="48.2132" lon="-4.5099"><ele>82.0</ele></rtept><rtept lat="48.21332" lon="-4.50965"><ele>80.0</ele></rtept><rtept lat="48.21347" lon="-4.50933"><ele>86.0</ele></rtept><rtept lat="48.21361" lon="-4.5091"><ele>86.0</ele></rtept><rtept lat="48.21376" lon="-4.50865"><ele>87.0</ele></rtept><rtept lat="48.21381" lon="-4.5084"><ele>89.0</ele></rtept><rtept lat="48.21388" lon="-4.50837"><ele>89.0</ele></rtept><rtept lat="48.21391" lon="-4.50844"><ele>92.0</ele></rtept><rtept lat="48.21397" lon="-4.5084"><ele>92.0</ele></rtept><rtept lat="48.21413" lon="-4.50811"><ele>89.0</ele></rtept><rtept lat="48.21432" lon="-4.50804"><ele>90.0</ele></rtept><rtept lat="48.21442" lon="-4.50788"><ele>92.0</ele></rtept><rtept lat="48.21447" lon="-4.50767"><ele>88.0</ele></rtept><rtept lat="48.21459" lon="-4.50746"><ele>89.0</ele></rtept><rtept lat="48.21471" lon="-4.50732"><ele>90.0</ele></rtept><rtept lat="48.21487" lon="-4.5072"><ele>89.0</ele></rtept><rtept lat="48.215" lon="-4.50698"><ele>88.0</ele></rtept><rtept lat="48.21509" lon="-4.50689"><ele>86.0</ele></rtept><rtept lat="48.21515" lon="-4.50678"><ele>88.0</ele></rtept><rtept lat="48.21519" lon="-4.50664"><ele>84.0</ele></rtept><rtept lat="48.21531" lon="-4.50638"><ele>86.0</ele></rtept><rtept lat="48.21532" lon="-4.5063"><ele>86.0</ele></rtept><rtept lat="48.21528" lon="-4.50631"><ele>83.0</ele></rtept><rtept lat="48.21521" lon="-4.50638"><ele>83.0</ele></rtept><rtept lat="48.21514" lon="-4.50633"><ele>83.0</ele></rtept><rtept lat="48.21512" lon="-4.50621"><ele>83.0</ele></rtept><rtept lat="48.21517" lon="-4.50612"><ele>79.0</ele></rtept><rtept lat="48.21525" lon="-4.50584"><ele>67.0</ele></rtept><rtept lat="48.21516" lon="-4.50528"><ele>50.0</ele></rtept><rtept lat="48.21522" lon="-4.50492"><ele>44.0</ele></rtept><rtept lat="48.21537" lon="-4.50463"><ele>42.0</ele></rtept><rtept lat="48.21551" lon="-4.5044"><ele>40.0</ele></rtept><rtept lat="48.21556" lon="-4.50422"><ele>36.0</ele></rtept><rtept lat="48.21569" lon="-4.5039"><ele>39.0</ele></rtept><rtept lat="48.21575" lon="-4.50367"><ele>29.0</ele></rtept><rtept lat="48.2159" lon="-4.50366"><ele>39.0</ele></rtept><rtept lat="48.21598" lon="-4.50352"><ele>39.0</ele></rtept><rtept lat="48.21616" lon="-4.50345"><ele>47.0</ele></rtept><rtept lat="48.21625" lon="-4.50352"><ele>57.0</ele></rtept><rtept lat="48.21633" lon="-4.50363"><ele>62.0</ele></rtept><rtept lat="48.21648" lon="-4.50373"><ele>71.0</ele></rtept><rtept lat="48.21655" lon="-4.5034"><ele>63.0</ele></rtept><rtept lat="48.21669" lon="-4.5032"><ele>73.0</ele></rtept><rtept lat="48.21687" lon="-4.50299"><ele>76.0</ele></rtept><rtept lat="48.21693" lon="-4.50274"><ele>74.0</ele></rtept><rtept lat="48.21711" lon="-4.50249"><ele>78.0</ele></rtept><rtept lat="48.21712" lon="-4.50205"><ele>80.0</ele></rtept><rtept lat="48.21713" lon="-4.50118"><ele>80.0</ele></rtept><rtept lat="48.21729" lon="-4.50088"><ele>80.0</ele></rtept><rtept lat="48.21737" lon="-4.50053"><ele>79.0</ele></rtept><rtept lat="48.21748" lon="-4.50008"><ele>79.0</ele></rtept><rtept lat="48.21764" lon="-4.50009"><ele>81.0</ele></rtept><rtept lat="48.21772" lon="-4.49969"><ele>79.0</ele></rtept><rtept lat="48.21788" lon="-4.49967"><ele>81.0</ele></rtept><rtept lat="48.21794" lon="-4.49939"><ele>80.0</ele></rtept><rtept lat="48.21814" lon="-4.49929"><ele>80.0</ele></rtept><rtept lat="48.21819" lon="-4.49918"><ele>80.0</ele></rtept><rtept lat="48.21835" lon="-4.49929"><ele>80.0</ele></rtept><rtept lat="48.21851" lon="-4.49905"><ele>79.0</ele></rtept><rtept lat="48.21847" lon="-4.49876"><ele>79.0</ele></rtept><rtept lat="48.21872" lon="-4.49881"><ele>78.0</ele></rtept><rtept lat="48.21907" lon="-4.49887"><ele>77.0</ele></rtept><rtept lat="48.21925" lon="-4.4984"><ele>76.0</ele></rtept><rtept lat="48.21942" lon="-4.49792"><ele>74.0</ele></rtept><rtept lat="48.2196" lon="-4.49745"><ele>71.0</ele></rtept><rtept lat="48.21977" lon="-4.49698"><ele>69.0</ele></rtept><rtept lat="48.21997" lon="-4.49645"><ele>67.0</ele></rtept><rtept lat="48.2198" lon="-4.49626"><ele>66.0</ele></rtept><rtept lat="48.2198" lon="-4.49605"><ele>62.0</ele></rtept><rtept lat="48.21965" lon="-4.49608"><ele>55.0</ele></rtept><rtept lat="48.21962" lon="-4.49606"><ele>55.0</ele></rtept><rtept lat="48.21961" lon="-4.49599"><ele>55.0</ele></rtept><rtept lat="48.21965" lon="-4.49594"><ele>55.0</ele></rtept><rtept lat="48.21965" lon="-4.49589"><ele>51.0</ele></rtept><rtept lat="48.21963" lon="-4.49587"><ele>51.0</ele></rtept><rtept lat="48.21956" lon="-4.49587"><ele>44.0</ele></rtept><rtept lat="48.21954" lon="-4.4958"><ele>44.0</ele></rtept><rtept lat="48.21957" lon="-4.49566"><ele>49.0</ele></rtept><rtept lat="48.21962" lon="-4.49559"><ele>38.0</ele></rtept><rtept lat="48.21991" lon="-4.49542"><ele>48.0</ele></rtept><rtept lat="48.2201" lon="-4.49509"><ele>42.0</ele></rtept><rtept lat="48.2202" lon="-4.49498"><ele>33.0</ele></rtept><rtept lat="48.22029" lon="-4.49502"><ele>37.0</ele></rtept><rtept lat="48.22036" lon="-4.49495"><ele>37.0</ele></rtept><rtept lat="48.22042" lon="-4.49484"><ele>35.0</ele></rtept><rtept lat="48.22051" lon="-4.49474"><ele>35.0</ele></rtept><rtept lat="48.22065" lon="-4.49472"><ele>33.0</ele></rtept><rtept lat="48.22079" lon="-4.49477"><ele>33.0</ele></rtept><rtept lat="48.22093" lon="-4.49486"><ele>33.0</ele></rtept><rtept lat="48.22105" lon="-4.49488"><ele>33.0</ele></rtept><rtept lat="48.22113" lon="-4.49495"><ele>35.0</ele></rtept><rtept lat="48.22124" lon="-4.49491"><ele>32.0</ele></rtept><rtept lat="48.22145" lon="-4.49509"><ele>35.0</ele></rtept><rtept lat="48.22157" lon="-4.49549"><ele>39.0</ele></rtept><rtept lat="48.22165" lon="-4.49586"><ele>39.0</ele></rtept><rtept lat="48.22177" lon="-4.49636"><ele>39.0</ele></rtept><rtept lat="48.22186" lon="-4.49656"><ele>41.0</ele></rtept><rtept lat="48.22203" lon="-4.49672"><ele>39.0</ele></rtept><rtept lat="48.22228" lon="-4.49695"><ele>36.0</ele></rtept><rtept lat="48.2225" lon="-4.49721"><ele>35.0</ele></rtept><rtept lat="48.22263" lon="-4.49744"><ele>31.0</ele></rtept><rtept lat="48.22273" lon="-4.49776"><ele>28.0</ele></rtept><rtept lat="48.22285" lon="-4.4981"><ele>21.0</ele></rtept><rtept lat="48.22289" lon="-4.49848"><ele>21.0</ele></rtept><rtept lat="48.22294" lon="-4.49898"><ele>21.0</ele></rtept><rtept lat="48.22313" lon="-4.49927"><ele>17.0</ele></rtept><rtept lat="48.22327" lon="-4.49942"><ele>15.0</ele></rtept><rtept lat="48.22331" lon="-4.49962"><ele>15.0</ele></rtept><rtept lat="48.22336" lon="-4.49983"><ele>13.0</ele></rtept><rtept lat="48.22342" lon="-4.49988"><ele>13.0</ele></rtept><rtept lat="48.22352" lon="-4.50011"><ele>11.0</ele></rtept><rtept lat="48.22357" lon="-4.50009"><ele>5.0</ele></rtept><rtept lat="48.22361" lon="-4.5004"><ele>9.0</ele></rtept><rtept lat="48.22366" lon="-4.50072"><ele>9.0</ele></rtept><rtept lat="48.22372" lon="-4.50109"><ele>7.0</ele></rtept><rtept lat="48.2238" lon="-4.50155"><ele>6.0</ele></rtept><rtept lat="48.22396" lon="-4.50189"><ele>4.0</ele></rtept><rtept lat="48.22422" lon="-4.50242"><ele>6.0</ele></rtept><rtept lat="48.22446" lon="-4.50281"><ele>6.0</ele></rtept><rtept lat="48.22456" lon="-4.50315"><ele>6.0</ele></rtept><rtept lat="48.22467" lon="-4.50354"><ele>6.0</ele></rtept><rtept lat="48.22486" lon="-4.5038"><ele>4.0</ele></rtept><rtept lat="48.22511" lon="-4.50414"><ele>4.0</ele></rtept><rtept lat="48.22541" lon="-4.50421"><ele>4.0</ele></rtept><rtept lat="48.22565" lon="-4.50408"><ele>4.0</ele></rtept><rtept lat="48.22598" lon="-4.5039"><ele>4.0</ele></rtept><rtept lat="48.22623" lon="-4.50372"><ele>4.0</ele></rtept><rtept lat="48.22662" lon="-4.50344"><ele>4.0</ele></rtept><rtept lat="48.22689" lon="-4.5033"><ele>4.0</ele></rtept><rtept lat="48.22739" lon="-4.50303"><ele>4.0</ele></rtept><rtept lat="48.22761" lon="-4.50296"><ele>4.0</ele></rtept><rtept lat="48.22785" lon="-4.50288"><ele>4.0</ele></rtept><rtept lat="48.22821" lon="-4.50272"><ele>4.0</ele></rtept><rtept lat="48.22847" lon="-4.50261"><ele>4.0</ele></rtept><rtept lat="48.22887" lon="-4.50244"><ele>4.0</ele></rtept><rtept lat="48.2291" lon="-4.50228"><ele>4.0</ele></rtept><rtept lat="48.2294" lon="-4.50208"><ele>4.0</ele></rtept><rtept lat="48.22974" lon="-4.50187"><ele>4.0</ele></rtept><rtept lat="48.23013" lon="-4.50161"><ele>5.0</ele></rtept><rtept lat="48.23045" lon="-4.50146"><ele>5.0</ele></rtept><rtept lat="48.23071" lon="-4.50122"><ele>5.0</ele></rtept><rtept lat="48.23104" lon="-4.50109"><ele>5.0</ele></rtept><rtept lat="48.23125" lon="-4.50083"><ele>5.0</ele></rtept><rtept lat="48.2314" lon="-4.50068"><ele>5.0</ele></rtept><rtept lat="48.23159" lon="-4.50087"><ele>9.0</ele></rtept><rtept lat="48.23184" lon="-4.50048"><ele>9.0</ele></rtept><rtept lat="48.2321" lon="-4.50009"><ele>7.0</ele></rtept><rtept lat="48.23229" lon="-4.49979"><ele>6.0</ele></rtept><rtept lat="48.2326" lon="-4.49931"><ele>6.0</ele></rtept><rtept lat="48.23291" lon="-4.49884"><ele>6.0</ele></rtept><rtept lat="48.23299" lon="-4.49868"><ele>6.0</ele></rtept><rtept lat="48.23304" lon="-4.49861"><ele>6.0</ele></rtept><rtept lat="48.23324" lon="-4.49844"><ele>6.0</ele></rtept><rtept lat="48.23327" lon="-4.49838"><ele>6.0</ele></rtept><rtept lat="48.23333" lon="-4.49834"><ele>6.0</ele></rtept><rtept lat="48.23335" lon="-4.49821"><ele>6.0</ele></rtept><rtept lat="48.23351" lon="-4.49784"><ele>5.0</ele></rtept><rtept lat="48.23374" lon="-4.49744"><ele>5.0</ele></rtept><rtept lat="48.23385" lon="-4.49746"><ele>4.0</ele></rtept><rtept lat="48.23398" lon="-4.4974"><ele>4.0</ele></rtept><rtept lat="48.23412" lon="-4.4973"><ele>4.0</ele></rtept><rtept lat="48.23419" lon="-4.49715"><ele>4.0</ele></rtept><rtept lat="48.2344" lon="-4.49685"><ele>4.0</ele></rtept><rtept lat="48.2346" lon="-4.49664"><ele>5.0</ele></rtept><rtept lat="48.23466" lon="-4.4966"><ele>5.0</ele></rtept><rtept lat="48.23491" lon="-4.49667"><ele>7.0</ele></rtept><rtept lat="48.23506" lon="-4.49667"><ele>9.0</ele></rtept><rtept lat="48.23524" lon="-4.49655"><ele>12.0</ele></rtept><rtept lat="48.2354" lon="-4.49634"><ele>15.0</ele></rtept><rtept lat="48.23546" lon="-4.49617"><ele>15.0</ele></rtept><rtept lat="48.23559" lon="-4.49572"><ele>19.0</ele></rtept><rtept lat="48.23572" lon="-4.49528"><ele>21.0</ele></rtept><rtept lat="48.23585" lon="-4.49483"><ele>23.0</ele></rtept><rtept lat="48.23606" lon="-4.49409"><ele>25.0</ele></rtept><rtept lat="48.23622" lon="-4.49357"><ele>25.0</ele></rtept><rtept lat="48.23635" lon="-4.49312"><ele>25.0</ele></rtept><rtept lat="48.23648" lon="-4.49267"><ele>23.0</ele></rtept><rtept lat="48.23669" lon="-4.49194"><ele>20.0</ele></rtept><rtept lat="48.23642" lon="-4.49177"><ele>18.0</ele></rtept><rtept lat="48.23619" lon="-4.49162"><ele>17.0</ele></rtept><rtept lat="48.23591" lon="-4.49143"><ele>14.0</ele></rtept><rtept lat="48.23588" lon="-4.49135"><ele>8.0</ele></rtept><rtept lat="48.23599" lon="-4.49093"><ele>13.0</ele></rtept><rtept lat="48.23611" lon="-4.49051"><ele>13.0</ele></rtept><rtept lat="48.23627" lon="-4.48991"><ele>12.0</ele></rtept><rtept lat="48.23637" lon="-4.48953"><ele>13.0</ele></rtept><rtept lat="48.23652" lon="-4.48896"><ele>15.0</ele></rtept><rtept lat="48.2368" lon="-4.48915"><ele>19.0</ele></rtept><rtept lat="48.23708" lon="-4.48933"><ele>20.0</ele></rtept><rtept lat="48.23741" lon="-4.48955"><ele>25.0</ele></rtept><rtept lat="48.23755" lon="-4.48906"><ele>27.0</ele></rtept><rtept lat="48.23769" lon="-4.48857"><ele>30.0</ele></rtept><rtept lat="48.23783" lon="-4.48808"><ele>33.0</ele></rtept><rtept lat="48.2381" lon="-4.48715"><ele>40.0</ele></rtept><rtept lat="48.2381" lon="-4.48714"><ele>40.0</ele></rtept><rtept lat="48.23788" lon="-4.48686"><ele>41.0</ele></rtept><rtept lat="48.23745" lon="-4.48632"><ele>44.0</ele></rtept><rtept lat="48.23731" lon="-4.48618"><ele>45.0</ele></rtept><rtept lat="48.2371" lon="-4.48608"><ele>47.0</ele></rtept><rtept lat="48.23717" lon="-4.4857"><ele>49.0</ele></rtept><rtept lat="48.23728" lon="-4.48515"><ele>52.0</ele></rtept><rtept lat="48.23735" lon="-4.48469"><ele>55.0</ele></rtept><rtept lat="48.23742" lon="-4.48422"><ele>57.0</ele></rtept><rtept lat="48.23752" lon="-4.48356"><ele>57.0</ele></rtept><rtept lat="48.23732" lon="-4.48367"><ele>57.0</ele></rtept><rtept lat="48.23714" lon="-4.48363"><ele>57.0</ele></rtept><rtept lat="48.23699" lon="-4.48336"><ele>57.0</ele></rtept><rtept lat="48.23689" lon="-4.48325"><ele>54.0</ele></rtept><rtept lat="48.23678" lon="-4.48296"><ele>58.0</ele></rtept><rtept lat="48.23674" lon="-4.48273"><ele>60.0</ele></rtept><rtept lat="48.23677" lon="-4.4824"><ele>58.0</ele></rtept><rtept lat="48.23675" lon="-4.48228"><ele>67.0</ele></rtept><rtept lat="48.23668" lon="-4.48205"><ele>59.0</ele></rtept><rtept lat="48.23668" lon="-4.48186"><ele>61.0</ele></rtept><rtept lat="48.23673" lon="-4.48155"><ele>62.0</ele></rtept><rtept lat="48.23681" lon="-4.48111"><ele>65.0</ele></rtept><rtept lat="48.23681" lon="-4.48088"><ele>64.0</ele></rtept><rtept lat="48.23678" lon="-4.48064"><ele>63.0</ele></rtept><rtept lat="48.23674" lon="-4.48038"><ele>68.0</ele></rtept><rtept lat="48.23664" lon="-4.48005"><ele>61.0</ele></rtept><rtept lat="48.23653" lon="-4.47966"><ele>65.0</ele></rtept><rtept lat="48.23656" lon="-4.47954"><ele>60.0</ele></rtept><rtept lat="48.23662" lon="-4.47949"><ele>64.0</ele></rtept><rtept lat="48.23672" lon="-4.47928"><ele>70.0</ele></rtept><rtept lat="48.23684" lon="-4.47903"><ele>70.0</ele></rtept><rtept lat="48.23698" lon="-4.47891"><ele>75.0</ele></rtept><rtept lat="48.23701" lon="-4.47885"><ele>76.0</ele></rtept><rtept lat="48.23699" lon="-4.47851"><ele>77.0</ele></rtept><rtept lat="48.23697" lon="-4.47817"><ele>77.0</ele></rtept><rtept lat="48.23679" lon="-4.47785"><ele>77.0</ele></rtept><rtept lat="48.23672" lon="-4.47769"><ele>78.0</ele></rtept><rtept lat="48.23669" lon="-4.47754"><ele>78.0</ele></rtept><rtept lat="48.23671" lon="-4.47733"><ele>79.0</ele></rtept><rtept lat="48.2368" lon="-4.47706"><ele>78.0</ele></rtept><rtept lat="48.23683" lon="-4.47691"><ele>79.0</ele></rtept><rtept lat="48.23681" lon="-4.47677"><ele>78.0</ele></rtept><rtept lat="48.23675" lon="-4.47651"><ele>77.0</ele></rtept><rtept lat="48.23675" lon="-4.47644"><ele>76.0</ele></rtept><rtept lat="48.23672" lon="-4.47642"><ele>76.0</ele></rtept><rtept lat="48.23678" lon="-4.47601"><ele>72.0</ele></rtept><rtept lat="48.23687" lon="-4.47562"><ele>64.0</ele></rtept><rtept lat="48.23695" lon="-4.4755"><ele>67.0</ele></rtept><rtept lat="48.23699" lon="-4.47536"><ele>63.0</ele></rtept><rtept lat="48.23709" lon="-4.47487"><ele>50.0</ele></rtept><rtept lat="48.23711" lon="-4.47464"><ele>57.0</ele></rtept><rtept lat="48.23707" lon="-4.4745"><ele>47.0</ele></rtept><rtept lat="48.23687" lon="-4.47412"><ele>39.0</ele></rtept><rtept lat="48.23689" lon="-4.47405"><ele>20.0</ele></rtept><rtept lat="48.23695" lon="-4.47396"><ele>37.0</ele></rtept><rtept lat="48.23701" lon="-4.47379"><ele>31.0</ele></rtept><rtept lat="48.23715" lon="-4.47352"><ele>31.0</ele></rtept><rtept lat="48.2373" lon="-4.47325"><ele>30.0</ele></rtept><rtept lat="48.23746" lon="-4.47299"><ele>30.0</ele></rtept><rtept lat="48.23756" lon="-4.47288"><ele>26.0</ele></rtept><rtept lat="48.23778" lon="-4.47271"><ele>32.0</ele></rtept><rtept lat="48.23784" lon="-4.47264"><ele>32.0</ele></rtept><rtept lat="48.23791" lon="-4.4725"><ele>29.0</ele></rtept><rtept lat="48.23794" lon="-4.47241"><ele>34.0</ele></rtept><rtept lat="48.238" lon="-4.47231"><ele>31.0</ele></rtept><rtept lat="48.23808" lon="-4.4721"><ele>27.0</ele></rtept><rtept lat="48.23818" lon="-4.47187"><ele>26.0</ele></rtept><rtept lat="48.23817" lon="-4.47159"><ele>20.0</ele></rtept><rtept lat="48.23808" lon="-4.47145"><ele>7.0</ele></rtept><rtept lat="48.23791" lon="-4.47138"><ele>18.0</ele></rtept><rtept lat="48.23798" lon="-4.47084"><ele>18.0</ele></rtept><rtept lat="48.23802" lon="-4.47072"><ele>18.0</ele></rtept><rtept lat="48.23827" lon="-4.47059"><ele>14.0</ele></rtept><rtept lat="48.23826" lon="-4.47051"><ele>14.0</ele></rtept><rtept lat="48.23818" lon="-4.47046"><ele>12.0</ele></rtept><rtept lat="48.23818" lon="-4.47037"><ele>13.0</ele></rtept><rtept lat="48.23812" lon="-4.47031"><ele>11.0</ele></rtept><rtept lat="48.23814" lon="-4.46999"><ele>13.0</ele></rtept><rtept lat="48.23812" lon="-4.46976"><ele>15.0</ele></rtept><rtept lat="48.23819" lon="-4.46945"><ele>13.0</ele></rtept><rtept lat="48.23831" lon="-4.46922"><ele>16.0</ele></rtept><rtept lat="48.23839" lon="-4.46893"><ele>20.0</ele></rtept><rtept lat="48.23837" lon="-4.46882"><ele>20.0</ele></rtept><rtept lat="48.23846" lon="-4.46865"><ele>17.0</ele></rtept><rtept lat="48.23858" lon="-4.46828"><ele>15.0</ele></rtept><rtept lat="48.23855" lon="-4.46809"><ele>13.0</ele></rtept><rtept lat="48.2385" lon="-4.46802"><ele>14.0</ele></rtept><rtept lat="48.23856" lon="-4.46764"><ele>14.0</ele></rtept><rtept lat="48.23861" lon="-4.46746"><ele>23.0</ele></rtept><rtept lat="48.23879" lon="-4.46712"><ele>14.0</ele></rtept><rtept lat="48.2388" lon="-4.46699"><ele>12.0</ele></rtept><rtept lat="48.23872" lon="-4.46675"><ele>15.0</ele></rtept><rtept lat="48.23885" lon="-4.46647"><ele>15.0</ele></rtept><rtept lat="48.23885" lon="-4.46628"><ele>16.0</ele></rtept><rtept lat="48.23887" lon="-4.46614"><ele>15.0</ele></rtept><rtept lat="48.23894" lon="-4.46605"><ele>13.0</ele></rtept><rtept lat="48.23896" lon="-4.46598"><ele>13.0</ele></rtept><rtept lat="48.23895" lon="-4.46584"><ele>12.0</ele></rtept><rtept lat="48.23909" lon="-4.46537"><ele>9.0</ele></rtept><rtept lat="48.23917" lon="-4.46523"><ele>13.0</ele></rtept><rtept lat="48.23931" lon="-4.46509"><ele>9.0</ele></rtept><rtept lat="48.23946" lon="-4.46495"><ele>5.0</ele></rtept><rtept lat="48.23951" lon="-4.46445"><ele>5.0</ele></rtept><rtept lat="48.23955" lon="-4.46445"><ele>5.0</ele></rtept><rtept lat="48.23954" lon="-4.46387"><ele>5.0</ele></rtept><rtept lat="48.23938" lon="-4.46327"><ele>5.0</ele></rtept><rtept lat="48.23924" lon="-4.4629"><ele>5.0</ele></rtept><rtept lat="48.23899" lon="-4.46223"><ele>6.0</ele></rtept><rtept lat="48.23896" lon="-4.46221"><ele>6.0</ele></rtept><rtept lat="48.23887" lon="-4.46211"><ele>6.0</ele></rtept><rtept lat="48.23871" lon="-4.46206"><ele>9.0</ele></rtept><rtept lat="48.23867" lon="-4.46206"><ele>9.0</ele></rtept><rtept lat="48.23849" lon="-4.46218"><ele>10.0</ele></rtept><rtept lat="48.23843" lon="-4.4623"><ele>2.0</ele></rtept><rtept lat="48.23832" lon="-4.46237"><ele>10.0</ele></rtept><rtept lat="48.23809" lon="-4.46213"><ele>14.0</ele></rtept><rtept lat="48.2377" lon="-4.46173"><ele>12.0</ele></rtept><rtept lat="48.23765" lon="-4.46167"><ele>18.0</ele></rtept><rtept lat="48.23757" lon="-4.46176"><ele>10.0</ele></rtept><rtept lat="48.23745" lon="-4.46176"><ele>14.0</ele></rtept><rtept lat="48.23749" lon="-4.46143"><ele>16.0</ele></rtept><rtept lat="48.23748" lon="-4.46133"><ele>15.0</ele></rtept><rtept lat="48.23744" lon="-4.46122"><ele>21.0</ele></rtept><rtept lat="48.23742" lon="-4.46096"><ele>18.0</ele></rtept><rtept lat="48.23744" lon="-4.46089"><ele>24.0</ele></rtept><rtept lat="48.23743" lon="-4.4607"><ele>24.0</ele></rtept><rtept lat="48.23739" lon="-4.46049"><ele>20.0</ele></rtept><rtept lat="48.23731" lon="-4.46035"><ele>27.0</ele></rtept><rtept lat="48.23723" lon="-4.4603"><ele>27.0</ele></rtept><rtept lat="48.23708" lon="-4.46005"><ele>32.0</ele></rtept><rtept lat="48.23693" lon="-4.45979"><ele>35.0</ele></rtept><rtept lat="48.23685" lon="-4.45974"><ele>38.0</ele></rtept><rtept lat="48.23672" lon="-4.45957"><ele>41.0</ele></rtept><rtept lat="48.23653" lon="-4.45948"><ele>51.0</ele></rtept><rtept lat="48.23645" lon="-4.45939"><ele>54.0</ele></rtept><rtept lat="48.23637" lon="-4.45925"><ele>51.0</ele></rtept><rtept lat="48.23631" lon="-4.45892"><ele>52.0</ele></rtept><rtept lat="48.23641" lon="-4.45854"><ele>55.0</ele></rtept><rtept lat="48.23645" lon="-4.45828"><ele>56.0</ele></rtept><rtept lat="48.23648" lon="-4.45788"><ele>55.0</ele></rtept><rtept lat="48.2365" lon="-4.45749"><ele>55.0</ele></rtept><rtept lat="48.23654" lon="-4.45692"><ele>55.0</ele></rtept><rtept lat="48.23659" lon="-4.4565"><ele>55.0</ele></rtept><rtept lat="48.23661" lon="-4.45609"><ele>54.0</ele></rtept><rtept lat="48.23665" lon="-4.45547"><ele>54.0</ele></rtept><rtept lat="48.23673" lon="-4.45502"><ele>54.0</ele></rtept><rtept lat="48.23673" lon="-4.45488"><ele>56.0</ele></rtept><rtept lat="48.23679" lon="-4.45462"><ele>54.0</ele></rtept><rtept lat="48.23684" lon="-4.45406"><ele>54.0</ele></rtept><rtept lat="48.23681" lon="-4.45371"><ele>54.0</ele></rtept><rtept lat="48.23681" lon="-4.45334"><ele>53.0</ele></rtept><rtept lat="48.23682" lon="-4.45286"><ele>53.0</ele></rtept><rtept lat="48.23684" lon="-4.45272"><ele>53.0</ele></rtept><rtept lat="48.23693" lon="-4.45242"><ele>52.0</ele></rtept><rtept lat="48.23677" lon="-4.45196"><ele>52.0</ele></rtept><rtept lat="48.23689" lon="-4.45186"><ele>52.0</ele></rtept><rtept lat="48.2369" lon="-4.45179"><ele>52.0</ele></rtept><rtept lat="48.23707" lon="-4.45143"><ele>55.0</ele></rtept><rtept lat="48.2372" lon="-4.45129"><ele>57.0</ele></rtept><rtept lat="48.23735" lon="-4.45116"><ele>59.0</ele></rtept><rtept lat="48.23754" lon="-4.45101"><ele>60.0</ele></rtept><rtept lat="48.2379" lon="-4.45092"><ele>60.0</ele></rtept><rtept lat="48.2379" lon="-4.4508"><ele>61.0</ele></rtept><rtept lat="48.23796" lon="-4.45067"><ele>60.0</ele></rtept><rtept lat="48.238" lon="-4.45028"><ele>61.0</ele></rtept><rtept lat="48.23806" lon="-4.44974"><ele>61.0</ele></rtept><rtept lat="48.23805" lon="-4.4496"><ele>61.0</ele></rtept><rtept lat="48.23798" lon="-4.44932"><ele>61.0</ele></rtept><rtept lat="48.2379" lon="-4.44885"><ele>59.0</ele></rtept><rtept lat="48.23792" lon="-4.44827"><ele>59.0</ele></rtept><rtept lat="48.23796" lon="-4.44777"><ele>58.0</ele></rtept><rtept lat="48.23803" lon="-4.44743"><ele>57.0</ele></rtept><rtept lat="48.2381" lon="-4.44705"><ele>57.0</ele></rtept><rtept lat="48.23809" lon="-4.44686"><ele>57.0</ele></rtept><rtept lat="48.23812" lon="-4.44679"><ele>58.0</ele></rtept><rtept lat="48.23815" lon="-4.44634"><ele>58.0</ele></rtept><rtept lat="48.23811" lon="-4.4463"><ele>58.0</ele></rtept><rtept lat="48.23807" lon="-4.44614"><ele>55.0</ele></rtept><rtept lat="48.23809" lon="-4.44601"><ele>55.0</ele></rtept><rtept lat="48.23829" lon="-4.44545"><ele>55.0</ele></rtept><rtept lat="48.23839" lon="-4.4451"><ele>55.0</ele></rtept><rtept lat="48.23845" lon="-4.44462"><ele>55.0</ele></rtept><rtept lat="48.23851" lon="-4.44415"><ele>50.0</ele></rtept><rtept lat="48.23861" lon="-4.44339"><ele>46.0</ele></rtept><rtept lat="48.2387" lon="-4.44286"><ele>40.0</ele></rtept><rtept lat="48.23876" lon="-4.44275"><ele>40.0</ele></rtept><rtept lat="48.23885" lon="-4.44249"><ele>40.0</ele></rtept><rtept lat="48.23885" lon="-4.44208"><ele>41.0</ele></rtept><rtept lat="48.23884" lon="-4.44142"><ele>42.0</ele></rtept><rtept lat="48.23887" lon="-4.44083"><ele>41.0</ele></rtept><rtept lat="48.23894" lon="-4.4403"><ele>40.0</ele></rtept><rtept lat="48.23902" lon="-4.43977"><ele>39.0</ele></rtept><rtept lat="48.23907" lon="-4.43936"><ele>36.0</ele></rtept><rtept lat="48.23916" lon="-4.4387"><ele>36.0</ele></rtept><rtept lat="48.23925" lon="-4.43806"><ele>35.0</ele></rtept><rtept lat="48.23934" lon="-4.43765"><ele>35.0</ele></rtept><rtept lat="48.2395" lon="-4.43689"><ele>35.0</ele></rtept><rtept lat="48.23963" lon="-4.43643"><ele>34.0</ele></rtept><rtept lat="48.23976" lon="-4.43597"><ele>33.0</ele></rtept><rtept lat="48.24" lon="-4.4351"><ele>33.0</ele></rtept><rtept lat="48.24009" lon="-4.43471"><ele>33.0</ele></rtept><rtept lat="48.24015" lon="-4.43433"><ele>32.0</ele></rtept><rtept lat="48.24015" lon="-4.43386"><ele>30.0</ele></rtept><rtept lat="48.24016" lon="-4.43339"><ele>28.0</ele></rtept><rtept lat="48.24016" lon="-4.43277"><ele>28.0</ele></rtept><rtept lat="48.24006" lon="-4.43283"><ele>28.0</ele></rtept><rtept lat="48.23987" lon="-4.43284"><ele>26.0</ele></rtept><rtept lat="48.23965" lon="-4.43285"><ele>24.0</ele></rtept><rtept lat="48.23925" lon="-4.43278"><ele>18.0</ele></rtept><rtept lat="48.23896" lon="-4.43266"><ele>14.0</ele></rtept><rtept lat="48.23867" lon="-4.43254"><ele>12.0</ele></rtept><rtept lat="48.23836" lon="-4.43241"><ele>9.0</ele></rtept><rtept lat="48.23803" lon="-4.43222"><ele>6.0</ele></rtept><rtept lat="48.23791" lon="-4.4321"><ele>5.0</ele></rtept><rtept lat="48.23769" lon="-4.43182"><ele>5.0</ele></rtept><rtept lat="48.23746" lon="-4.43154"><ele>4.0</ele></rtept><rtept lat="48.23708" lon="-4.43106"><ele>2.0</ele></rtept><rtept lat="48.23681" lon="-4.43071"><ele>2.0</ele></rtept><rtept lat="48.23654" lon="-4.43037"><ele>2.0</ele></rtept><rtept lat="48.23626" lon="-4.43003"><ele>3.0</ele></rtept><rtept lat="48.23599" lon="-4.42968"><ele>3.0</ele></rtept><rtept lat="48.23548" lon="-4.42905"><ele>3.0</ele></rtept><rtept lat="48.23529" lon="-4.42875"><ele>3.0</ele></rtept><rtept lat="48.23497" lon="-4.42824"><ele>3.0</ele></rtept><rtept lat="48.23463" lon="-4.42855"><ele>3.0</ele></rtept><rtept lat="48.23431" lon="-4.42872"><ele>3.0</ele></rtept><rtept lat="48.23404" lon="-4.42895"><ele>4.0</ele></rtept><rtept lat="48.23378" lon="-4.42917"><ele>4.0</ele></rtept><rtept lat="48.23347" lon="-4.42943"><ele>2.0</ele></rtept><rtept lat="48.23317" lon="-4.42983"><ele>1.0</ele></rtept><rtept lat="48.23307" lon="-4.43004"><ele>2.0</ele></rtept><rtept lat="48.23282" lon="-4.43022"><ele>1.0</ele></rtept><rtept lat="48.23257" lon="-4.4304"><ele>3.0</ele></rtept><rtept lat="48.23217" lon="-4.43069"><ele>3.0</ele></rtept><rtept lat="48.23198" lon="-4.43079"><ele>3.0</ele></rtept><rtept lat="48.23173" lon="-4.43089"><ele>1.0</ele></rtept><rtept lat="48.23141" lon="-4.43102"><ele>1.0</ele></rtept><rtept lat="48.23118" lon="-4.43096"><ele>1.0</ele></rtept><rtept lat="48.23093" lon="-4.4309"><ele>1.0</ele></rtept><rtept lat="48.23084" lon="-4.4309"><ele>2.0</ele></rtept><rtept lat="48.23059" lon="-4.43098"><ele>6.0</ele></rtept><rtept lat="48.2306" lon="-4.43093"><ele>6.0</ele></rtept><rtept lat="48.23055" lon="-4.43088"><ele>13.0</ele></rtept><rtept lat="48.23041" lon="-4.43111"><ele>7.0</ele></rtept><rtept lat="48.23024" lon="-4.4314"><ele>8.0</ele></rtept><rtept lat="48.23017" lon="-4.43156"><ele>13.0</ele></rtept><rtept lat="48.23011" lon="-4.43166"><ele>9.0</ele></rtept><rtept lat="48.23003" lon="-4.4317"><ele>5.0</ele></rtept><rtept lat="48.22998" lon="-4.43177"><ele>12.0</ele></rtept><rtept lat="48.22993" lon="-4.43201"><ele>9.0</ele></rtept><rtept lat="48.22969" lon="-4.43229"><ele>9.0</ele></rtept><rtept lat="48.22962" lon="-4.43234"><ele>9.0</ele></rtept><rtept lat="48.22952" lon="-4.43234"><ele>9.0</ele></rtept><rtept lat="48.22948" lon="-4.43236"><ele>9.0</ele></rtept><rtept lat="48.2292" lon="-4.43262"><ele>8.0</ele></rtept><rtept lat="48.22913" lon="-4.43266"><ele>6.0</ele></rtept><rtept lat="48.22896" lon="-4.43264"><ele>8.0</ele></rtept><rtept lat="48.22882" lon="-4.43275"><ele>8.0</ele></rtept><rtept lat="48.22889" lon="-4.43248"><ele>8.0</ele></rtept><rtept lat="48.22895" lon="-4.43234"><ele>6.0</ele></rtept><rtept lat="48.22903" lon="-4.43193"><ele>11.0</ele></rtept><rtept lat="48.2291" lon="-4.43152"><ele>15.0</ele></rtept><rtept lat="48.22921" lon="-4.43093"><ele>19.0</ele></rtept><rtept lat="48.22927" lon="-4.43076"><ele>20.0</ele></rtept><rtept lat="48.2294" lon="-4.43049"><ele>20.0</ele></rtept><rtept lat="48.22959" lon="-4.43009"><ele>20.0</ele></rtept><rtept lat="48.22986" lon="-4.42959"><ele>20.0</ele></rtept><rtept lat="48.22954" lon="-4.42931"><ele>20.0</ele></rtept><rtept lat="48.22949" lon="-4.42929"><ele>21.0</ele></rtept><rtept lat="48.22924" lon="-4.42903"><ele>20.0</ele></rtept><rtept lat="48.22923" lon="-4.42896"><ele>21.0</ele></rtept><rtept lat="48.2293" lon="-4.42857"><ele>20.0</ele></rtept><rtept lat="48.22943" lon="-4.42788"><ele>20.0</ele></rtept><rtept lat="48.22972" lon="-4.42767"><ele>18.0</ele></rtept><rtept lat="48.22986" lon="-4.42748"><ele>21.0</ele></rtept><rtept lat="48.22992" lon="-4.42736"><ele>24.0</ele></rtept><rtept lat="48.23" lon="-4.42732"><ele>24.0</ele></rtept><rtept lat="48.23001" lon="-4.42717"><ele>26.0</ele></rtept><rtept lat="48.22993" lon="-4.42703"><ele>25.0</ele></rtept><rtept lat="48.22998" lon="-4.42652"><ele>28.0</ele></rtept><rtept lat="48.23003" lon="-4.42645"><ele>29.0</ele></rtept><rtept lat="48.23006" lon="-4.42626"><ele>29.0</ele></rtept><rtept lat="48.23009" lon="-4.42571"><ele>24.0</ele></rtept><rtept lat="48.23002" lon="-4.42589"><ele>32.0</ele></rtept><rtept lat="48.22997" lon="-4.42574"><ele>19.0</ele></rtept><rtept lat="48.22995" lon="-4.42558"><ele>22.0</ele></rtept><rtept lat="48.22988" lon="-4.42549"><ele>18.0</ele></rtept><rtept lat="48.22985" lon="-4.42558"><ele>18.0</ele></rtept><rtept lat="48.22982" lon="-4.42563"><ele>14.0</ele></rtept><rtept lat="48.2297" lon="-4.4256"><ele>17.0</ele></rtept><rtept lat="48.2297" lon="-4.42556"><ele>10.0</ele></rtept><rtept lat="48.22967" lon="-4.42545"><ele>10.0</ele></rtept><rtept lat="48.22959" lon="-4.42525"><ele>17.0</ele></rtept><rtept lat="48.22957" lon="-4.42495"><ele>21.0</ele></rtept><rtept lat="48.22951" lon="-4.42483"><ele>31.0</ele></rtept><rtept lat="48.22941" lon="-4.42473"><ele>22.0</ele></rtept><rtept lat="48.22923" lon="-4.42473"><ele>24.0</ele></rtept><rtept lat="48.22914" lon="-4.42478"><ele>24.0</ele></rtept><rtept lat="48.22909" lon="-4.42476"><ele>24.0</ele></rtept><rtept lat="48.22905" lon="-4.42471"><ele>24.0</ele></rtept><rtept lat="48.22902" lon="-4.42462"><ele>24.0</ele></rtept><rtept lat="48.22906" lon="-4.42438"><ele>25.0</ele></rtept><rtept lat="48.22904" lon="-4.42403"><ele>25.0</ele></rtept><rtept lat="48.22896" lon="-4.42375"><ele>23.0</ele></rtept><rtept lat="48.22877" lon="-4.42361"><ele>20.0</ele></rtept><rtept lat="48.22875" lon="-4.42361"><ele>20.0</ele></rtept><rtept lat="48.22872" lon="-4.42366"><ele>20.0</ele></rtept><rtept lat="48.22869" lon="-4.42366"><ele>17.0</ele></rtept><rtept lat="48.22852" lon="-4.42373"><ele>17.0</ele></rtept><rtept lat="48.2282" lon="-4.42373"><ele>13.0</ele></rtept><rtept lat="48.22808" lon="-4.42361"><ele>10.0</ele></rtept><rtept lat="48.22797" lon="-4.42358"><ele>12.0</ele></rtept><rtept lat="48.22793" lon="-4.42354"><ele>9.0</ele></rtept><rtept lat="48.22783" lon="-4.42351"><ele>9.0</ele></rtept><rtept lat="48.22771" lon="-4.42335"><ele>12.0</ele></rtept><rtept lat="48.2277" lon="-4.42312"><ele>12.0</ele></rtept><rtept lat="48.22772" lon="-4.42297"><ele>12.0</ele></rtept><rtept lat="48.22768" lon="-4.42262"><ele>17.0</ele></rtept><rtept lat="48.22763" lon="-4.42222"><ele>18.0</ele></rtept><rtept lat="48.22751" lon="-4.42213"><ele>20.0</ele></rtept><rtept lat="48.22743" lon="-4.42211"><ele>20.0</ele></rtept><rtept lat="48.22724" lon="-4.42197"><ele>24.0</ele></rtept><rtept lat="48.22703" lon="-4.42173"><ele>25.0</ele></rtept><rtept lat="48.22696" lon="-4.42161"><ele>28.0</ele></rtept><rtept lat="48.22693" lon="-4.42122"><ele>23.0</ele></rtept><rtept lat="48.227" lon="-4.42084"><ele>21.0</ele></rtept><rtept lat="48.22711" lon="-4.42028"><ele>21.0</ele></rtept><rtept lat="48.22726" lon="-4.42014"><ele>18.0</ele></rtept><rtept lat="48.22732" lon="-4.42011"><ele>24.0</ele></rtept><rtept lat="48.22738" lon="-4.42014"><ele>24.0</ele></rtept><rtept lat="48.22755" lon="-4.42009"><ele>27.0</ele></rtept><rtept lat="48.22757" lon="-4.42004"><ele>27.0</ele></rtept><rtept lat="48.22758" lon="-4.41988"><ele>25.0</ele></rtept><rtept lat="48.22767" lon="-4.41981"><ele>29.0</ele></rtept><rtept lat="48.22773" lon="-4.41971"><ele>29.0</ele></rtept><rtept lat="48.22782" lon="-4.4195"><ele>29.0</ele></rtept><rtept lat="48.22782" lon="-4.41917"><ele>26.0</ele></rtept><rtept lat="48.22787" lon="-4.41901"><ele>26.0</ele></rtept><rtept lat="48.22798" lon="-4.41878"><ele>26.0</ele></rtept><rtept lat="48.22793" lon="-4.4184"><ele>26.0</ele></rtept><rtept lat="48.22792" lon="-4.41817"><ele>28.0</ele></rtept><rtept lat="48.22786" lon="-4.41811"><ele>23.0</ele></rtept><rtept lat="48.22779" lon="-4.41785"><ele>24.0</ele></rtept><rtept lat="48.2277" lon="-4.41788"><ele>20.0</ele></rtept><rtept lat="48.22761" lon="-4.4177"><ele>24.0</ele></rtept><rtept lat="48.22756" lon="-4.41751"><ele>20.0</ele></rtept><rtept lat="48.22759" lon="-4.41746"><ele>24.0</ele></rtept><rtept lat="48.22751" lon="-4.41744"><ele>24.0</ele></rtept><rtept lat="48.22747" lon="-4.41733"><ele>7.0</ele></rtept><rtept lat="48.22743" lon="-4.41709"><ele>24.0</ele></rtept><rtept lat="48.22741" lon="-4.41688"><ele>25.0</ele></rtept><rtept lat="48.22735" lon="-4.41688"><ele>23.0</ele></rtept><rtept lat="48.22729" lon="-4.41659"><ele>26.0</ele></rtept><rtept lat="48.22721" lon="-4.4165"><ele>22.0</ele></rtept><rtept lat="48.22714" lon="-4.4162"><ele>25.0</ele></rtept><rtept lat="48.22704" lon="-4.4158"><ele>25.0</ele></rtept><rtept lat="48.22693" lon="-4.41547"><ele>36.0</ele></rtept><rtept lat="48.22694" lon="-4.41532"><ele>40.0</ele></rtept><rtept lat="48.2269" lon="-4.415"><ele>46.0</ele></rtept><rtept lat="48.22685" lon="-4.41455"><ele>46.0</ele></rtept><rtept lat="48.22682" lon="-4.41448"><ele>50.0</ele></rtept><rtept lat="48.22666" lon="-4.41422"><ele>46.0</ele></rtept><rtept lat="48.22643" lon="-4.41384"><ele>46.0</ele></rtept><rtept lat="48.22629" lon="-4.41364"><ele>42.0</ele></rtept><rtept lat="48.22624" lon="-4.41351"><ele>34.0</ele></rtept><rtept lat="48.22619" lon="-4.41347"><ele>37.0</ele></rtept><rtept lat="48.22611" lon="-4.4132"><ele>38.0</ele></rtept><rtept lat="48.22599" lon="-4.41282"><ele>38.0</ele></rtept><rtept lat="48.22586" lon="-4.4123"><ele>39.0</ele></rtept><rtept lat="48.22573" lon="-4.41223"><ele>42.0</ele></rtept><rtept lat="48.22558" lon="-4.41225"><ele>38.0</ele></rtept><rtept lat="48.22549" lon="-4.4123"><ele>39.0</ele></rtept><rtept lat="48.22537" lon="-4.4126"><ele>38.0</ele></rtept><rtept lat="48.22518" lon="-4.41304"><ele>32.0</ele></rtept><rtept lat="48.22516" lon="-4.41317"><ele>32.0</ele></rtept><rtept lat="48.22511" lon="-4.41322"><ele>30.0</ele></rtept><rtept lat="48.22502" lon="-4.41326"><ele>32.0</ele></rtept><rtept lat="48.22494" lon="-4.41322"><ele>32.0</ele></rtept><rtept lat="48.22488" lon="-4.41314"><ele>39.0</ele></rtept><rtept lat="48.22466" lon="-4.41296"><ele>46.0</ele></rtept><rtept lat="48.22446" lon="-4.41298"><ele>53.0</ele></rtept><rtept lat="48.22439" lon="-4.41293"><ele>62.0</ele></rtept><rtept lat="48.22431" lon="-4.41275"><ele>63.0</ele></rtept><rtept lat="48.22422" lon="-4.41265"><ele>65.0</ele></rtept><rtept lat="48.22421" lon="-4.41256"><ele>65.0</ele></rtept><rtept lat="48.22425" lon="-4.41249"><ele>67.0</ele></rtept><rtept lat="48.22423" lon="-4.41244"><ele>67.0</ele></rtept><rtept lat="48.22403" lon="-4.4123"><ele>65.0</ele></rtept><rtept lat="48.22399" lon="-4.41216"><ele>69.0</ele></rtept><rtept lat="48.22393" lon="-4.41209"><ele>69.0</ele></rtept><rtept lat="48.22389" lon="-4.41195"><ele>63.0</ele></rtept><rtept lat="48.22387" lon="-4.41192"><ele>63.0</ele></rtept><rtept lat="48.22385" lon="-4.41183"><ele>63.0</ele></rtept><rtept lat="48.22386" lon="-4.41176"><ele>61.0</ele></rtept><rtept lat="48.22379" lon="-4.41136"><ele>64.0</ele></rtept><rtept lat="48.2238" lon="-4.41127"><ele>63.0</ele></rtept><rtept lat="48.22377" lon="-4.41108"><ele>65.0</ele></rtept><rtept lat="48.22376" lon="-4.4108"><ele>67.0</ele></rtept><rtept lat="48.2237" lon="-4.41056"><ele>68.0</ele></rtept><rtept lat="48.22373" lon="-4.41045"><ele>73.0</ele></rtept><rtept lat="48.22378" lon="-4.41038"><ele>75.0</ele></rtept><rtept lat="48.22389" lon="-4.41017"><ele>73.0</ele></rtept><rtept lat="48.22389" lon="-4.41005"><ele>69.0</ele></rtept><rtept lat="48.22392" lon="-4.40993"><ele>79.0</ele></rtept><rtept lat="48.22393" lon="-4.40971"><ele>81.0</ele></rtept><rtept lat="48.22395" lon="-4.40948"><ele>81.0</ele></rtept><rtept lat="48.22394" lon="-4.40911"><ele>84.0</ele></rtept><rtept lat="48.2239" lon="-4.40887"><ele>77.0</ele></rtept><rtept lat="48.22392" lon="-4.40866"><ele>83.0</ele></rtept><rtept lat="48.22389" lon="-4.40848"><ele>78.0</ele></rtept><rtept lat="48.22399" lon="-4.40829"><ele>82.0</ele></rtept><rtept lat="48.22412" lon="-4.40794"><ele>82.0</ele></rtept><rtept lat="48.22415" lon="-4.40765"><ele>78.0</ele></rtept><rtept lat="48.22417" lon="-4.40716"><ele>79.0</ele></rtept><rtept lat="48.2242" lon="-4.40702"><ele>76.0</ele></rtept><rtept lat="48.22414" lon="-4.4066"><ele>81.0</ele></rtept><rtept lat="48.22404" lon="-4.40625"><ele>81.0</ele></rtept><rtept lat="48.22397" lon="-4.40586"><ele>82.0</ele></rtept><rtept lat="48.22387" lon="-4.40529"><ele>86.0</ele></rtept><rtept lat="48.22382" lon="-4.40512"><ele>86.0</ele></rtept><rtept lat="48.22376" lon="-4.40503"><ele>87.0</ele></rtept><rtept lat="48.22359" lon="-4.40453"><ele>87.0</ele></rtept><rtept lat="48.2235" lon="-4.40435"><ele>84.0</ele></rtept><rtept lat="48.22342" lon="-4.40415"><ele>87.0</ele></rtept><rtept lat="48.22335" lon="-4.40395"><ele>90.0</ele></rtept><rtept lat="48.2233" lon="-4.4037"><ele>87.0</ele></rtept><rtept lat="48.22324" lon="-4.4034"><ele>86.0</ele></rtept><rtept lat="48.22318" lon="-4.4032"><ele>80.0</ele></rtept><rtept lat="48.22313" lon="-4.40287"><ele>86.0</ele></rtept><rtept lat="48.22301" lon="-4.40259"><ele>84.0</ele></rtept><rtept lat="48.22276" lon="-4.40228"><ele>83.0</ele></rtept><rtept lat="48.22271" lon="-4.40217"><ele>88.0</ele></rtept><rtept lat="48.2226" lon="-4.40209"><ele>84.0</ele></rtept><rtept lat="48.22253" lon="-4.40193"><ele>85.0</ele></rtept><rtept lat="48.22243" lon="-4.40184"><ele>83.0</ele></rtept><rtept lat="48.22239" lon="-4.40174"><ele>85.0</ele></rtept><rtept lat="48.22227" lon="-4.40158"><ele>83.0</ele></rtept><rtept lat="48.22222" lon="-4.40148"><ele>88.0</ele></rtept><rtept lat="48.22197" lon="-4.40123"><ele>86.0</ele></rtept><rtept lat="48.22182" lon="-4.40111"><ele>89.0</ele></rtept><rtept lat="48.2217" lon="-4.40097"><ele>86.0</ele></rtept><rtept lat="48.2216" lon="-4.40065"><ele>85.0</ele></rtept><rtept lat="48.2215" lon="-4.40029"><ele>85.0</ele></rtept><rtept lat="48.22136" lon="-4.39996"><ele>81.0</ele></rtept><rtept lat="48.22135" lon="-4.39987"><ele>81.0</ele></rtept><rtept lat="48.22129" lon="-4.39968"><ele>77.0</ele></rtept><rtept lat="48.22125" lon="-4.39912"><ele>77.0</ele></rtept><rtept lat="48.22126" lon="-4.39893"><ele>76.0</ele></rtept><rtept lat="48.22134" lon="-4.39879"><ele>79.0</ele></rtept><rtept lat="48.22142" lon="-4.39874"><ele>86.0</ele></rtept><rtept lat="48.22152" lon="-4.3986"><ele>86.0</ele></rtept><rtept lat="48.22175" lon="-4.39839"><ele>89.0</ele></rtept><rtept lat="48.22183" lon="-4.39821"><ele>92.0</ele></rtept><rtept lat="48.22186" lon="-4.3979"><ele>92.0</ele></rtept><rtept lat="48.22184" lon="-4.39757"><ele>92.0</ele></rtept><rtept lat="48.22172" lon="-4.39736"><ele>88.0</ele></rtept><rtept lat="48.2216" lon="-4.39729"><ele>79.0</ele></rtept><rtept lat="48.22159" lon="-4.39689"><ele>83.0</ele></rtept><rtept lat="48.22154" lon="-4.39653"><ele>81.0</ele></rtept><rtept lat="48.22147" lon="-4.39607"><ele>79.0</ele></rtept><rtept lat="48.22139" lon="-4.39576"><ele>66.0</ele></rtept><rtept lat="48.22133" lon="-4.39567"><ele>65.0</ele></rtept><rtept lat="48.22129" lon="-4.39567"><ele>54.0</ele></rtept><rtept lat="48.22117" lon="-4.39527"><ele>55.0</ele></rtept><rtept lat="48.221" lon="-4.39529"><ele>45.0</ele></rtept><rtept lat="48.22095" lon="-4.39519"><ele>46.0</ele></rtept><rtept lat="48.22087" lon="-4.39538"><ele>36.0</ele></rtept><rtept lat="48.22079" lon="-4.39526"><ele>26.0</ele></rtept><rtept lat="48.22072" lon="-4.39477"><ele>26.0</ele></rtept><rtept lat="48.22073" lon="-4.39417"><ele>26.0</ele></rtept><rtept lat="48.22073" lon="-4.39379"><ele>29.0</ele></rtept><rtept lat="48.22073" lon="-4.3933"><ele>30.0</ele></rtept><rtept lat="48.22069" lon="-4.39318"><ele>31.0</ele></rtept><rtept lat="48.22072" lon="-4.39288"><ele>28.0</ele></rtept><rtept lat="48.22076" lon="-4.39252"><ele>31.0</ele></rtept><rtept lat="48.22072" lon="-4.39239"><ele>29.0</ele></rtept><rtept lat="48.22063" lon="-4.39216"><ele>31.0</ele></rtept><rtept lat="48.22054" lon="-4.39198"><ele>31.0</ele></rtept><rtept lat="48.22045" lon="-4.39194"><ele>31.0</ele></rtept><rtept lat="48.22014" lon="-4.39168"><ele>30.0</ele></rtept><rtept lat="48.22005" lon="-4.39149"><ele>29.0</ele></rtept><rtept lat="48.21994" lon="-4.39144"><ele>30.0</ele></rtept><rtept lat="48.21991" lon="-4.3914"><ele>29.0</ele></rtept><rtept lat="48.21975" lon="-4.39137"><ele>30.0</ele></rtept><rtept lat="48.21954" lon="-4.3914"><ele>27.0</ele></rtept><rtept lat="48.21926" lon="-4.39128"><ele>25.0</ele></rtept><rtept lat="48.21912" lon="-4.39128"><ele>26.0</ele></rtept><rtept lat="48.21902" lon="-4.39141"><ele>24.0</ele></rtept><rtept lat="48.21896" lon="-4.39147"><ele>25.0</ele></rtept><rtept lat="48.21884" lon="-4.39154"><ele>24.0</ele></rtept><rtept lat="48.21877" lon="-4.39165"><ele>22.0</ele></rtept><rtept lat="48.21867" lon="-4.39175"><ele>20.0</ele></rtept><rtept lat="48.21863" lon="-4.39201"><ele>19.0</ele></rtept><rtept lat="48.21865" lon="-4.3921"><ele>18.0</ele></rtept><rtept lat="48.21861" lon="-4.39217"><ele>16.0</ele></rtept><rtept lat="48.21854" lon="-4.39217"><ele>16.0</ele></rtept><rtept lat="48.21842" lon="-4.39208"><ele>17.0</ele></rtept><rtept lat="48.21835" lon="-4.39191"><ele>6.0</ele></rtept><rtept lat="48.21835" lon="-4.39184"><ele>15.0</ele></rtept><rtept lat="48.21828" lon="-4.39175"><ele>10.0</ele></rtept><rtept lat="48.21827" lon="-4.39161"><ele>17.0</ele></rtept><rtept lat="48.21822" lon="-4.39144"><ele>19.0</ele></rtept><rtept lat="48.2182" lon="-4.39142"><ele>19.0</ele></rtept><rtept lat="48.21814" lon="-4.39147"><ele>19.0</ele></rtept><rtept lat="48.21802" lon="-4.3915"><ele>19.0</ele></rtept><rtept lat="48.21795" lon="-4.39135"><ele>16.0</ele></rtept><rtept lat="48.21783" lon="-4.39128"><ele>20.0</ele></rtept><rtept lat="48.21777" lon="-4.39112"><ele>16.0</ele></rtept><rtept lat="48.21786" lon="-4.39079"><ele>16.0</ele></rtept><rtept lat="48.21793" lon="-4.39067"><ele>12.0</ele></rtept><rtept lat="48.21799" lon="-4.39048"><ele>15.0</ele></rtept><rtept lat="48.21798" lon="-4.39027"><ele>8.0</ele></rtept><rtept lat="48.21803" lon="-4.38997"><ele>15.0</ele></rtept><rtept lat="48.21812" lon="-4.38987"><ele>14.0</ele></rtept><rtept lat="48.21832" lon="-4.38973"><ele>15.0</ele></rtept><rtept lat="48.21846" lon="-4.38954"><ele>16.0</ele></rtept><rtept lat="48.21873" lon="-4.38945"><ele>20.0</ele></rtept><rtept lat="48.21889" lon="-4.38931"><ele>20.0</ele></rtept><rtept lat="48.21904" lon="-4.38914"><ele>19.0</ele></rtept><rtept lat="48.21913" lon="-4.38884"><ele>19.0</ele></rtept><rtept lat="48.2192" lon="-4.38877"><ele>13.0</ele></rtept><rtept lat="48.21937" lon="-4.38837"><ele>17.0</ele></rtept><rtept lat="48.21941" lon="-4.38816"><ele>22.0</ele></rtept><rtept lat="48.21948" lon="-4.38799"><ele>16.0</ele></rtept><rtept lat="48.21956" lon="-4.38753"><ele>17.0</ele></rtept><rtept lat="48.21957" lon="-4.38734"><ele>6.0</ele></rtept><rtept lat="48.21963" lon="-4.38702"><ele>19.0</ele></rtept><rtept lat="48.21971" lon="-4.38654"><ele>26.0</ele></rtept><rtept lat="48.21969" lon="-4.38642"><ele>10.0</ele></rtept><rtept lat="48.21972" lon="-4.38635"><ele>28.0</ele></rtept><rtept lat="48.21971" lon="-4.38626"><ele>28.0</ele></rtept><rtept lat="48.21976" lon="-4.38624"><ele>28.0</ele></rtept><rtept lat="48.21978" lon="-4.38608"><ele>32.0</ele></rtept><rtept lat="48.21979" lon="-4.38583"><ele>33.0</ele></rtept><rtept lat="48.2198" lon="-4.38553"><ele>34.0</ele></rtept><rtept lat="48.21978" lon="-4.38503"><ele>31.0</ele></rtept><rtept lat="48.21967" lon="-4.38509"><ele>33.0</ele></rtept><rtept lat="48.21956" lon="-4.38523"><ele>28.0</ele></rtept><rtept lat="48.21941" lon="-4.38532"><ele>28.0</ele></rtept><rtept lat="48.21937" lon="-4.38504"><ele>26.0</ele></rtept><rtept lat="48.2194" lon="-4.38491"><ele>18.0</ele></rtept><rtept lat="48.21936" lon="-4.38487"><ele>21.0</ele></rtept><rtept lat="48.21931" lon="-4.38464"><ele>26.0</ele></rtept><rtept lat="48.21928" lon="-4.38464"><ele>25.0</ele></rtept><rtept lat="48.21924" lon="-4.38448"><ele>27.0</ele></rtept><rtept lat="48.21925" lon="-4.38438"><ele>26.0</ele></rtept><rtept lat="48.21927" lon="-4.38433"><ele>26.0</ele></rtept><rtept lat="48.21926" lon="-4.38419"><ele>28.0</ele></rtept><rtept lat="48.21924" lon="-4.38415"><ele>28.0</ele></rtept><rtept lat="48.21921" lon="-4.38398"><ele>26.0</ele></rtept><rtept lat="48.21917" lon="-4.38394"><ele>24.0</ele></rtept><rtept lat="48.21914" lon="-4.38375"><ele>25.0</ele></rtept><rtept lat="48.21914" lon="-4.38358"><ele>27.0</ele></rtept><rtept lat="48.21925" lon="-4.38321"><ele>24.0</ele></rtept><rtept lat="48.21925" lon="-4.38307"><ele>35.0</ele></rtept><rtept lat="48.21915" lon="-4.38288"><ele>28.0</ele></rtept><rtept lat="48.21907" lon="-4.38236"><ele>33.0</ele></rtept><rtept lat="48.21906" lon="-4.38201"><ele>33.0</ele></rtept><rtept lat="48.21904" lon="-4.38161"><ele>33.0</ele></rtept><rtept lat="48.21894" lon="-4.38157"><ele>26.0</ele></rtept><rtept lat="48.21894" lon="-4.38131"><ele>26.0</ele></rtept><rtept lat="48.21885" lon="-4.38107"><ele>11.0</ele></rtept><rtept lat="48.21885" lon="-4.38098"><ele>11.0</ele></rtept><rtept lat="48.21887" lon="-4.38091"><ele>11.0</ele></rtept><rtept lat="48.21887" lon="-4.38077"><ele>11.0</ele></rtept><rtept lat="48.21884" lon="-4.38051"><ele>6.0</ele></rtept><rtept lat="48.21885" lon="-4.3803"><ele>9.0</ele></rtept><rtept lat="48.21889" lon="-4.37995"><ele>16.0</ele></rtept><rtept lat="48.21896" lon="-4.37981"><ele>24.0</ele></rtept><rtept lat="48.21897" lon="-4.37971"><ele>17.0</ele></rtept><rtept lat="48.21895" lon="-4.37943"><ele>19.0</ele></rtept><rtept lat="48.21896" lon="-4.3792"><ele>18.0</ele></rtept><rtept lat="48.21902" lon="-4.37892"><ele>15.0</ele></rtept><rtept lat="48.219" lon="-4.37861"><ele>19.0</ele></rtept><rtept lat="48.21901" lon="-4.37821"><ele>16.0</ele></rtept><rtept lat="48.21899" lon="-4.37802"><ele>11.0</ele></rtept><rtept lat="48.21895" lon="-4.37784"><ele>14.0</ele></rtept><rtept lat="48.2187" lon="-4.37751"><ele>6.0</ele></rtept><rtept lat="48.21865" lon="-4.37741"><ele>13.0</ele></rtept><rtept lat="48.21857" lon="-4.37734"><ele>13.0</ele></rtept><rtept lat="48.21849" lon="-4.37732"><ele>5.0</ele></rtept><rtept lat="48.21832" lon="-4.3772"><ele>4.0</ele></rtept><rtept lat="48.21798" lon="-4.37683"><ele>8.0</ele></rtept><rtept lat="48.21791" lon="-4.37658"><ele>6.0</ele></rtept><rtept lat="48.21777" lon="-4.37648"><ele>11.0</ele></rtept><rtept lat="48.21763" lon="-4.37631"><ele>7.0</ele></rtept><rtept lat="48.21735" lon="-4.37589"><ele>7.0</ele></rtept><rtept lat="48.21729" lon="-4.37582"><ele>6.0</ele></rtept><rtept lat="48.21721" lon="-4.37554"><ele>6.0</ele></rtept><rtept lat="48.21709" lon="-4.37531"><ele>6.0</ele></rtept><rtept lat="48.21702" lon="-4.37523"><ele>6.0</ele></rtept><rtept lat="48.21694" lon="-4.37518"><ele>6.0</ele></rtept><rtept lat="48.21682" lon="-4.3752"><ele>6.0</ele></rtept><rtept lat="48.21664" lon="-4.37538"><ele>3.0</ele></rtept><rtept lat="48.21633" lon="-4.37496"><ele>3.0</ele></rtept><rtept lat="48.21601" lon="-4.3745"><ele>3.0</ele></rtept><rtept lat="48.21583" lon="-4.37429"><ele>3.0</ele></rtept><rtept lat="48.21564" lon="-4.37406"><ele>2.0</ele></rtept><rtept lat="48.21528" lon="-4.37375"><ele>2.0</ele></rtept><rtept lat="48.21507" lon="-4.37354"><ele>2.0</ele></rtept><rtept lat="48.2148" lon="-4.37328"><ele>2.0</ele></rtept><rtept lat="48.21461" lon="-4.37308"><ele>3.0</ele></rtept><rtept lat="48.2144" lon="-4.37287"><ele>3.0</ele></rtept><rtept lat="48.21418" lon="-4.37265"><ele>3.0</ele></rtept><rtept lat="48.21388" lon="-4.37235"><ele>2.0</ele></rtept><rtept lat="48.2136" lon="-4.37208"><ele>2.0</ele></rtept><rtept lat="48.21331" lon="-4.37182"><ele>2.0</ele></rtept><rtept lat="48.21276" lon="-4.3713"><ele>2.0</ele></rtept><rtept lat="48.21255" lon="-4.37108"><ele>2.0</ele></rtept><rtept lat="48.21228" lon="-4.37078"><ele>3.0</ele></rtept><rtept lat="48.21206" lon="-4.37057"><ele>3.0</ele></rtept><rtept lat="48.21177" lon="-4.37027"><ele>4.0</ele></rtept><rtept lat="48.21157" lon="-4.37008"><ele>4.0</ele></rtept><rtept lat="48.21133" lon="-4.36986"><ele>4.0</ele></rtept><rtept lat="48.21107" lon="-4.36969"><ele>3.0</ele></rtept><rtept lat="48.21064" lon="-4.3694"><ele>5.0</ele></rtept><rtept lat="48.21052" lon="-4.36926"><ele>3.0</ele></rtept><rtept lat="48.21051" lon="-4.36915"><ele>7.0</ele></rtept><rtept lat="48.21023" lon="-4.36901"><ele>9.0</ele></rtept><rtept lat="48.21" lon="-4.36889"><ele>11.0</ele></rtept><rtept lat="48.20972" lon="-4.36874"><ele>11.0</ele></rtept><rtept lat="48.20986" lon="-4.36845"><ele>15.0</ele></rtept><rtept lat="48.21003" lon="-4.3681"><ele>15.0</ele></rtept></rte></gpx>
