<?xml version="1.0" encoding="UTF-8"?>
<gpx xmlns="http://www.topografix.com/GPX/1/1" xmlns:xsi="http://www.w3.org/2001/XMLSchema-instance" version="1.1" creator="Trace de Trail" xsi:schemaLocation="http://www.topografix.com/GPX/1/1 http://www.topografix.com/GPX/1/1/gpx.xsd">
  <metadata>
    <name>Grand Raid du Finistere 2026 - GRF166</name>
    <desc>Parcours créé sur Trace de Trail</desc>
    <link href="https://tracedetrail.fr/fr/trace/342554">
      <text>Cartographie du parcours</text>
    </link>
    <time>2026-06-23T11:07:34+00:00</time>
  </metadata>
  <wpt lat="48.21003" lon="-4.3681">
    <ele>15</ele>
    <type>depart</type>
  </wpt>
  <wpt lat="48.20206" lon="-4.23425">
    <ele>194</ele>
    <type>ravitoliquide</type>
  </wpt>
  <wpt lat="48.29428" lon="-4.26881">
    <ele>11</ele>
    <type>ravitoliquide</type>
  </wpt>
  <wpt lat="48.3394" lon="-4.53753">
    <ele>72</ele>
    <type>ravitoliquide</type>
  </wpt>
  <wpt lat="48.24028" lon="-4.54567">
    <ele>9</ele>
    <type>ravitoliquide</type>
  </wpt>
  <wpt lat="48.2258" lon="-4.50421">
    <ele>5</ele>
    <type>ravitoliquide</type>
  </wpt>
  <wpt lat="48.25056" lon="-4.22717">
    <ele>20</ele>
    <type>ravitoliquide</type>
  </wpt>
  <wpt lat="48.29225" lon="-4.45261">
    <ele>5</ele>
    <type>ravitoliquide</type>
  </wpt>
  <wpt lat="48.27783" lon="-4.60548">
    <ele>41</ele>
    <type>ravitoliquide</type>
  </wpt>
  <wpt lat="48.20368" lon="-4.52832">
    <ele>57</ele>
    <type>ravitoliquide</type>
  </wpt>
  <wpt lat="48.23497" lon="-4.42829">
    <ele>3</ele>
    <type>ravitoliquide</type>
  </wpt>
  <wpt lat="48.21003" lon="-4.3681">
    <ele>15</ele>
    <type>arrivee</type>
  </wpt>
  <trk>
    <name>Grand Raid du Finistere 2026 - GRF166 sur TraceDeTrail.fr</name>
    <src>Trace de Trail</src>
    <trkseg>
      <trkpt lat="48.21003" lon="-4.3681">
        <ele>15</ele>
        <time>2026-06-23T11:07:34+00:00</time>
      </trkpt>
      <trkpt lat="48.20988" lon="-4.36839">
        <ele>13</ele>
        <time>2026-06-23T11:07:37+00:00</time>
      </trkpt>
      <trkpt lat="48.20972" lon="-4.36874">
        <ele>15</ele>
        <time>2026-06-23T11:07:40+00:00</time>
      </trkpt>
      <trkpt lat="48.20948" lon="-4.36861">
        <ele>18</ele>
        <time>2026-06-23T11:07:43+00:00</time>
      </trkpt>
      <trkpt lat="48.20961" lon="-4.36825">
        <ele>22</ele>
        <time>2026-06-23T11:07:46+00:00</time>
      </trkpt>
      <trkpt lat="48.2097" lon="-4.36795">
        <ele>27</ele>
        <time>2026-06-23T11:07:49+00:00</time>
      </trkpt>
      <trkpt lat="48.20977" lon="-4.36759">
        <ele>29</ele>
        <time>2026-06-23T11:07:52+00:00</time>
      </trkpt>
      <trkpt lat="48.20987" lon="-4.36711">
        <ele>28</ele>
        <time>2026-06-23T11:07:55+00:00</time>
      </trkpt>
      <trkpt lat="48.20997" lon="-4.36671">
        <ele>28</ele>
        <time>2026-06-23T11:07:58+00:00</time>
      </trkpt>
      <trkpt lat="48.21014" lon="-4.36601">
        <ele>30</ele>
        <time>2026-06-23T11:08:01+00:00</time>
      </trkpt>
      <trkpt lat="48.21018" lon="-4.36564">
        <ele>33</ele>
        <time>2026-06-23T11:08:04+00:00</time>
      </trkpt>
      <trkpt lat="48.21022" lon="-4.36516">
        <ele>36</ele>
        <time>2026-06-23T11:08:07+00:00</time>
      </trkpt>
      <trkpt lat="48.21011" lon="-4.3648">
        <ele>37</ele>
        <time>2026-06-23T11:08:10+00:00</time>
      </trkpt>
      <trkpt lat="48.20987" lon="-4.36448">
        <ele>38</ele>
        <time>2026-06-23T11:08:13+00:00</time>
      </trkpt>
      <trkpt lat="48.20964" lon="-4.36417">
        <ele>39</ele>
        <time>2026-06-23T11:08:16+00:00</time>
      </trkpt>
      <trkpt lat="48.2093" lon="-4.36372">
        <ele>39</ele>
        <time>2026-06-23T11:08:19+00:00</time>
      </trkpt>
      <trkpt lat="48.20909" lon="-4.36339">
        <ele>40</ele>
        <time>2026-06-23T11:08:22+00:00</time>
      </trkpt>
      <trkpt lat="48.20901" lon="-4.36306">
        <ele>41</ele>
        <time>2026-06-23T11:08:25+00:00</time>
      </trkpt>
      <trkpt lat="48.20911" lon="-4.36269">
        <ele>42</ele>
        <time>2026-06-23T11:08:28+00:00</time>
      </trkpt>
      <trkpt lat="48.20926" lon="-4.36215">
        <ele>43</ele>
        <time>2026-06-23T11:08:31+00:00</time>
      </trkpt>
      <trkpt lat="48.2094" lon="-4.36174">
        <ele>44</ele>
        <time>2026-06-23T11:08:34+00:00</time>
      </trkpt>
      <trkpt lat="48.20954" lon="-4.36134">
        <ele>45</ele>
        <time>2026-06-23T11:08:37+00:00</time>
      </trkpt>
      <trkpt lat="48.2097" lon="-4.36088">
        <ele>46</ele>
        <time>2026-06-23T11:08:40+00:00</time>
      </trkpt>
      <trkpt lat="48.20982" lon="-4.36038">
        <ele>46</ele>
        <time>2026-06-23T11:08:43+00:00</time>
      </trkpt>
      <trkpt lat="48.20982" lon="-4.35997">
        <ele>48</ele>
        <time>2026-06-23T11:08:46+00:00</time>
      </trkpt>
      <trkpt lat="48.20992" lon="-4.35966">
        <ele>48</ele>
        <time>2026-06-23T11:08:49+00:00</time>
      </trkpt>
      <trkpt lat="48.21002" lon="-4.35935">
        <ele>49</ele>
        <time>2026-06-23T11:08:52+00:00</time>
      </trkpt>
      <trkpt lat="48.21014" lon="-4.35917">
        <ele>49</ele>
        <time>2026-06-23T11:08:55+00:00</time>
      </trkpt>
      <trkpt lat="48.21035" lon="-4.35942">
        <ele>49</ele>
        <time>2026-06-23T11:08:58+00:00</time>
      </trkpt>
      <trkpt lat="48.21055" lon="-4.35967">
        <ele>47</ele>
        <time>2026-06-23T11:09:01+00:00</time>
      </trkpt>
      <trkpt lat="48.21084" lon="-4.36">
        <ele>45</ele>
        <time>2026-06-23T11:09:04+00:00</time>
      </trkpt>
      <trkpt lat="48.21116" lon="-4.36017">
        <ele>43</ele>
        <time>2026-06-23T11:09:07+00:00</time>
      </trkpt>
      <trkpt lat="48.21143" lon="-4.36038">
        <ele>43</ele>
        <time>2026-06-23T11:09:10+00:00</time>
      </trkpt>
      <trkpt lat="48.21141" lon="-4.3607">
        <ele>40</ele>
        <time>2026-06-23T11:09:13+00:00</time>
      </trkpt>
      <trkpt lat="48.21137" lon="-4.36107">
        <ele>37</ele>
        <time>2026-06-23T11:09:16+00:00</time>
      </trkpt>
      <trkpt lat="48.21133" lon="-4.36156">
        <ele>31</ele>
        <time>2026-06-23T11:09:19+00:00</time>
      </trkpt>
      <trkpt lat="48.21135" lon="-4.36174">
        <ele>30</ele>
        <time>2026-06-23T11:09:22+00:00</time>
      </trkpt>
      <trkpt lat="48.21156" lon="-4.36209">
        <ele>29</ele>
        <time>2026-06-23T11:09:25+00:00</time>
      </trkpt>
      <trkpt lat="48.21137" lon="-4.36248">
        <ele>29</ele>
        <time>2026-06-23T11:09:28+00:00</time>
      </trkpt>
      <trkpt lat="48.21136" lon="-4.36286">
        <ele>29</ele>
        <time>2026-06-23T11:09:31+00:00</time>
      </trkpt>
      <trkpt lat="48.21134" lon="-4.36335">
        <ele>27</ele>
        <time>2026-06-23T11:09:34+00:00</time>
      </trkpt>
      <trkpt lat="48.21137" lon="-4.36377">
        <ele>25</ele>
        <time>2026-06-23T11:09:37+00:00</time>
      </trkpt>
      <trkpt lat="48.21142" lon="-4.36449">
        <ele>22</ele>
        <time>2026-06-23T11:09:40+00:00</time>
      </trkpt>
      <trkpt lat="48.21141" lon="-4.36502">
        <ele>21</ele>
        <time>2026-06-23T11:09:43+00:00</time>
      </trkpt>
      <trkpt lat="48.2114" lon="-4.36554">
        <ele>20</ele>
        <time>2026-06-23T11:09:46+00:00</time>
      </trkpt>
      <trkpt lat="48.21139" lon="-4.36607">
        <ele>18</ele>
        <time>2026-06-23T11:09:49+00:00</time>
      </trkpt>
      <trkpt lat="48.21137" lon="-4.36688">
        <ele>14</ele>
        <time>2026-06-23T11:09:52+00:00</time>
      </trkpt>
      <trkpt lat="48.21138" lon="-4.36734">
        <ele>12</ele>
        <time>2026-06-23T11:09:55+00:00</time>
      </trkpt>
      <trkpt lat="48.21139" lon="-4.36781">
        <ele>11</ele>
        <time>2026-06-23T11:09:58+00:00</time>
      </trkpt>
      <trkpt lat="48.2114" lon="-4.36837">
        <ele>10</ele>
        <time>2026-06-23T11:10:01+00:00</time>
      </trkpt>
      <trkpt lat="48.21149" lon="-4.36892">
        <ele>8</ele>
        <time>2026-06-23T11:10:04+00:00</time>
      </trkpt>
      <trkpt lat="48.21174" lon="-4.36946">
        <ele>7</ele>
        <time>2026-06-23T11:10:07+00:00</time>
      </trkpt>
      <trkpt lat="48.21151" lon="-4.36984">
        <ele>6</ele>
        <time>2026-06-23T11:10:10+00:00</time>
      </trkpt>
      <trkpt lat="48.21126" lon="-4.36965">
        <ele>6</ele>
        <time>2026-06-23T11:10:13+00:00</time>
      </trkpt>
      <trkpt lat="48.21084" lon="-4.36934">
        <ele>6</ele>
        <time>2026-06-23T11:10:16+00:00</time>
      </trkpt>
      <trkpt lat="48.21058" lon="-4.36919">
        <ele>7</ele>
        <time>2026-06-23T11:10:19+00:00</time>
      </trkpt>
      <trkpt lat="48.21021" lon="-4.36903">
        <ele>7</ele>
        <time>2026-06-23T11:10:22+00:00</time>
      </trkpt>
      <trkpt lat="48.20995" lon="-4.36892">
        <ele>7</ele>
        <time>2026-06-23T11:10:25+00:00</time>
      </trkpt>
      <trkpt lat="48.20955" lon="-4.36876">
        <ele>14</ele>
        <time>2026-06-23T11:10:28+00:00</time>
      </trkpt>
      <trkpt lat="48.20942" lon="-4.36876">
        <ele>14</ele>
        <time>2026-06-23T11:10:31+00:00</time>
      </trkpt>
      <trkpt lat="48.2093" lon="-4.36898">
        <ele>17</ele>
        <time>2026-06-23T11:10:34+00:00</time>
      </trkpt>
      <trkpt lat="48.20925" lon="-4.36918">
        <ele>25</ele>
        <time>2026-06-23T11:10:37+00:00</time>
      </trkpt>
      <trkpt lat="48.20911" lon="-4.36932">
        <ele>21</ele>
        <time>2026-06-23T11:10:40+00:00</time>
      </trkpt>
      <trkpt lat="48.20896" lon="-4.36948">
        <ele>25</ele>
        <time>2026-06-23T11:10:43+00:00</time>
      </trkpt>
      <trkpt lat="48.20863" lon="-4.36957">
        <ele>26</ele>
        <time>2026-06-23T11:10:46+00:00</time>
      </trkpt>
      <trkpt lat="48.20841" lon="-4.37002">
        <ele>28</ele>
        <time>2026-06-23T11:10:49+00:00</time>
      </trkpt>
      <trkpt lat="48.20829" lon="-4.37034">
        <ele>29</ele>
        <time>2026-06-23T11:10:52+00:00</time>
      </trkpt>
      <trkpt lat="48.20814" lon="-4.37073">
        <ele>29</ele>
        <time>2026-06-23T11:10:55+00:00</time>
      </trkpt>
      <trkpt lat="48.20804" lon="-4.3711">
        <ele>29</ele>
        <time>2026-06-23T11:10:58+00:00</time>
      </trkpt>
      <trkpt lat="48.20796" lon="-4.37127">
        <ele>28</ele>
        <time>2026-06-23T11:11:01+00:00</time>
      </trkpt>
      <trkpt lat="48.20787" lon="-4.37138">
        <ele>28</ele>
        <time>2026-06-23T11:11:04+00:00</time>
      </trkpt>
      <trkpt lat="48.20783" lon="-4.3715">
        <ele>28</ele>
        <time>2026-06-23T11:11:07+00:00</time>
      </trkpt>
      <trkpt lat="48.20776" lon="-4.3719">
        <ele>28</ele>
        <time>2026-06-23T11:11:10+00:00</time>
      </trkpt>
      <trkpt lat="48.20774" lon="-4.37228">
        <ele>28</ele>
        <time>2026-06-23T11:11:13+00:00</time>
      </trkpt>
      <trkpt lat="48.20767" lon="-4.37253">
        <ele>28</ele>
        <time>2026-06-23T11:11:16+00:00</time>
      </trkpt>
      <trkpt lat="48.20755" lon="-4.37277">
        <ele>28</ele>
        <time>2026-06-23T11:11:19+00:00</time>
      </trkpt>
      <trkpt lat="48.2074" lon="-4.37298">
        <ele>25</ele>
        <time>2026-06-23T11:11:22+00:00</time>
      </trkpt>
      <trkpt lat="48.20716" lon="-4.37317">
        <ele>25</ele>
        <time>2026-06-23T11:11:25+00:00</time>
      </trkpt>
      <trkpt lat="48.20694" lon="-4.37326">
        <ele>25</ele>
        <time>2026-06-23T11:11:28+00:00</time>
      </trkpt>
      <trkpt lat="48.2069" lon="-4.37319">
        <ele>19</ele>
        <time>2026-06-23T11:11:31+00:00</time>
      </trkpt>
      <trkpt lat="48.20682" lon="-4.3727">
        <ele>25</ele>
        <time>2026-06-23T11:11:34+00:00</time>
      </trkpt>
      <trkpt lat="48.20672" lon="-4.37242">
        <ele>25</ele>
        <time>2026-06-23T11:11:37+00:00</time>
      </trkpt>
      <trkpt lat="48.20671" lon="-4.37216">
        <ele>31</ele>
        <time>2026-06-23T11:11:40+00:00</time>
      </trkpt>
      <trkpt lat="48.20668" lon="-4.37197">
        <ele>27</ele>
        <time>2026-06-23T11:11:43+00:00</time>
      </trkpt>
      <trkpt lat="48.20666" lon="-4.37192">
        <ele>20</ele>
        <time>2026-06-23T11:11:46+00:00</time>
      </trkpt>
      <trkpt lat="48.20658" lon="-4.37183">
        <ele>20</ele>
        <time>2026-06-23T11:11:49+00:00</time>
      </trkpt>
      <trkpt lat="48.20653" lon="-4.37174">
        <ele>29</ele>
        <time>2026-06-23T11:11:52+00:00</time>
      </trkpt>
      <trkpt lat="48.20651" lon="-4.37136">
        <ele>24</ele>
        <time>2026-06-23T11:11:55+00:00</time>
      </trkpt>
      <trkpt lat="48.20648" lon="-4.37087">
        <ele>26</ele>
        <time>2026-06-23T11:11:58+00:00</time>
      </trkpt>
      <trkpt lat="48.20636" lon="-4.3707">
        <ele>26</ele>
        <time>2026-06-23T11:12:01+00:00</time>
      </trkpt>
      <trkpt lat="48.20633" lon="-4.37045">
        <ele>22</ele>
        <time>2026-06-23T11:12:04+00:00</time>
      </trkpt>
      <trkpt lat="48.20628" lon="-4.37028">
        <ele>18</ele>
        <time>2026-06-23T11:12:07+00:00</time>
      </trkpt>
      <trkpt lat="48.20621" lon="-4.37021">
        <ele>18</ele>
        <time>2026-06-23T11:12:10+00:00</time>
      </trkpt>
      <trkpt lat="48.20613" lon="-4.37007">
        <ele>15</ele>
        <time>2026-06-23T11:12:13+00:00</time>
      </trkpt>
      <trkpt lat="48.20603" lon="-4.36998">
        <ele>19</ele>
        <time>2026-06-23T11:12:16+00:00</time>
      </trkpt>
      <trkpt lat="48.20598" lon="-4.36995">
        <ele>13</ele>
        <time>2026-06-23T11:12:19+00:00</time>
      </trkpt>
      <trkpt lat="48.2059" lon="-4.36995">
        <ele>13</ele>
        <time>2026-06-23T11:12:22+00:00</time>
      </trkpt>
      <trkpt lat="48.20583" lon="-4.36988">
        <ele>18</ele>
        <time>2026-06-23T11:12:25+00:00</time>
      </trkpt>
      <trkpt lat="48.20575" lon="-4.36962">
        <ele>17</ele>
        <time>2026-06-23T11:12:28+00:00</time>
      </trkpt>
      <trkpt lat="48.20559" lon="-4.3693">
        <ele>11</ele>
        <time>2026-06-23T11:12:31+00:00</time>
      </trkpt>
      <trkpt lat="48.20549" lon="-4.36885">
        <ele>11</ele>
        <time>2026-06-23T11:12:34+00:00</time>
      </trkpt>
      <trkpt lat="48.20547" lon="-4.36851">
        <ele>11</ele>
        <time>2026-06-23T11:12:37+00:00</time>
      </trkpt>
      <trkpt lat="48.20545" lon="-4.36815">
        <ele>14</ele>
        <time>2026-06-23T11:12:40+00:00</time>
      </trkpt>
      <trkpt lat="48.20547" lon="-4.3681">
        <ele>9</ele>
        <time>2026-06-23T11:12:43+00:00</time>
      </trkpt>
      <trkpt lat="48.20546" lon="-4.36796">
        <ele>7</ele>
        <time>2026-06-23T11:12:46+00:00</time>
      </trkpt>
      <trkpt lat="48.20551" lon="-4.36787">
        <ele>15</ele>
        <time>2026-06-23T11:12:49+00:00</time>
      </trkpt>
      <trkpt lat="48.2056" lon="-4.36756">
        <ele>16</ele>
        <time>2026-06-23T11:12:52+00:00</time>
      </trkpt>
      <trkpt lat="48.2057" lon="-4.36744">
        <ele>13</ele>
        <time>2026-06-23T11:12:55+00:00</time>
      </trkpt>
      <trkpt lat="48.20579" lon="-4.36711">
        <ele>17</ele>
        <time>2026-06-23T11:12:58+00:00</time>
      </trkpt>
      <trkpt lat="48.20611" lon="-4.36667">
        <ele>19</ele>
        <time>2026-06-23T11:13:01+00:00</time>
      </trkpt>
      <trkpt lat="48.20617" lon="-4.36653">
        <ele>19</ele>
        <time>2026-06-23T11:13:04+00:00</time>
      </trkpt>
      <trkpt lat="48.20622" lon="-4.36632">
        <ele>18</ele>
        <time>2026-06-23T11:13:07+00:00</time>
      </trkpt>
      <trkpt lat="48.20619" lon="-4.36608">
        <ele>3</ele>
        <time>2026-06-23T11:13:10+00:00</time>
      </trkpt>
      <trkpt lat="48.20628" lon="-4.3658">
        <ele>18</ele>
        <time>2026-06-23T11:13:13+00:00</time>
      </trkpt>
      <trkpt lat="48.20631" lon="-4.36538">
        <ele>18</ele>
        <time>2026-06-23T11:13:16+00:00</time>
      </trkpt>
      <trkpt lat="48.20635" lon="-4.36521">
        <ele>17</ele>
        <time>2026-06-23T11:13:19+00:00</time>
      </trkpt>
      <trkpt lat="48.20639" lon="-4.36512">
        <ele>18</ele>
        <time>2026-06-23T11:13:22+00:00</time>
      </trkpt>
      <trkpt lat="48.20643" lon="-4.3651">
        <ele>17</ele>
        <time>2026-06-23T11:13:25+00:00</time>
      </trkpt>
      <trkpt lat="48.2067" lon="-4.36512">
        <ele>16</ele>
        <time>2026-06-23T11:13:28+00:00</time>
      </trkpt>
      <trkpt lat="48.20674" lon="-4.3651">
        <ele>20</ele>
        <time>2026-06-23T11:13:31+00:00</time>
      </trkpt>
      <trkpt lat="48.20675" lon="-4.36491">
        <ele>19</ele>
        <time>2026-06-23T11:13:34+00:00</time>
      </trkpt>
      <trkpt lat="48.20669" lon="-4.36477">
        <ele>16</ele>
        <time>2026-06-23T11:13:37+00:00</time>
      </trkpt>
      <trkpt lat="48.20661" lon="-4.3647">
        <ele>15</ele>
        <time>2026-06-23T11:13:40+00:00</time>
      </trkpt>
      <trkpt lat="48.20659" lon="-4.36465">
        <ele>15</ele>
        <time>2026-06-23T11:13:43+00:00</time>
      </trkpt>
      <trkpt lat="48.20661" lon="-4.36453">
        <ele>16</ele>
        <time>2026-06-23T11:13:46+00:00</time>
      </trkpt>
      <trkpt lat="48.20674" lon="-4.3643">
        <ele>16</ele>
        <time>2026-06-23T11:13:49+00:00</time>
      </trkpt>
      <trkpt lat="48.20678" lon="-4.36402">
        <ele>15</ele>
        <time>2026-06-23T11:13:52+00:00</time>
      </trkpt>
      <trkpt lat="48.20676" lon="-4.36397">
        <ele>17</ele>
        <time>2026-06-23T11:13:55+00:00</time>
      </trkpt>
      <trkpt lat="48.20656" lon="-4.36399">
        <ele>14</ele>
        <time>2026-06-23T11:13:58+00:00</time>
      </trkpt>
      <trkpt lat="48.20655" lon="-4.36388">
        <ele>16</ele>
        <time>2026-06-23T11:14:01+00:00</time>
      </trkpt>
      <trkpt lat="48.20661" lon="-4.36336">
        <ele>12</ele>
        <time>2026-06-23T11:14:04+00:00</time>
      </trkpt>
      <trkpt lat="48.2067" lon="-4.36301">
        <ele>12</ele>
        <time>2026-06-23T11:14:07+00:00</time>
      </trkpt>
      <trkpt lat="48.20681" lon="-4.36256">
        <ele>10</ele>
        <time>2026-06-23T11:14:10+00:00</time>
      </trkpt>
      <trkpt lat="48.20686" lon="-4.36212">
        <ele>8</ele>
        <time>2026-06-23T11:14:13+00:00</time>
      </trkpt>
      <trkpt lat="48.20683" lon="-4.36191">
        <ele>6</ele>
        <time>2026-06-23T11:14:16+00:00</time>
      </trkpt>
      <trkpt lat="48.20686" lon="-4.36177">
        <ele>8</ele>
        <time>2026-06-23T11:14:19+00:00</time>
      </trkpt>
      <trkpt lat="48.20676" lon="-4.36139">
        <ele>12</ele>
        <time>2026-06-23T11:14:22+00:00</time>
      </trkpt>
      <trkpt lat="48.20668" lon="-4.36125">
        <ele>8</ele>
        <time>2026-06-23T11:14:25+00:00</time>
      </trkpt>
      <trkpt lat="48.20666" lon="-4.36116">
        <ele>16</ele>
        <time>2026-06-23T11:14:28+00:00</time>
      </trkpt>
      <trkpt lat="48.20653" lon="-4.36101">
        <ele>16</ele>
        <time>2026-06-23T11:14:31+00:00</time>
      </trkpt>
      <trkpt lat="48.20651" lon="-4.36094">
        <ele>20</ele>
        <time>2026-06-23T11:14:34+00:00</time>
      </trkpt>
      <trkpt lat="48.20652" lon="-4.3608">
        <ele>20</ele>
        <time>2026-06-23T11:14:37+00:00</time>
      </trkpt>
      <trkpt lat="48.20634" lon="-4.36055">
        <ele>22</ele>
        <time>2026-06-23T11:14:40+00:00</time>
      </trkpt>
      <trkpt lat="48.20632" lon="-4.36043">
        <ele>24</ele>
        <time>2026-06-23T11:14:43+00:00</time>
      </trkpt>
      <trkpt lat="48.20633" lon="-4.36031">
        <ele>24</ele>
        <time>2026-06-23T11:14:46+00:00</time>
      </trkpt>
      <trkpt lat="48.2064" lon="-4.36">
        <ele>26</ele>
        <time>2026-06-23T11:14:49+00:00</time>
      </trkpt>
      <trkpt lat="48.20653" lon="-4.35947">
        <ele>30</ele>
        <time>2026-06-23T11:14:52+00:00</time>
      </trkpt>
      <trkpt lat="48.20656" lon="-4.35916">
        <ele>31</ele>
        <time>2026-06-23T11:14:55+00:00</time>
      </trkpt>
      <trkpt lat="48.20654" lon="-4.35889">
        <ele>32</ele>
        <time>2026-06-23T11:14:58+00:00</time>
      </trkpt>
      <trkpt lat="48.20656" lon="-4.35851">
        <ele>32</ele>
        <time>2026-06-23T11:15:01+00:00</time>
      </trkpt>
      <trkpt lat="48.20658" lon="-4.35803">
        <ele>32</ele>
        <time>2026-06-23T11:15:04+00:00</time>
      </trkpt>
      <trkpt lat="48.20621" lon="-4.35783">
        <ele>28</ele>
        <time>2026-06-23T11:15:07+00:00</time>
      </trkpt>
      <trkpt lat="48.20598" lon="-4.3577">
        <ele>24</ele>
        <time>2026-06-23T11:15:10+00:00</time>
      </trkpt>
      <trkpt lat="48.20571" lon="-4.35754">
        <ele>22</ele>
        <time>2026-06-23T11:15:13+00:00</time>
      </trkpt>
      <trkpt lat="48.20579" lon="-4.35714">
        <ele>22</ele>
        <time>2026-06-23T11:15:16+00:00</time>
      </trkpt>
      <trkpt lat="48.20589" lon="-4.35667">
        <ele>26</ele>
        <time>2026-06-23T11:15:19+00:00</time>
      </trkpt>
      <trkpt lat="48.20598" lon="-4.35625">
        <ele>26</ele>
        <time>2026-06-23T11:15:22+00:00</time>
      </trkpt>
      <trkpt lat="48.20617" lon="-4.35541">
        <ele>28</ele>
        <time>2026-06-23T11:15:25+00:00</time>
      </trkpt>
      <trkpt lat="48.20633" lon="-4.35487">
        <ele>27</ele>
        <time>2026-06-23T11:15:28+00:00</time>
      </trkpt>
      <trkpt lat="48.20644" lon="-4.35433">
        <ele>27</ele>
        <time>2026-06-23T11:15:31+00:00</time>
      </trkpt>
      <trkpt lat="48.20649" lon="-4.35384">
        <ele>30</ele>
        <time>2026-06-23T11:15:34+00:00</time>
      </trkpt>
      <trkpt lat="48.20646" lon="-4.35362">
        <ele>26</ele>
        <time>2026-06-23T11:15:37+00:00</time>
      </trkpt>
      <trkpt lat="48.20651" lon="-4.35332">
        <ele>34</ele>
        <time>2026-06-23T11:15:40+00:00</time>
      </trkpt>
      <trkpt lat="48.2066" lon="-4.35295">
        <ele>34</ele>
        <time>2026-06-23T11:15:43+00:00</time>
      </trkpt>
      <trkpt lat="48.20672" lon="-4.35245">
        <ele>33</ele>
        <time>2026-06-23T11:15:46+00:00</time>
      </trkpt>
      <trkpt lat="48.20658" lon="-4.35222">
        <ele>32</ele>
        <time>2026-06-23T11:15:49+00:00</time>
      </trkpt>
      <trkpt lat="48.20657" lon="-4.35187">
        <ele>30</ele>
        <time>2026-06-23T11:15:52+00:00</time>
      </trkpt>
      <trkpt lat="48.20656" lon="-4.35149">
        <ele>28</ele>
        <time>2026-06-23T11:15:55+00:00</time>
      </trkpt>
      <trkpt lat="48.20651" lon="-4.35144">
        <ele>28</ele>
        <time>2026-06-23T11:15:58+00:00</time>
      </trkpt>
      <trkpt lat="48.20649" lon="-4.35128">
        <ele>22</ele>
        <time>2026-06-23T11:16:01+00:00</time>
      </trkpt>
      <trkpt lat="48.2066" lon="-4.35097">
        <ele>21</ele>
        <time>2026-06-23T11:16:04+00:00</time>
      </trkpt>
      <trkpt lat="48.20682" lon="-4.35036">
        <ele>14</ele>
        <time>2026-06-23T11:16:07+00:00</time>
      </trkpt>
      <trkpt lat="48.20689" lon="-4.34999">
        <ele>13</ele>
        <time>2026-06-23T11:16:10+00:00</time>
      </trkpt>
      <trkpt lat="48.20696" lon="-4.34978">
        <ele>13</ele>
        <time>2026-06-23T11:16:13+00:00</time>
      </trkpt>
      <trkpt lat="48.2071" lon="-4.34961">
        <ele>13</ele>
        <time>2026-06-23T11:16:16+00:00</time>
      </trkpt>
      <trkpt lat="48.20731" lon="-4.34942">
        <ele>13</ele>
        <time>2026-06-23T11:16:19+00:00</time>
      </trkpt>
      <trkpt lat="48.20755" lon="-4.3492">
        <ele>13</ele>
        <time>2026-06-23T11:16:22+00:00</time>
      </trkpt>
      <trkpt lat="48.20746" lon="-4.34889">
        <ele>7</ele>
        <time>2026-06-23T11:16:25+00:00</time>
      </trkpt>
      <trkpt lat="48.20737" lon="-4.34856">
        <ele>6</ele>
        <time>2026-06-23T11:16:28+00:00</time>
      </trkpt>
      <trkpt lat="48.2073" lon="-4.34835">
        <ele>4</ele>
        <time>2026-06-23T11:16:31+00:00</time>
      </trkpt>
      <trkpt lat="48.20729" lon="-4.34828">
        <ele>6</ele>
        <time>2026-06-23T11:16:34+00:00</time>
      </trkpt>
      <trkpt lat="48.20734" lon="-4.34806">
        <ele>10</ele>
        <time>2026-06-23T11:16:37+00:00</time>
      </trkpt>
      <trkpt lat="48.2073" lon="-4.34809">
        <ele>10</ele>
        <time>2026-06-23T11:16:40+00:00</time>
      </trkpt>
      <trkpt lat="48.20704" lon="-4.34806">
        <ele>7</ele>
        <time>2026-06-23T11:16:43+00:00</time>
      </trkpt>
      <trkpt lat="48.207" lon="-4.34803">
        <ele>16</ele>
        <time>2026-06-23T11:16:46+00:00</time>
      </trkpt>
      <trkpt lat="48.20688" lon="-4.34811">
        <ele>5</ele>
        <time>2026-06-23T11:16:49+00:00</time>
      </trkpt>
      <trkpt lat="48.20685" lon="-4.34811">
        <ele>11</ele>
        <time>2026-06-23T11:16:52+00:00</time>
      </trkpt>
      <trkpt lat="48.20665" lon="-4.3479">
        <ele>12</ele>
        <time>2026-06-23T11:16:55+00:00</time>
      </trkpt>
      <trkpt lat="48.20656" lon="-4.3479">
        <ele>15</ele>
        <time>2026-06-23T11:16:58+00:00</time>
      </trkpt>
      <trkpt lat="48.20646" lon="-4.34797">
        <ele>14</ele>
        <time>2026-06-23T11:17:01+00:00</time>
      </trkpt>
      <trkpt lat="48.20641" lon="-4.34795">
        <ele>14</ele>
        <time>2026-06-23T11:17:04+00:00</time>
      </trkpt>
      <trkpt lat="48.20637" lon="-4.34788">
        <ele>14</ele>
        <time>2026-06-23T11:17:07+00:00</time>
      </trkpt>
      <trkpt lat="48.20637" lon="-4.34767">
        <ele>14</ele>
        <time>2026-06-23T11:17:10+00:00</time>
      </trkpt>
      <trkpt lat="48.20632" lon="-4.34762">
        <ele>14</ele>
        <time>2026-06-23T11:17:13+00:00</time>
      </trkpt>
      <trkpt lat="48.20625" lon="-4.34759">
        <ele>10</ele>
        <time>2026-06-23T11:17:16+00:00</time>
      </trkpt>
      <trkpt lat="48.20622" lon="-4.34755">
        <ele>10</ele>
        <time>2026-06-23T11:17:19+00:00</time>
      </trkpt>
      <trkpt lat="48.20619" lon="-4.34722">
        <ele>11</ele>
        <time>2026-06-23T11:17:22+00:00</time>
      </trkpt>
      <trkpt lat="48.20626" lon="-4.34687">
        <ele>15</ele>
        <time>2026-06-23T11:17:25+00:00</time>
      </trkpt>
      <trkpt lat="48.20626" lon="-4.34673">
        <ele>9</ele>
        <time>2026-06-23T11:17:28+00:00</time>
      </trkpt>
      <trkpt lat="48.20635" lon="-4.34637">
        <ele>17</ele>
        <time>2026-06-23T11:17:31+00:00</time>
      </trkpt>
      <trkpt lat="48.20633" lon="-4.34612">
        <ele>21</ele>
        <time>2026-06-23T11:17:34+00:00</time>
      </trkpt>
      <trkpt lat="48.20639" lon="-4.34581">
        <ele>15</ele>
        <time>2026-06-23T11:17:37+00:00</time>
      </trkpt>
      <trkpt lat="48.20643" lon="-4.34547">
        <ele>14</ele>
        <time>2026-06-23T11:17:40+00:00</time>
      </trkpt>
      <trkpt lat="48.20647" lon="-4.34511">
        <ele>14</ele>
        <time>2026-06-23T11:17:43+00:00</time>
      </trkpt>
      <trkpt lat="48.20656" lon="-4.3449">
        <ele>28</ele>
        <time>2026-06-23T11:17:46+00:00</time>
      </trkpt>
      <trkpt lat="48.20662" lon="-4.34458">
        <ele>19</ele>
        <time>2026-06-23T11:17:49+00:00</time>
      </trkpt>
      <trkpt lat="48.20657" lon="-4.34436">
        <ele>25</ele>
        <time>2026-06-23T11:17:52+00:00</time>
      </trkpt>
      <trkpt lat="48.20658" lon="-4.34401">
        <ele>25</ele>
        <time>2026-06-23T11:17:55+00:00</time>
      </trkpt>
      <trkpt lat="48.20643" lon="-4.34347">
        <ele>28</ele>
        <time>2026-06-23T11:17:58+00:00</time>
      </trkpt>
      <trkpt lat="48.20641" lon="-4.3433">
        <ele>28</ele>
        <time>2026-06-23T11:18:01+00:00</time>
      </trkpt>
      <trkpt lat="48.2064" lon="-4.34295">
        <ele>28</ele>
        <time>2026-06-23T11:18:04+00:00</time>
      </trkpt>
      <trkpt lat="48.20639" lon="-4.34236">
        <ele>30</ele>
        <time>2026-06-23T11:18:07+00:00</time>
      </trkpt>
      <trkpt lat="48.20642" lon="-4.34202">
        <ele>32</ele>
        <time>2026-06-23T11:18:10+00:00</time>
      </trkpt>
      <trkpt lat="48.20645" lon="-4.34168">
        <ele>32</ele>
        <time>2026-06-23T11:18:13+00:00</time>
      </trkpt>
      <trkpt lat="48.20652" lon="-4.34124">
        <ele>33</ele>
        <time>2026-06-23T11:18:16+00:00</time>
      </trkpt>
      <trkpt lat="48.2065" lon="-4.34107">
        <ele>27</ele>
        <time>2026-06-23T11:18:19+00:00</time>
      </trkpt>
      <trkpt lat="48.20638" lon="-4.34086">
        <ele>21</ele>
        <time>2026-06-23T11:18:22+00:00</time>
      </trkpt>
      <trkpt lat="48.20632" lon="-4.34084">
        <ele>35</ele>
        <time>2026-06-23T11:18:25+00:00</time>
      </trkpt>
      <trkpt lat="48.20624" lon="-4.34093">
        <ele>24</ele>
        <time>2026-06-23T11:18:28+00:00</time>
      </trkpt>
      <trkpt lat="48.2062" lon="-4.34091">
        <ele>24</ele>
        <time>2026-06-23T11:18:31+00:00</time>
      </trkpt>
      <trkpt lat="48.20615" lon="-4.34086">
        <ele>14</ele>
        <time>2026-06-23T11:18:34+00:00</time>
      </trkpt>
      <trkpt lat="48.20607" lon="-4.34072">
        <ele>24</ele>
        <time>2026-06-23T11:18:37+00:00</time>
      </trkpt>
      <trkpt lat="48.20601" lon="-4.34067">
        <ele>28</ele>
        <time>2026-06-23T11:18:40+00:00</time>
      </trkpt>
      <trkpt lat="48.20588" lon="-4.34067">
        <ele>20</ele>
        <time>2026-06-23T11:18:43+00:00</time>
      </trkpt>
      <trkpt lat="48.20584" lon="-4.34063">
        <ele>25</ele>
        <time>2026-06-23T11:18:46+00:00</time>
      </trkpt>
      <trkpt lat="48.20575" lon="-4.34046">
        <ele>16</ele>
        <time>2026-06-23T11:18:49+00:00</time>
      </trkpt>
      <trkpt lat="48.20568" lon="-4.34004">
        <ele>7</ele>
        <time>2026-06-23T11:18:52+00:00</time>
      </trkpt>
      <trkpt lat="48.20565" lon="-4.33969">
        <ele>12</ele>
        <time>2026-06-23T11:18:55+00:00</time>
      </trkpt>
      <trkpt lat="48.20577" lon="-4.33915">
        <ele>13</ele>
        <time>2026-06-23T11:18:58+00:00</time>
      </trkpt>
      <trkpt lat="48.20578" lon="-4.33875">
        <ele>11</ele>
        <time>2026-06-23T11:19:01+00:00</time>
      </trkpt>
      <trkpt lat="48.20567" lon="-4.33873">
        <ele>10</ele>
        <time>2026-06-23T11:19:04+00:00</time>
      </trkpt>
      <trkpt lat="48.20556" lon="-4.33873">
        <ele>11</ele>
        <time>2026-06-23T11:19:07+00:00</time>
      </trkpt>
      <trkpt lat="48.20553" lon="-4.33866">
        <ele>13</ele>
        <time>2026-06-23T11:19:10+00:00</time>
      </trkpt>
      <trkpt lat="48.20557" lon="-4.33829">
        <ele>8</ele>
        <time>2026-06-23T11:19:13+00:00</time>
      </trkpt>
      <trkpt lat="48.20563" lon="-4.33769">
        <ele>11</ele>
        <time>2026-06-23T11:19:16+00:00</time>
      </trkpt>
      <trkpt lat="48.20589" lon="-4.33737">
        <ele>14</ele>
        <time>2026-06-23T11:19:19+00:00</time>
      </trkpt>
      <trkpt lat="48.20617" lon="-4.33744">
        <ele>16</ele>
        <time>2026-06-23T11:19:22+00:00</time>
      </trkpt>
      <trkpt lat="48.2065" lon="-4.33739">
        <ele>19</ele>
        <time>2026-06-23T11:19:25+00:00</time>
      </trkpt>
      <trkpt lat="48.20674" lon="-4.33707">
        <ele>23</ele>
        <time>2026-06-23T11:19:28+00:00</time>
      </trkpt>
      <trkpt lat="48.2071" lon="-4.33683">
        <ele>27</ele>
        <time>2026-06-23T11:19:31+00:00</time>
      </trkpt>
      <trkpt lat="48.20736" lon="-4.33664">
        <ele>27</ele>
        <time>2026-06-23T11:19:34+00:00</time>
      </trkpt>
      <trkpt lat="48.20782" lon="-4.33631">
        <ele>27</ele>
        <time>2026-06-23T11:19:37+00:00</time>
      </trkpt>
      <trkpt lat="48.2079" lon="-4.33603">
        <ele>28</ele>
        <time>2026-06-23T11:19:40+00:00</time>
      </trkpt>
      <trkpt lat="48.20795" lon="-4.33582">
        <ele>30</ele>
        <time>2026-06-23T11:19:43+00:00</time>
      </trkpt>
      <trkpt lat="48.20815" lon="-4.33572">
        <ele>31</ele>
        <time>2026-06-23T11:19:46+00:00</time>
      </trkpt>
      <trkpt lat="48.20843" lon="-4.33558">
        <ele>31</ele>
        <time>2026-06-23T11:19:49+00:00</time>
      </trkpt>
      <trkpt lat="48.20821" lon="-4.33524">
        <ele>31</ele>
        <time>2026-06-23T11:19:52+00:00</time>
      </trkpt>
      <trkpt lat="48.20799" lon="-4.3349">
        <ele>26</ele>
        <time>2026-06-23T11:19:55+00:00</time>
      </trkpt>
      <trkpt lat="48.20769" lon="-4.33443">
        <ele>20</ele>
        <time>2026-06-23T11:19:58+00:00</time>
      </trkpt>
      <trkpt lat="48.20752" lon="-4.33416">
        <ele>20</ele>
        <time>2026-06-23T11:20:01+00:00</time>
      </trkpt>
      <trkpt lat="48.2073" lon="-4.3338">
        <ele>16</ele>
        <time>2026-06-23T11:20:04+00:00</time>
      </trkpt>
      <trkpt lat="48.20704" lon="-4.33328">
        <ele>14</ele>
        <time>2026-06-23T11:20:07+00:00</time>
      </trkpt>
      <trkpt lat="48.20695" lon="-4.3329">
        <ele>12</ele>
        <time>2026-06-23T11:20:10+00:00</time>
      </trkpt>
      <trkpt lat="48.2068" lon="-4.3323">
        <ele>10</ele>
        <time>2026-06-23T11:20:13+00:00</time>
      </trkpt>
      <trkpt lat="48.2068" lon="-4.33185">
        <ele>9</ele>
        <time>2026-06-23T11:20:16+00:00</time>
      </trkpt>
      <trkpt lat="48.20673" lon="-4.33162">
        <ele>8</ele>
        <time>2026-06-23T11:20:19+00:00</time>
      </trkpt>
      <trkpt lat="48.20669" lon="-4.33152">
        <ele>9</ele>
        <time>2026-06-23T11:20:22+00:00</time>
      </trkpt>
      <trkpt lat="48.20648" lon="-4.3314">
        <ele>10</ele>
        <time>2026-06-23T11:20:25+00:00</time>
      </trkpt>
      <trkpt lat="48.20626" lon="-4.33127">
        <ele>10</ele>
        <time>2026-06-23T11:20:28+00:00</time>
      </trkpt>
      <trkpt lat="48.20605" lon="-4.3312">
        <ele>11</ele>
        <time>2026-06-23T11:20:31+00:00</time>
      </trkpt>
      <trkpt lat="48.20594" lon="-4.3311">
        <ele>9</ele>
        <time>2026-06-23T11:20:34+00:00</time>
      </trkpt>
      <trkpt lat="48.20584" lon="-4.33094">
        <ele>13</ele>
        <time>2026-06-23T11:20:37+00:00</time>
      </trkpt>
      <trkpt lat="48.20579" lon="-4.33073">
        <ele>7</ele>
        <time>2026-06-23T11:20:40+00:00</time>
      </trkpt>
      <trkpt lat="48.20578" lon="-4.33057">
        <ele>14</ele>
        <time>2026-06-23T11:20:43+00:00</time>
      </trkpt>
      <trkpt lat="48.2056" lon="-4.33027">
        <ele>15</ele>
        <time>2026-06-23T11:20:46+00:00</time>
      </trkpt>
      <trkpt lat="48.20533" lon="-4.32983">
        <ele>15</ele>
        <time>2026-06-23T11:20:49+00:00</time>
      </trkpt>
      <trkpt lat="48.20513" lon="-4.32934">
        <ele>14</ele>
        <time>2026-06-23T11:20:52+00:00</time>
      </trkpt>
      <trkpt lat="48.205" lon="-4.32897">
        <ele>13</ele>
        <time>2026-06-23T11:20:55+00:00</time>
      </trkpt>
      <trkpt lat="48.2049" lon="-4.3285">
        <ele>13</ele>
        <time>2026-06-23T11:20:58+00:00</time>
      </trkpt>
      <trkpt lat="48.20479" lon="-4.32803">
        <ele>14</ele>
        <time>2026-06-23T11:21:01+00:00</time>
      </trkpt>
      <trkpt lat="48.20471" lon="-4.32767">
        <ele>17</ele>
        <time>2026-06-23T11:21:04+00:00</time>
      </trkpt>
      <trkpt lat="48.20461" lon="-4.32719">
        <ele>17</ele>
        <time>2026-06-23T11:21:07+00:00</time>
      </trkpt>
      <trkpt lat="48.20452" lon="-4.32693">
        <ele>18</ele>
        <time>2026-06-23T11:21:10+00:00</time>
      </trkpt>
      <trkpt lat="48.20436" lon="-4.32662">
        <ele>22</ele>
        <time>2026-06-23T11:21:13+00:00</time>
      </trkpt>
      <trkpt lat="48.20419" lon="-4.3264">
        <ele>24</ele>
        <time>2026-06-23T11:21:16+00:00</time>
      </trkpt>
      <trkpt lat="48.20401" lon="-4.32616">
        <ele>26</ele>
        <time>2026-06-23T11:21:19+00:00</time>
      </trkpt>
      <trkpt lat="48.20373" lon="-4.32641">
        <ele>27</ele>
        <time>2026-06-23T11:21:22+00:00</time>
      </trkpt>
      <trkpt lat="48.2036" lon="-4.3266">
        <ele>25</ele>
        <time>2026-06-23T11:21:25+00:00</time>
      </trkpt>
      <trkpt lat="48.20335" lon="-4.32704">
        <ele>25</ele>
        <time>2026-06-23T11:21:28+00:00</time>
      </trkpt>
      <trkpt lat="48.20329" lon="-4.32707">
        <ele>25</ele>
        <time>2026-06-23T11:21:31+00:00</time>
      </trkpt>
      <trkpt lat="48.2031" lon="-4.32707">
        <ele>25</ele>
        <time>2026-06-23T11:21:34+00:00</time>
      </trkpt>
      <trkpt lat="48.20305" lon="-4.32709">
        <ele>25</ele>
        <time>2026-06-23T11:21:37+00:00</time>
      </trkpt>
      <trkpt lat="48.20281" lon="-4.3274">
        <ele>21</ele>
        <time>2026-06-23T11:21:40+00:00</time>
      </trkpt>
      <trkpt lat="48.20262" lon="-4.32761">
        <ele>20</ele>
        <time>2026-06-23T11:21:43+00:00</time>
      </trkpt>
      <trkpt lat="48.20243" lon="-4.32768">
        <ele>19</ele>
        <time>2026-06-23T11:21:46+00:00</time>
      </trkpt>
      <trkpt lat="48.20233" lon="-4.32768">
        <ele>16</ele>
        <time>2026-06-23T11:21:49+00:00</time>
      </trkpt>
      <trkpt lat="48.20227" lon="-4.32756">
        <ele>19</ele>
        <time>2026-06-23T11:21:52+00:00</time>
      </trkpt>
      <trkpt lat="48.20225" lon="-4.32735">
        <ele>18</ele>
        <time>2026-06-23T11:21:55+00:00</time>
      </trkpt>
      <trkpt lat="48.20225" lon="-4.32692">
        <ele>19</ele>
        <time>2026-06-23T11:21:58+00:00</time>
      </trkpt>
      <trkpt lat="48.20225" lon="-4.3265">
        <ele>19</ele>
        <time>2026-06-23T11:22:01+00:00</time>
      </trkpt>
      <trkpt lat="48.20225" lon="-4.32582">
        <ele>18</ele>
        <time>2026-06-23T11:22:04+00:00</time>
      </trkpt>
      <trkpt lat="48.20237" lon="-4.3254">
        <ele>18</ele>
        <time>2026-06-23T11:22:07+00:00</time>
      </trkpt>
      <trkpt lat="48.2025" lon="-4.32507">
        <ele>18</ele>
        <time>2026-06-23T11:22:10+00:00</time>
      </trkpt>
      <trkpt lat="48.20262" lon="-4.3247">
        <ele>24</ele>
        <time>2026-06-23T11:22:13+00:00</time>
      </trkpt>
      <trkpt lat="48.20281" lon="-4.32413">
        <ele>23</ele>
        <time>2026-06-23T11:22:16+00:00</time>
      </trkpt>
      <trkpt lat="48.20277" lon="-4.32388">
        <ele>24</ele>
        <time>2026-06-23T11:22:19+00:00</time>
      </trkpt>
      <trkpt lat="48.20277" lon="-4.32369">
        <ele>23</ele>
        <time>2026-06-23T11:22:22+00:00</time>
      </trkpt>
      <trkpt lat="48.20281" lon="-4.32336">
        <ele>19</ele>
        <time>2026-06-23T11:22:25+00:00</time>
      </trkpt>
      <trkpt lat="48.20289" lon="-4.32309">
        <ele>15</ele>
        <time>2026-06-23T11:22:28+00:00</time>
      </trkpt>
      <trkpt lat="48.20305" lon="-4.3228">
        <ele>15</ele>
        <time>2026-06-23T11:22:31+00:00</time>
      </trkpt>
      <trkpt lat="48.20331" lon="-4.32247">
        <ele>14</ele>
        <time>2026-06-23T11:22:34+00:00</time>
      </trkpt>
      <trkpt lat="48.20357" lon="-4.32207">
        <ele>8</ele>
        <time>2026-06-23T11:22:37+00:00</time>
      </trkpt>
      <trkpt lat="48.20367" lon="-4.32195">
        <ele>8</ele>
        <time>2026-06-23T11:22:40+00:00</time>
      </trkpt>
      <trkpt lat="48.20384" lon="-4.32183">
        <ele>7</ele>
        <time>2026-06-23T11:22:43+00:00</time>
      </trkpt>
      <trkpt lat="48.20402" lon="-4.32177">
        <ele>7</ele>
        <time>2026-06-23T11:22:46+00:00</time>
      </trkpt>
      <trkpt lat="48.20406" lon="-4.32142">
        <ele>5</ele>
        <time>2026-06-23T11:22:49+00:00</time>
      </trkpt>
      <trkpt lat="48.20411" lon="-4.32103">
        <ele>5</ele>
        <time>2026-06-23T11:22:52+00:00</time>
      </trkpt>
      <trkpt lat="48.20421" lon="-4.32094">
        <ele>5</ele>
        <time>2026-06-23T11:22:55+00:00</time>
      </trkpt>
      <trkpt lat="48.20414" lon="-4.32069">
        <ele>9</ele>
        <time>2026-06-23T11:22:58+00:00</time>
      </trkpt>
      <trkpt lat="48.20418" lon="-4.32059">
        <ele>9</ele>
        <time>2026-06-23T11:23:01+00:00</time>
      </trkpt>
      <trkpt lat="48.20415" lon="-4.32033">
        <ele>11</ele>
        <time>2026-06-23T11:23:04+00:00</time>
      </trkpt>
      <trkpt lat="48.20413" lon="-4.31993">
        <ele>14</ele>
        <time>2026-06-23T11:23:07+00:00</time>
      </trkpt>
      <trkpt lat="48.20407" lon="-4.31981">
        <ele>11</ele>
        <time>2026-06-23T11:23:10+00:00</time>
      </trkpt>
      <trkpt lat="48.20409" lon="-4.31947">
        <ele>14</ele>
        <time>2026-06-23T11:23:13+00:00</time>
      </trkpt>
      <trkpt lat="48.20413" lon="-4.31918">
        <ele>14</ele>
        <time>2026-06-23T11:23:16+00:00</time>
      </trkpt>
      <trkpt lat="48.20422" lon="-4.31883">
        <ele>14</ele>
        <time>2026-06-23T11:23:19+00:00</time>
      </trkpt>
      <trkpt lat="48.20435" lon="-4.31836">
        <ele>16</ele>
        <time>2026-06-23T11:23:22+00:00</time>
      </trkpt>
      <trkpt lat="48.20438" lon="-4.31831">
        <ele>16</ele>
        <time>2026-06-23T11:23:25+00:00</time>
      </trkpt>
      <trkpt lat="48.20443" lon="-4.3182">
        <ele>11</ele>
        <time>2026-06-23T11:23:28+00:00</time>
      </trkpt>
      <trkpt lat="48.2044" lon="-4.31775">
        <ele>17</ele>
        <time>2026-06-23T11:23:31+00:00</time>
      </trkpt>
      <trkpt lat="48.20436" lon="-4.31741">
        <ele>20</ele>
        <time>2026-06-23T11:23:34+00:00</time>
      </trkpt>
      <trkpt lat="48.20431" lon="-4.31706">
        <ele>24</ele>
        <time>2026-06-23T11:23:37+00:00</time>
      </trkpt>
      <trkpt lat="48.20422" lon="-4.31669">
        <ele>27</ele>
        <time>2026-06-23T11:23:40+00:00</time>
      </trkpt>
      <trkpt lat="48.2041" lon="-4.31616">
        <ele>29</ele>
        <time>2026-06-23T11:23:43+00:00</time>
      </trkpt>
      <trkpt lat="48.20403" lon="-4.31599">
        <ele>33</ele>
        <time>2026-06-23T11:23:46+00:00</time>
      </trkpt>
      <trkpt lat="48.20386" lon="-4.31574">
        <ele>31</ele>
        <time>2026-06-23T11:23:49+00:00</time>
      </trkpt>
      <trkpt lat="48.20364" lon="-4.31557">
        <ele>32</ele>
        <time>2026-06-23T11:23:52+00:00</time>
      </trkpt>
      <trkpt lat="48.2036" lon="-4.31559">
        <ele>35</ele>
        <time>2026-06-23T11:23:55+00:00</time>
      </trkpt>
      <trkpt lat="48.20348" lon="-4.31559">
        <ele>35</ele>
        <time>2026-06-23T11:23:58+00:00</time>
      </trkpt>
      <trkpt lat="48.20329" lon="-4.3155">
        <ele>33</ele>
        <time>2026-06-23T11:24:01+00:00</time>
      </trkpt>
      <trkpt lat="48.20302" lon="-4.31538">
        <ele>33</ele>
        <time>2026-06-23T11:24:04+00:00</time>
      </trkpt>
      <trkpt lat="48.20284" lon="-4.31527">
        <ele>33</ele>
        <time>2026-06-23T11:24:07+00:00</time>
      </trkpt>
      <trkpt lat="48.20256" lon="-4.31503">
        <ele>33</ele>
        <time>2026-06-23T11:24:10+00:00</time>
      </trkpt>
      <trkpt lat="48.20228" lon="-4.3148">
        <ele>33</ele>
        <time>2026-06-23T11:24:13+00:00</time>
      </trkpt>
      <trkpt lat="48.20186" lon="-4.31444">
        <ele>30</ele>
        <time>2026-06-23T11:24:16+00:00</time>
      </trkpt>
      <trkpt lat="48.20158" lon="-4.31404">
        <ele>30</ele>
        <time>2026-06-23T11:24:19+00:00</time>
      </trkpt>
      <trkpt lat="48.20131" lon="-4.31365">
        <ele>29</ele>
        <time>2026-06-23T11:24:22+00:00</time>
      </trkpt>
      <trkpt lat="48.20103" lon="-4.31325">
        <ele>29</ele>
        <time>2026-06-23T11:24:25+00:00</time>
      </trkpt>
      <trkpt lat="48.20076" lon="-4.31285">
        <ele>28</ele>
        <time>2026-06-23T11:24:28+00:00</time>
      </trkpt>
      <trkpt lat="48.20048" lon="-4.31245">
        <ele>26</ele>
        <time>2026-06-23T11:24:31+00:00</time>
      </trkpt>
      <trkpt lat="48.2" lon="-4.31176">
        <ele>26</ele>
        <time>2026-06-23T11:24:34+00:00</time>
      </trkpt>
      <trkpt lat="48.19976" lon="-4.31146">
        <ele>27</ele>
        <time>2026-06-23T11:24:37+00:00</time>
      </trkpt>
      <trkpt lat="48.19955" lon="-4.31119">
        <ele>29</ele>
        <time>2026-06-23T11:24:40+00:00</time>
      </trkpt>
      <trkpt lat="48.1992" lon="-4.31074">
        <ele>30</ele>
        <time>2026-06-23T11:24:43+00:00</time>
      </trkpt>
      <trkpt lat="48.19903" lon="-4.31042">
        <ele>30</ele>
        <time>2026-06-23T11:24:46+00:00</time>
      </trkpt>
      <trkpt lat="48.19879" lon="-4.31005">
        <ele>30</ele>
        <time>2026-06-23T11:24:49+00:00</time>
      </trkpt>
      <trkpt lat="48.19855" lon="-4.30968">
        <ele>30</ele>
        <time>2026-06-23T11:24:52+00:00</time>
      </trkpt>
      <trkpt lat="48.19832" lon="-4.30931">
        <ele>30</ele>
        <time>2026-06-23T11:24:55+00:00</time>
      </trkpt>
      <trkpt lat="48.19803" lon="-4.30886">
        <ele>32</ele>
        <time>2026-06-23T11:24:58+00:00</time>
      </trkpt>
      <trkpt lat="48.19777" lon="-4.30844">
        <ele>35</ele>
        <time>2026-06-23T11:25:01+00:00</time>
      </trkpt>
      <trkpt lat="48.19757" lon="-4.30802">
        <ele>36</ele>
        <time>2026-06-23T11:25:04+00:00</time>
      </trkpt>
      <trkpt lat="48.19737" lon="-4.3076">
        <ele>36</ele>
        <time>2026-06-23T11:25:07+00:00</time>
      </trkpt>
      <trkpt lat="48.19717" lon="-4.30718">
        <ele>36</ele>
        <time>2026-06-23T11:25:10+00:00</time>
      </trkpt>
      <trkpt lat="48.19691" lon="-4.30663">
        <ele>34</ele>
        <time>2026-06-23T11:25:13+00:00</time>
      </trkpt>
      <trkpt lat="48.1969" lon="-4.30654">
        <ele>31</ele>
        <time>2026-06-23T11:25:16+00:00</time>
      </trkpt>
      <trkpt lat="48.19693" lon="-4.30628">
        <ele>33</ele>
        <time>2026-06-23T11:25:19+00:00</time>
      </trkpt>
      <trkpt lat="48.1969" lon="-4.30623">
        <ele>31</ele>
        <time>2026-06-23T11:25:22+00:00</time>
      </trkpt>
      <trkpt lat="48.19677" lon="-4.30614">
        <ele>31</ele>
        <time>2026-06-23T11:25:25+00:00</time>
      </trkpt>
      <trkpt lat="48.19671" lon="-4.30605">
        <ele>30</ele>
        <time>2026-06-23T11:25:28+00:00</time>
      </trkpt>
      <trkpt lat="48.1966" lon="-4.30558">
        <ele>21</ele>
        <time>2026-06-23T11:25:31+00:00</time>
      </trkpt>
      <trkpt lat="48.19658" lon="-4.30519">
        <ele>19</ele>
        <time>2026-06-23T11:25:34+00:00</time>
      </trkpt>
      <trkpt lat="48.19656" lon="-4.30467">
        <ele>12</ele>
        <time>2026-06-23T11:25:37+00:00</time>
      </trkpt>
      <trkpt lat="48.19653" lon="-4.30415">
        <ele>7</ele>
        <time>2026-06-23T11:25:40+00:00</time>
      </trkpt>
      <trkpt lat="48.19645" lon="-4.30355">
        <ele>7</ele>
        <time>2026-06-23T11:25:43+00:00</time>
      </trkpt>
      <trkpt lat="48.19632" lon="-4.30351">
        <ele>4</ele>
        <time>2026-06-23T11:25:46+00:00</time>
      </trkpt>
      <trkpt lat="48.19621" lon="-4.30346">
        <ele>6</ele>
        <time>2026-06-23T11:25:49+00:00</time>
      </trkpt>
      <trkpt lat="48.1961" lon="-4.30335">
        <ele>4</ele>
        <time>2026-06-23T11:25:52+00:00</time>
      </trkpt>
      <trkpt lat="48.19602" lon="-4.30297">
        <ele>5</ele>
        <time>2026-06-23T11:25:55+00:00</time>
      </trkpt>
      <trkpt lat="48.19598" lon="-4.30294">
        <ele>5</ele>
        <time>2026-06-23T11:25:58+00:00</time>
      </trkpt>
      <trkpt lat="48.19566" lon="-4.3031">
        <ele>5</ele>
        <time>2026-06-23T11:26:01+00:00</time>
      </trkpt>
      <trkpt lat="48.19527" lon="-4.30342">
        <ele>3</ele>
        <time>2026-06-23T11:26:04+00:00</time>
      </trkpt>
      <trkpt lat="48.19492" lon="-4.30322">
        <ele>3</ele>
        <time>2026-06-23T11:26:07+00:00</time>
      </trkpt>
      <trkpt lat="48.19456" lon="-4.30302">
        <ele>3</ele>
        <time>2026-06-23T11:26:10+00:00</time>
      </trkpt>
      <trkpt lat="48.19421" lon="-4.30282">
        <ele>3</ele>
        <time>2026-06-23T11:26:13+00:00</time>
      </trkpt>
      <trkpt lat="48.19385" lon="-4.30262">
        <ele>3</ele>
        <time>2026-06-23T11:26:16+00:00</time>
      </trkpt>
      <trkpt lat="48.1935" lon="-4.30243">
        <ele>3</ele>
        <time>2026-06-23T11:26:19+00:00</time>
      </trkpt>
      <trkpt lat="48.19303" lon="-4.30216">
        <ele>3</ele>
        <time>2026-06-23T11:26:22+00:00</time>
      </trkpt>
      <trkpt lat="48.19267" lon="-4.30194">
        <ele>3</ele>
        <time>2026-06-23T11:26:25+00:00</time>
      </trkpt>
      <trkpt lat="48.19231" lon="-4.30173">
        <ele>3</ele>
        <time>2026-06-23T11:26:28+00:00</time>
      </trkpt>
      <trkpt lat="48.19205" lon="-4.30157">
        <ele>3</ele>
        <time>2026-06-23T11:26:31+00:00</time>
      </trkpt>
      <trkpt lat="48.19159" lon="-4.30129">
        <ele>3</ele>
        <time>2026-06-23T11:26:34+00:00</time>
      </trkpt>
      <trkpt lat="48.19123" lon="-4.30108">
        <ele>3</ele>
        <time>2026-06-23T11:26:37+00:00</time>
      </trkpt>
      <trkpt lat="48.19088" lon="-4.30086">
        <ele>3</ele>
        <time>2026-06-23T11:26:40+00:00</time>
      </trkpt>
      <trkpt lat="48.19066" lon="-4.30073">
        <ele>3</ele>
        <time>2026-06-23T11:26:43+00:00</time>
      </trkpt>
      <trkpt lat="48.19042" lon="-4.30059">
        <ele>3</ele>
        <time>2026-06-23T11:26:46+00:00</time>
      </trkpt>
      <trkpt lat="48.19016" lon="-4.3004">
        <ele>3</ele>
        <time>2026-06-23T11:26:49+00:00</time>
      </trkpt>
      <trkpt lat="48.1897" lon="-4.30007">
        <ele>3</ele>
        <time>2026-06-23T11:26:52+00:00</time>
      </trkpt>
      <trkpt lat="48.18933" lon="-4.29982">
        <ele>3</ele>
        <time>2026-06-23T11:26:55+00:00</time>
      </trkpt>
      <trkpt lat="48.18897" lon="-4.29956">
        <ele>3</ele>
        <time>2026-06-23T11:26:58+00:00</time>
      </trkpt>
      <trkpt lat="48.1886" lon="-4.29931">
        <ele>3</ele>
        <time>2026-06-23T11:27:01+00:00</time>
      </trkpt>
      <trkpt lat="48.18824" lon="-4.29905">
        <ele>3</ele>
        <time>2026-06-23T11:27:04+00:00</time>
      </trkpt>
      <trkpt lat="48.18787" lon="-4.2988">
        <ele>3</ele>
        <time>2026-06-23T11:27:07+00:00</time>
      </trkpt>
      <trkpt lat="48.18759" lon="-4.2986">
        <ele>3</ele>
        <time>2026-06-23T11:27:10+00:00</time>
      </trkpt>
      <trkpt lat="48.1873" lon="-4.2984">
        <ele>4</ele>
        <time>2026-06-23T11:27:13+00:00</time>
      </trkpt>
      <trkpt lat="48.18694" lon="-4.29814">
        <ele>4</ele>
        <time>2026-06-23T11:27:16+00:00</time>
      </trkpt>
      <trkpt lat="48.18661" lon="-4.29789">
        <ele>3</ele>
        <time>2026-06-23T11:27:19+00:00</time>
      </trkpt>
      <trkpt lat="48.18627" lon="-4.29765">
        <ele>3</ele>
        <time>2026-06-23T11:27:22+00:00</time>
      </trkpt>
      <trkpt lat="48.18594" lon="-4.2974">
        <ele>3</ele>
        <time>2026-06-23T11:27:25+00:00</time>
      </trkpt>
      <trkpt lat="48.1856" lon="-4.29715">
        <ele>3</ele>
        <time>2026-06-23T11:27:28+00:00</time>
      </trkpt>
      <trkpt lat="48.18497" lon="-4.29669">
        <ele>3</ele>
        <time>2026-06-23T11:27:31+00:00</time>
      </trkpt>
      <trkpt lat="48.18466" lon="-4.29653">
        <ele>3</ele>
        <time>2026-06-23T11:27:34+00:00</time>
      </trkpt>
      <trkpt lat="48.18435" lon="-4.29637">
        <ele>3</ele>
        <time>2026-06-23T11:27:37+00:00</time>
      </trkpt>
      <trkpt lat="48.18379" lon="-4.29608">
        <ele>3</ele>
        <time>2026-06-23T11:27:40+00:00</time>
      </trkpt>
      <trkpt lat="48.18345" lon="-4.29591">
        <ele>3</ele>
        <time>2026-06-23T11:27:43+00:00</time>
      </trkpt>
      <trkpt lat="48.18312" lon="-4.29574">
        <ele>3</ele>
        <time>2026-06-23T11:27:46+00:00</time>
      </trkpt>
      <trkpt lat="48.18278" lon="-4.29557">
        <ele>3</ele>
        <time>2026-06-23T11:27:49+00:00</time>
      </trkpt>
      <trkpt lat="48.1822" lon="-4.29527">
        <ele>3</ele>
        <time>2026-06-23T11:27:52+00:00</time>
      </trkpt>
      <trkpt lat="48.18189" lon="-4.29511">
        <ele>3</ele>
        <time>2026-06-23T11:27:55+00:00</time>
      </trkpt>
      <trkpt lat="48.18157" lon="-4.29495">
        <ele>3</ele>
        <time>2026-06-23T11:27:58+00:00</time>
      </trkpt>
      <trkpt lat="48.18101" lon="-4.29465">
        <ele>3</ele>
        <time>2026-06-23T11:28:01+00:00</time>
      </trkpt>
      <trkpt lat="48.18073" lon="-4.29451">
        <ele>3</ele>
        <time>2026-06-23T11:28:04+00:00</time>
      </trkpt>
      <trkpt lat="48.18022" lon="-4.29425">
        <ele>3</ele>
        <time>2026-06-23T11:28:07+00:00</time>
      </trkpt>
      <trkpt lat="48.17989" lon="-4.29408">
        <ele>3</ele>
        <time>2026-06-23T11:28:10+00:00</time>
      </trkpt>
      <trkpt lat="48.17956" lon="-4.29391">
        <ele>3</ele>
        <time>2026-06-23T11:28:13+00:00</time>
      </trkpt>
      <trkpt lat="48.17924" lon="-4.29374">
        <ele>3</ele>
        <time>2026-06-23T11:28:16+00:00</time>
      </trkpt>
      <trkpt lat="48.17879" lon="-4.29351">
        <ele>3</ele>
        <time>2026-06-23T11:28:19+00:00</time>
      </trkpt>
      <trkpt lat="48.17847" lon="-4.29333">
        <ele>3</ele>
        <time>2026-06-23T11:28:22+00:00</time>
      </trkpt>
      <trkpt lat="48.1782" lon="-4.29319">
        <ele>3</ele>
        <time>2026-06-23T11:28:25+00:00</time>
      </trkpt>
      <trkpt lat="48.17769" lon="-4.29292">
        <ele>3</ele>
        <time>2026-06-23T11:28:28+00:00</time>
      </trkpt>
      <trkpt lat="48.17736" lon="-4.29263">
        <ele>3</ele>
        <time>2026-06-23T11:28:31+00:00</time>
      </trkpt>
      <trkpt lat="48.17704" lon="-4.29234">
        <ele>3</ele>
        <time>2026-06-23T11:28:34+00:00</time>
      </trkpt>
      <trkpt lat="48.17671" lon="-4.29204">
        <ele>3</ele>
        <time>2026-06-23T11:28:37+00:00</time>
      </trkpt>
      <trkpt lat="48.17639" lon="-4.29175">
        <ele>3</ele>
        <time>2026-06-23T11:28:40+00:00</time>
      </trkpt>
      <trkpt lat="48.17606" lon="-4.29146">
        <ele>3</ele>
        <time>2026-06-23T11:28:43+00:00</time>
      </trkpt>
      <trkpt lat="48.17558" lon="-4.29103">
        <ele>5</ele>
        <time>2026-06-23T11:28:46+00:00</time>
      </trkpt>
      <trkpt lat="48.17546" lon="-4.29069">
        <ele>5</ele>
        <time>2026-06-23T11:28:49+00:00</time>
      </trkpt>
      <trkpt lat="48.17531" lon="-4.29023">
        <ele>6</ele>
        <time>2026-06-23T11:28:52+00:00</time>
      </trkpt>
      <trkpt lat="48.17503" lon="-4.28995">
        <ele>20</ele>
        <time>2026-06-23T11:28:55+00:00</time>
      </trkpt>
      <trkpt lat="48.17474" lon="-4.28967">
        <ele>21</ele>
        <time>2026-06-23T11:28:58+00:00</time>
      </trkpt>
      <trkpt lat="48.17446" lon="-4.28939">
        <ele>22</ele>
        <time>2026-06-23T11:29:01+00:00</time>
      </trkpt>
      <trkpt lat="48.17417" lon="-4.2891">
        <ele>24</ele>
        <time>2026-06-23T11:29:04+00:00</time>
      </trkpt>
      <trkpt lat="48.17396" lon="-4.28936">
        <ele>24</ele>
        <time>2026-06-23T11:29:07+00:00</time>
      </trkpt>
      <trkpt lat="48.17365" lon="-4.28974">
        <ele>24</ele>
        <time>2026-06-23T11:29:10+00:00</time>
      </trkpt>
      <trkpt lat="48.17345" lon="-4.29009">
        <ele>24</ele>
        <time>2026-06-23T11:29:13+00:00</time>
      </trkpt>
      <trkpt lat="48.17325" lon="-4.29045">
        <ele>24</ele>
        <time>2026-06-23T11:29:16+00:00</time>
      </trkpt>
      <trkpt lat="48.173" lon="-4.29089">
        <ele>24</ele>
        <time>2026-06-23T11:29:19+00:00</time>
      </trkpt>
      <trkpt lat="48.17274" lon="-4.29106">
        <ele>21</ele>
        <time>2026-06-23T11:29:22+00:00</time>
      </trkpt>
      <trkpt lat="48.17228" lon="-4.29136">
        <ele>12</ele>
        <time>2026-06-23T11:29:25+00:00</time>
      </trkpt>
      <trkpt lat="48.17216" lon="-4.29173">
        <ele>5</ele>
        <time>2026-06-23T11:29:28+00:00</time>
      </trkpt>
      <trkpt lat="48.17191" lon="-4.29172">
        <ele>3</ele>
        <time>2026-06-23T11:29:31+00:00</time>
      </trkpt>
      <trkpt lat="48.17162" lon="-4.29171">
        <ele>3</ele>
        <time>2026-06-23T11:29:34+00:00</time>
      </trkpt>
      <trkpt lat="48.17119" lon="-4.29164">
        <ele>3</ele>
        <time>2026-06-23T11:29:37+00:00</time>
      </trkpt>
      <trkpt lat="48.17086" lon="-4.29164">
        <ele>2</ele>
        <time>2026-06-23T11:29:40+00:00</time>
      </trkpt>
      <trkpt lat="48.1706" lon="-4.29168">
        <ele>2</ele>
        <time>2026-06-23T11:29:43+00:00</time>
      </trkpt>
      <trkpt lat="48.17028" lon="-4.29172">
        <ele>2</ele>
        <time>2026-06-23T11:29:46+00:00</time>
      </trkpt>
      <trkpt lat="48.16996" lon="-4.29185">
        <ele>2</ele>
        <time>2026-06-23T11:29:49+00:00</time>
      </trkpt>
      <trkpt lat="48.16963" lon="-4.29199">
        <ele>2</ele>
        <time>2026-06-23T11:29:52+00:00</time>
      </trkpt>
      <trkpt lat="48.1693" lon="-4.29212">
        <ele>2</ele>
        <time>2026-06-23T11:29:55+00:00</time>
      </trkpt>
      <trkpt lat="48.16898" lon="-4.29225">
        <ele>2</ele>
        <time>2026-06-23T11:29:58+00:00</time>
      </trkpt>
      <trkpt lat="48.16871" lon="-4.29255">
        <ele>2</ele>
        <time>2026-06-23T11:30:01+00:00</time>
      </trkpt>
      <trkpt lat="48.16844" lon="-4.29286">
        <ele>2</ele>
        <time>2026-06-23T11:30:04+00:00</time>
      </trkpt>
      <trkpt lat="48.16817" lon="-4.29316">
        <ele>2</ele>
        <time>2026-06-23T11:30:07+00:00</time>
      </trkpt>
      <trkpt lat="48.16789" lon="-4.29347">
        <ele>2</ele>
        <time>2026-06-23T11:30:10+00:00</time>
      </trkpt>
      <trkpt lat="48.16774" lon="-4.29366">
        <ele>2</ele>
        <time>2026-06-23T11:30:13+00:00</time>
      </trkpt>
      <trkpt lat="48.16756" lon="-4.29369">
        <ele>5</ele>
        <time>2026-06-23T11:30:16+00:00</time>
      </trkpt>
      <trkpt lat="48.1675" lon="-4.29392">
        <ele>18</ele>
        <time>2026-06-23T11:30:19+00:00</time>
      </trkpt>
      <trkpt lat="48.16741" lon="-4.2939">
        <ele>9</ele>
        <time>2026-06-23T11:30:22+00:00</time>
      </trkpt>
      <trkpt lat="48.16755" lon="-4.29413">
        <ele>13</ele>
        <time>2026-06-23T11:30:25+00:00</time>
      </trkpt>
      <trkpt lat="48.16762" lon="-4.29448">
        <ele>14</ele>
        <time>2026-06-23T11:30:28+00:00</time>
      </trkpt>
      <trkpt lat="48.16777" lon="-4.29474">
        <ele>13</ele>
        <time>2026-06-23T11:30:31+00:00</time>
      </trkpt>
      <trkpt lat="48.16793" lon="-4.29488">
        <ele>13</ele>
        <time>2026-06-23T11:30:34+00:00</time>
      </trkpt>
      <trkpt lat="48.16808" lon="-4.29493">
        <ele>14</ele>
        <time>2026-06-23T11:30:37+00:00</time>
      </trkpt>
      <trkpt lat="48.16819" lon="-4.29511">
        <ele>13</ele>
        <time>2026-06-23T11:30:40+00:00</time>
      </trkpt>
      <trkpt lat="48.16824" lon="-4.29537">
        <ele>12</ele>
        <time>2026-06-23T11:30:43+00:00</time>
      </trkpt>
      <trkpt lat="48.16844" lon="-4.29596">
        <ele>12</ele>
        <time>2026-06-23T11:30:46+00:00</time>
      </trkpt>
      <trkpt lat="48.16846" lon="-4.29617">
        <ele>15</ele>
        <time>2026-06-23T11:30:49+00:00</time>
      </trkpt>
      <trkpt lat="48.16853" lon="-4.2965">
        <ele>13</ele>
        <time>2026-06-23T11:30:52+00:00</time>
      </trkpt>
      <trkpt lat="48.16853" lon="-4.29671">
        <ele>19</ele>
        <time>2026-06-23T11:30:55+00:00</time>
      </trkpt>
      <trkpt lat="48.16861" lon="-4.29715">
        <ele>14</ele>
        <time>2026-06-23T11:30:58+00:00</time>
      </trkpt>
      <trkpt lat="48.16861" lon="-4.29732">
        <ele>12</ele>
        <time>2026-06-23T11:31:01+00:00</time>
      </trkpt>
      <trkpt lat="48.16851" lon="-4.29752">
        <ele>20</ele>
        <time>2026-06-23T11:31:04+00:00</time>
      </trkpt>
      <trkpt lat="48.1684" lon="-4.29772">
        <ele>24</ele>
        <time>2026-06-23T11:31:07+00:00</time>
      </trkpt>
      <trkpt lat="48.16829" lon="-4.29787">
        <ele>22</ele>
        <time>2026-06-23T11:31:10+00:00</time>
      </trkpt>
      <trkpt lat="48.16817" lon="-4.29802">
        <ele>24</ele>
        <time>2026-06-23T11:31:13+00:00</time>
      </trkpt>
      <trkpt lat="48.16807" lon="-4.29812">
        <ele>29</ele>
        <time>2026-06-23T11:31:16+00:00</time>
      </trkpt>
      <trkpt lat="48.16802" lon="-4.29812">
        <ele>29</ele>
        <time>2026-06-23T11:31:19+00:00</time>
      </trkpt>
      <trkpt lat="48.16795" lon="-4.29821">
        <ele>21</ele>
        <time>2026-06-23T11:31:22+00:00</time>
      </trkpt>
      <trkpt lat="48.16788" lon="-4.29837">
        <ele>31</ele>
        <time>2026-06-23T11:31:25+00:00</time>
      </trkpt>
      <trkpt lat="48.16776" lon="-4.29856">
        <ele>21</ele>
        <time>2026-06-23T11:31:28+00:00</time>
      </trkpt>
      <trkpt lat="48.1677" lon="-4.29858">
        <ele>16</ele>
        <time>2026-06-23T11:31:31+00:00</time>
      </trkpt>
      <trkpt lat="48.16754" lon="-4.29849">
        <ele>21</ele>
        <time>2026-06-23T11:31:34+00:00</time>
      </trkpt>
      <trkpt lat="48.16727" lon="-4.29812">
        <ele>19</ele>
        <time>2026-06-23T11:31:37+00:00</time>
      </trkpt>
      <trkpt lat="48.16718" lon="-4.29767">
        <ele>19</ele>
        <time>2026-06-23T11:31:40+00:00</time>
      </trkpt>
      <trkpt lat="48.16718" lon="-4.29753">
        <ele>13</ele>
        <time>2026-06-23T11:31:43+00:00</time>
      </trkpt>
      <trkpt lat="48.16714" lon="-4.29737">
        <ele>19</ele>
        <time>2026-06-23T11:31:46+00:00</time>
      </trkpt>
      <trkpt lat="48.16704" lon="-4.29734">
        <ele>19</ele>
        <time>2026-06-23T11:31:49+00:00</time>
      </trkpt>
      <trkpt lat="48.16698" lon="-4.29739">
        <ele>15</ele>
        <time>2026-06-23T11:31:52+00:00</time>
      </trkpt>
      <trkpt lat="48.16693" lon="-4.29739">
        <ele>15</ele>
        <time>2026-06-23T11:31:55+00:00</time>
      </trkpt>
      <trkpt lat="48.16673" lon="-4.29718">
        <ele>16</ele>
        <time>2026-06-23T11:31:58+00:00</time>
      </trkpt>
      <trkpt lat="48.16664" lon="-4.29715">
        <ele>16</ele>
        <time>2026-06-23T11:32:01+00:00</time>
      </trkpt>
      <trkpt lat="48.16634" lon="-4.29719">
        <ele>14</ele>
        <time>2026-06-23T11:32:04+00:00</time>
      </trkpt>
      <trkpt lat="48.16603" lon="-4.29723">
        <ele>12</ele>
        <time>2026-06-23T11:32:07+00:00</time>
      </trkpt>
      <trkpt lat="48.16551" lon="-4.2973">
        <ele>13</ele>
        <time>2026-06-23T11:32:10+00:00</time>
      </trkpt>
      <trkpt lat="48.16537" lon="-4.29708">
        <ele>13</ele>
        <time>2026-06-23T11:32:13+00:00</time>
      </trkpt>
      <trkpt lat="48.16542" lon="-4.29661">
        <ele>14</ele>
        <time>2026-06-23T11:32:16+00:00</time>
      </trkpt>
      <trkpt lat="48.1655" lon="-4.29635">
        <ele>14</ele>
        <time>2026-06-23T11:32:19+00:00</time>
      </trkpt>
      <trkpt lat="48.16556" lon="-4.29599">
        <ele>16</ele>
        <time>2026-06-23T11:32:22+00:00</time>
      </trkpt>
      <trkpt lat="48.16563" lon="-4.29554">
        <ele>16</ele>
        <time>2026-06-23T11:32:25+00:00</time>
      </trkpt>
      <trkpt lat="48.16547" lon="-4.29524">
        <ele>10</ele>
        <time>2026-06-23T11:32:28+00:00</time>
      </trkpt>
      <trkpt lat="48.1653" lon="-4.29511">
        <ele>9</ele>
        <time>2026-06-23T11:32:31+00:00</time>
      </trkpt>
      <trkpt lat="48.16521" lon="-4.29502">
        <ele>8</ele>
        <time>2026-06-23T11:32:34+00:00</time>
      </trkpt>
      <trkpt lat="48.1651" lon="-4.29485">
        <ele>8</ele>
        <time>2026-06-23T11:32:37+00:00</time>
      </trkpt>
      <trkpt lat="48.16491" lon="-4.29467">
        <ele>5</ele>
        <time>2026-06-23T11:32:40+00:00</time>
      </trkpt>
      <trkpt lat="48.16476" lon="-4.2942">
        <ele>12</ele>
        <time>2026-06-23T11:32:43+00:00</time>
      </trkpt>
      <trkpt lat="48.16473" lon="-4.29399">
        <ele>16</ele>
        <time>2026-06-23T11:32:46+00:00</time>
      </trkpt>
      <trkpt lat="48.16461" lon="-4.29366">
        <ele>20</ele>
        <time>2026-06-23T11:32:49+00:00</time>
      </trkpt>
      <trkpt lat="48.16452" lon="-4.29363">
        <ele>14</ele>
        <time>2026-06-23T11:32:52+00:00</time>
      </trkpt>
      <trkpt lat="48.16447" lon="-4.29356">
        <ele>2</ele>
        <time>2026-06-23T11:32:55+00:00</time>
      </trkpt>
      <trkpt lat="48.1643" lon="-4.29347">
        <ele>23</ele>
        <time>2026-06-23T11:32:58+00:00</time>
      </trkpt>
      <trkpt lat="48.16421" lon="-4.29349">
        <ele>23</ele>
        <time>2026-06-23T11:33:01+00:00</time>
      </trkpt>
      <trkpt lat="48.16414" lon="-4.29356">
        <ele>11</ele>
        <time>2026-06-23T11:33:04+00:00</time>
      </trkpt>
      <trkpt lat="48.16399" lon="-4.29356">
        <ele>23</ele>
        <time>2026-06-23T11:33:07+00:00</time>
      </trkpt>
      <trkpt lat="48.16384" lon="-4.29356">
        <ele>23</ele>
        <time>2026-06-23T11:33:10+00:00</time>
      </trkpt>
      <trkpt lat="48.16376" lon="-4.29359">
        <ele>23</ele>
        <time>2026-06-23T11:33:13+00:00</time>
      </trkpt>
      <trkpt lat="48.16355" lon="-4.29353">
        <ele>23</ele>
        <time>2026-06-23T11:33:16+00:00</time>
      </trkpt>
      <trkpt lat="48.1635" lon="-4.29356">
        <ele>23</ele>
        <time>2026-06-23T11:33:19+00:00</time>
      </trkpt>
      <trkpt lat="48.16319" lon="-4.29345">
        <ele>24</ele>
        <time>2026-06-23T11:33:22+00:00</time>
      </trkpt>
      <trkpt lat="48.16293" lon="-4.29345">
        <ele>24</ele>
        <time>2026-06-23T11:33:25+00:00</time>
      </trkpt>
      <trkpt lat="48.16253" lon="-4.29338">
        <ele>25</ele>
        <time>2026-06-23T11:33:28+00:00</time>
      </trkpt>
      <trkpt lat="48.16223" lon="-4.29347">
        <ele>26</ele>
        <time>2026-06-23T11:33:31+00:00</time>
      </trkpt>
      <trkpt lat="48.16211" lon="-4.29353">
        <ele>28</ele>
        <time>2026-06-23T11:33:34+00:00</time>
      </trkpt>
      <trkpt lat="48.16195" lon="-4.29377">
        <ele>28</ele>
        <time>2026-06-23T11:33:37+00:00</time>
      </trkpt>
      <trkpt lat="48.16169" lon="-4.29415">
        <ele>26</ele>
        <time>2026-06-23T11:33:40+00:00</time>
      </trkpt>
      <trkpt lat="48.16153" lon="-4.29452">
        <ele>25</ele>
        <time>2026-06-23T11:33:43+00:00</time>
      </trkpt>
      <trkpt lat="48.16139" lon="-4.29484">
        <ele>25</ele>
        <time>2026-06-23T11:33:46+00:00</time>
      </trkpt>
      <trkpt lat="48.1612" lon="-4.29525">
        <ele>22</ele>
        <time>2026-06-23T11:33:49+00:00</time>
      </trkpt>
      <trkpt lat="48.16083" lon="-4.29511">
        <ele>25</ele>
        <time>2026-06-23T11:33:52+00:00</time>
      </trkpt>
      <trkpt lat="48.1607" lon="-4.29476">
        <ele>29</ele>
        <time>2026-06-23T11:33:55+00:00</time>
      </trkpt>
      <trkpt lat="48.16046" lon="-4.29494">
        <ele>32</ele>
        <time>2026-06-23T11:33:58+00:00</time>
      </trkpt>
      <trkpt lat="48.16028" lon="-4.29536">
        <ele>35</ele>
        <time>2026-06-23T11:34:01+00:00</time>
      </trkpt>
      <trkpt lat="48.16007" lon="-4.29549">
        <ele>37</ele>
        <time>2026-06-23T11:34:04+00:00</time>
      </trkpt>
      <trkpt lat="48.1597" lon="-4.29522">
        <ele>36</ele>
        <time>2026-06-23T11:34:07+00:00</time>
      </trkpt>
      <trkpt lat="48.1595" lon="-4.29497">
        <ele>36</ele>
        <time>2026-06-23T11:34:10+00:00</time>
      </trkpt>
      <trkpt lat="48.15925" lon="-4.29467">
        <ele>37</ele>
        <time>2026-06-23T11:34:13+00:00</time>
      </trkpt>
      <trkpt lat="48.159" lon="-4.29437">
        <ele>34</ele>
        <time>2026-06-23T11:34:16+00:00</time>
      </trkpt>
      <trkpt lat="48.15864" lon="-4.29394">
        <ele>32</ele>
        <time>2026-06-23T11:34:19+00:00</time>
      </trkpt>
      <trkpt lat="48.15862" lon="-4.2936">
        <ele>31</ele>
        <time>2026-06-23T11:34:22+00:00</time>
      </trkpt>
      <trkpt lat="48.15859" lon="-4.29324">
        <ele>28</ele>
        <time>2026-06-23T11:34:25+00:00</time>
      </trkpt>
      <trkpt lat="48.15873" lon="-4.29292">
        <ele>27</ele>
        <time>2026-06-23T11:34:28+00:00</time>
      </trkpt>
      <trkpt lat="48.1589" lon="-4.29252">
        <ele>26</ele>
        <time>2026-06-23T11:34:31+00:00</time>
      </trkpt>
      <trkpt lat="48.15911" lon="-4.29227">
        <ele>25</ele>
        <time>2026-06-23T11:34:34+00:00</time>
      </trkpt>
      <trkpt lat="48.15944" lon="-4.29189">
        <ele>26</ele>
        <time>2026-06-23T11:34:37+00:00</time>
      </trkpt>
      <trkpt lat="48.15967" lon="-4.29183">
        <ele>27</ele>
        <time>2026-06-23T11:34:40+00:00</time>
      </trkpt>
      <trkpt lat="48.15993" lon="-4.29176">
        <ele>27</ele>
        <time>2026-06-23T11:34:43+00:00</time>
      </trkpt>
      <trkpt lat="48.16031" lon="-4.29165">
        <ele>28</ele>
        <time>2026-06-23T11:34:46+00:00</time>
      </trkpt>
      <trkpt lat="48.16048" lon="-4.29137">
        <ele>30</ele>
        <time>2026-06-23T11:34:49+00:00</time>
      </trkpt>
      <trkpt lat="48.16069" lon="-4.29104">
        <ele>30</ele>
        <time>2026-06-23T11:34:52+00:00</time>
      </trkpt>
      <trkpt lat="48.16076" lon="-4.29067">
        <ele>30</ele>
        <time>2026-06-23T11:34:55+00:00</time>
      </trkpt>
      <trkpt lat="48.16086" lon="-4.29018">
        <ele>28</ele>
        <time>2026-06-23T11:34:58+00:00</time>
      </trkpt>
      <trkpt lat="48.16064" lon="-4.28986">
        <ele>24</ele>
        <time>2026-06-23T11:35:01+00:00</time>
      </trkpt>
      <trkpt lat="48.1605" lon="-4.28956">
        <ele>20</ele>
        <time>2026-06-23T11:35:04+00:00</time>
      </trkpt>
      <trkpt lat="48.16028" lon="-4.28911">
        <ele>17</ele>
        <time>2026-06-23T11:35:07+00:00</time>
      </trkpt>
      <trkpt lat="48.16013" lon="-4.28877">
        <ele>15</ele>
        <time>2026-06-23T11:35:10+00:00</time>
      </trkpt>
      <trkpt lat="48.1599" lon="-4.28825">
        <ele>13</ele>
        <time>2026-06-23T11:35:13+00:00</time>
      </trkpt>
      <trkpt lat="48.15972" lon="-4.28782">
        <ele>13</ele>
        <time>2026-06-23T11:35:16+00:00</time>
      </trkpt>
      <trkpt lat="48.15949" lon="-4.2873">
        <ele>14</ele>
        <time>2026-06-23T11:35:19+00:00</time>
      </trkpt>
      <trkpt lat="48.1594" lon="-4.28721">
        <ele>14</ele>
        <time>2026-06-23T11:35:22+00:00</time>
      </trkpt>
      <trkpt lat="48.15928" lon="-4.28721">
        <ele>16</ele>
        <time>2026-06-23T11:35:25+00:00</time>
      </trkpt>
      <trkpt lat="48.15904" lon="-4.28732">
        <ele>18</ele>
        <time>2026-06-23T11:35:28+00:00</time>
      </trkpt>
      <trkpt lat="48.15891" lon="-4.28733">
        <ele>20</ele>
        <time>2026-06-23T11:35:31+00:00</time>
      </trkpt>
      <trkpt lat="48.15871" lon="-4.28746">
        <ele>20</ele>
        <time>2026-06-23T11:35:34+00:00</time>
      </trkpt>
      <trkpt lat="48.15848" lon="-4.28768">
        <ele>21</ele>
        <time>2026-06-23T11:35:37+00:00</time>
      </trkpt>
      <trkpt lat="48.15831" lon="-4.28786">
        <ele>21</ele>
        <time>2026-06-23T11:35:40+00:00</time>
      </trkpt>
      <trkpt lat="48.15815" lon="-4.288">
        <ele>20</ele>
        <time>2026-06-23T11:35:43+00:00</time>
      </trkpt>
      <trkpt lat="48.15811" lon="-4.2881">
        <ele>15</ele>
        <time>2026-06-23T11:35:46+00:00</time>
      </trkpt>
      <trkpt lat="48.1579" lon="-4.28836">
        <ele>17</ele>
        <time>2026-06-23T11:35:49+00:00</time>
      </trkpt>
      <trkpt lat="48.15776" lon="-4.28843">
        <ele>10</ele>
        <time>2026-06-23T11:35:52+00:00</time>
      </trkpt>
      <trkpt lat="48.1577" lon="-4.2884">
        <ele>10</ele>
        <time>2026-06-23T11:35:55+00:00</time>
      </trkpt>
      <trkpt lat="48.15751" lon="-4.28819">
        <ele>13</ele>
        <time>2026-06-23T11:35:58+00:00</time>
      </trkpt>
      <trkpt lat="48.15741" lon="-4.28803">
        <ele>17</ele>
        <time>2026-06-23T11:36:01+00:00</time>
      </trkpt>
      <trkpt lat="48.15724" lon="-4.28786">
        <ele>8</ele>
        <time>2026-06-23T11:36:04+00:00</time>
      </trkpt>
      <trkpt lat="48.15716" lon="-4.28784">
        <ele>14</ele>
        <time>2026-06-23T11:36:07+00:00</time>
      </trkpt>
      <trkpt lat="48.15714" lon="-4.28779">
        <ele>14</ele>
        <time>2026-06-23T11:36:10+00:00</time>
      </trkpt>
      <trkpt lat="48.15707" lon="-4.28772">
        <ele>8</ele>
        <time>2026-06-23T11:36:13+00:00</time>
      </trkpt>
      <trkpt lat="48.15696" lon="-4.28756">
        <ele>11</ele>
        <time>2026-06-23T11:36:16+00:00</time>
      </trkpt>
      <trkpt lat="48.15678" lon="-4.28721">
        <ele>8</ele>
        <time>2026-06-23T11:36:19+00:00</time>
      </trkpt>
      <trkpt lat="48.15647" lon="-4.287">
        <ele>4</ele>
        <time>2026-06-23T11:36:22+00:00</time>
      </trkpt>
      <trkpt lat="48.15634" lon="-4.28681">
        <ele>9</ele>
        <time>2026-06-23T11:36:25+00:00</time>
      </trkpt>
      <trkpt lat="48.15635" lon="-4.28682">
        <ele>1</ele>
        <time>2026-06-23T11:36:28+00:00</time>
      </trkpt>
      <trkpt lat="48.15614" lon="-4.28669">
        <ele>15</ele>
        <time>2026-06-23T11:36:31+00:00</time>
      </trkpt>
      <trkpt lat="48.15611" lon="-4.2866">
        <ele>15</ele>
        <time>2026-06-23T11:36:34+00:00</time>
      </trkpt>
      <trkpt lat="48.15613" lon="-4.2865">
        <ele>15</ele>
        <time>2026-06-23T11:36:37+00:00</time>
      </trkpt>
      <trkpt lat="48.15608" lon="-4.28634">
        <ele>16</ele>
        <time>2026-06-23T11:36:40+00:00</time>
      </trkpt>
      <trkpt lat="48.15601" lon="-4.28594">
        <ele>17</ele>
        <time>2026-06-23T11:36:43+00:00</time>
      </trkpt>
      <trkpt lat="48.15603" lon="-4.28553">
        <ele>17</ele>
        <time>2026-06-23T11:36:46+00:00</time>
      </trkpt>
      <trkpt lat="48.15607" lon="-4.28491">
        <ele>17</ele>
        <time>2026-06-23T11:36:49+00:00</time>
      </trkpt>
      <trkpt lat="48.15616" lon="-4.28458">
        <ele>16</ele>
        <time>2026-06-23T11:36:52+00:00</time>
      </trkpt>
      <trkpt lat="48.15631" lon="-4.2843">
        <ele>16</ele>
        <time>2026-06-23T11:36:55+00:00</time>
      </trkpt>
      <trkpt lat="48.15647" lon="-4.28406">
        <ele>17</ele>
        <time>2026-06-23T11:36:58+00:00</time>
      </trkpt>
      <trkpt lat="48.15663" lon="-4.2839">
        <ele>18</ele>
        <time>2026-06-23T11:37:01+00:00</time>
      </trkpt>
      <trkpt lat="48.1568" lon="-4.28376">
        <ele>19</ele>
        <time>2026-06-23T11:37:04+00:00</time>
      </trkpt>
      <trkpt lat="48.1569" lon="-4.28362">
        <ele>19</ele>
        <time>2026-06-23T11:37:07+00:00</time>
      </trkpt>
      <trkpt lat="48.15699" lon="-4.28322">
        <ele>17</ele>
        <time>2026-06-23T11:37:10+00:00</time>
      </trkpt>
      <trkpt lat="48.15701" lon="-4.28268">
        <ele>18</ele>
        <time>2026-06-23T11:37:13+00:00</time>
      </trkpt>
      <trkpt lat="48.15698" lon="-4.28244">
        <ele>18</ele>
        <time>2026-06-23T11:37:16+00:00</time>
      </trkpt>
      <trkpt lat="48.15698" lon="-4.28221">
        <ele>11</ele>
        <time>2026-06-23T11:37:19+00:00</time>
      </trkpt>
      <trkpt lat="48.1569" lon="-4.2819">
        <ele>17</ele>
        <time>2026-06-23T11:37:22+00:00</time>
      </trkpt>
      <trkpt lat="48.15691" lon="-4.28172">
        <ele>23</ele>
        <time>2026-06-23T11:37:25+00:00</time>
      </trkpt>
      <trkpt lat="48.15695" lon="-4.2816">
        <ele>15</ele>
        <time>2026-06-23T11:37:28+00:00</time>
      </trkpt>
      <trkpt lat="48.15694" lon="-4.28153">
        <ele>23</ele>
        <time>2026-06-23T11:37:31+00:00</time>
      </trkpt>
      <trkpt lat="48.15681" lon="-4.28129">
        <ele>13</ele>
        <time>2026-06-23T11:37:34+00:00</time>
      </trkpt>
      <trkpt lat="48.15673" lon="-4.28125">
        <ele>13</ele>
        <time>2026-06-23T11:37:37+00:00</time>
      </trkpt>
      <trkpt lat="48.15664" lon="-4.28094">
        <ele>12</ele>
        <time>2026-06-23T11:37:40+00:00</time>
      </trkpt>
      <trkpt lat="48.15666" lon="-4.28075">
        <ele>14</ele>
        <time>2026-06-23T11:37:43+00:00</time>
      </trkpt>
      <trkpt lat="48.1567" lon="-4.28064">
        <ele>12</ele>
        <time>2026-06-23T11:37:46+00:00</time>
      </trkpt>
      <trkpt lat="48.15659" lon="-4.28029">
        <ele>12</ele>
        <time>2026-06-23T11:37:49+00:00</time>
      </trkpt>
      <trkpt lat="48.15651" lon="-4.27996">
        <ele>12</ele>
        <time>2026-06-23T11:37:52+00:00</time>
      </trkpt>
      <trkpt lat="48.15645" lon="-4.27984">
        <ele>12</ele>
        <time>2026-06-23T11:37:55+00:00</time>
      </trkpt>
      <trkpt lat="48.15641" lon="-4.27968">
        <ele>17</ele>
        <time>2026-06-23T11:37:58+00:00</time>
      </trkpt>
      <trkpt lat="48.15642" lon="-4.27953">
        <ele>18</ele>
        <time>2026-06-23T11:38:01+00:00</time>
      </trkpt>
      <trkpt lat="48.15641" lon="-4.27942">
        <ele>19</ele>
        <time>2026-06-23T11:38:04+00:00</time>
      </trkpt>
      <trkpt lat="48.15631" lon="-4.27907">
        <ele>17</ele>
        <time>2026-06-23T11:38:07+00:00</time>
      </trkpt>
      <trkpt lat="48.15628" lon="-4.27866">
        <ele>17</ele>
        <time>2026-06-23T11:38:10+00:00</time>
      </trkpt>
      <trkpt lat="48.15623" lon="-4.27803">
        <ele>12</ele>
        <time>2026-06-23T11:38:13+00:00</time>
      </trkpt>
      <trkpt lat="48.15621" lon="-4.27792">
        <ele>20</ele>
        <time>2026-06-23T11:38:16+00:00</time>
      </trkpt>
      <trkpt lat="48.1562" lon="-4.27738">
        <ele>11</ele>
        <time>2026-06-23T11:38:19+00:00</time>
      </trkpt>
      <trkpt lat="48.15615" lon="-4.27731">
        <ele>8</ele>
        <time>2026-06-23T11:38:22+00:00</time>
      </trkpt>
      <trkpt lat="48.15612" lon="-4.27714">
        <ele>11</ele>
        <time>2026-06-23T11:38:25+00:00</time>
      </trkpt>
      <trkpt lat="48.15612" lon="-4.277">
        <ele>13</ele>
        <time>2026-06-23T11:38:28+00:00</time>
      </trkpt>
      <trkpt lat="48.15617" lon="-4.27691">
        <ele>13</ele>
        <time>2026-06-23T11:38:31+00:00</time>
      </trkpt>
      <trkpt lat="48.1562" lon="-4.27677">
        <ele>8</ele>
        <time>2026-06-23T11:38:34+00:00</time>
      </trkpt>
      <trkpt lat="48.1562" lon="-4.27632">
        <ele>14</ele>
        <time>2026-06-23T11:38:37+00:00</time>
      </trkpt>
      <trkpt lat="48.15621" lon="-4.27586">
        <ele>21</ele>
        <time>2026-06-23T11:38:40+00:00</time>
      </trkpt>
      <trkpt lat="48.15621" lon="-4.27538">
        <ele>15</ele>
        <time>2026-06-23T11:38:43+00:00</time>
      </trkpt>
      <trkpt lat="48.15618" lon="-4.27503">
        <ele>16</ele>
        <time>2026-06-23T11:38:46+00:00</time>
      </trkpt>
      <trkpt lat="48.15614" lon="-4.27482">
        <ele>11</ele>
        <time>2026-06-23T11:38:49+00:00</time>
      </trkpt>
      <trkpt lat="48.15611" lon="-4.2748">
        <ele>11</ele>
        <time>2026-06-23T11:38:52+00:00</time>
      </trkpt>
      <trkpt lat="48.15607" lon="-4.27465">
        <ele>17</ele>
        <time>2026-06-23T11:38:55+00:00</time>
      </trkpt>
      <trkpt lat="48.15605" lon="-4.27449">
        <ele>17</ele>
        <time>2026-06-23T11:38:58+00:00</time>
      </trkpt>
      <trkpt lat="48.15611" lon="-4.27407">
        <ele>17</ele>
        <time>2026-06-23T11:39:01+00:00</time>
      </trkpt>
      <trkpt lat="48.15618" lon="-4.2738">
        <ele>16</ele>
        <time>2026-06-23T11:39:04+00:00</time>
      </trkpt>
      <trkpt lat="48.15618" lon="-4.27372">
        <ele>16</ele>
        <time>2026-06-23T11:39:07+00:00</time>
      </trkpt>
      <trkpt lat="48.15602" lon="-4.27365">
        <ele>16</ele>
        <time>2026-06-23T11:39:10+00:00</time>
      </trkpt>
      <trkpt lat="48.15599" lon="-4.27358">
        <ele>12</ele>
        <time>2026-06-23T11:39:13+00:00</time>
      </trkpt>
      <trkpt lat="48.15591" lon="-4.27353">
        <ele>12</ele>
        <time>2026-06-23T11:39:16+00:00</time>
      </trkpt>
      <trkpt lat="48.15588" lon="-4.27346">
        <ele>14</ele>
        <time>2026-06-23T11:39:19+00:00</time>
      </trkpt>
      <trkpt lat="48.15586" lon="-4.27346">
        <ele>9</ele>
        <time>2026-06-23T11:39:22+00:00</time>
      </trkpt>
      <trkpt lat="48.1559" lon="-4.27334">
        <ele>9</ele>
        <time>2026-06-23T11:39:25+00:00</time>
      </trkpt>
      <trkpt lat="48.15606" lon="-4.27305">
        <ele>15</ele>
        <time>2026-06-23T11:39:28+00:00</time>
      </trkpt>
      <trkpt lat="48.15636" lon="-4.2725">
        <ele>16</ele>
        <time>2026-06-23T11:39:31+00:00</time>
      </trkpt>
      <trkpt lat="48.1567" lon="-4.27214">
        <ele>20</ele>
        <time>2026-06-23T11:39:34+00:00</time>
      </trkpt>
      <trkpt lat="48.15699" lon="-4.27181">
        <ele>24</ele>
        <time>2026-06-23T11:39:37+00:00</time>
      </trkpt>
      <trkpt lat="48.15719" lon="-4.27153">
        <ele>24</ele>
        <time>2026-06-23T11:39:40+00:00</time>
      </trkpt>
      <trkpt lat="48.15752" lon="-4.27108">
        <ele>26</ele>
        <time>2026-06-23T11:39:43+00:00</time>
      </trkpt>
      <trkpt lat="48.15776" lon="-4.27078">
        <ele>27</ele>
        <time>2026-06-23T11:39:46+00:00</time>
      </trkpt>
      <trkpt lat="48.158" lon="-4.27048">
        <ele>29</ele>
        <time>2026-06-23T11:39:49+00:00</time>
      </trkpt>
      <trkpt lat="48.15832" lon="-4.27009">
        <ele>29</ele>
        <time>2026-06-23T11:39:52+00:00</time>
      </trkpt>
      <trkpt lat="48.1585" lon="-4.26987">
        <ele>30</ele>
        <time>2026-06-23T11:39:55+00:00</time>
      </trkpt>
      <trkpt lat="48.15869" lon="-4.26962">
        <ele>31</ele>
        <time>2026-06-23T11:39:58+00:00</time>
      </trkpt>
      <trkpt lat="48.15889" lon="-4.26935">
        <ele>32</ele>
        <time>2026-06-23T11:40:01+00:00</time>
      </trkpt>
      <trkpt lat="48.15921" lon="-4.26892">
        <ele>32</ele>
        <time>2026-06-23T11:40:04+00:00</time>
      </trkpt>
      <trkpt lat="48.15933" lon="-4.26857">
        <ele>33</ele>
        <time>2026-06-23T11:40:07+00:00</time>
      </trkpt>
      <trkpt lat="48.15951" lon="-4.26808">
        <ele>34</ele>
        <time>2026-06-23T11:40:10+00:00</time>
      </trkpt>
      <trkpt lat="48.15953" lon="-4.26783">
        <ele>34</ele>
        <time>2026-06-23T11:40:13+00:00</time>
      </trkpt>
      <trkpt lat="48.15951" lon="-4.26743">
        <ele>34</ele>
        <time>2026-06-23T11:40:16+00:00</time>
      </trkpt>
      <trkpt lat="48.15944" lon="-4.26693">
        <ele>32</ele>
        <time>2026-06-23T11:40:19+00:00</time>
      </trkpt>
      <trkpt lat="48.15938" lon="-4.26642">
        <ele>31</ele>
        <time>2026-06-23T11:40:22+00:00</time>
      </trkpt>
      <trkpt lat="48.15931" lon="-4.26592">
        <ele>30</ele>
        <time>2026-06-23T11:40:25+00:00</time>
      </trkpt>
      <trkpt lat="48.15923" lon="-4.26529">
        <ele>28</ele>
        <time>2026-06-23T11:40:28+00:00</time>
      </trkpt>
      <trkpt lat="48.15914" lon="-4.26464">
        <ele>26</ele>
        <time>2026-06-23T11:40:31+00:00</time>
      </trkpt>
      <trkpt lat="48.15913" lon="-4.26451">
        <ele>26</ele>
        <time>2026-06-23T11:40:34+00:00</time>
      </trkpt>
      <trkpt lat="48.15913" lon="-4.26433">
        <ele>26</ele>
        <time>2026-06-23T11:40:37+00:00</time>
      </trkpt>
      <trkpt lat="48.1592" lon="-4.26386">
        <ele>25</ele>
        <time>2026-06-23T11:40:40+00:00</time>
      </trkpt>
      <trkpt lat="48.15931" lon="-4.26335">
        <ele>23</ele>
        <time>2026-06-23T11:40:43+00:00</time>
      </trkpt>
      <trkpt lat="48.15942" lon="-4.26293">
        <ele>21</ele>
        <time>2026-06-23T11:40:46+00:00</time>
      </trkpt>
      <trkpt lat="48.15953" lon="-4.26251">
        <ele>20</ele>
        <time>2026-06-23T11:40:49+00:00</time>
      </trkpt>
      <trkpt lat="48.15965" lon="-4.26206">
        <ele>18</ele>
        <time>2026-06-23T11:40:52+00:00</time>
      </trkpt>
      <trkpt lat="48.15981" lon="-4.26165">
        <ele>16</ele>
        <time>2026-06-23T11:40:55+00:00</time>
      </trkpt>
      <trkpt lat="48.15998" lon="-4.26124">
        <ele>14</ele>
        <time>2026-06-23T11:40:58+00:00</time>
      </trkpt>
      <trkpt lat="48.16022" lon="-4.26063">
        <ele>13</ele>
        <time>2026-06-23T11:41:01+00:00</time>
      </trkpt>
      <trkpt lat="48.16037" lon="-4.26028">
        <ele>13</ele>
        <time>2026-06-23T11:41:04+00:00</time>
      </trkpt>
      <trkpt lat="48.16061" lon="-4.25971">
        <ele>15</ele>
        <time>2026-06-23T11:41:07+00:00</time>
      </trkpt>
      <trkpt lat="48.16076" lon="-4.25941">
        <ele>17</ele>
        <time>2026-06-23T11:41:10+00:00</time>
      </trkpt>
      <trkpt lat="48.16094" lon="-4.25916">
        <ele>19</ele>
        <time>2026-06-23T11:41:13+00:00</time>
      </trkpt>
      <trkpt lat="48.16128" lon="-4.25907">
        <ele>21</ele>
        <time>2026-06-23T11:41:16+00:00</time>
      </trkpt>
      <trkpt lat="48.16161" lon="-4.25899">
        <ele>24</ele>
        <time>2026-06-23T11:41:19+00:00</time>
      </trkpt>
      <trkpt lat="48.16195" lon="-4.2589">
        <ele>27</ele>
        <time>2026-06-23T11:41:22+00:00</time>
      </trkpt>
      <trkpt lat="48.16233" lon="-4.2588">
        <ele>30</ele>
        <time>2026-06-23T11:41:25+00:00</time>
      </trkpt>
      <trkpt lat="48.16252" lon="-4.2586">
        <ele>32</ele>
        <time>2026-06-23T11:41:28+00:00</time>
      </trkpt>
      <trkpt lat="48.16256" lon="-4.25845">
        <ele>33</ele>
        <time>2026-06-23T11:41:31+00:00</time>
      </trkpt>
      <trkpt lat="48.16274" lon="-4.2583">
        <ele>37</ele>
        <time>2026-06-23T11:41:34+00:00</time>
      </trkpt>
      <trkpt lat="48.16299" lon="-4.25809">
        <ele>40</ele>
        <time>2026-06-23T11:41:37+00:00</time>
      </trkpt>
      <trkpt lat="48.1633" lon="-4.25819">
        <ele>41</ele>
        <time>2026-06-23T11:41:40+00:00</time>
      </trkpt>
      <trkpt lat="48.16357" lon="-4.25827">
        <ele>44</ele>
        <time>2026-06-23T11:41:43+00:00</time>
      </trkpt>
      <trkpt lat="48.16403" lon="-4.25841">
        <ele>45</ele>
        <time>2026-06-23T11:41:46+00:00</time>
      </trkpt>
      <trkpt lat="48.16437" lon="-4.25862">
        <ele>45</ele>
        <time>2026-06-23T11:41:49+00:00</time>
      </trkpt>
      <trkpt lat="48.16471" lon="-4.25883">
        <ele>45</ele>
        <time>2026-06-23T11:41:52+00:00</time>
      </trkpt>
      <trkpt lat="48.16504" lon="-4.25904">
        <ele>44</ele>
        <time>2026-06-23T11:41:55+00:00</time>
      </trkpt>
      <trkpt lat="48.16538" lon="-4.25925">
        <ele>44</ele>
        <time>2026-06-23T11:41:58+00:00</time>
      </trkpt>
      <trkpt lat="48.16585" lon="-4.25954">
        <ele>44</ele>
        <time>2026-06-23T11:42:01+00:00</time>
      </trkpt>
      <trkpt lat="48.16604" lon="-4.25911">
        <ele>46</ele>
        <time>2026-06-23T11:42:04+00:00</time>
      </trkpt>
      <trkpt lat="48.16622" lon="-4.25867">
        <ele>48</ele>
        <time>2026-06-23T11:42:07+00:00</time>
      </trkpt>
      <trkpt lat="48.16641" lon="-4.25824">
        <ele>49</ele>
        <time>2026-06-23T11:42:10+00:00</time>
      </trkpt>
      <trkpt lat="48.16663" lon="-4.25771">
        <ele>50</ele>
        <time>2026-06-23T11:42:13+00:00</time>
      </trkpt>
      <trkpt lat="48.1668" lon="-4.25729">
        <ele>51</ele>
        <time>2026-06-23T11:42:16+00:00</time>
      </trkpt>
      <trkpt lat="48.16696" lon="-4.25686">
        <ele>51</ele>
        <time>2026-06-23T11:42:19+00:00</time>
      </trkpt>
      <trkpt lat="48.16708" lon="-4.25654">
        <ele>51</ele>
        <time>2026-06-23T11:42:22+00:00</time>
      </trkpt>
      <trkpt lat="48.16723" lon="-4.25616">
        <ele>51</ele>
        <time>2026-06-23T11:42:25+00:00</time>
      </trkpt>
      <trkpt lat="48.16743" lon="-4.2559">
        <ele>50</ele>
        <time>2026-06-23T11:42:28+00:00</time>
      </trkpt>
      <trkpt lat="48.16771" lon="-4.25553">
        <ele>50</ele>
        <time>2026-06-23T11:42:31+00:00</time>
      </trkpt>
      <trkpt lat="48.16788" lon="-4.25531">
        <ele>50</ele>
        <time>2026-06-23T11:42:34+00:00</time>
      </trkpt>
      <trkpt lat="48.16807" lon="-4.25507">
        <ele>50</ele>
        <time>2026-06-23T11:42:37+00:00</time>
      </trkpt>
      <trkpt lat="48.16835" lon="-4.2549">
        <ele>50</ele>
        <time>2026-06-23T11:42:40+00:00</time>
      </trkpt>
      <trkpt lat="48.16847" lon="-4.25484">
        <ele>50</ele>
        <time>2026-06-23T11:42:43+00:00</time>
      </trkpt>
      <trkpt lat="48.16854" lon="-4.25471">
        <ele>50</ele>
        <time>2026-06-23T11:42:46+00:00</time>
      </trkpt>
      <trkpt lat="48.16839" lon="-4.25462">
        <ele>49</ele>
        <time>2026-06-23T11:42:49+00:00</time>
      </trkpt>
      <trkpt lat="48.16828" lon="-4.25445">
        <ele>48</ele>
        <time>2026-06-23T11:42:52+00:00</time>
      </trkpt>
      <trkpt lat="48.16816" lon="-4.25426">
        <ele>47</ele>
        <time>2026-06-23T11:42:55+00:00</time>
      </trkpt>
      <trkpt lat="48.16804" lon="-4.25393">
        <ele>45</ele>
        <time>2026-06-23T11:42:58+00:00</time>
      </trkpt>
      <trkpt lat="48.1679" lon="-4.2535">
        <ele>44</ele>
        <time>2026-06-23T11:43:01+00:00</time>
      </trkpt>
      <trkpt lat="48.16811" lon="-4.25329">
        <ele>44</ele>
        <time>2026-06-23T11:43:04+00:00</time>
      </trkpt>
      <trkpt lat="48.16838" lon="-4.25302">
        <ele>44</ele>
        <time>2026-06-23T11:43:07+00:00</time>
      </trkpt>
      <trkpt lat="48.16859" lon="-4.25257">
        <ele>44</ele>
        <time>2026-06-23T11:43:10+00:00</time>
      </trkpt>
      <trkpt lat="48.16879" lon="-4.25211">
        <ele>46</ele>
        <time>2026-06-23T11:43:13+00:00</time>
      </trkpt>
      <trkpt lat="48.16895" lon="-4.25177">
        <ele>46</ele>
        <time>2026-06-23T11:43:16+00:00</time>
      </trkpt>
      <trkpt lat="48.16921" lon="-4.2512">
        <ele>46</ele>
        <time>2026-06-23T11:43:19+00:00</time>
      </trkpt>
      <trkpt lat="48.16935" lon="-4.25089">
        <ele>46</ele>
        <time>2026-06-23T11:43:22+00:00</time>
      </trkpt>
      <trkpt lat="48.16952" lon="-4.25051">
        <ele>46</ele>
        <time>2026-06-23T11:43:25+00:00</time>
      </trkpt>
      <trkpt lat="48.16981" lon="-4.25077">
        <ele>47</ele>
        <time>2026-06-23T11:43:28+00:00</time>
      </trkpt>
      <trkpt lat="48.17002" lon="-4.25097">
        <ele>49</ele>
        <time>2026-06-23T11:43:31+00:00</time>
      </trkpt>
      <trkpt lat="48.17016" lon="-4.25077">
        <ele>49</ele>
        <time>2026-06-23T11:43:34+00:00</time>
      </trkpt>
      <trkpt lat="48.17038" lon="-4.25052">
        <ele>49</ele>
        <time>2026-06-23T11:43:37+00:00</time>
      </trkpt>
      <trkpt lat="48.17076" lon="-4.25009">
        <ele>47</ele>
        <time>2026-06-23T11:43:40+00:00</time>
      </trkpt>
      <trkpt lat="48.17074" lon="-4.24946">
        <ele>45</ele>
        <time>2026-06-23T11:43:43+00:00</time>
      </trkpt>
      <trkpt lat="48.17079" lon="-4.2491">
        <ele>43</ele>
        <time>2026-06-23T11:43:46+00:00</time>
      </trkpt>
      <trkpt lat="48.17086" lon="-4.24866">
        <ele>43</ele>
        <time>2026-06-23T11:43:49+00:00</time>
      </trkpt>
      <trkpt lat="48.17101" lon="-4.24829">
        <ele>45</ele>
        <time>2026-06-23T11:43:52+00:00</time>
      </trkpt>
      <trkpt lat="48.17127" lon="-4.24765">
        <ele>48</ele>
        <time>2026-06-23T11:43:55+00:00</time>
      </trkpt>
      <trkpt lat="48.17135" lon="-4.24763">
        <ele>49</ele>
        <time>2026-06-23T11:43:58+00:00</time>
      </trkpt>
      <trkpt lat="48.17139" lon="-4.24767">
        <ele>49</ele>
        <time>2026-06-23T11:44:01+00:00</time>
      </trkpt>
      <trkpt lat="48.17154" lon="-4.24776">
        <ele>50</ele>
        <time>2026-06-23T11:44:04+00:00</time>
      </trkpt>
      <trkpt lat="48.1717" lon="-4.24786">
        <ele>50</ele>
        <time>2026-06-23T11:44:07+00:00</time>
      </trkpt>
      <trkpt lat="48.17195" lon="-4.24801">
        <ele>52</ele>
        <time>2026-06-23T11:44:10+00:00</time>
      </trkpt>
      <trkpt lat="48.17232" lon="-4.24822">
        <ele>54</ele>
        <time>2026-06-23T11:44:13+00:00</time>
      </trkpt>
      <trkpt lat="48.17257" lon="-4.24837">
        <ele>56</ele>
        <time>2026-06-23T11:44:16+00:00</time>
      </trkpt>
      <trkpt lat="48.17293" lon="-4.24859">
        <ele>57</ele>
        <time>2026-06-23T11:44:19+00:00</time>
      </trkpt>
      <trkpt lat="48.17299" lon="-4.24865">
        <ele>57</ele>
        <time>2026-06-23T11:44:22+00:00</time>
      </trkpt>
      <trkpt lat="48.17304" lon="-4.24866">
        <ele>57</ele>
        <time>2026-06-23T11:44:25+00:00</time>
      </trkpt>
      <trkpt lat="48.17333" lon="-4.24888">
        <ele>58</ele>
        <time>2026-06-23T11:44:28+00:00</time>
      </trkpt>
      <trkpt lat="48.17363" lon="-4.24909">
        <ele>59</ele>
        <time>2026-06-23T11:44:31+00:00</time>
      </trkpt>
      <trkpt lat="48.1739" lon="-4.24929">
        <ele>59</ele>
        <time>2026-06-23T11:44:34+00:00</time>
      </trkpt>
      <trkpt lat="48.17441" lon="-4.24967">
        <ele>60</ele>
        <time>2026-06-23T11:44:37+00:00</time>
      </trkpt>
      <trkpt lat="48.17456" lon="-4.24969">
        <ele>60</ele>
        <time>2026-06-23T11:44:40+00:00</time>
      </trkpt>
      <trkpt lat="48.17481" lon="-4.24985">
        <ele>61</ele>
        <time>2026-06-23T11:44:43+00:00</time>
      </trkpt>
      <trkpt lat="48.17507" lon="-4.25">
        <ele>61</ele>
        <time>2026-06-23T11:44:46+00:00</time>
      </trkpt>
      <trkpt lat="48.17544" lon="-4.25023">
        <ele>61</ele>
        <time>2026-06-23T11:44:49+00:00</time>
      </trkpt>
      <trkpt lat="48.17567" lon="-4.25031">
        <ele>62</ele>
        <time>2026-06-23T11:44:52+00:00</time>
      </trkpt>
      <trkpt lat="48.17592" lon="-4.2504">
        <ele>63</ele>
        <time>2026-06-23T11:44:55+00:00</time>
      </trkpt>
      <trkpt lat="48.17621" lon="-4.25046">
        <ele>63</ele>
        <time>2026-06-23T11:44:58+00:00</time>
      </trkpt>
      <trkpt lat="48.17673" lon="-4.25057">
        <ele>63</ele>
        <time>2026-06-23T11:45:01+00:00</time>
      </trkpt>
      <trkpt lat="48.17691" lon="-4.25065">
        <ele>63</ele>
        <time>2026-06-23T11:45:04+00:00</time>
      </trkpt>
      <trkpt lat="48.17707" lon="-4.25077">
        <ele>63</ele>
        <time>2026-06-23T11:45:07+00:00</time>
      </trkpt>
      <trkpt lat="48.1773" lon="-4.25098">
        <ele>62</ele>
        <time>2026-06-23T11:45:10+00:00</time>
      </trkpt>
      <trkpt lat="48.17755" lon="-4.25124">
        <ele>60</ele>
        <time>2026-06-23T11:45:13+00:00</time>
      </trkpt>
      <trkpt lat="48.1778" lon="-4.2515">
        <ele>58</ele>
        <time>2026-06-23T11:45:16+00:00</time>
      </trkpt>
      <trkpt lat="48.17809" lon="-4.2518">
        <ele>58</ele>
        <time>2026-06-23T11:45:19+00:00</time>
      </trkpt>
      <trkpt lat="48.17825" lon="-4.25192">
        <ele>58</ele>
        <time>2026-06-23T11:45:22+00:00</time>
      </trkpt>
      <trkpt lat="48.1785" lon="-4.25206">
        <ele>57</ele>
        <time>2026-06-23T11:45:25+00:00</time>
      </trkpt>
      <trkpt lat="48.17881" lon="-4.25216">
        <ele>57</ele>
        <time>2026-06-23T11:45:28+00:00</time>
      </trkpt>
      <trkpt lat="48.17914" lon="-4.2522">
        <ele>57</ele>
        <time>2026-06-23T11:45:31+00:00</time>
      </trkpt>
      <trkpt lat="48.17948" lon="-4.25224">
        <ele>57</ele>
        <time>2026-06-23T11:45:34+00:00</time>
      </trkpt>
      <trkpt lat="48.18013" lon="-4.25232">
        <ele>57</ele>
        <time>2026-06-23T11:45:37+00:00</time>
      </trkpt>
      <trkpt lat="48.18041" lon="-4.25235">
        <ele>56</ele>
        <time>2026-06-23T11:45:40+00:00</time>
      </trkpt>
      <trkpt lat="48.18091" lon="-4.2524">
        <ele>55</ele>
        <time>2026-06-23T11:45:43+00:00</time>
      </trkpt>
      <trkpt lat="48.18095" lon="-4.25206">
        <ele>55</ele>
        <time>2026-06-23T11:45:46+00:00</time>
      </trkpt>
      <trkpt lat="48.18099" lon="-4.25169">
        <ele>55</ele>
        <time>2026-06-23T11:45:49+00:00</time>
      </trkpt>
      <trkpt lat="48.18097" lon="-4.25119">
        <ele>55</ele>
        <time>2026-06-23T11:45:52+00:00</time>
      </trkpt>
      <trkpt lat="48.18096" lon="-4.25069">
        <ele>56</ele>
        <time>2026-06-23T11:45:55+00:00</time>
      </trkpt>
      <trkpt lat="48.18095" lon="-4.2503">
        <ele>56</ele>
        <time>2026-06-23T11:45:58+00:00</time>
      </trkpt>
      <trkpt lat="48.18093" lon="-4.24974">
        <ele>57</ele>
        <time>2026-06-23T11:46:01+00:00</time>
      </trkpt>
      <trkpt lat="48.18096" lon="-4.24937">
        <ele>58</ele>
        <time>2026-06-23T11:46:04+00:00</time>
      </trkpt>
      <trkpt lat="48.18113" lon="-4.24915">
        <ele>58</ele>
        <time>2026-06-23T11:46:07+00:00</time>
      </trkpt>
      <trkpt lat="48.1813" lon="-4.24872">
        <ele>59</ele>
        <time>2026-06-23T11:46:10+00:00</time>
      </trkpt>
      <trkpt lat="48.18159" lon="-4.24868">
        <ele>60</ele>
        <time>2026-06-23T11:46:13+00:00</time>
      </trkpt>
      <trkpt lat="48.18212" lon="-4.24861">
        <ele>60</ele>
        <time>2026-06-23T11:46:16+00:00</time>
      </trkpt>
      <trkpt lat="48.18218" lon="-4.24859">
        <ele>60</ele>
        <time>2026-06-23T11:46:19+00:00</time>
      </trkpt>
      <trkpt lat="48.18221" lon="-4.24854">
        <ele>60</ele>
        <time>2026-06-23T11:46:22+00:00</time>
      </trkpt>
      <trkpt lat="48.1824" lon="-4.24854">
        <ele>60</ele>
        <time>2026-06-23T11:46:25+00:00</time>
      </trkpt>
      <trkpt lat="48.18262" lon="-4.24854">
        <ele>59</ele>
        <time>2026-06-23T11:46:28+00:00</time>
      </trkpt>
      <trkpt lat="48.18286" lon="-4.24857">
        <ele>57</ele>
        <time>2026-06-23T11:46:31+00:00</time>
      </trkpt>
      <trkpt lat="48.18314" lon="-4.24867">
        <ele>55</ele>
        <time>2026-06-23T11:46:34+00:00</time>
      </trkpt>
      <trkpt lat="48.18368" lon="-4.24885">
        <ele>52</ele>
        <time>2026-06-23T11:46:37+00:00</time>
      </trkpt>
      <trkpt lat="48.18403" lon="-4.24904">
        <ele>51</ele>
        <time>2026-06-23T11:46:40+00:00</time>
      </trkpt>
      <trkpt lat="48.18424" lon="-4.24921">
        <ele>50</ele>
        <time>2026-06-23T11:46:43+00:00</time>
      </trkpt>
      <trkpt lat="48.18447" lon="-4.24939">
        <ele>50</ele>
        <time>2026-06-23T11:46:46+00:00</time>
      </trkpt>
      <trkpt lat="48.18471" lon="-4.24962">
        <ele>50</ele>
        <time>2026-06-23T11:46:49+00:00</time>
      </trkpt>
      <trkpt lat="48.18511" lon="-4.25">
        <ele>50</ele>
        <time>2026-06-23T11:46:52+00:00</time>
      </trkpt>
      <trkpt lat="48.18534" lon="-4.25028">
        <ele>50</ele>
        <time>2026-06-23T11:46:55+00:00</time>
      </trkpt>
      <trkpt lat="48.18551" lon="-4.25054">
        <ele>50</ele>
        <time>2026-06-23T11:46:58+00:00</time>
      </trkpt>
      <trkpt lat="48.18566" lon="-4.25082">
        <ele>49</ele>
        <time>2026-06-23T11:47:01+00:00</time>
      </trkpt>
      <trkpt lat="48.18579" lon="-4.25115">
        <ele>49</ele>
        <time>2026-06-23T11:47:04+00:00</time>
      </trkpt>
      <trkpt lat="48.18583" lon="-4.25129">
        <ele>49</ele>
        <time>2026-06-23T11:47:07+00:00</time>
      </trkpt>
      <trkpt lat="48.18593" lon="-4.2514">
        <ele>50</ele>
        <time>2026-06-23T11:47:10+00:00</time>
      </trkpt>
      <trkpt lat="48.18594" lon="-4.25169">
        <ele>51</ele>
        <time>2026-06-23T11:47:13+00:00</time>
      </trkpt>
      <trkpt lat="48.18596" lon="-4.2518">
        <ele>51</ele>
        <time>2026-06-23T11:47:16+00:00</time>
      </trkpt>
      <trkpt lat="48.1861" lon="-4.2523">
        <ele>52</ele>
        <time>2026-06-23T11:47:19+00:00</time>
      </trkpt>
      <trkpt lat="48.18619" lon="-4.25239">
        <ele>52</ele>
        <time>2026-06-23T11:47:22+00:00</time>
      </trkpt>
      <trkpt lat="48.18619" lon="-4.25246">
        <ele>52</ele>
        <time>2026-06-23T11:47:25+00:00</time>
      </trkpt>
      <trkpt lat="48.18626" lon="-4.25241">
        <ele>52</ele>
        <time>2026-06-23T11:47:28+00:00</time>
      </trkpt>
      <trkpt lat="48.18661" lon="-4.25235">
        <ele>55</ele>
        <time>2026-06-23T11:47:31+00:00</time>
      </trkpt>
      <trkpt lat="48.18689" lon="-4.25239">
        <ele>56</ele>
        <time>2026-06-23T11:47:34+00:00</time>
      </trkpt>
      <trkpt lat="48.18714" lon="-4.25237">
        <ele>59</ele>
        <time>2026-06-23T11:47:37+00:00</time>
      </trkpt>
      <trkpt lat="48.18748" lon="-4.25235">
        <ele>60</ele>
        <time>2026-06-23T11:47:40+00:00</time>
      </trkpt>
      <trkpt lat="48.18761" lon="-4.25232">
        <ele>62</ele>
        <time>2026-06-23T11:47:43+00:00</time>
      </trkpt>
      <trkpt lat="48.18767" lon="-4.25208">
        <ele>62</ele>
        <time>2026-06-23T11:47:46+00:00</time>
      </trkpt>
      <trkpt lat="48.18774" lon="-4.25181">
        <ele>62</ele>
        <time>2026-06-23T11:47:49+00:00</time>
      </trkpt>
      <trkpt lat="48.18788" lon="-4.2513">
        <ele>63</ele>
        <time>2026-06-23T11:47:52+00:00</time>
      </trkpt>
      <trkpt lat="48.18801" lon="-4.25079">
        <ele>64</ele>
        <time>2026-06-23T11:47:55+00:00</time>
      </trkpt>
      <trkpt lat="48.18815" lon="-4.25028">
        <ele>65</ele>
        <time>2026-06-23T11:47:58+00:00</time>
      </trkpt>
      <trkpt lat="48.18827" lon="-4.24984">
        <ele>65</ele>
        <time>2026-06-23T11:48:01+00:00</time>
      </trkpt>
      <trkpt lat="48.18838" lon="-4.2494">
        <ele>65</ele>
        <time>2026-06-23T11:48:04+00:00</time>
      </trkpt>
      <trkpt lat="48.18854" lon="-4.2488">
        <ele>65</ele>
        <time>2026-06-23T11:48:07+00:00</time>
      </trkpt>
      <trkpt lat="48.18859" lon="-4.24871">
        <ele>65</ele>
        <time>2026-06-23T11:48:10+00:00</time>
      </trkpt>
      <trkpt lat="48.18878" lon="-4.24865">
        <ele>66</ele>
        <time>2026-06-23T11:48:13+00:00</time>
      </trkpt>
      <trkpt lat="48.18883" lon="-4.24857">
        <ele>67</ele>
        <time>2026-06-23T11:48:16+00:00</time>
      </trkpt>
      <trkpt lat="48.18889" lon="-4.2482">
        <ele>67</ele>
        <time>2026-06-23T11:48:19+00:00</time>
      </trkpt>
      <trkpt lat="48.18898" lon="-4.24756">
        <ele>67</ele>
        <time>2026-06-23T11:48:22+00:00</time>
      </trkpt>
      <trkpt lat="48.18905" lon="-4.24692">
        <ele>69</ele>
        <time>2026-06-23T11:48:25+00:00</time>
      </trkpt>
      <trkpt lat="48.18906" lon="-4.24654">
        <ele>69</ele>
        <time>2026-06-23T11:48:28+00:00</time>
      </trkpt>
      <trkpt lat="48.18908" lon="-4.24606">
        <ele>69</ele>
        <time>2026-06-23T11:48:31+00:00</time>
      </trkpt>
      <trkpt lat="48.18911" lon="-4.24587">
        <ele>69</ele>
        <time>2026-06-23T11:48:34+00:00</time>
      </trkpt>
      <trkpt lat="48.18925" lon="-4.24561">
        <ele>71</ele>
        <time>2026-06-23T11:48:37+00:00</time>
      </trkpt>
      <trkpt lat="48.18945" lon="-4.24533">
        <ele>72</ele>
        <time>2026-06-23T11:48:40+00:00</time>
      </trkpt>
      <trkpt lat="48.18954" lon="-4.24514">
        <ele>73</ele>
        <time>2026-06-23T11:48:43+00:00</time>
      </trkpt>
      <trkpt lat="48.18963" lon="-4.24484">
        <ele>74</ele>
        <time>2026-06-23T11:48:46+00:00</time>
      </trkpt>
      <trkpt lat="48.18973" lon="-4.2444">
        <ele>75</ele>
        <time>2026-06-23T11:48:49+00:00</time>
      </trkpt>
      <trkpt lat="48.18979" lon="-4.24434">
        <ele>76</ele>
        <time>2026-06-23T11:48:52+00:00</time>
      </trkpt>
      <trkpt lat="48.1901" lon="-4.24435">
        <ele>77</ele>
        <time>2026-06-23T11:48:55+00:00</time>
      </trkpt>
      <trkpt lat="48.19041" lon="-4.24436">
        <ele>79</ele>
        <time>2026-06-23T11:48:58+00:00</time>
      </trkpt>
      <trkpt lat="48.19093" lon="-4.24437">
        <ele>82</ele>
        <time>2026-06-23T11:49:01+00:00</time>
      </trkpt>
      <trkpt lat="48.19096" lon="-4.24432">
        <ele>82</ele>
        <time>2026-06-23T11:49:04+00:00</time>
      </trkpt>
      <trkpt lat="48.19092" lon="-4.24385">
        <ele>85</ele>
        <time>2026-06-23T11:49:07+00:00</time>
      </trkpt>
      <trkpt lat="48.19089" lon="-4.24339">
        <ele>86</ele>
        <time>2026-06-23T11:49:10+00:00</time>
      </trkpt>
      <trkpt lat="48.19086" lon="-4.24303">
        <ele>87</ele>
        <time>2026-06-23T11:49:13+00:00</time>
      </trkpt>
      <trkpt lat="48.19083" lon="-4.24261">
        <ele>89</ele>
        <time>2026-06-23T11:49:16+00:00</time>
      </trkpt>
      <trkpt lat="48.19084" lon="-4.24244">
        <ele>90</ele>
        <time>2026-06-23T11:49:19+00:00</time>
      </trkpt>
      <trkpt lat="48.1909" lon="-4.24211">
        <ele>93</ele>
        <time>2026-06-23T11:49:22+00:00</time>
      </trkpt>
      <trkpt lat="48.191" lon="-4.2416">
        <ele>96</ele>
        <time>2026-06-23T11:49:25+00:00</time>
      </trkpt>
      <trkpt lat="48.19106" lon="-4.24127">
        <ele>97</ele>
        <time>2026-06-23T11:49:28+00:00</time>
      </trkpt>
      <trkpt lat="48.19112" lon="-4.24094">
        <ele>100</ele>
        <time>2026-06-23T11:49:31+00:00</time>
      </trkpt>
      <trkpt lat="48.19113" lon="-4.24078">
        <ele>100</ele>
        <time>2026-06-23T11:49:34+00:00</time>
      </trkpt>
      <trkpt lat="48.19138" lon="-4.24084">
        <ele>102</ele>
        <time>2026-06-23T11:49:37+00:00</time>
      </trkpt>
      <trkpt lat="48.19183" lon="-4.24096">
        <ele>109</ele>
        <time>2026-06-23T11:49:40+00:00</time>
      </trkpt>
      <trkpt lat="48.19212" lon="-4.24101">
        <ele>113</ele>
        <time>2026-06-23T11:49:43+00:00</time>
      </trkpt>
      <trkpt lat="48.19265" lon="-4.2411">
        <ele>121</ele>
        <time>2026-06-23T11:49:46+00:00</time>
      </trkpt>
      <trkpt lat="48.19296" lon="-4.24116">
        <ele>124</ele>
        <time>2026-06-23T11:49:49+00:00</time>
      </trkpt>
      <trkpt lat="48.19327" lon="-4.24122">
        <ele>129</ele>
        <time>2026-06-23T11:49:52+00:00</time>
      </trkpt>
      <trkpt lat="48.19365" lon="-4.24129">
        <ele>138</ele>
        <time>2026-06-23T11:49:55+00:00</time>
      </trkpt>
      <trkpt lat="48.19391" lon="-4.24132">
        <ele>141</ele>
        <time>2026-06-23T11:49:58+00:00</time>
      </trkpt>
      <trkpt lat="48.19429" lon="-4.24137">
        <ele>146</ele>
        <time>2026-06-23T11:50:01+00:00</time>
      </trkpt>
      <trkpt lat="48.19461" lon="-4.24136">
        <ele>149</ele>
        <time>2026-06-23T11:50:04+00:00</time>
      </trkpt>
      <trkpt lat="48.19493" lon="-4.24135">
        <ele>153</ele>
        <time>2026-06-23T11:50:07+00:00</time>
      </trkpt>
      <trkpt lat="48.1954" lon="-4.24134">
        <ele>156</ele>
        <time>2026-06-23T11:50:10+00:00</time>
      </trkpt>
      <trkpt lat="48.19577" lon="-4.24134">
        <ele>161</ele>
        <time>2026-06-23T11:50:13+00:00</time>
      </trkpt>
      <trkpt lat="48.19603" lon="-4.24133">
        <ele>163</ele>
        <time>2026-06-23T11:50:16+00:00</time>
      </trkpt>
      <trkpt lat="48.1964" lon="-4.24132">
        <ele>164</ele>
        <time>2026-06-23T11:50:19+00:00</time>
      </trkpt>
      <trkpt lat="48.19648" lon="-4.24125">
        <ele>165</ele>
        <time>2026-06-23T11:50:22+00:00</time>
      </trkpt>
      <trkpt lat="48.19652" lon="-4.24096">
        <ele>165</ele>
        <time>2026-06-23T11:50:25+00:00</time>
      </trkpt>
      <trkpt lat="48.19654" lon="-4.24047">
        <ele>167</ele>
        <time>2026-06-23T11:50:28+00:00</time>
      </trkpt>
      <trkpt lat="48.19656" lon="-4.23998">
        <ele>170</ele>
        <time>2026-06-23T11:50:31+00:00</time>
      </trkpt>
      <trkpt lat="48.19659" lon="-4.23917">
        <ele>173</ele>
        <time>2026-06-23T11:50:34+00:00</time>
      </trkpt>
      <trkpt lat="48.19661" lon="-4.23909">
        <ele>174</ele>
        <time>2026-06-23T11:50:37+00:00</time>
      </trkpt>
      <trkpt lat="48.19669" lon="-4.23902">
        <ele>174</ele>
        <time>2026-06-23T11:50:40+00:00</time>
      </trkpt>
      <trkpt lat="48.19695" lon="-4.23895">
        <ele>175</ele>
        <time>2026-06-23T11:50:43+00:00</time>
      </trkpt>
      <trkpt lat="48.1972" lon="-4.23888">
        <ele>176</ele>
        <time>2026-06-23T11:50:46+00:00</time>
      </trkpt>
      <trkpt lat="48.19752" lon="-4.23878">
        <ele>177</ele>
        <time>2026-06-23T11:50:49+00:00</time>
      </trkpt>
      <trkpt lat="48.19787" lon="-4.23869">
        <ele>178</ele>
        <time>2026-06-23T11:50:52+00:00</time>
      </trkpt>
      <trkpt lat="48.19822" lon="-4.2386">
        <ele>180</ele>
        <time>2026-06-23T11:50:55+00:00</time>
      </trkpt>
      <trkpt lat="48.19857" lon="-4.23851">
        <ele>181</ele>
        <time>2026-06-23T11:50:58+00:00</time>
      </trkpt>
      <trkpt lat="48.19921" lon="-4.23834">
        <ele>184</ele>
        <time>2026-06-23T11:51:01+00:00</time>
      </trkpt>
      <trkpt lat="48.19961" lon="-4.23808">
        <ele>187</ele>
        <time>2026-06-23T11:51:04+00:00</time>
      </trkpt>
      <trkpt lat="48.19978" lon="-4.23794">
        <ele>187</ele>
        <time>2026-06-23T11:51:07+00:00</time>
      </trkpt>
      <trkpt lat="48.19999" lon="-4.23781">
        <ele>189</ele>
        <time>2026-06-23T11:51:10+00:00</time>
      </trkpt>
      <trkpt lat="48.20022" lon="-4.23766">
        <ele>190</ele>
        <time>2026-06-23T11:51:13+00:00</time>
      </trkpt>
      <trkpt lat="48.20027" lon="-4.23759">
        <ele>191</ele>
        <time>2026-06-23T11:51:16+00:00</time>
      </trkpt>
      <trkpt lat="48.20034" lon="-4.23743">
        <ele>191</ele>
        <time>2026-06-23T11:51:19+00:00</time>
      </trkpt>
      <trkpt lat="48.20047" lon="-4.23707">
        <ele>192</ele>
        <time>2026-06-23T11:51:22+00:00</time>
      </trkpt>
      <trkpt lat="48.20068" lon="-4.23651">
        <ele>194</ele>
        <time>2026-06-23T11:51:25+00:00</time>
      </trkpt>
      <trkpt lat="48.20072" lon="-4.23605">
        <ele>194</ele>
        <time>2026-06-23T11:51:28+00:00</time>
      </trkpt>
      <trkpt lat="48.20077" lon="-4.23559">
        <ele>194</ele>
        <time>2026-06-23T11:51:31+00:00</time>
      </trkpt>
      <trkpt lat="48.20082" lon="-4.23503">
        <ele>194</ele>
        <time>2026-06-23T11:51:34+00:00</time>
      </trkpt>
      <trkpt lat="48.20085" lon="-4.23498">
        <ele>194</ele>
        <time>2026-06-23T11:51:37+00:00</time>
      </trkpt>
      <trkpt lat="48.20091" lon="-4.23496">
        <ele>194</ele>
        <time>2026-06-23T11:51:40+00:00</time>
      </trkpt>
      <trkpt lat="48.20116" lon="-4.23494">
        <ele>194</ele>
        <time>2026-06-23T11:51:43+00:00</time>
      </trkpt>
      <trkpt lat="48.20159" lon="-4.23491">
        <ele>195</ele>
        <time>2026-06-23T11:51:46+00:00</time>
      </trkpt>
      <trkpt lat="48.20183" lon="-4.23479">
        <ele>195</ele>
        <time>2026-06-23T11:51:49+00:00</time>
      </trkpt>
      <trkpt lat="48.20189" lon="-4.23468">
        <ele>195</ele>
        <time>2026-06-23T11:51:52+00:00</time>
      </trkpt>
      <trkpt lat="48.20202" lon="-4.23428">
        <ele>194</ele>
        <time>2026-06-23T11:51:55+00:00</time>
      </trkpt>
      <trkpt lat="48.20215" lon="-4.23417">
        <ele>194</ele>
        <time>2026-06-23T11:51:58+00:00</time>
      </trkpt>
      <trkpt lat="48.20219" lon="-4.23424">
        <ele>194</ele>
        <time>2026-06-23T11:52:01+00:00</time>
      </trkpt>
      <trkpt lat="48.20224" lon="-4.23414">
        <ele>193</ele>
        <time>2026-06-23T11:52:04+00:00</time>
      </trkpt>
      <trkpt lat="48.20231" lon="-4.23404">
        <ele>193</ele>
        <time>2026-06-23T11:52:07+00:00</time>
      </trkpt>
      <trkpt lat="48.20266" lon="-4.23421">
        <ele>192</ele>
        <time>2026-06-23T11:52:10+00:00</time>
      </trkpt>
      <trkpt lat="48.20289" lon="-4.23424">
        <ele>191</ele>
        <time>2026-06-23T11:52:13+00:00</time>
      </trkpt>
      <trkpt lat="48.20312" lon="-4.23426">
        <ele>189</ele>
        <time>2026-06-23T11:52:16+00:00</time>
      </trkpt>
      <trkpt lat="48.20332" lon="-4.23421">
        <ele>188</ele>
        <time>2026-06-23T11:52:19+00:00</time>
      </trkpt>
      <trkpt lat="48.20361" lon="-4.23406">
        <ele>186</ele>
        <time>2026-06-23T11:52:22+00:00</time>
      </trkpt>
      <trkpt lat="48.20382" lon="-4.23393">
        <ele>185</ele>
        <time>2026-06-23T11:52:25+00:00</time>
      </trkpt>
      <trkpt lat="48.20404" lon="-4.23379">
        <ele>183</ele>
        <time>2026-06-23T11:52:28+00:00</time>
      </trkpt>
      <trkpt lat="48.20421" lon="-4.23374">
        <ele>183</ele>
        <time>2026-06-23T11:52:31+00:00</time>
      </trkpt>
      <trkpt lat="48.20436" lon="-4.23376">
        <ele>182</ele>
        <time>2026-06-23T11:52:34+00:00</time>
      </trkpt>
      <trkpt lat="48.20454" lon="-4.23381">
        <ele>182</ele>
        <time>2026-06-23T11:52:37+00:00</time>
      </trkpt>
      <trkpt lat="48.20483" lon="-4.23396">
        <ele>179</ele>
        <time>2026-06-23T11:52:40+00:00</time>
      </trkpt>
      <trkpt lat="48.20511" lon="-4.2341">
        <ele>179</ele>
        <time>2026-06-23T11:52:43+00:00</time>
      </trkpt>
      <trkpt lat="48.20542" lon="-4.23426">
        <ele>177</ele>
        <time>2026-06-23T11:52:46+00:00</time>
      </trkpt>
      <trkpt lat="48.20558" lon="-4.2343">
        <ele>178</ele>
        <time>2026-06-23T11:52:49+00:00</time>
      </trkpt>
      <trkpt lat="48.20576" lon="-4.23428">
        <ele>174</ele>
        <time>2026-06-23T11:52:52+00:00</time>
      </trkpt>
      <trkpt lat="48.20589" lon="-4.23423">
        <ele>173</ele>
        <time>2026-06-23T11:52:55+00:00</time>
      </trkpt>
      <trkpt lat="48.20601" lon="-4.23409">
        <ele>173</ele>
        <time>2026-06-23T11:52:58+00:00</time>
      </trkpt>
      <trkpt lat="48.20614" lon="-4.23376">
        <ele>171</ele>
        <time>2026-06-23T11:53:01+00:00</time>
      </trkpt>
      <trkpt lat="48.20619" lon="-4.23355">
        <ele>170</ele>
        <time>2026-06-23T11:53:04+00:00</time>
      </trkpt>
      <trkpt lat="48.20617" lon="-4.23322">
        <ele>170</ele>
        <time>2026-06-23T11:53:07+00:00</time>
      </trkpt>
      <trkpt lat="48.20605" lon="-4.23272">
        <ele>168</ele>
        <time>2026-06-23T11:53:10+00:00</time>
      </trkpt>
      <trkpt lat="48.20592" lon="-4.23222">
        <ele>166</ele>
        <time>2026-06-23T11:53:13+00:00</time>
      </trkpt>
      <trkpt lat="48.20581" lon="-4.23179">
        <ele>166</ele>
        <time>2026-06-23T11:53:16+00:00</time>
      </trkpt>
      <trkpt lat="48.20571" lon="-4.23136">
        <ele>163</ele>
        <time>2026-06-23T11:53:19+00:00</time>
      </trkpt>
      <trkpt lat="48.20559" lon="-4.23087">
        <ele>161</ele>
        <time>2026-06-23T11:53:22+00:00</time>
      </trkpt>
      <trkpt lat="48.20554" lon="-4.2305">
        <ele>161</ele>
        <time>2026-06-23T11:53:25+00:00</time>
      </trkpt>
      <trkpt lat="48.20547" lon="-4.23003">
        <ele>161</ele>
        <time>2026-06-23T11:53:28+00:00</time>
      </trkpt>
      <trkpt lat="48.20546" lon="-4.22963">
        <ele>160</ele>
        <time>2026-06-23T11:53:31+00:00</time>
      </trkpt>
      <trkpt lat="48.20547" lon="-4.22909">
        <ele>158</ele>
        <time>2026-06-23T11:53:34+00:00</time>
      </trkpt>
      <trkpt lat="48.20555" lon="-4.22856">
        <ele>156</ele>
        <time>2026-06-23T11:53:37+00:00</time>
      </trkpt>
      <trkpt lat="48.20561" lon="-4.22832">
        <ele>155</ele>
        <time>2026-06-23T11:53:40+00:00</time>
      </trkpt>
      <trkpt lat="48.20577" lon="-4.22826">
        <ele>154</ele>
        <time>2026-06-23T11:53:43+00:00</time>
      </trkpt>
      <trkpt lat="48.20595" lon="-4.22818">
        <ele>153</ele>
        <time>2026-06-23T11:53:46+00:00</time>
      </trkpt>
      <trkpt lat="48.20605" lon="-4.22808">
        <ele>153</ele>
        <time>2026-06-23T11:53:49+00:00</time>
      </trkpt>
      <trkpt lat="48.20619" lon="-4.22786">
        <ele>152</ele>
        <time>2026-06-23T11:53:52+00:00</time>
      </trkpt>
      <trkpt lat="48.20639" lon="-4.22755">
        <ele>152</ele>
        <time>2026-06-23T11:53:55+00:00</time>
      </trkpt>
      <trkpt lat="48.20656" lon="-4.22723">
        <ele>152</ele>
        <time>2026-06-23T11:53:58+00:00</time>
      </trkpt>
      <trkpt lat="48.20683" lon="-4.22672">
        <ele>153</ele>
        <time>2026-06-23T11:54:01+00:00</time>
      </trkpt>
      <trkpt lat="48.20704" lon="-4.2269">
        <ele>154</ele>
        <time>2026-06-23T11:54:04+00:00</time>
      </trkpt>
      <trkpt lat="48.20727" lon="-4.2271">
        <ele>155</ele>
        <time>2026-06-23T11:54:07+00:00</time>
      </trkpt>
      <trkpt lat="48.20739" lon="-4.22705">
        <ele>156</ele>
        <time>2026-06-23T11:54:10+00:00</time>
      </trkpt>
      <trkpt lat="48.2076" lon="-4.22687">
        <ele>157</ele>
        <time>2026-06-23T11:54:13+00:00</time>
      </trkpt>
      <trkpt lat="48.20797" lon="-4.22656">
        <ele>157</ele>
        <time>2026-06-23T11:54:16+00:00</time>
      </trkpt>
      <trkpt lat="48.20824" lon="-4.22633">
        <ele>157</ele>
        <time>2026-06-23T11:54:19+00:00</time>
      </trkpt>
      <trkpt lat="48.20851" lon="-4.2261">
        <ele>157</ele>
        <time>2026-06-23T11:54:22+00:00</time>
      </trkpt>
      <trkpt lat="48.20883" lon="-4.22582">
        <ele>157</ele>
        <time>2026-06-23T11:54:25+00:00</time>
      </trkpt>
      <trkpt lat="48.20919" lon="-4.22548">
        <ele>157</ele>
        <time>2026-06-23T11:54:28+00:00</time>
      </trkpt>
      <trkpt lat="48.20942" lon="-4.22529">
        <ele>156</ele>
        <time>2026-06-23T11:54:31+00:00</time>
      </trkpt>
      <trkpt lat="48.20975" lon="-4.22503">
        <ele>156</ele>
        <time>2026-06-23T11:54:34+00:00</time>
      </trkpt>
      <trkpt lat="48.21002" lon="-4.22473">
        <ele>160</ele>
        <time>2026-06-23T11:54:37+00:00</time>
      </trkpt>
      <trkpt lat="48.21025" lon="-4.22462">
        <ele>161</ele>
        <time>2026-06-23T11:54:40+00:00</time>
      </trkpt>
      <trkpt lat="48.21052" lon="-4.2245">
        <ele>165</ele>
        <time>2026-06-23T11:54:43+00:00</time>
      </trkpt>
      <trkpt lat="48.21057" lon="-4.2245">
        <ele>165</ele>
        <time>2026-06-23T11:54:46+00:00</time>
      </trkpt>
      <trkpt lat="48.21071" lon="-4.22454">
        <ele>167</ele>
        <time>2026-06-23T11:54:49+00:00</time>
      </trkpt>
      <trkpt lat="48.21081" lon="-4.22454">
        <ele>169</ele>
        <time>2026-06-23T11:54:52+00:00</time>
      </trkpt>
      <trkpt lat="48.21092" lon="-4.22447">
        <ele>168</ele>
        <time>2026-06-23T11:54:55+00:00</time>
      </trkpt>
      <trkpt lat="48.21114" lon="-4.22426">
        <ele>168</ele>
        <time>2026-06-23T11:54:58+00:00</time>
      </trkpt>
      <trkpt lat="48.21145" lon="-4.22397">
        <ele>169</ele>
        <time>2026-06-23T11:55:01+00:00</time>
      </trkpt>
      <trkpt lat="48.21165" lon="-4.224">
        <ele>173</ele>
        <time>2026-06-23T11:55:04+00:00</time>
      </trkpt>
      <trkpt lat="48.21176" lon="-4.22414">
        <ele>174</ele>
        <time>2026-06-23T11:55:07+00:00</time>
      </trkpt>
      <trkpt lat="48.21184" lon="-4.22435">
        <ele>178</ele>
        <time>2026-06-23T11:55:10+00:00</time>
      </trkpt>
      <trkpt lat="48.21185" lon="-4.22477">
        <ele>182</ele>
        <time>2026-06-23T11:55:13+00:00</time>
      </trkpt>
      <trkpt lat="48.21186" lon="-4.22548">
        <ele>187</ele>
        <time>2026-06-23T11:55:16+00:00</time>
      </trkpt>
      <trkpt lat="48.21196" lon="-4.22602">
        <ele>190</ele>
        <time>2026-06-23T11:55:19+00:00</time>
      </trkpt>
      <trkpt lat="48.21208" lon="-4.22614">
        <ele>192</ele>
        <time>2026-06-23T11:55:22+00:00</time>
      </trkpt>
      <trkpt lat="48.21228" lon="-4.22616">
        <ele>193</ele>
        <time>2026-06-23T11:55:25+00:00</time>
      </trkpt>
      <trkpt lat="48.21254" lon="-4.22618">
        <ele>195</ele>
        <time>2026-06-23T11:55:28+00:00</time>
      </trkpt>
      <trkpt lat="48.21275" lon="-4.2264">
        <ele>198</ele>
        <time>2026-06-23T11:55:31+00:00</time>
      </trkpt>
      <trkpt lat="48.21285" lon="-4.22644">
        <ele>198</ele>
        <time>2026-06-23T11:55:34+00:00</time>
      </trkpt>
      <trkpt lat="48.21306" lon="-4.22621">
        <ele>198</ele>
        <time>2026-06-23T11:55:37+00:00</time>
      </trkpt>
      <trkpt lat="48.21328" lon="-4.22589">
        <ele>198</ele>
        <time>2026-06-23T11:55:40+00:00</time>
      </trkpt>
      <trkpt lat="48.21347" lon="-4.22561">
        <ele>198</ele>
        <time>2026-06-23T11:55:43+00:00</time>
      </trkpt>
      <trkpt lat="48.21375" lon="-4.22518">
        <ele>198</ele>
        <time>2026-06-23T11:55:46+00:00</time>
      </trkpt>
      <trkpt lat="48.21393" lon="-4.22518">
        <ele>198</ele>
        <time>2026-06-23T11:55:49+00:00</time>
      </trkpt>
      <trkpt lat="48.21418" lon="-4.22536">
        <ele>201</ele>
        <time>2026-06-23T11:55:52+00:00</time>
      </trkpt>
      <trkpt lat="48.21443" lon="-4.22539">
        <ele>204</ele>
        <time>2026-06-23T11:55:55+00:00</time>
      </trkpt>
      <trkpt lat="48.21477" lon="-4.22529">
        <ele>206</ele>
        <time>2026-06-23T11:55:58+00:00</time>
      </trkpt>
      <trkpt lat="48.21496" lon="-4.22518">
        <ele>208</ele>
        <time>2026-06-23T11:56:01+00:00</time>
      </trkpt>
      <trkpt lat="48.21501" lon="-4.22513">
        <ele>208</ele>
        <time>2026-06-23T11:56:04+00:00</time>
      </trkpt>
      <trkpt lat="48.21514" lon="-4.22484">
        <ele>208</ele>
        <time>2026-06-23T11:56:07+00:00</time>
      </trkpt>
      <trkpt lat="48.21528" lon="-4.22449">
        <ele>207</ele>
        <time>2026-06-23T11:56:10+00:00</time>
      </trkpt>
      <trkpt lat="48.21552" lon="-4.22391">
        <ele>207</ele>
        <time>2026-06-23T11:56:13+00:00</time>
      </trkpt>
      <trkpt lat="48.21564" lon="-4.22374">
        <ele>207</ele>
        <time>2026-06-23T11:56:16+00:00</time>
      </trkpt>
      <trkpt lat="48.21571" lon="-4.2237">
        <ele>207</ele>
        <time>2026-06-23T11:56:19+00:00</time>
      </trkpt>
      <trkpt lat="48.21595" lon="-4.22373">
        <ele>209</ele>
        <time>2026-06-23T11:56:22+00:00</time>
      </trkpt>
      <trkpt lat="48.21624" lon="-4.22377">
        <ele>212</ele>
        <time>2026-06-23T11:56:25+00:00</time>
      </trkpt>
      <trkpt lat="48.2164" lon="-4.22384">
        <ele>214</ele>
        <time>2026-06-23T11:56:28+00:00</time>
      </trkpt>
      <trkpt lat="48.21655" lon="-4.22395">
        <ele>215</ele>
        <time>2026-06-23T11:56:31+00:00</time>
      </trkpt>
      <trkpt lat="48.21674" lon="-4.22407">
        <ele>218</ele>
        <time>2026-06-23T11:56:34+00:00</time>
      </trkpt>
      <trkpt lat="48.21689" lon="-4.22414">
        <ele>219</ele>
        <time>2026-06-23T11:56:37+00:00</time>
      </trkpt>
      <trkpt lat="48.21718" lon="-4.22414">
        <ele>220</ele>
        <time>2026-06-23T11:56:40+00:00</time>
      </trkpt>
      <trkpt lat="48.21732" lon="-4.22419">
        <ele>223</ele>
        <time>2026-06-23T11:56:43+00:00</time>
      </trkpt>
      <trkpt lat="48.21746" lon="-4.22419">
        <ele>223</ele>
        <time>2026-06-23T11:56:46+00:00</time>
      </trkpt>
      <trkpt lat="48.21755" lon="-4.22424">
        <ele>225</ele>
        <time>2026-06-23T11:56:49+00:00</time>
      </trkpt>
      <trkpt lat="48.21759" lon="-4.22424">
        <ele>225</ele>
        <time>2026-06-23T11:56:52+00:00</time>
      </trkpt>
      <trkpt lat="48.21776" lon="-4.22412">
        <ele>224</ele>
        <time>2026-06-23T11:56:55+00:00</time>
      </trkpt>
      <trkpt lat="48.21785" lon="-4.2241">
        <ele>225</ele>
        <time>2026-06-23T11:56:58+00:00</time>
      </trkpt>
      <trkpt lat="48.21796" lon="-4.22424">
        <ele>227</ele>
        <time>2026-06-23T11:57:01+00:00</time>
      </trkpt>
      <trkpt lat="48.21805" lon="-4.22421">
        <ele>229</ele>
        <time>2026-06-23T11:57:04+00:00</time>
      </trkpt>
      <trkpt lat="48.21814" lon="-4.22435">
        <ele>229</ele>
        <time>2026-06-23T11:57:07+00:00</time>
      </trkpt>
      <trkpt lat="48.21818" lon="-4.22435">
        <ele>229</ele>
        <time>2026-06-23T11:57:10+00:00</time>
      </trkpt>
      <trkpt lat="48.2183" lon="-4.2245">
        <ele>234</ele>
        <time>2026-06-23T11:57:13+00:00</time>
      </trkpt>
      <trkpt lat="48.21831" lon="-4.22459">
        <ele>234</ele>
        <time>2026-06-23T11:57:16+00:00</time>
      </trkpt>
      <trkpt lat="48.2184" lon="-4.2248">
        <ele>236</ele>
        <time>2026-06-23T11:57:19+00:00</time>
      </trkpt>
      <trkpt lat="48.21842" lon="-4.22489">
        <ele>237</ele>
        <time>2026-06-23T11:57:22+00:00</time>
      </trkpt>
      <trkpt lat="48.21848" lon="-4.22492">
        <ele>239</ele>
        <time>2026-06-23T11:57:25+00:00</time>
      </trkpt>
      <trkpt lat="48.21857" lon="-4.22492">
        <ele>242</ele>
        <time>2026-06-23T11:57:28+00:00</time>
      </trkpt>
      <trkpt lat="48.21882" lon="-4.22475">
        <ele>245</ele>
        <time>2026-06-23T11:57:31+00:00</time>
      </trkpt>
      <trkpt lat="48.21883" lon="-4.22471">
        <ele>245</ele>
        <time>2026-06-23T11:57:34+00:00</time>
      </trkpt>
      <trkpt lat="48.21891" lon="-4.22464">
        <ele>249</ele>
        <time>2026-06-23T11:57:37+00:00</time>
      </trkpt>
      <trkpt lat="48.219" lon="-4.22452">
        <ele>249</ele>
        <time>2026-06-23T11:57:40+00:00</time>
      </trkpt>
      <trkpt lat="48.21911" lon="-4.22445">
        <ele>252</ele>
        <time>2026-06-23T11:57:43+00:00</time>
      </trkpt>
      <trkpt lat="48.21921" lon="-4.22433">
        <ele>254</ele>
        <time>2026-06-23T11:57:46+00:00</time>
      </trkpt>
      <trkpt lat="48.21929" lon="-4.22431">
        <ele>254</ele>
        <time>2026-06-23T11:57:49+00:00</time>
      </trkpt>
      <trkpt lat="48.21946" lon="-4.22417">
        <ele>255</ele>
        <time>2026-06-23T11:57:52+00:00</time>
      </trkpt>
      <trkpt lat="48.21957" lon="-4.22412">
        <ele>255</ele>
        <time>2026-06-23T11:57:55+00:00</time>
      </trkpt>
      <trkpt lat="48.21974" lon="-4.22399">
        <ele>258</ele>
        <time>2026-06-23T11:57:58+00:00</time>
      </trkpt>
      <trkpt lat="48.21994" lon="-4.22384">
        <ele>260</ele>
        <time>2026-06-23T11:58:01+00:00</time>
      </trkpt>
      <trkpt lat="48.22003" lon="-4.22384">
        <ele>260</ele>
        <time>2026-06-23T11:58:04+00:00</time>
      </trkpt>
      <trkpt lat="48.22034" lon="-4.2237">
        <ele>260</ele>
        <time>2026-06-23T11:58:07+00:00</time>
      </trkpt>
      <trkpt lat="48.22037" lon="-4.2237">
        <ele>260</ele>
        <time>2026-06-23T11:58:10+00:00</time>
      </trkpt>
      <trkpt lat="48.22045" lon="-4.22403">
        <ele>264</ele>
        <time>2026-06-23T11:58:13+00:00</time>
      </trkpt>
      <trkpt lat="48.22054" lon="-4.22442">
        <ele>269</ele>
        <time>2026-06-23T11:58:16+00:00</time>
      </trkpt>
      <trkpt lat="48.22059" lon="-4.22457">
        <ele>271</ele>
        <time>2026-06-23T11:58:19+00:00</time>
      </trkpt>
      <trkpt lat="48.22066" lon="-4.22464">
        <ele>271</ele>
        <time>2026-06-23T11:58:22+00:00</time>
      </trkpt>
      <trkpt lat="48.22087" lon="-4.22482">
        <ele>271</ele>
        <time>2026-06-23T11:58:25+00:00</time>
      </trkpt>
      <trkpt lat="48.2213" lon="-4.22496">
        <ele>271</ele>
        <time>2026-06-23T11:58:28+00:00</time>
      </trkpt>
      <trkpt lat="48.22132" lon="-4.22502">
        <ele>269</ele>
        <time>2026-06-23T11:58:31+00:00</time>
      </trkpt>
      <trkpt lat="48.22132" lon="-4.22511">
        <ele>270</ele>
        <time>2026-06-23T11:58:34+00:00</time>
      </trkpt>
      <trkpt lat="48.22122" lon="-4.22536">
        <ele>273</ele>
        <time>2026-06-23T11:58:37+00:00</time>
      </trkpt>
      <trkpt lat="48.22109" lon="-4.22567">
        <ele>276</ele>
        <time>2026-06-23T11:58:40+00:00</time>
      </trkpt>
      <trkpt lat="48.22092" lon="-4.22625">
        <ele>281</ele>
        <time>2026-06-23T11:58:43+00:00</time>
      </trkpt>
      <trkpt lat="48.22081" lon="-4.22644">
        <ele>284</ele>
        <time>2026-06-23T11:58:46+00:00</time>
      </trkpt>
      <trkpt lat="48.2208" lon="-4.22668">
        <ele>286</ele>
        <time>2026-06-23T11:58:49+00:00</time>
      </trkpt>
      <trkpt lat="48.22078" lon="-4.22694">
        <ele>289</ele>
        <time>2026-06-23T11:58:52+00:00</time>
      </trkpt>
      <trkpt lat="48.22081" lon="-4.22719">
        <ele>287</ele>
        <time>2026-06-23T11:58:55+00:00</time>
      </trkpt>
      <trkpt lat="48.22085" lon="-4.22748">
        <ele>288</ele>
        <time>2026-06-23T11:58:58+00:00</time>
      </trkpt>
      <trkpt lat="48.22084" lon="-4.22752">
        <ele>290</ele>
        <time>2026-06-23T11:59:01+00:00</time>
      </trkpt>
      <trkpt lat="48.22081" lon="-4.22755">
        <ele>290</ele>
        <time>2026-06-23T11:59:04+00:00</time>
      </trkpt>
      <trkpt lat="48.22056" lon="-4.22748">
        <ele>294</ele>
        <time>2026-06-23T11:59:07+00:00</time>
      </trkpt>
      <trkpt lat="48.22051" lon="-4.22752">
        <ele>297</ele>
        <time>2026-06-23T11:59:10+00:00</time>
      </trkpt>
      <trkpt lat="48.22049" lon="-4.22757">
        <ele>297</ele>
        <time>2026-06-23T11:59:13+00:00</time>
      </trkpt>
      <trkpt lat="48.22054" lon="-4.22788">
        <ele>301</ele>
        <time>2026-06-23T11:59:16+00:00</time>
      </trkpt>
      <trkpt lat="48.22062" lon="-4.2283">
        <ele>303</ele>
        <time>2026-06-23T11:59:19+00:00</time>
      </trkpt>
      <trkpt lat="48.22062" lon="-4.22844">
        <ele>303</ele>
        <time>2026-06-23T11:59:22+00:00</time>
      </trkpt>
      <trkpt lat="48.2206" lon="-4.22858">
        <ele>307</ele>
        <time>2026-06-23T11:59:25+00:00</time>
      </trkpt>
      <trkpt lat="48.2205" lon="-4.22893">
        <ele>309</ele>
        <time>2026-06-23T11:59:28+00:00</time>
      </trkpt>
      <trkpt lat="48.22037" lon="-4.2294">
        <ele>312</ele>
        <time>2026-06-23T11:59:31+00:00</time>
      </trkpt>
      <trkpt lat="48.22033" lon="-4.22987">
        <ele>312</ele>
        <time>2026-06-23T11:59:34+00:00</time>
      </trkpt>
      <trkpt lat="48.22035" lon="-4.2305">
        <ele>315</ele>
        <time>2026-06-23T11:59:37+00:00</time>
      </trkpt>
      <trkpt lat="48.22029" lon="-4.2309">
        <ele>316</ele>
        <time>2026-06-23T11:59:40+00:00</time>
      </trkpt>
      <trkpt lat="48.22019" lon="-4.23149">
        <ele>318</ele>
        <time>2026-06-23T11:59:43+00:00</time>
      </trkpt>
      <trkpt lat="48.22007" lon="-4.23205">
        <ele>320</ele>
        <time>2026-06-23T11:59:46+00:00</time>
      </trkpt>
      <trkpt lat="48.21992" lon="-4.23247">
        <ele>323</ele>
        <time>2026-06-23T11:59:49+00:00</time>
      </trkpt>
      <trkpt lat="48.2199" lon="-4.23259">
        <ele>323</ele>
        <time>2026-06-23T11:59:52+00:00</time>
      </trkpt>
      <trkpt lat="48.2199" lon="-4.23275">
        <ele>324</ele>
        <time>2026-06-23T11:59:55+00:00</time>
      </trkpt>
      <trkpt lat="48.21998" lon="-4.23337">
        <ele>328</ele>
        <time>2026-06-23T11:59:58+00:00</time>
      </trkpt>
      <trkpt lat="48.22002" lon="-4.23376">
        <ele>328</ele>
        <time>2026-06-23T12:00:01+00:00</time>
      </trkpt>
      <trkpt lat="48.22001" lon="-4.23397">
        <ele>328</ele>
        <time>2026-06-23T12:00:04+00:00</time>
      </trkpt>
      <trkpt lat="48.21997" lon="-4.23422">
        <ele>328</ele>
        <time>2026-06-23T12:00:07+00:00</time>
      </trkpt>
      <trkpt lat="48.21989" lon="-4.2346">
        <ele>327</ele>
        <time>2026-06-23T12:00:10+00:00</time>
      </trkpt>
      <trkpt lat="48.21979" lon="-4.23512">
        <ele>327</ele>
        <time>2026-06-23T12:00:13+00:00</time>
      </trkpt>
      <trkpt lat="48.21965" lon="-4.23531">
        <ele>326</ele>
        <time>2026-06-23T12:00:16+00:00</time>
      </trkpt>
      <trkpt lat="48.21977" lon="-4.23569">
        <ele>324</ele>
        <time>2026-06-23T12:00:19+00:00</time>
      </trkpt>
      <trkpt lat="48.21972" lon="-4.23598">
        <ele>321</ele>
        <time>2026-06-23T12:00:22+00:00</time>
      </trkpt>
      <trkpt lat="48.21969" lon="-4.23659">
        <ele>315</ele>
        <time>2026-06-23T12:00:25+00:00</time>
      </trkpt>
      <trkpt lat="48.21969" lon="-4.23709">
        <ele>313</ele>
        <time>2026-06-23T12:00:28+00:00</time>
      </trkpt>
      <trkpt lat="48.21968" lon="-4.23759">
        <ele>310</ele>
        <time>2026-06-23T12:00:31+00:00</time>
      </trkpt>
      <trkpt lat="48.21968" lon="-4.23798">
        <ele>305</ele>
        <time>2026-06-23T12:00:34+00:00</time>
      </trkpt>
      <trkpt lat="48.21968" lon="-4.2385">
        <ele>300</ele>
        <time>2026-06-23T12:00:37+00:00</time>
      </trkpt>
      <trkpt lat="48.21971" lon="-4.23887">
        <ele>291</ele>
        <time>2026-06-23T12:00:40+00:00</time>
      </trkpt>
      <trkpt lat="48.21976" lon="-4.23934">
        <ele>279</ele>
        <time>2026-06-23T12:00:43+00:00</time>
      </trkpt>
      <trkpt lat="48.21976" lon="-4.23974">
        <ele>271</ele>
        <time>2026-06-23T12:00:46+00:00</time>
      </trkpt>
      <trkpt lat="48.21975" lon="-4.24031">
        <ele>259</ele>
        <time>2026-06-23T12:00:49+00:00</time>
      </trkpt>
      <trkpt lat="48.21978" lon="-4.24096">
        <ele>254</ele>
        <time>2026-06-23T12:00:52+00:00</time>
      </trkpt>
      <trkpt lat="48.2198" lon="-4.24119">
        <ele>253</ele>
        <time>2026-06-23T12:00:55+00:00</time>
      </trkpt>
      <trkpt lat="48.21996" lon="-4.24112">
        <ele>252</ele>
        <time>2026-06-23T12:00:58+00:00</time>
      </trkpt>
      <trkpt lat="48.22013" lon="-4.24104">
        <ele>251</ele>
        <time>2026-06-23T12:01:01+00:00</time>
      </trkpt>
      <trkpt lat="48.22037" lon="-4.24087">
        <ele>251</ele>
        <time>2026-06-23T12:01:04+00:00</time>
      </trkpt>
      <trkpt lat="48.2206" lon="-4.24066">
        <ele>251</ele>
        <time>2026-06-23T12:01:07+00:00</time>
      </trkpt>
      <trkpt lat="48.22096" lon="-4.24035">
        <ele>244</ele>
        <time>2026-06-23T12:01:10+00:00</time>
      </trkpt>
      <trkpt lat="48.22118" lon="-4.24027">
        <ele>243</ele>
        <time>2026-06-23T12:01:13+00:00</time>
      </trkpt>
      <trkpt lat="48.2214" lon="-4.24019">
        <ele>241</ele>
        <time>2026-06-23T12:01:16+00:00</time>
      </trkpt>
      <trkpt lat="48.22171" lon="-4.24017">
        <ele>238</ele>
        <time>2026-06-23T12:01:19+00:00</time>
      </trkpt>
      <trkpt lat="48.22187" lon="-4.24017">
        <ele>236</ele>
        <time>2026-06-23T12:01:22+00:00</time>
      </trkpt>
      <trkpt lat="48.22209" lon="-4.24026">
        <ele>234</ele>
        <time>2026-06-23T12:01:25+00:00</time>
      </trkpt>
      <trkpt lat="48.22221" lon="-4.24034">
        <ele>233</ele>
        <time>2026-06-23T12:01:28+00:00</time>
      </trkpt>
      <trkpt lat="48.22248" lon="-4.24043">
        <ele>232</ele>
        <time>2026-06-23T12:01:31+00:00</time>
      </trkpt>
      <trkpt lat="48.22278" lon="-4.24046">
        <ele>230</ele>
        <time>2026-06-23T12:01:34+00:00</time>
      </trkpt>
      <trkpt lat="48.22309" lon="-4.24049">
        <ele>228</ele>
        <time>2026-06-23T12:01:37+00:00</time>
      </trkpt>
      <trkpt lat="48.22343" lon="-4.24052">
        <ele>226</ele>
        <time>2026-06-23T12:01:40+00:00</time>
      </trkpt>
      <trkpt lat="48.22366" lon="-4.24055">
        <ele>224</ele>
        <time>2026-06-23T12:01:43+00:00</time>
      </trkpt>
      <trkpt lat="48.22392" lon="-4.24059">
        <ele>221</ele>
        <time>2026-06-23T12:01:46+00:00</time>
      </trkpt>
      <trkpt lat="48.2241" lon="-4.24064">
        <ele>220</ele>
        <time>2026-06-23T12:01:49+00:00</time>
      </trkpt>
      <trkpt lat="48.22427" lon="-4.24075">
        <ele>219</ele>
        <time>2026-06-23T12:01:52+00:00</time>
      </trkpt>
      <trkpt lat="48.22448" lon="-4.24096">
        <ele>218</ele>
        <time>2026-06-23T12:01:55+00:00</time>
      </trkpt>
      <trkpt lat="48.22462" lon="-4.24101">
        <ele>217</ele>
        <time>2026-06-23T12:01:58+00:00</time>
      </trkpt>
      <trkpt lat="48.22477" lon="-4.24093">
        <ele>216</ele>
        <time>2026-06-23T12:02:01+00:00</time>
      </trkpt>
      <trkpt lat="48.22479" lon="-4.24055">
        <ele>215</ele>
        <time>2026-06-23T12:02:04+00:00</time>
      </trkpt>
      <trkpt lat="48.22482" lon="-4.24005">
        <ele>213</ele>
        <time>2026-06-23T12:02:07+00:00</time>
      </trkpt>
      <trkpt lat="48.22491" lon="-4.23975">
        <ele>210</ele>
        <time>2026-06-23T12:02:10+00:00</time>
      </trkpt>
      <trkpt lat="48.22514" lon="-4.23949">
        <ele>207</ele>
        <time>2026-06-23T12:02:13+00:00</time>
      </trkpt>
      <trkpt lat="48.22524" lon="-4.23902">
        <ele>204</ele>
        <time>2026-06-23T12:02:16+00:00</time>
      </trkpt>
      <trkpt lat="48.22529" lon="-4.2385">
        <ele>204</ele>
        <time>2026-06-23T12:02:19+00:00</time>
      </trkpt>
      <trkpt lat="48.22537" lon="-4.23792">
        <ele>203</ele>
        <time>2026-06-23T12:02:22+00:00</time>
      </trkpt>
      <trkpt lat="48.22548" lon="-4.23755">
        <ele>199</ele>
        <time>2026-06-23T12:02:25+00:00</time>
      </trkpt>
      <trkpt lat="48.22563" lon="-4.23702">
        <ele>197</ele>
        <time>2026-06-23T12:02:28+00:00</time>
      </trkpt>
      <trkpt lat="48.22575" lon="-4.23666">
        <ele>195</ele>
        <time>2026-06-23T12:02:31+00:00</time>
      </trkpt>
      <trkpt lat="48.22593" lon="-4.23611">
        <ele>193</ele>
        <time>2026-06-23T12:02:34+00:00</time>
      </trkpt>
      <trkpt lat="48.22607" lon="-4.23565">
        <ele>193</ele>
        <time>2026-06-23T12:02:37+00:00</time>
      </trkpt>
      <trkpt lat="48.22623" lon="-4.23517">
        <ele>191</ele>
        <time>2026-06-23T12:02:40+00:00</time>
      </trkpt>
      <trkpt lat="48.22627" lon="-4.23496">
        <ele>191</ele>
        <time>2026-06-23T12:02:43+00:00</time>
      </trkpt>
      <trkpt lat="48.22628" lon="-4.23479">
        <ele>191</ele>
        <time>2026-06-23T12:02:46+00:00</time>
      </trkpt>
      <trkpt lat="48.22626" lon="-4.23437">
        <ele>191</ele>
        <time>2026-06-23T12:02:49+00:00</time>
      </trkpt>
      <trkpt lat="48.22628" lon="-4.23395">
        <ele>190</ele>
        <time>2026-06-23T12:02:52+00:00</time>
      </trkpt>
      <trkpt lat="48.22635" lon="-4.23362">
        <ele>190</ele>
        <time>2026-06-23T12:02:55+00:00</time>
      </trkpt>
      <trkpt lat="48.22642" lon="-4.23327">
        <ele>189</ele>
        <time>2026-06-23T12:02:58+00:00</time>
      </trkpt>
      <trkpt lat="48.22646" lon="-4.23271">
        <ele>189</ele>
        <time>2026-06-23T12:03:01+00:00</time>
      </trkpt>
      <trkpt lat="48.22654" lon="-4.23235">
        <ele>189</ele>
        <time>2026-06-23T12:03:04+00:00</time>
      </trkpt>
      <trkpt lat="48.22663" lon="-4.23191">
        <ele>189</ele>
        <time>2026-06-23T12:03:07+00:00</time>
      </trkpt>
      <trkpt lat="48.22666" lon="-4.23163">
        <ele>189</ele>
        <time>2026-06-23T12:03:10+00:00</time>
      </trkpt>
      <trkpt lat="48.22665" lon="-4.23126">
        <ele>189</ele>
        <time>2026-06-23T12:03:13+00:00</time>
      </trkpt>
      <trkpt lat="48.22663" lon="-4.23081">
        <ele>190</ele>
        <time>2026-06-23T12:03:16+00:00</time>
      </trkpt>
      <trkpt lat="48.22658" lon="-4.23029">
        <ele>191</ele>
        <time>2026-06-23T12:03:19+00:00</time>
      </trkpt>
      <trkpt lat="48.22648" lon="-4.22992">
        <ele>191</ele>
        <time>2026-06-23T12:03:22+00:00</time>
      </trkpt>
      <trkpt lat="48.22634" lon="-4.2294">
        <ele>191</ele>
        <time>2026-06-23T12:03:25+00:00</time>
      </trkpt>
      <trkpt lat="48.22626" lon="-4.22907">
        <ele>191</ele>
        <time>2026-06-23T12:03:28+00:00</time>
      </trkpt>
      <trkpt lat="48.22617" lon="-4.22872">
        <ele>190</ele>
        <time>2026-06-23T12:03:31+00:00</time>
      </trkpt>
      <trkpt lat="48.22603" lon="-4.22839">
        <ele>190</ele>
        <time>2026-06-23T12:03:34+00:00</time>
      </trkpt>
      <trkpt lat="48.22583" lon="-4.22793">
        <ele>190</ele>
        <time>2026-06-23T12:03:37+00:00</time>
      </trkpt>
      <trkpt lat="48.22561" lon="-4.2274">
        <ele>190</ele>
        <time>2026-06-23T12:03:40+00:00</time>
      </trkpt>
      <trkpt lat="48.2256" lon="-4.22708">
        <ele>189</ele>
        <time>2026-06-23T12:03:43+00:00</time>
      </trkpt>
      <trkpt lat="48.22562" lon="-4.22694">
        <ele>189</ele>
        <time>2026-06-23T12:03:46+00:00</time>
      </trkpt>
      <trkpt lat="48.22567" lon="-4.22671">
        <ele>189</ele>
        <time>2026-06-23T12:03:49+00:00</time>
      </trkpt>
      <trkpt lat="48.22574" lon="-4.22663">
        <ele>188</ele>
        <time>2026-06-23T12:03:52+00:00</time>
      </trkpt>
      <trkpt lat="48.22588" lon="-4.22658">
        <ele>188</ele>
        <time>2026-06-23T12:03:55+00:00</time>
      </trkpt>
      <trkpt lat="48.22596" lon="-4.22651">
        <ele>187</ele>
        <time>2026-06-23T12:03:58+00:00</time>
      </trkpt>
      <trkpt lat="48.22602" lon="-4.2264">
        <ele>187</ele>
        <time>2026-06-23T12:04:01+00:00</time>
      </trkpt>
      <trkpt lat="48.22608" lon="-4.22616">
        <ele>188</ele>
        <time>2026-06-23T12:04:04+00:00</time>
      </trkpt>
      <trkpt lat="48.22621" lon="-4.22583">
        <ele>187</ele>
        <time>2026-06-23T12:04:07+00:00</time>
      </trkpt>
      <trkpt lat="48.2264" lon="-4.22555">
        <ele>183</ele>
        <time>2026-06-23T12:04:10+00:00</time>
      </trkpt>
      <trkpt lat="48.22668" lon="-4.22515">
        <ele>182</ele>
        <time>2026-06-23T12:04:13+00:00</time>
      </trkpt>
      <trkpt lat="48.22675" lon="-4.22496">
        <ele>183</ele>
        <time>2026-06-23T12:04:16+00:00</time>
      </trkpt>
      <trkpt lat="48.22684" lon="-4.22455">
        <ele>181</ele>
        <time>2026-06-23T12:04:19+00:00</time>
      </trkpt>
      <trkpt lat="48.22693" lon="-4.22414">
        <ele>181</ele>
        <time>2026-06-23T12:04:22+00:00</time>
      </trkpt>
      <trkpt lat="48.22708" lon="-4.22346">
        <ele>181</ele>
        <time>2026-06-23T12:04:25+00:00</time>
      </trkpt>
      <trkpt lat="48.22713" lon="-4.22311">
        <ele>180</ele>
        <time>2026-06-23T12:04:28+00:00</time>
      </trkpt>
      <trkpt lat="48.2272" lon="-4.22269">
        <ele>180</ele>
        <time>2026-06-23T12:04:31+00:00</time>
      </trkpt>
      <trkpt lat="48.22728" lon="-4.2223">
        <ele>180</ele>
        <time>2026-06-23T12:04:34+00:00</time>
      </trkpt>
      <trkpt lat="48.2274" lon="-4.2217">
        <ele>178</ele>
        <time>2026-06-23T12:04:37+00:00</time>
      </trkpt>
      <trkpt lat="48.22751" lon="-4.22132">
        <ele>176</ele>
        <time>2026-06-23T12:04:40+00:00</time>
      </trkpt>
      <trkpt lat="48.2277" lon="-4.22069">
        <ele>172</ele>
        <time>2026-06-23T12:04:43+00:00</time>
      </trkpt>
      <trkpt lat="48.22773" lon="-4.22046">
        <ele>172</ele>
        <time>2026-06-23T12:04:46+00:00</time>
      </trkpt>
      <trkpt lat="48.22772" lon="-4.22017">
        <ele>171</ele>
        <time>2026-06-23T12:04:49+00:00</time>
      </trkpt>
      <trkpt lat="48.22772" lon="-4.21976">
        <ele>170</ele>
        <time>2026-06-23T12:04:52+00:00</time>
      </trkpt>
      <trkpt lat="48.22773" lon="-4.21942">
        <ele>170</ele>
        <time>2026-06-23T12:04:55+00:00</time>
      </trkpt>
      <trkpt lat="48.22775" lon="-4.21905">
        <ele>170</ele>
        <time>2026-06-23T12:04:58+00:00</time>
      </trkpt>
      <trkpt lat="48.22773" lon="-4.21868">
        <ele>169</ele>
        <time>2026-06-23T12:05:01+00:00</time>
      </trkpt>
      <trkpt lat="48.2277" lon="-4.21823">
        <ele>168</ele>
        <time>2026-06-23T12:05:04+00:00</time>
      </trkpt>
      <trkpt lat="48.22764" lon="-4.21787">
        <ele>168</ele>
        <time>2026-06-23T12:05:07+00:00</time>
      </trkpt>
      <trkpt lat="48.22756" lon="-4.21741">
        <ele>169</ele>
        <time>2026-06-23T12:05:10+00:00</time>
      </trkpt>
      <trkpt lat="48.22745" lon="-4.21697">
        <ele>169</ele>
        <time>2026-06-23T12:05:13+00:00</time>
      </trkpt>
      <trkpt lat="48.22735" lon="-4.21652">
        <ele>169</ele>
        <time>2026-06-23T12:05:16+00:00</time>
      </trkpt>
      <trkpt lat="48.2272" lon="-4.21591">
        <ele>169</ele>
        <time>2026-06-23T12:05:19+00:00</time>
      </trkpt>
      <trkpt lat="48.22708" lon="-4.21545">
        <ele>169</ele>
        <time>2026-06-23T12:05:22+00:00</time>
      </trkpt>
      <trkpt lat="48.22695" lon="-4.215">
        <ele>167</ele>
        <time>2026-06-23T12:05:25+00:00</time>
      </trkpt>
      <trkpt lat="48.22686" lon="-4.21465">
        <ele>166</ele>
        <time>2026-06-23T12:05:28+00:00</time>
      </trkpt>
      <trkpt lat="48.22674" lon="-4.2142">
        <ele>165</ele>
        <time>2026-06-23T12:05:31+00:00</time>
      </trkpt>
      <trkpt lat="48.22667" lon="-4.21384">
        <ele>163</ele>
        <time>2026-06-23T12:05:34+00:00</time>
      </trkpt>
      <trkpt lat="48.22658" lon="-4.21338">
        <ele>160</ele>
        <time>2026-06-23T12:05:37+00:00</time>
      </trkpt>
      <trkpt lat="48.2265" lon="-4.21282">
        <ele>157</ele>
        <time>2026-06-23T12:05:40+00:00</time>
      </trkpt>
      <trkpt lat="48.22653" lon="-4.21225">
        <ele>153</ele>
        <time>2026-06-23T12:05:43+00:00</time>
      </trkpt>
      <trkpt lat="48.22645" lon="-4.21188">
        <ele>150</ele>
        <time>2026-06-23T12:05:46+00:00</time>
      </trkpt>
      <trkpt lat="48.22634" lon="-4.21137">
        <ele>146</ele>
        <time>2026-06-23T12:05:49+00:00</time>
      </trkpt>
      <trkpt lat="48.22619" lon="-4.21105">
        <ele>145</ele>
        <time>2026-06-23T12:05:52+00:00</time>
      </trkpt>
      <trkpt lat="48.226" lon="-4.21063">
        <ele>143</ele>
        <time>2026-06-23T12:05:55+00:00</time>
      </trkpt>
      <trkpt lat="48.22592" lon="-4.2104">
        <ele>140</ele>
        <time>2026-06-23T12:05:58+00:00</time>
      </trkpt>
      <trkpt lat="48.22581" lon="-4.21025">
        <ele>140</ele>
        <time>2026-06-23T12:06:01+00:00</time>
      </trkpt>
      <trkpt lat="48.2257" lon="-4.21009">
        <ele>140</ele>
        <time>2026-06-23T12:06:04+00:00</time>
      </trkpt>
      <trkpt lat="48.22557" lon="-4.2098">
        <ele>139</ele>
        <time>2026-06-23T12:06:07+00:00</time>
      </trkpt>
      <trkpt lat="48.22542" lon="-4.20948">
        <ele>137</ele>
        <time>2026-06-23T12:06:10+00:00</time>
      </trkpt>
      <trkpt lat="48.22531" lon="-4.20889">
        <ele>132</ele>
        <time>2026-06-23T12:06:13+00:00</time>
      </trkpt>
      <trkpt lat="48.22524" lon="-4.20837">
        <ele>128</ele>
        <time>2026-06-23T12:06:16+00:00</time>
      </trkpt>
      <trkpt lat="48.22518" lon="-4.20786">
        <ele>126</ele>
        <time>2026-06-23T12:06:19+00:00</time>
      </trkpt>
      <trkpt lat="48.22512" lon="-4.20742">
        <ele>122</ele>
        <time>2026-06-23T12:06:22+00:00</time>
      </trkpt>
      <trkpt lat="48.22501" lon="-4.20655">
        <ele>116</ele>
        <time>2026-06-23T12:06:25+00:00</time>
      </trkpt>
      <trkpt lat="48.22489" lon="-4.20612">
        <ele>114</ele>
        <time>2026-06-23T12:06:28+00:00</time>
      </trkpt>
      <trkpt lat="48.22479" lon="-4.20574">
        <ele>109</ele>
        <time>2026-06-23T12:06:31+00:00</time>
      </trkpt>
      <trkpt lat="48.22464" lon="-4.20516">
        <ele>105</ele>
        <time>2026-06-23T12:06:34+00:00</time>
      </trkpt>
      <trkpt lat="48.22442" lon="-4.20483">
        <ele>100</ele>
        <time>2026-06-23T12:06:37+00:00</time>
      </trkpt>
      <trkpt lat="48.22439" lon="-4.20472">
        <ele>97</ele>
        <time>2026-06-23T12:06:40+00:00</time>
      </trkpt>
      <trkpt lat="48.22444" lon="-4.20432">
        <ele>91</ele>
        <time>2026-06-23T12:06:43+00:00</time>
      </trkpt>
      <trkpt lat="48.2245" lon="-4.20391">
        <ele>87</ele>
        <time>2026-06-23T12:06:46+00:00</time>
      </trkpt>
      <trkpt lat="48.22455" lon="-4.2035">
        <ele>83</ele>
        <time>2026-06-23T12:06:49+00:00</time>
      </trkpt>
      <trkpt lat="48.22459" lon="-4.20284">
        <ele>78</ele>
        <time>2026-06-23T12:06:52+00:00</time>
      </trkpt>
      <trkpt lat="48.22458" lon="-4.20258">
        <ele>75</ele>
        <time>2026-06-23T12:06:55+00:00</time>
      </trkpt>
      <trkpt lat="48.22455" lon="-4.20237">
        <ele>73</ele>
        <time>2026-06-23T12:06:58+00:00</time>
      </trkpt>
      <trkpt lat="48.22452" lon="-4.20214">
        <ele>72</ele>
        <time>2026-06-23T12:07:01+00:00</time>
      </trkpt>
      <trkpt lat="48.22452" lon="-4.20195">
        <ele>71</ele>
        <time>2026-06-23T12:07:04+00:00</time>
      </trkpt>
      <trkpt lat="48.22454" lon="-4.20181">
        <ele>70</ele>
        <time>2026-06-23T12:07:07+00:00</time>
      </trkpt>
      <trkpt lat="48.22472" lon="-4.20134">
        <ele>66</ele>
        <time>2026-06-23T12:07:10+00:00</time>
      </trkpt>
      <trkpt lat="48.22492" lon="-4.20075">
        <ele>61</ele>
        <time>2026-06-23T12:07:13+00:00</time>
      </trkpt>
      <trkpt lat="48.22508" lon="-4.20045">
        <ele>58</ele>
        <time>2026-06-23T12:07:16+00:00</time>
      </trkpt>
      <trkpt lat="48.2251" lon="-4.20035">
        <ele>58</ele>
        <time>2026-06-23T12:07:19+00:00</time>
      </trkpt>
      <trkpt lat="48.22506" lon="-4.20017">
        <ele>55</ele>
        <time>2026-06-23T12:07:22+00:00</time>
      </trkpt>
      <trkpt lat="48.22484" lon="-4.19984">
        <ele>54</ele>
        <time>2026-06-23T12:07:25+00:00</time>
      </trkpt>
      <trkpt lat="48.22471" lon="-4.19956">
        <ele>50</ele>
        <time>2026-06-23T12:07:28+00:00</time>
      </trkpt>
      <trkpt lat="48.22468" lon="-4.19943">
        <ele>46</ele>
        <time>2026-06-23T12:07:31+00:00</time>
      </trkpt>
      <trkpt lat="48.22471" lon="-4.19937">
        <ele>48</ele>
        <time>2026-06-23T12:07:34+00:00</time>
      </trkpt>
      <trkpt lat="48.22488" lon="-4.19921">
        <ele>46</ele>
        <time>2026-06-23T12:07:37+00:00</time>
      </trkpt>
      <trkpt lat="48.22512" lon="-4.19899">
        <ele>42</ele>
        <time>2026-06-23T12:07:40+00:00</time>
      </trkpt>
      <trkpt lat="48.22514" lon="-4.19841">
        <ele>37</ele>
        <time>2026-06-23T12:07:43+00:00</time>
      </trkpt>
      <trkpt lat="48.22511" lon="-4.19815">
        <ele>34</ele>
        <time>2026-06-23T12:07:46+00:00</time>
      </trkpt>
      <trkpt lat="48.22505" lon="-4.19787">
        <ele>34</ele>
        <time>2026-06-23T12:07:49+00:00</time>
      </trkpt>
      <trkpt lat="48.22497" lon="-4.19745">
        <ele>33</ele>
        <time>2026-06-23T12:07:52+00:00</time>
      </trkpt>
      <trkpt lat="48.22504" lon="-4.19704">
        <ele>33</ele>
        <time>2026-06-23T12:07:55+00:00</time>
      </trkpt>
      <trkpt lat="48.2251" lon="-4.19671">
        <ele>29</ele>
        <time>2026-06-23T12:07:58+00:00</time>
      </trkpt>
      <trkpt lat="48.22517" lon="-4.19637">
        <ele>28</ele>
        <time>2026-06-23T12:08:01+00:00</time>
      </trkpt>
      <trkpt lat="48.2253" lon="-4.19634">
        <ele>27</ele>
        <time>2026-06-23T12:08:04+00:00</time>
      </trkpt>
      <trkpt lat="48.22548" lon="-4.19628">
        <ele>26</ele>
        <time>2026-06-23T12:08:07+00:00</time>
      </trkpt>
      <trkpt lat="48.22569" lon="-4.19621">
        <ele>25</ele>
        <time>2026-06-23T12:08:10+00:00</time>
      </trkpt>
      <trkpt lat="48.22576" lon="-4.1962">
        <ele>25</ele>
        <time>2026-06-23T12:08:13+00:00</time>
      </trkpt>
      <trkpt lat="48.2261" lon="-4.19627">
        <ele>25</ele>
        <time>2026-06-23T12:08:16+00:00</time>
      </trkpt>
      <trkpt lat="48.22611" lon="-4.19628">
        <ele>26</ele>
        <time>2026-06-23T12:08:19+00:00</time>
      </trkpt>
      <trkpt lat="48.22625" lon="-4.19634">
        <ele>26</ele>
        <time>2026-06-23T12:08:22+00:00</time>
      </trkpt>
      <trkpt lat="48.22643" lon="-4.19648">
        <ele>25</ele>
        <time>2026-06-23T12:08:25+00:00</time>
      </trkpt>
      <trkpt lat="48.22672" lon="-4.1969">
        <ele>25</ele>
        <time>2026-06-23T12:08:28+00:00</time>
      </trkpt>
      <trkpt lat="48.22703" lon="-4.19737">
        <ele>25</ele>
        <time>2026-06-23T12:08:31+00:00</time>
      </trkpt>
      <trkpt lat="48.22729" lon="-4.19782">
        <ele>24</ele>
        <time>2026-06-23T12:08:34+00:00</time>
      </trkpt>
      <trkpt lat="48.22748" lon="-4.19814">
        <ele>23</ele>
        <time>2026-06-23T12:08:37+00:00</time>
      </trkpt>
      <trkpt lat="48.22783" lon="-4.19871">
        <ele>23</ele>
        <time>2026-06-23T12:08:40+00:00</time>
      </trkpt>
      <trkpt lat="48.22808" lon="-4.19913">
        <ele>22</ele>
        <time>2026-06-23T12:08:43+00:00</time>
      </trkpt>
      <trkpt lat="48.22833" lon="-4.19955">
        <ele>21</ele>
        <time>2026-06-23T12:08:46+00:00</time>
      </trkpt>
      <trkpt lat="48.22858" lon="-4.19998">
        <ele>20</ele>
        <time>2026-06-23T12:08:49+00:00</time>
      </trkpt>
      <trkpt lat="48.22883" lon="-4.2004">
        <ele>19</ele>
        <time>2026-06-23T12:08:52+00:00</time>
      </trkpt>
      <trkpt lat="48.22908" lon="-4.20082">
        <ele>18</ele>
        <time>2026-06-23T12:08:55+00:00</time>
      </trkpt>
      <trkpt lat="48.22939" lon="-4.20133">
        <ele>18</ele>
        <time>2026-06-23T12:08:58+00:00</time>
      </trkpt>
      <trkpt lat="48.22967" lon="-4.20169">
        <ele>17</ele>
        <time>2026-06-23T12:09:01+00:00</time>
      </trkpt>
      <trkpt lat="48.22989" lon="-4.20195">
        <ele>16</ele>
        <time>2026-06-23T12:09:04+00:00</time>
      </trkpt>
      <trkpt lat="48.23015" lon="-4.20219">
        <ele>16</ele>
        <time>2026-06-23T12:09:07+00:00</time>
      </trkpt>
      <trkpt lat="48.23041" lon="-4.20242">
        <ele>15</ele>
        <time>2026-06-23T12:09:10+00:00</time>
      </trkpt>
      <trkpt lat="48.23069" lon="-4.20268">
        <ele>15</ele>
        <time>2026-06-23T12:09:13+00:00</time>
      </trkpt>
      <trkpt lat="48.23084" lon="-4.20277">
        <ele>14</ele>
        <time>2026-06-23T12:09:16+00:00</time>
      </trkpt>
      <trkpt lat="48.23107" lon="-4.20288">
        <ele>15</ele>
        <time>2026-06-23T12:09:19+00:00</time>
      </trkpt>
      <trkpt lat="48.23149" lon="-4.20308">
        <ele>15</ele>
        <time>2026-06-23T12:09:22+00:00</time>
      </trkpt>
      <trkpt lat="48.23174" lon="-4.20323">
        <ele>15</ele>
        <time>2026-06-23T12:09:25+00:00</time>
      </trkpt>
      <trkpt lat="48.23212" lon="-4.20345">
        <ele>14</ele>
        <time>2026-06-23T12:09:28+00:00</time>
      </trkpt>
      <trkpt lat="48.23233" lon="-4.20362">
        <ele>14</ele>
        <time>2026-06-23T12:09:31+00:00</time>
      </trkpt>
      <trkpt lat="48.2325" lon="-4.20386">
        <ele>13</ele>
        <time>2026-06-23T12:09:34+00:00</time>
      </trkpt>
      <trkpt lat="48.23269" lon="-4.20413">
        <ele>12</ele>
        <time>2026-06-23T12:09:37+00:00</time>
      </trkpt>
      <trkpt lat="48.23293" lon="-4.2043">
        <ele>12</ele>
        <time>2026-06-23T12:09:40+00:00</time>
      </trkpt>
      <trkpt lat="48.23322" lon="-4.20444">
        <ele>12</ele>
        <time>2026-06-23T12:09:43+00:00</time>
      </trkpt>
      <trkpt lat="48.23345" lon="-4.20449">
        <ele>12</ele>
        <time>2026-06-23T12:09:46+00:00</time>
      </trkpt>
      <trkpt lat="48.2337" lon="-4.20455">
        <ele>11</ele>
        <time>2026-06-23T12:09:49+00:00</time>
      </trkpt>
      <trkpt lat="48.23406" lon="-4.20453">
        <ele>11</ele>
        <time>2026-06-23T12:09:52+00:00</time>
      </trkpt>
      <trkpt lat="48.23442" lon="-4.20452">
        <ele>10</ele>
        <time>2026-06-23T12:09:55+00:00</time>
      </trkpt>
      <trkpt lat="48.23479" lon="-4.2045">
        <ele>10</ele>
        <time>2026-06-23T12:09:58+00:00</time>
      </trkpt>
      <trkpt lat="48.23515" lon="-4.20448">
        <ele>9</ele>
        <time>2026-06-23T12:10:01+00:00</time>
      </trkpt>
      <trkpt lat="48.23558" lon="-4.20446">
        <ele>8</ele>
        <time>2026-06-23T12:10:04+00:00</time>
      </trkpt>
      <trkpt lat="48.23584" lon="-4.20448">
        <ele>8</ele>
        <time>2026-06-23T12:10:07+00:00</time>
      </trkpt>
      <trkpt lat="48.23608" lon="-4.20458">
        <ele>7</ele>
        <time>2026-06-23T12:10:10+00:00</time>
      </trkpt>
      <trkpt lat="48.23638" lon="-4.2047">
        <ele>7</ele>
        <time>2026-06-23T12:10:13+00:00</time>
      </trkpt>
      <trkpt lat="48.23661" lon="-4.2048">
        <ele>7</ele>
        <time>2026-06-23T12:10:16+00:00</time>
      </trkpt>
      <trkpt lat="48.23688" lon="-4.20492">
        <ele>7</ele>
        <time>2026-06-23T12:10:19+00:00</time>
      </trkpt>
      <trkpt lat="48.2369" lon="-4.20506">
        <ele>6</ele>
        <time>2026-06-23T12:10:22+00:00</time>
      </trkpt>
      <trkpt lat="48.23685" lon="-4.20552">
        <ele>8</ele>
        <time>2026-06-23T12:10:25+00:00</time>
      </trkpt>
      <trkpt lat="48.23686" lon="-4.20566">
        <ele>8</ele>
        <time>2026-06-23T12:10:28+00:00</time>
      </trkpt>
      <trkpt lat="48.237" lon="-4.20591">
        <ele>9</ele>
        <time>2026-06-23T12:10:31+00:00</time>
      </trkpt>
      <trkpt lat="48.2372" lon="-4.20624">
        <ele>10</ele>
        <time>2026-06-23T12:10:34+00:00</time>
      </trkpt>
      <trkpt lat="48.23745" lon="-4.20657">
        <ele>10</ele>
        <time>2026-06-23T12:10:37+00:00</time>
      </trkpt>
      <trkpt lat="48.23761" lon="-4.20671">
        <ele>10</ele>
        <time>2026-06-23T12:10:40+00:00</time>
      </trkpt>
      <trkpt lat="48.23787" lon="-4.2069">
        <ele>10</ele>
        <time>2026-06-23T12:10:43+00:00</time>
      </trkpt>
      <trkpt lat="48.23833" lon="-4.20723">
        <ele>10</ele>
        <time>2026-06-23T12:10:46+00:00</time>
      </trkpt>
      <trkpt lat="48.23856" lon="-4.20743">
        <ele>10</ele>
        <time>2026-06-23T12:10:49+00:00</time>
      </trkpt>
      <trkpt lat="48.2389" lon="-4.20771">
        <ele>9</ele>
        <time>2026-06-23T12:10:52+00:00</time>
      </trkpt>
      <trkpt lat="48.23912" lon="-4.20789">
        <ele>9</ele>
        <time>2026-06-23T12:10:55+00:00</time>
      </trkpt>
      <trkpt lat="48.23938" lon="-4.2081">
        <ele>13</ele>
        <time>2026-06-23T12:10:58+00:00</time>
      </trkpt>
      <trkpt lat="48.23957" lon="-4.20832">
        <ele>13</ele>
        <time>2026-06-23T12:11:01+00:00</time>
      </trkpt>
      <trkpt lat="48.23979" lon="-4.20857">
        <ele>14</ele>
        <time>2026-06-23T12:11:04+00:00</time>
      </trkpt>
      <trkpt lat="48.23995" lon="-4.20866">
        <ele>13</ele>
        <time>2026-06-23T12:11:07+00:00</time>
      </trkpt>
      <trkpt lat="48.24018" lon="-4.20875">
        <ele>16</ele>
        <time>2026-06-23T12:11:10+00:00</time>
      </trkpt>
      <trkpt lat="48.24032" lon="-4.20887">
        <ele>16</ele>
        <time>2026-06-23T12:11:13+00:00</time>
      </trkpt>
      <trkpt lat="48.24047" lon="-4.20903">
        <ele>18</ele>
        <time>2026-06-23T12:11:16+00:00</time>
      </trkpt>
      <trkpt lat="48.24068" lon="-4.20925">
        <ele>19</ele>
        <time>2026-06-23T12:11:19+00:00</time>
      </trkpt>
      <trkpt lat="48.24091" lon="-4.20943">
        <ele>22</ele>
        <time>2026-06-23T12:11:22+00:00</time>
      </trkpt>
      <trkpt lat="48.24124" lon="-4.20967">
        <ele>23</ele>
        <time>2026-06-23T12:11:25+00:00</time>
      </trkpt>
      <trkpt lat="48.24147" lon="-4.20995">
        <ele>25</ele>
        <time>2026-06-23T12:11:28+00:00</time>
      </trkpt>
      <trkpt lat="48.24166" lon="-4.21039">
        <ele>25</ele>
        <time>2026-06-23T12:11:31+00:00</time>
      </trkpt>
      <trkpt lat="48.24186" lon="-4.21084">
        <ele>25</ele>
        <time>2026-06-23T12:11:34+00:00</time>
      </trkpt>
      <trkpt lat="48.24205" lon="-4.21128">
        <ele>25</ele>
        <time>2026-06-23T12:11:37+00:00</time>
      </trkpt>
      <trkpt lat="48.24238" lon="-4.21204">
        <ele>25</ele>
        <time>2026-06-23T12:11:40+00:00</time>
      </trkpt>
      <trkpt lat="48.24244" lon="-4.2123">
        <ele>25</ele>
        <time>2026-06-23T12:11:43+00:00</time>
      </trkpt>
      <trkpt lat="48.24246" lon="-4.21253">
        <ele>24</ele>
        <time>2026-06-23T12:11:46+00:00</time>
      </trkpt>
      <trkpt lat="48.2424" lon="-4.21296">
        <ele>24</ele>
        <time>2026-06-23T12:11:49+00:00</time>
      </trkpt>
      <trkpt lat="48.24235" lon="-4.21339">
        <ele>21</ele>
        <time>2026-06-23T12:11:52+00:00</time>
      </trkpt>
      <trkpt lat="48.2423" lon="-4.21375">
        <ele>20</ele>
        <time>2026-06-23T12:11:55+00:00</time>
      </trkpt>
      <trkpt lat="48.24224" lon="-4.2142">
        <ele>17</ele>
        <time>2026-06-23T12:11:58+00:00</time>
      </trkpt>
      <trkpt lat="48.24215" lon="-4.21459">
        <ele>17</ele>
        <time>2026-06-23T12:12:01+00:00</time>
      </trkpt>
      <trkpt lat="48.24198" lon="-4.2149">
        <ele>14</ele>
        <time>2026-06-23T12:12:04+00:00</time>
      </trkpt>
      <trkpt lat="48.24181" lon="-4.21513">
        <ele>14</ele>
        <time>2026-06-23T12:12:07+00:00</time>
      </trkpt>
      <trkpt lat="48.24163" lon="-4.21542">
        <ele>13</ele>
        <time>2026-06-23T12:12:10+00:00</time>
      </trkpt>
      <trkpt lat="48.24161" lon="-4.21549">
        <ele>13</ele>
        <time>2026-06-23T12:12:13+00:00</time>
      </trkpt>
      <trkpt lat="48.24159" lon="-4.2158">
        <ele>13</ele>
        <time>2026-06-23T12:12:16+00:00</time>
      </trkpt>
      <trkpt lat="48.24163" lon="-4.21598">
        <ele>13</ele>
        <time>2026-06-23T12:12:19+00:00</time>
      </trkpt>
      <trkpt lat="48.24175" lon="-4.21623">
        <ele>16</ele>
        <time>2026-06-23T12:12:22+00:00</time>
      </trkpt>
      <trkpt lat="48.24193" lon="-4.21659">
        <ele>18</ele>
        <time>2026-06-23T12:12:25+00:00</time>
      </trkpt>
      <trkpt lat="48.24202" lon="-4.21699">
        <ele>18</ele>
        <time>2026-06-23T12:12:28+00:00</time>
      </trkpt>
      <trkpt lat="48.24203" lon="-4.21722">
        <ele>20</ele>
        <time>2026-06-23T12:12:31+00:00</time>
      </trkpt>
      <trkpt lat="48.24198" lon="-4.21752">
        <ele>26</ele>
        <time>2026-06-23T12:12:34+00:00</time>
      </trkpt>
      <trkpt lat="48.2419" lon="-4.21798">
        <ele>24</ele>
        <time>2026-06-23T12:12:37+00:00</time>
      </trkpt>
      <trkpt lat="48.24211" lon="-4.21807">
        <ele>26</ele>
        <time>2026-06-23T12:12:40+00:00</time>
      </trkpt>
      <trkpt lat="48.2422" lon="-4.21807">
        <ele>22</ele>
        <time>2026-06-23T12:12:43+00:00</time>
      </trkpt>
      <trkpt lat="48.24228" lon="-4.21802">
        <ele>25</ele>
        <time>2026-06-23T12:12:46+00:00</time>
      </trkpt>
      <trkpt lat="48.24241" lon="-4.21783">
        <ele>26</ele>
        <time>2026-06-23T12:12:49+00:00</time>
      </trkpt>
      <trkpt lat="48.24254" lon="-4.21755">
        <ele>26</ele>
        <time>2026-06-23T12:12:52+00:00</time>
      </trkpt>
      <trkpt lat="48.24268" lon="-4.21727">
        <ele>28</ele>
        <time>2026-06-23T12:12:55+00:00</time>
      </trkpt>
      <trkpt lat="48.24289" lon="-4.21689">
        <ele>30</ele>
        <time>2026-06-23T12:12:58+00:00</time>
      </trkpt>
      <trkpt lat="48.24305" lon="-4.21676">
        <ele>34</ele>
        <time>2026-06-23T12:13:01+00:00</time>
      </trkpt>
      <trkpt lat="48.2432" lon="-4.2168">
        <ele>38</ele>
        <time>2026-06-23T12:13:04+00:00</time>
      </trkpt>
      <trkpt lat="48.2434" lon="-4.21689">
        <ele>40</ele>
        <time>2026-06-23T12:13:07+00:00</time>
      </trkpt>
      <trkpt lat="48.2437" lon="-4.21701">
        <ele>43</ele>
        <time>2026-06-23T12:13:10+00:00</time>
      </trkpt>
      <trkpt lat="48.24391" lon="-4.21713">
        <ele>47</ele>
        <time>2026-06-23T12:13:13+00:00</time>
      </trkpt>
      <trkpt lat="48.24411" lon="-4.21727">
        <ele>50</ele>
        <time>2026-06-23T12:13:16+00:00</time>
      </trkpt>
      <trkpt lat="48.24439" lon="-4.21764">
        <ele>52</ele>
        <time>2026-06-23T12:13:19+00:00</time>
      </trkpt>
      <trkpt lat="48.24456" lon="-4.21781">
        <ele>55</ele>
        <time>2026-06-23T12:13:22+00:00</time>
      </trkpt>
      <trkpt lat="48.24479" lon="-4.218">
        <ele>57</ele>
        <time>2026-06-23T12:13:25+00:00</time>
      </trkpt>
      <trkpt lat="48.2451" lon="-4.21821">
        <ele>59</ele>
        <time>2026-06-23T12:13:28+00:00</time>
      </trkpt>
      <trkpt lat="48.2454" lon="-4.21843">
        <ele>60</ele>
        <time>2026-06-23T12:13:31+00:00</time>
      </trkpt>
      <trkpt lat="48.24565" lon="-4.2186">
        <ele>60</ele>
        <time>2026-06-23T12:13:34+00:00</time>
      </trkpt>
      <trkpt lat="48.24603" lon="-4.21886">
        <ele>60</ele>
        <time>2026-06-23T12:13:37+00:00</time>
      </trkpt>
      <trkpt lat="48.24641" lon="-4.21908">
        <ele>60</ele>
        <time>2026-06-23T12:13:40+00:00</time>
      </trkpt>
      <trkpt lat="48.24665" lon="-4.21918">
        <ele>60</ele>
        <time>2026-06-23T12:13:43+00:00</time>
      </trkpt>
      <trkpt lat="48.24696" lon="-4.21931">
        <ele>60</ele>
        <time>2026-06-23T12:13:46+00:00</time>
      </trkpt>
      <trkpt lat="48.24719" lon="-4.21939">
        <ele>60</ele>
        <time>2026-06-23T12:13:49+00:00</time>
      </trkpt>
      <trkpt lat="48.24746" lon="-4.21947">
        <ele>60</ele>
        <time>2026-06-23T12:13:52+00:00</time>
      </trkpt>
      <trkpt lat="48.24764" lon="-4.21962">
        <ele>60</ele>
        <time>2026-06-23T12:13:55+00:00</time>
      </trkpt>
      <trkpt lat="48.24783" lon="-4.21991">
        <ele>60</ele>
        <time>2026-06-23T12:13:58+00:00</time>
      </trkpt>
      <trkpt lat="48.24814" lon="-4.22037">
        <ele>60</ele>
        <time>2026-06-23T12:14:01+00:00</time>
      </trkpt>
      <trkpt lat="48.24832" lon="-4.22061">
        <ele>60</ele>
        <time>2026-06-23T12:14:04+00:00</time>
      </trkpt>
      <trkpt lat="48.24852" lon="-4.22088">
        <ele>60</ele>
        <time>2026-06-23T12:14:07+00:00</time>
      </trkpt>
      <trkpt lat="48.24857" lon="-4.22106">
        <ele>61</ele>
        <time>2026-06-23T12:14:10+00:00</time>
      </trkpt>
      <trkpt lat="48.24872" lon="-4.22084">
        <ele>57</ele>
        <time>2026-06-23T12:14:13+00:00</time>
      </trkpt>
      <trkpt lat="48.24892" lon="-4.22053">
        <ele>53</ele>
        <time>2026-06-23T12:14:16+00:00</time>
      </trkpt>
      <trkpt lat="48.24912" lon="-4.22036">
        <ele>51</ele>
        <time>2026-06-23T12:14:19+00:00</time>
      </trkpt>
      <trkpt lat="48.24934" lon="-4.22018">
        <ele>49</ele>
        <time>2026-06-23T12:14:22+00:00</time>
      </trkpt>
      <trkpt lat="48.24969" lon="-4.22004">
        <ele>45</ele>
        <time>2026-06-23T12:14:25+00:00</time>
      </trkpt>
      <trkpt lat="48.25001" lon="-4.21998">
        <ele>43</ele>
        <time>2026-06-23T12:14:28+00:00</time>
      </trkpt>
      <trkpt lat="48.25023" lon="-4.22001">
        <ele>41</ele>
        <time>2026-06-23T12:14:31+00:00</time>
      </trkpt>
      <trkpt lat="48.25054" lon="-4.22008">
        <ele>39</ele>
        <time>2026-06-23T12:14:34+00:00</time>
      </trkpt>
      <trkpt lat="48.25086" lon="-4.22015">
        <ele>37</ele>
        <time>2026-06-23T12:14:37+00:00</time>
      </trkpt>
      <trkpt lat="48.25129" lon="-4.22025">
        <ele>34</ele>
        <time>2026-06-23T12:14:40+00:00</time>
      </trkpt>
      <trkpt lat="48.2514" lon="-4.22032">
        <ele>33</ele>
        <time>2026-06-23T12:14:43+00:00</time>
      </trkpt>
      <trkpt lat="48.25156" lon="-4.22046">
        <ele>33</ele>
        <time>2026-06-23T12:14:46+00:00</time>
      </trkpt>
      <trkpt lat="48.25164" lon="-4.22057">
        <ele>33</ele>
        <time>2026-06-23T12:14:49+00:00</time>
      </trkpt>
      <trkpt lat="48.25172" lon="-4.22084">
        <ele>32</ele>
        <time>2026-06-23T12:14:52+00:00</time>
      </trkpt>
      <trkpt lat="48.25178" lon="-4.22114">
        <ele>32</ele>
        <time>2026-06-23T12:14:55+00:00</time>
      </trkpt>
      <trkpt lat="48.25176" lon="-4.22143">
        <ele>31</ele>
        <time>2026-06-23T12:14:58+00:00</time>
      </trkpt>
      <trkpt lat="48.25165" lon="-4.22178">
        <ele>30</ele>
        <time>2026-06-23T12:15:01+00:00</time>
      </trkpt>
      <trkpt lat="48.2515" lon="-4.22227">
        <ele>27</ele>
        <time>2026-06-23T12:15:04+00:00</time>
      </trkpt>
      <trkpt lat="48.25136" lon="-4.22274">
        <ele>27</ele>
        <time>2026-06-23T12:15:07+00:00</time>
      </trkpt>
      <trkpt lat="48.2513" lon="-4.22306">
        <ele>28</ele>
        <time>2026-06-23T12:15:10+00:00</time>
      </trkpt>
      <trkpt lat="48.2513" lon="-4.22355">
        <ele>28</ele>
        <time>2026-06-23T12:15:13+00:00</time>
      </trkpt>
      <trkpt lat="48.25129" lon="-4.22405">
        <ele>27</ele>
        <time>2026-06-23T12:15:16+00:00</time>
      </trkpt>
      <trkpt lat="48.25129" lon="-4.22442">
        <ele>26</ele>
        <time>2026-06-23T12:15:19+00:00</time>
      </trkpt>
      <trkpt lat="48.25129" lon="-4.22489">
        <ele>23</ele>
        <time>2026-06-23T12:15:22+00:00</time>
      </trkpt>
      <trkpt lat="48.25116" lon="-4.22524">
        <ele>22</ele>
        <time>2026-06-23T12:15:25+00:00</time>
      </trkpt>
      <trkpt lat="48.25096" lon="-4.22574">
        <ele>21</ele>
        <time>2026-06-23T12:15:28+00:00</time>
      </trkpt>
      <trkpt lat="48.25084" lon="-4.2262">
        <ele>21</ele>
        <time>2026-06-23T12:15:31+00:00</time>
      </trkpt>
      <trkpt lat="48.25073" lon="-4.22667">
        <ele>21</ele>
        <time>2026-06-23T12:15:34+00:00</time>
      </trkpt>
      <trkpt lat="48.25064" lon="-4.22702">
        <ele>20</ele>
        <time>2026-06-23T12:15:37+00:00</time>
      </trkpt>
      <trkpt lat="48.25052" lon="-4.22748">
        <ele>20</ele>
        <time>2026-06-23T12:15:40+00:00</time>
      </trkpt>
      <trkpt lat="48.25046" lon="-4.22782">
        <ele>20</ele>
        <time>2026-06-23T12:15:43+00:00</time>
      </trkpt>
      <trkpt lat="48.2504" lon="-4.22819">
        <ele>20</ele>
        <time>2026-06-23T12:15:46+00:00</time>
      </trkpt>
      <trkpt lat="48.25067" lon="-4.22832">
        <ele>12</ele>
        <time>2026-06-23T12:15:49+00:00</time>
      </trkpt>
      <trkpt lat="48.25064" lon="-4.2286">
        <ele>10</ele>
        <time>2026-06-23T12:15:52+00:00</time>
      </trkpt>
      <trkpt lat="48.25071" lon="-4.22874">
        <ele>10</ele>
        <time>2026-06-23T12:15:55+00:00</time>
      </trkpt>
      <trkpt lat="48.2509" lon="-4.22886">
        <ele>8</ele>
        <time>2026-06-23T12:15:58+00:00</time>
      </trkpt>
      <trkpt lat="48.25114" lon="-4.22901">
        <ele>6</ele>
        <time>2026-06-23T12:16:01+00:00</time>
      </trkpt>
      <trkpt lat="48.251" lon="-4.22945">
        <ele>5</ele>
        <time>2026-06-23T12:16:04+00:00</time>
      </trkpt>
      <trkpt lat="48.2509" lon="-4.22983">
        <ele>5</ele>
        <time>2026-06-23T12:16:07+00:00</time>
      </trkpt>
      <trkpt lat="48.25076" lon="-4.23038">
        <ele>5</ele>
        <time>2026-06-23T12:16:10+00:00</time>
      </trkpt>
      <trkpt lat="48.25067" lon="-4.23074">
        <ele>4</ele>
        <time>2026-06-23T12:16:13+00:00</time>
      </trkpt>
      <trkpt lat="48.25055" lon="-4.23123">
        <ele>4</ele>
        <time>2026-06-23T12:16:16+00:00</time>
      </trkpt>
      <trkpt lat="48.25045" lon="-4.23159">
        <ele>4</ele>
        <time>2026-06-23T12:16:19+00:00</time>
      </trkpt>
      <trkpt lat="48.25031" lon="-4.23207">
        <ele>4</ele>
        <time>2026-06-23T12:16:22+00:00</time>
      </trkpt>
      <trkpt lat="48.25017" lon="-4.23254">
        <ele>7</ele>
        <time>2026-06-23T12:16:25+00:00</time>
      </trkpt>
      <trkpt lat="48.25012" lon="-4.23268">
        <ele>6</ele>
        <time>2026-06-23T12:16:28+00:00</time>
      </trkpt>
      <trkpt lat="48.25007" lon="-4.233">
        <ele>12</ele>
        <time>2026-06-23T12:16:31+00:00</time>
      </trkpt>
      <trkpt lat="48.24999" lon="-4.23346">
        <ele>13</ele>
        <time>2026-06-23T12:16:34+00:00</time>
      </trkpt>
      <trkpt lat="48.24997" lon="-4.23386">
        <ele>14</ele>
        <time>2026-06-23T12:16:37+00:00</time>
      </trkpt>
      <trkpt lat="48.24999" lon="-4.2343">
        <ele>16</ele>
        <time>2026-06-23T12:16:40+00:00</time>
      </trkpt>
      <trkpt lat="48.25002" lon="-4.2351">
        <ele>18</ele>
        <time>2026-06-23T12:16:43+00:00</time>
      </trkpt>
      <trkpt lat="48.25006" lon="-4.23544">
        <ele>18</ele>
        <time>2026-06-23T12:16:46+00:00</time>
      </trkpt>
      <trkpt lat="48.2501" lon="-4.23578">
        <ele>18</ele>
        <time>2026-06-23T12:16:49+00:00</time>
      </trkpt>
      <trkpt lat="48.25019" lon="-4.23622">
        <ele>19</ele>
        <time>2026-06-23T12:16:52+00:00</time>
      </trkpt>
      <trkpt lat="48.25027" lon="-4.23667">
        <ele>19</ele>
        <time>2026-06-23T12:16:55+00:00</time>
      </trkpt>
      <trkpt lat="48.25038" lon="-4.2372">
        <ele>20</ele>
        <time>2026-06-23T12:16:58+00:00</time>
      </trkpt>
      <trkpt lat="48.25057" lon="-4.23741">
        <ele>19</ele>
        <time>2026-06-23T12:17:01+00:00</time>
      </trkpt>
      <trkpt lat="48.25077" lon="-4.23763">
        <ele>19</ele>
        <time>2026-06-23T12:17:04+00:00</time>
      </trkpt>
      <trkpt lat="48.25085" lon="-4.23799">
        <ele>14</ele>
        <time>2026-06-23T12:17:07+00:00</time>
      </trkpt>
      <trkpt lat="48.25085" lon="-4.23829">
        <ele>14</ele>
        <time>2026-06-23T12:17:10+00:00</time>
      </trkpt>
      <trkpt lat="48.25081" lon="-4.23863">
        <ele>16</ele>
        <time>2026-06-23T12:17:13+00:00</time>
      </trkpt>
      <trkpt lat="48.25078" lon="-4.23897">
        <ele>18</ele>
        <time>2026-06-23T12:17:16+00:00</time>
      </trkpt>
      <trkpt lat="48.25078" lon="-4.23938">
        <ele>18</ele>
        <time>2026-06-23T12:17:19+00:00</time>
      </trkpt>
      <trkpt lat="48.25079" lon="-4.24003">
        <ele>15</ele>
        <time>2026-06-23T12:17:22+00:00</time>
      </trkpt>
      <trkpt lat="48.25076" lon="-4.24037">
        <ele>15</ele>
        <time>2026-06-23T12:17:25+00:00</time>
      </trkpt>
      <trkpt lat="48.25074" lon="-4.24073">
        <ele>15</ele>
        <time>2026-06-23T12:17:28+00:00</time>
      </trkpt>
      <trkpt lat="48.25066" lon="-4.24127">
        <ele>15</ele>
        <time>2026-06-23T12:17:31+00:00</time>
      </trkpt>
      <trkpt lat="48.25058" lon="-4.2416">
        <ele>16</ele>
        <time>2026-06-23T12:17:34+00:00</time>
      </trkpt>
      <trkpt lat="48.2505" lon="-4.24197">
        <ele>16</ele>
        <time>2026-06-23T12:17:37+00:00</time>
      </trkpt>
      <trkpt lat="48.2504" lon="-4.2423">
        <ele>10</ele>
        <time>2026-06-23T12:17:40+00:00</time>
      </trkpt>
      <trkpt lat="48.25028" lon="-4.24268">
        <ele>9</ele>
        <time>2026-06-23T12:17:43+00:00</time>
      </trkpt>
      <trkpt lat="48.2501" lon="-4.24294">
        <ele>6</ele>
        <time>2026-06-23T12:17:46+00:00</time>
      </trkpt>
      <trkpt lat="48.24984" lon="-4.24315">
        <ele>4</ele>
        <time>2026-06-23T12:17:49+00:00</time>
      </trkpt>
      <trkpt lat="48.24951" lon="-4.24322">
        <ele>2</ele>
        <time>2026-06-23T12:17:52+00:00</time>
      </trkpt>
      <trkpt lat="48.24922" lon="-4.24312">
        <ele>2</ele>
        <time>2026-06-23T12:17:55+00:00</time>
      </trkpt>
      <trkpt lat="48.24901" lon="-4.24298">
        <ele>4</ele>
        <time>2026-06-23T12:17:58+00:00</time>
      </trkpt>
      <trkpt lat="48.24879" lon="-4.24284">
        <ele>4</ele>
        <time>2026-06-23T12:18:01+00:00</time>
      </trkpt>
      <trkpt lat="48.24876" lon="-4.24295">
        <ele>4</ele>
        <time>2026-06-23T12:18:04+00:00</time>
      </trkpt>
      <trkpt lat="48.24876" lon="-4.24304">
        <ele>4</ele>
        <time>2026-06-23T12:18:07+00:00</time>
      </trkpt>
      <trkpt lat="48.24885" lon="-4.24315">
        <ele>5</ele>
        <time>2026-06-23T12:18:10+00:00</time>
      </trkpt>
      <trkpt lat="48.24895" lon="-4.24348">
        <ele>6</ele>
        <time>2026-06-23T12:18:13+00:00</time>
      </trkpt>
      <trkpt lat="48.24911" lon="-4.24385">
        <ele>11</ele>
        <time>2026-06-23T12:18:16+00:00</time>
      </trkpt>
      <trkpt lat="48.2494" lon="-4.24404">
        <ele>11</ele>
        <time>2026-06-23T12:18:19+00:00</time>
      </trkpt>
      <trkpt lat="48.24962" lon="-4.2441">
        <ele>11</ele>
        <time>2026-06-23T12:18:22+00:00</time>
      </trkpt>
      <trkpt lat="48.24986" lon="-4.24416">
        <ele>12</ele>
        <time>2026-06-23T12:18:25+00:00</time>
      </trkpt>
      <trkpt lat="48.25013" lon="-4.2443">
        <ele>13</ele>
        <time>2026-06-23T12:18:28+00:00</time>
      </trkpt>
      <trkpt lat="48.25035" lon="-4.24453">
        <ele>11</ele>
        <time>2026-06-23T12:18:31+00:00</time>
      </trkpt>
      <trkpt lat="48.25062" lon="-4.2447">
        <ele>10</ele>
        <time>2026-06-23T12:18:34+00:00</time>
      </trkpt>
      <trkpt lat="48.25069" lon="-4.24477">
        <ele>9</ele>
        <time>2026-06-23T12:18:37+00:00</time>
      </trkpt>
      <trkpt lat="48.25078" lon="-4.24491">
        <ele>10</ele>
        <time>2026-06-23T12:18:40+00:00</time>
      </trkpt>
      <trkpt lat="48.25079" lon="-4.24505">
        <ele>10</ele>
        <time>2026-06-23T12:18:43+00:00</time>
      </trkpt>
      <trkpt lat="48.25075" lon="-4.24552">
        <ele>7</ele>
        <time>2026-06-23T12:18:46+00:00</time>
      </trkpt>
      <trkpt lat="48.25084" lon="-4.24599">
        <ele>6</ele>
        <time>2026-06-23T12:18:49+00:00</time>
      </trkpt>
      <trkpt lat="48.25081" lon="-4.2462">
        <ele>4</ele>
        <time>2026-06-23T12:18:52+00:00</time>
      </trkpt>
      <trkpt lat="48.25073" lon="-4.24648">
        <ele>6</ele>
        <time>2026-06-23T12:18:55+00:00</time>
      </trkpt>
      <trkpt lat="48.25073" lon="-4.24669">
        <ele>6</ele>
        <time>2026-06-23T12:18:58+00:00</time>
      </trkpt>
      <trkpt lat="48.25076" lon="-4.24683">
        <ele>6</ele>
        <time>2026-06-23T12:19:01+00:00</time>
      </trkpt>
      <trkpt lat="48.25069" lon="-4.2472">
        <ele>6</ele>
        <time>2026-06-23T12:19:04+00:00</time>
      </trkpt>
      <trkpt lat="48.25061" lon="-4.24767">
        <ele>6</ele>
        <time>2026-06-23T12:19:07+00:00</time>
      </trkpt>
      <trkpt lat="48.25063" lon="-4.24784">
        <ele>5</ele>
        <time>2026-06-23T12:19:10+00:00</time>
      </trkpt>
      <trkpt lat="48.25058" lon="-4.24814">
        <ele>6</ele>
        <time>2026-06-23T12:19:13+00:00</time>
      </trkpt>
      <trkpt lat="48.25047" lon="-4.24846">
        <ele>6</ele>
        <time>2026-06-23T12:19:16+00:00</time>
      </trkpt>
      <trkpt lat="48.25045" lon="-4.24861">
        <ele>6</ele>
        <time>2026-06-23T12:19:19+00:00</time>
      </trkpt>
      <trkpt lat="48.25048" lon="-4.24871">
        <ele>7</ele>
        <time>2026-06-23T12:19:22+00:00</time>
      </trkpt>
      <trkpt lat="48.2506" lon="-4.24882">
        <ele>8</ele>
        <time>2026-06-23T12:19:25+00:00</time>
      </trkpt>
      <trkpt lat="48.25062" lon="-4.24894">
        <ele>13</ele>
        <time>2026-06-23T12:19:28+00:00</time>
      </trkpt>
      <trkpt lat="48.25057" lon="-4.24906">
        <ele>11</ele>
        <time>2026-06-23T12:19:31+00:00</time>
      </trkpt>
      <trkpt lat="48.25041" lon="-4.24933">
        <ele>12</ele>
        <time>2026-06-23T12:19:34+00:00</time>
      </trkpt>
      <trkpt lat="48.25026" lon="-4.24959">
        <ele>12</ele>
        <time>2026-06-23T12:19:37+00:00</time>
      </trkpt>
      <trkpt lat="48.25011" lon="-4.24986">
        <ele>17</ele>
        <time>2026-06-23T12:19:40+00:00</time>
      </trkpt>
      <trkpt lat="48.24994" lon="-4.25009">
        <ele>17</ele>
        <time>2026-06-23T12:19:43+00:00</time>
      </trkpt>
      <trkpt lat="48.24976" lon="-4.25033">
        <ele>17</ele>
        <time>2026-06-23T12:19:46+00:00</time>
      </trkpt>
      <trkpt lat="48.24958" lon="-4.25063">
        <ele>18</ele>
        <time>2026-06-23T12:19:49+00:00</time>
      </trkpt>
      <trkpt lat="48.24939" lon="-4.25091">
        <ele>19</ele>
        <time>2026-06-23T12:19:52+00:00</time>
      </trkpt>
      <trkpt lat="48.24912" lon="-4.25131">
        <ele>23</ele>
        <time>2026-06-23T12:19:55+00:00</time>
      </trkpt>
      <trkpt lat="48.24899" lon="-4.25159">
        <ele>24</ele>
        <time>2026-06-23T12:19:58+00:00</time>
      </trkpt>
      <trkpt lat="48.24875" lon="-4.25201">
        <ele>30</ele>
        <time>2026-06-23T12:20:01+00:00</time>
      </trkpt>
      <trkpt lat="48.2487" lon="-4.25223">
        <ele>28</ele>
        <time>2026-06-23T12:20:04+00:00</time>
      </trkpt>
      <trkpt lat="48.24871" lon="-4.25237">
        <ele>33</ele>
        <time>2026-06-23T12:20:07+00:00</time>
      </trkpt>
      <trkpt lat="48.24875" lon="-4.25248">
        <ele>33</ele>
        <time>2026-06-23T12:20:10+00:00</time>
      </trkpt>
      <trkpt lat="48.24892" lon="-4.25225">
        <ele>34</ele>
        <time>2026-06-23T12:20:13+00:00</time>
      </trkpt>
      <trkpt lat="48.24915" lon="-4.25204">
        <ele>33</ele>
        <time>2026-06-23T12:20:16+00:00</time>
      </trkpt>
      <trkpt lat="48.24953" lon="-4.25169">
        <ele>33</ele>
        <time>2026-06-23T12:20:19+00:00</time>
      </trkpt>
      <trkpt lat="48.24976" lon="-4.25151">
        <ele>36</ele>
        <time>2026-06-23T12:20:22+00:00</time>
      </trkpt>
      <trkpt lat="48.2501" lon="-4.25124">
        <ele>38</ele>
        <time>2026-06-23T12:20:25+00:00</time>
      </trkpt>
      <trkpt lat="48.25043" lon="-4.25108">
        <ele>41</ele>
        <time>2026-06-23T12:20:28+00:00</time>
      </trkpt>
      <trkpt lat="48.25064" lon="-4.25108">
        <ele>45</ele>
        <time>2026-06-23T12:20:31+00:00</time>
      </trkpt>
      <trkpt lat="48.25075" lon="-4.25112">
        <ele>48</ele>
        <time>2026-06-23T12:20:34+00:00</time>
      </trkpt>
      <trkpt lat="48.25084" lon="-4.2512">
        <ele>47</ele>
        <time>2026-06-23T12:20:37+00:00</time>
      </trkpt>
      <trkpt lat="48.25076" lon="-4.25136">
        <ele>50</ele>
        <time>2026-06-23T12:20:40+00:00</time>
      </trkpt>
      <trkpt lat="48.25072" lon="-4.25164">
        <ele>52</ele>
        <time>2026-06-23T12:20:43+00:00</time>
      </trkpt>
      <trkpt lat="48.25049" lon="-4.25211">
        <ele>56</ele>
        <time>2026-06-23T12:20:46+00:00</time>
      </trkpt>
      <trkpt lat="48.2505" lon="-4.25223">
        <ele>58</ele>
        <time>2026-06-23T12:20:49+00:00</time>
      </trkpt>
      <trkpt lat="48.25047" lon="-4.25241">
        <ele>60</ele>
        <time>2026-06-23T12:20:52+00:00</time>
      </trkpt>
      <trkpt lat="48.25039" lon="-4.2526">
        <ele>61</ele>
        <time>2026-06-23T12:20:55+00:00</time>
      </trkpt>
      <trkpt lat="48.25032" lon="-4.25285">
        <ele>60</ele>
        <time>2026-06-23T12:20:58+00:00</time>
      </trkpt>
      <trkpt lat="48.25025" lon="-4.25293">
        <ele>60</ele>
        <time>2026-06-23T12:21:01+00:00</time>
      </trkpt>
      <trkpt lat="48.25014" lon="-4.25323">
        <ele>60</ele>
        <time>2026-06-23T12:21:04+00:00</time>
      </trkpt>
      <trkpt lat="48.2501" lon="-4.25366">
        <ele>60</ele>
        <time>2026-06-23T12:21:07+00:00</time>
      </trkpt>
      <trkpt lat="48.25017" lon="-4.25385">
        <ele>62</ele>
        <time>2026-06-23T12:21:10+00:00</time>
      </trkpt>
      <trkpt lat="48.25011" lon="-4.25417">
        <ele>64</ele>
        <time>2026-06-23T12:21:13+00:00</time>
      </trkpt>
      <trkpt lat="48.25001" lon="-4.25468">
        <ele>65</ele>
        <time>2026-06-23T12:21:16+00:00</time>
      </trkpt>
      <trkpt lat="48.24993" lon="-4.25501">
        <ele>67</ele>
        <time>2026-06-23T12:21:19+00:00</time>
      </trkpt>
      <trkpt lat="48.24984" lon="-4.25537">
        <ele>68</ele>
        <time>2026-06-23T12:21:22+00:00</time>
      </trkpt>
      <trkpt lat="48.24981" lon="-4.25603">
        <ele>68</ele>
        <time>2026-06-23T12:21:25+00:00</time>
      </trkpt>
      <trkpt lat="48.24984" lon="-4.25644">
        <ele>68</ele>
        <time>2026-06-23T12:21:28+00:00</time>
      </trkpt>
      <trkpt lat="48.24989" lon="-4.25708">
        <ele>68</ele>
        <time>2026-06-23T12:21:31+00:00</time>
      </trkpt>
      <trkpt lat="48.24989" lon="-4.25739">
        <ele>67</ele>
        <time>2026-06-23T12:21:34+00:00</time>
      </trkpt>
      <trkpt lat="48.24986" lon="-4.25776">
        <ele>66</ele>
        <time>2026-06-23T12:21:37+00:00</time>
      </trkpt>
      <trkpt lat="48.24976" lon="-4.25819">
        <ele>64</ele>
        <time>2026-06-23T12:21:40+00:00</time>
      </trkpt>
      <trkpt lat="48.24966" lon="-4.25862">
        <ele>64</ele>
        <time>2026-06-23T12:21:43+00:00</time>
      </trkpt>
      <trkpt lat="48.24955" lon="-4.2591">
        <ele>64</ele>
        <time>2026-06-23T12:21:46+00:00</time>
      </trkpt>
      <trkpt lat="48.24961" lon="-4.2591">
        <ele>65</ele>
        <time>2026-06-23T12:21:49+00:00</time>
      </trkpt>
      <trkpt lat="48.24976" lon="-4.25923">
        <ele>64</ele>
        <time>2026-06-23T12:21:52+00:00</time>
      </trkpt>
      <trkpt lat="48.2499" lon="-4.25945">
        <ele>64</ele>
        <time>2026-06-23T12:21:55+00:00</time>
      </trkpt>
      <trkpt lat="48.24999" lon="-4.25969">
        <ele>64</ele>
        <time>2026-06-23T12:21:58+00:00</time>
      </trkpt>
      <trkpt lat="48.25004" lon="-4.25987">
        <ele>64</ele>
        <time>2026-06-23T12:22:01+00:00</time>
      </trkpt>
      <trkpt lat="48.25006" lon="-4.2602">
        <ele>65</ele>
        <time>2026-06-23T12:22:04+00:00</time>
      </trkpt>
      <trkpt lat="48.25001" lon="-4.26083">
        <ele>68</ele>
        <time>2026-06-23T12:22:07+00:00</time>
      </trkpt>
      <trkpt lat="48.25007" lon="-4.26091">
        <ele>70</ele>
        <time>2026-06-23T12:22:10+00:00</time>
      </trkpt>
      <trkpt lat="48.25033" lon="-4.261">
        <ele>70</ele>
        <time>2026-06-23T12:22:13+00:00</time>
      </trkpt>
      <trkpt lat="48.25086" lon="-4.26119">
        <ele>72</ele>
        <time>2026-06-23T12:22:16+00:00</time>
      </trkpt>
      <trkpt lat="48.25104" lon="-4.26138">
        <ele>74</ele>
        <time>2026-06-23T12:22:19+00:00</time>
      </trkpt>
      <trkpt lat="48.25123" lon="-4.26166">
        <ele>73</ele>
        <time>2026-06-23T12:22:22+00:00</time>
      </trkpt>
      <trkpt lat="48.25152" lon="-4.26207">
        <ele>73</ele>
        <time>2026-06-23T12:22:25+00:00</time>
      </trkpt>
      <trkpt lat="48.25171" lon="-4.26234">
        <ele>72</ele>
        <time>2026-06-23T12:22:28+00:00</time>
      </trkpt>
      <trkpt lat="48.25198" lon="-4.26271">
        <ele>70</ele>
        <time>2026-06-23T12:22:31+00:00</time>
      </trkpt>
      <trkpt lat="48.25218" lon="-4.26302">
        <ele>67</ele>
        <time>2026-06-23T12:22:34+00:00</time>
      </trkpt>
      <trkpt lat="48.25237" lon="-4.26338">
        <ele>60</ele>
        <time>2026-06-23T12:22:37+00:00</time>
      </trkpt>
      <trkpt lat="48.25257" lon="-4.26374">
        <ele>56</ele>
        <time>2026-06-23T12:22:40+00:00</time>
      </trkpt>
      <trkpt lat="48.25281" lon="-4.26419">
        <ele>53</ele>
        <time>2026-06-23T12:22:43+00:00</time>
      </trkpt>
      <trkpt lat="48.25289" lon="-4.26438">
        <ele>53</ele>
        <time>2026-06-23T12:22:46+00:00</time>
      </trkpt>
      <trkpt lat="48.25293" lon="-4.26454">
        <ele>50</ele>
        <time>2026-06-23T12:22:49+00:00</time>
      </trkpt>
      <trkpt lat="48.25299" lon="-4.26492">
        <ele>49</ele>
        <time>2026-06-23T12:22:52+00:00</time>
      </trkpt>
      <trkpt lat="48.25306" lon="-4.26543">
        <ele>46</ele>
        <time>2026-06-23T12:22:55+00:00</time>
      </trkpt>
      <trkpt lat="48.25312" lon="-4.26558">
        <ele>46</ele>
        <time>2026-06-23T12:22:58+00:00</time>
      </trkpt>
      <trkpt lat="48.2532" lon="-4.26567">
        <ele>46</ele>
        <time>2026-06-23T12:23:01+00:00</time>
      </trkpt>
      <trkpt lat="48.25331" lon="-4.26578">
        <ele>43</ele>
        <time>2026-06-23T12:23:04+00:00</time>
      </trkpt>
      <trkpt lat="48.2533" lon="-4.26602">
        <ele>43</ele>
        <time>2026-06-23T12:23:07+00:00</time>
      </trkpt>
      <trkpt lat="48.25332" lon="-4.26626">
        <ele>43</ele>
        <time>2026-06-23T12:23:10+00:00</time>
      </trkpt>
      <trkpt lat="48.25342" lon="-4.26656">
        <ele>41</ele>
        <time>2026-06-23T12:23:13+00:00</time>
      </trkpt>
      <trkpt lat="48.25352" lon="-4.2668">
        <ele>39</ele>
        <time>2026-06-23T12:23:16+00:00</time>
      </trkpt>
      <trkpt lat="48.25369" lon="-4.26698">
        <ele>39</ele>
        <time>2026-06-23T12:23:19+00:00</time>
      </trkpt>
      <trkpt lat="48.2538" lon="-4.26705">
        <ele>37</ele>
        <time>2026-06-23T12:23:22+00:00</time>
      </trkpt>
      <trkpt lat="48.25391" lon="-4.26717">
        <ele>37</ele>
        <time>2026-06-23T12:23:25+00:00</time>
      </trkpt>
      <trkpt lat="48.254" lon="-4.26733">
        <ele>36</ele>
        <time>2026-06-23T12:23:28+00:00</time>
      </trkpt>
      <trkpt lat="48.25406" lon="-4.26752">
        <ele>36</ele>
        <time>2026-06-23T12:23:31+00:00</time>
      </trkpt>
      <trkpt lat="48.25415" lon="-4.26802">
        <ele>34</ele>
        <time>2026-06-23T12:23:34+00:00</time>
      </trkpt>
      <trkpt lat="48.25423" lon="-4.26838">
        <ele>34</ele>
        <time>2026-06-23T12:23:37+00:00</time>
      </trkpt>
      <trkpt lat="48.25434" lon="-4.26884">
        <ele>32</ele>
        <time>2026-06-23T12:23:40+00:00</time>
      </trkpt>
      <trkpt lat="48.25448" lon="-4.26919">
        <ele>30</ele>
        <time>2026-06-23T12:23:43+00:00</time>
      </trkpt>
      <trkpt lat="48.25471" lon="-4.26973">
        <ele>24</ele>
        <time>2026-06-23T12:23:46+00:00</time>
      </trkpt>
      <trkpt lat="48.25482" lon="-4.27009">
        <ele>23</ele>
        <time>2026-06-23T12:23:49+00:00</time>
      </trkpt>
      <trkpt lat="48.25498" lon="-4.2706">
        <ele>21</ele>
        <time>2026-06-23T12:23:52+00:00</time>
      </trkpt>
      <trkpt lat="48.25507" lon="-4.27081">
        <ele>21</ele>
        <time>2026-06-23T12:23:55+00:00</time>
      </trkpt>
      <trkpt lat="48.25523" lon="-4.27102">
        <ele>18</ele>
        <time>2026-06-23T12:23:58+00:00</time>
      </trkpt>
      <trkpt lat="48.25535" lon="-4.27109">
        <ele>17</ele>
        <time>2026-06-23T12:24:01+00:00</time>
      </trkpt>
      <trkpt lat="48.25557" lon="-4.27118">
        <ele>16</ele>
        <time>2026-06-23T12:24:04+00:00</time>
      </trkpt>
      <trkpt lat="48.25595" lon="-4.27133">
        <ele>13</ele>
        <time>2026-06-23T12:24:07+00:00</time>
      </trkpt>
      <trkpt lat="48.25625" lon="-4.27146">
        <ele>12</ele>
        <time>2026-06-23T12:24:10+00:00</time>
      </trkpt>
      <trkpt lat="48.25661" lon="-4.2716">
        <ele>9</ele>
        <time>2026-06-23T12:24:13+00:00</time>
      </trkpt>
      <trkpt lat="48.25685" lon="-4.27174">
        <ele>8</ele>
        <time>2026-06-23T12:24:16+00:00</time>
      </trkpt>
      <trkpt lat="48.25716" lon="-4.27193">
        <ele>8</ele>
        <time>2026-06-23T12:24:19+00:00</time>
      </trkpt>
      <trkpt lat="48.2574" lon="-4.2721">
        <ele>8</ele>
        <time>2026-06-23T12:24:22+00:00</time>
      </trkpt>
      <trkpt lat="48.25777" lon="-4.27236">
        <ele>9</ele>
        <time>2026-06-23T12:24:25+00:00</time>
      </trkpt>
      <trkpt lat="48.25796" lon="-4.27259">
        <ele>11</ele>
        <time>2026-06-23T12:24:28+00:00</time>
      </trkpt>
      <trkpt lat="48.25813" lon="-4.27284">
        <ele>14</ele>
        <time>2026-06-23T12:24:31+00:00</time>
      </trkpt>
      <trkpt lat="48.25834" lon="-4.27313">
        <ele>15</ele>
        <time>2026-06-23T12:24:34+00:00</time>
      </trkpt>
      <trkpt lat="48.25854" lon="-4.27336">
        <ele>16</ele>
        <time>2026-06-23T12:24:37+00:00</time>
      </trkpt>
      <trkpt lat="48.25878" lon="-4.27365">
        <ele>16</ele>
        <time>2026-06-23T12:24:40+00:00</time>
      </trkpt>
      <trkpt lat="48.25897" lon="-4.27384">
        <ele>16</ele>
        <time>2026-06-23T12:24:43+00:00</time>
      </trkpt>
      <trkpt lat="48.25911" lon="-4.2736">
        <ele>16</ele>
        <time>2026-06-23T12:24:46+00:00</time>
      </trkpt>
      <trkpt lat="48.25926" lon="-4.27324">
        <ele>14</ele>
        <time>2026-06-23T12:24:49+00:00</time>
      </trkpt>
      <trkpt lat="48.25951" lon="-4.27264">
        <ele>14</ele>
        <time>2026-06-23T12:24:52+00:00</time>
      </trkpt>
      <trkpt lat="48.25965" lon="-4.27221">
        <ele>15</ele>
        <time>2026-06-23T12:24:55+00:00</time>
      </trkpt>
      <trkpt lat="48.25979" lon="-4.27178">
        <ele>16</ele>
        <time>2026-06-23T12:24:58+00:00</time>
      </trkpt>
      <trkpt lat="48.25999" lon="-4.27116">
        <ele>17</ele>
        <time>2026-06-23T12:25:01+00:00</time>
      </trkpt>
      <trkpt lat="48.2601" lon="-4.2707">
        <ele>17</ele>
        <time>2026-06-23T12:25:04+00:00</time>
      </trkpt>
      <trkpt lat="48.26021" lon="-4.27025">
        <ele>17</ele>
        <time>2026-06-23T12:25:07+00:00</time>
      </trkpt>
      <trkpt lat="48.26038" lon="-4.26953">
        <ele>17</ele>
        <time>2026-06-23T12:25:10+00:00</time>
      </trkpt>
      <trkpt lat="48.26052" lon="-4.26899">
        <ele>17</ele>
        <time>2026-06-23T12:25:13+00:00</time>
      </trkpt>
      <trkpt lat="48.26063" lon="-4.26853">
        <ele>20</ele>
        <time>2026-06-23T12:25:16+00:00</time>
      </trkpt>
      <trkpt lat="48.26074" lon="-4.26807">
        <ele>20</ele>
        <time>2026-06-23T12:25:19+00:00</time>
      </trkpt>
      <trkpt lat="48.26092" lon="-4.26732">
        <ele>23</ele>
        <time>2026-06-23T12:25:22+00:00</time>
      </trkpt>
      <trkpt lat="48.26099" lon="-4.26694">
        <ele>23</ele>
        <time>2026-06-23T12:25:25+00:00</time>
      </trkpt>
      <trkpt lat="48.2611" lon="-4.26642">
        <ele>23</ele>
        <time>2026-06-23T12:25:28+00:00</time>
      </trkpt>
      <trkpt lat="48.26123" lon="-4.26581">
        <ele>23</ele>
        <time>2026-06-23T12:25:31+00:00</time>
      </trkpt>
      <trkpt lat="48.26132" lon="-4.26569">
        <ele>26</ele>
        <time>2026-06-23T12:25:34+00:00</time>
      </trkpt>
      <trkpt lat="48.26139" lon="-4.26565">
        <ele>26</ele>
        <time>2026-06-23T12:25:37+00:00</time>
      </trkpt>
      <trkpt lat="48.26148" lon="-4.26569">
        <ele>28</ele>
        <time>2026-06-23T12:25:40+00:00</time>
      </trkpt>
      <trkpt lat="48.26154" lon="-4.26578">
        <ele>29</ele>
        <time>2026-06-23T12:25:43+00:00</time>
      </trkpt>
      <trkpt lat="48.2616" lon="-4.26547">
        <ele>28</ele>
        <time>2026-06-23T12:25:46+00:00</time>
      </trkpt>
      <trkpt lat="48.26171" lon="-4.26492">
        <ele>28</ele>
        <time>2026-06-23T12:25:49+00:00</time>
      </trkpt>
      <trkpt lat="48.26176" lon="-4.26454">
        <ele>29</ele>
        <time>2026-06-23T12:25:52+00:00</time>
      </trkpt>
      <trkpt lat="48.26184" lon="-4.26403">
        <ele>30</ele>
        <time>2026-06-23T12:25:55+00:00</time>
      </trkpt>
      <trkpt lat="48.26189" lon="-4.26356">
        <ele>30</ele>
        <time>2026-06-23T12:25:58+00:00</time>
      </trkpt>
      <trkpt lat="48.26194" lon="-4.26309">
        <ele>29</ele>
        <time>2026-06-23T12:26:01+00:00</time>
      </trkpt>
      <trkpt lat="48.26201" lon="-4.26241">
        <ele>29</ele>
        <time>2026-06-23T12:26:04+00:00</time>
      </trkpt>
      <trkpt lat="48.26209" lon="-4.26206">
        <ele>27</ele>
        <time>2026-06-23T12:26:07+00:00</time>
      </trkpt>
      <trkpt lat="48.26224" lon="-4.26156">
        <ele>26</ele>
        <time>2026-06-23T12:26:10+00:00</time>
      </trkpt>
      <trkpt lat="48.26244" lon="-4.26107">
        <ele>25</ele>
        <time>2026-06-23T12:26:13+00:00</time>
      </trkpt>
      <trkpt lat="48.26262" lon="-4.26074">
        <ele>24</ele>
        <time>2026-06-23T12:26:16+00:00</time>
      </trkpt>
      <trkpt lat="48.26296" lon="-4.26013">
        <ele>22</ele>
        <time>2026-06-23T12:26:19+00:00</time>
      </trkpt>
      <trkpt lat="48.26315" lon="-4.25981">
        <ele>21</ele>
        <time>2026-06-23T12:26:22+00:00</time>
      </trkpt>
      <trkpt lat="48.26348" lon="-4.25926">
        <ele>18</ele>
        <time>2026-06-23T12:26:25+00:00</time>
      </trkpt>
      <trkpt lat="48.26352" lon="-4.25894">
        <ele>17</ele>
        <time>2026-06-23T12:26:28+00:00</time>
      </trkpt>
      <trkpt lat="48.26346" lon="-4.25842">
        <ele>17</ele>
        <time>2026-06-23T12:26:31+00:00</time>
      </trkpt>
      <trkpt lat="48.26347" lon="-4.25814">
        <ele>18</ele>
        <time>2026-06-23T12:26:34+00:00</time>
      </trkpt>
      <trkpt lat="48.26351" lon="-4.25768">
        <ele>20</ele>
        <time>2026-06-23T12:26:37+00:00</time>
      </trkpt>
      <trkpt lat="48.26358" lon="-4.25748">
        <ele>23</ele>
        <time>2026-06-23T12:26:40+00:00</time>
      </trkpt>
      <trkpt lat="48.26366" lon="-4.25739">
        <ele>19</ele>
        <time>2026-06-23T12:26:43+00:00</time>
      </trkpt>
      <trkpt lat="48.26384" lon="-4.25739">
        <ele>18</ele>
        <time>2026-06-23T12:26:46+00:00</time>
      </trkpt>
      <trkpt lat="48.26428" lon="-4.25746">
        <ele>12</ele>
        <time>2026-06-23T12:26:49+00:00</time>
      </trkpt>
      <trkpt lat="48.26446" lon="-4.25746">
        <ele>9</ele>
        <time>2026-06-23T12:26:52+00:00</time>
      </trkpt>
      <trkpt lat="48.26476" lon="-4.25758">
        <ele>7</ele>
        <time>2026-06-23T12:26:55+00:00</time>
      </trkpt>
      <trkpt lat="48.26497" lon="-4.25784">
        <ele>6</ele>
        <time>2026-06-23T12:26:58+00:00</time>
      </trkpt>
      <trkpt lat="48.26505" lon="-4.258">
        <ele>4</ele>
        <time>2026-06-23T12:27:01+00:00</time>
      </trkpt>
      <trkpt lat="48.26512" lon="-4.25835">
        <ele>6</ele>
        <time>2026-06-23T12:27:04+00:00</time>
      </trkpt>
      <trkpt lat="48.26524" lon="-4.2587">
        <ele>8</ele>
        <time>2026-06-23T12:27:07+00:00</time>
      </trkpt>
      <trkpt lat="48.26551" lon="-4.25922">
        <ele>8</ele>
        <time>2026-06-23T12:27:10+00:00</time>
      </trkpt>
      <trkpt lat="48.26582" lon="-4.2595">
        <ele>8</ele>
        <time>2026-06-23T12:27:13+00:00</time>
      </trkpt>
      <trkpt lat="48.26605" lon="-4.25962">
        <ele>9</ele>
        <time>2026-06-23T12:27:16+00:00</time>
      </trkpt>
      <trkpt lat="48.26624" lon="-4.25983">
        <ele>7</ele>
        <time>2026-06-23T12:27:19+00:00</time>
      </trkpt>
      <trkpt lat="48.26646" lon="-4.26006">
        <ele>6</ele>
        <time>2026-06-23T12:27:22+00:00</time>
      </trkpt>
      <trkpt lat="48.26662" lon="-4.26034">
        <ele>6</ele>
        <time>2026-06-23T12:27:25+00:00</time>
      </trkpt>
      <trkpt lat="48.26673" lon="-4.26077">
        <ele>10</ele>
        <time>2026-06-23T12:27:28+00:00</time>
      </trkpt>
      <trkpt lat="48.2668" lon="-4.26114">
        <ele>11</ele>
        <time>2026-06-23T12:27:31+00:00</time>
      </trkpt>
      <trkpt lat="48.26701" lon="-4.26161">
        <ele>10</ele>
        <time>2026-06-23T12:27:34+00:00</time>
      </trkpt>
      <trkpt lat="48.2671" lon="-4.26203">
        <ele>10</ele>
        <time>2026-06-23T12:27:37+00:00</time>
      </trkpt>
      <trkpt lat="48.26728" lon="-4.26285">
        <ele>11</ele>
        <time>2026-06-23T12:27:40+00:00</time>
      </trkpt>
      <trkpt lat="48.26739" lon="-4.26323">
        <ele>13</ele>
        <time>2026-06-23T12:27:43+00:00</time>
      </trkpt>
      <trkpt lat="48.26756" lon="-4.26385">
        <ele>12</ele>
        <time>2026-06-23T12:27:46+00:00</time>
      </trkpt>
      <trkpt lat="48.26764" lon="-4.26425">
        <ele>13</ele>
        <time>2026-06-23T12:27:49+00:00</time>
      </trkpt>
      <trkpt lat="48.26778" lon="-4.26492">
        <ele>14</ele>
        <time>2026-06-23T12:27:52+00:00</time>
      </trkpt>
      <trkpt lat="48.2678" lon="-4.26525">
        <ele>13</ele>
        <time>2026-06-23T12:27:55+00:00</time>
      </trkpt>
      <trkpt lat="48.26788" lon="-4.26565">
        <ele>12</ele>
        <time>2026-06-23T12:27:58+00:00</time>
      </trkpt>
      <trkpt lat="48.26801" lon="-4.26611">
        <ele>13</ele>
        <time>2026-06-23T12:28:01+00:00</time>
      </trkpt>
      <trkpt lat="48.26807" lon="-4.26644">
        <ele>12</ele>
        <time>2026-06-23T12:28:04+00:00</time>
      </trkpt>
      <trkpt lat="48.26814" lon="-4.26677">
        <ele>12</ele>
        <time>2026-06-23T12:28:07+00:00</time>
      </trkpt>
      <trkpt lat="48.26837" lon="-4.26705">
        <ele>13</ele>
        <time>2026-06-23T12:28:10+00:00</time>
      </trkpt>
      <trkpt lat="48.26847" lon="-4.26766">
        <ele>20</ele>
        <time>2026-06-23T12:28:13+00:00</time>
      </trkpt>
      <trkpt lat="48.26849" lon="-4.26817">
        <ele>21</ele>
        <time>2026-06-23T12:28:16+00:00</time>
      </trkpt>
      <trkpt lat="48.26846" lon="-4.26877">
        <ele>21</ele>
        <time>2026-06-23T12:28:19+00:00</time>
      </trkpt>
      <trkpt lat="48.2685" lon="-4.26888">
        <ele>23</ele>
        <time>2026-06-23T12:28:22+00:00</time>
      </trkpt>
      <trkpt lat="48.2686" lon="-4.269">
        <ele>21</ele>
        <time>2026-06-23T12:28:25+00:00</time>
      </trkpt>
      <trkpt lat="48.26882" lon="-4.26913">
        <ele>21</ele>
        <time>2026-06-23T12:28:28+00:00</time>
      </trkpt>
      <trkpt lat="48.26907" lon="-4.26928">
        <ele>21</ele>
        <time>2026-06-23T12:28:31+00:00</time>
      </trkpt>
      <trkpt lat="48.26921" lon="-4.26956">
        <ele>22</ele>
        <time>2026-06-23T12:28:34+00:00</time>
      </trkpt>
      <trkpt lat="48.26923" lon="-4.26982">
        <ele>23</ele>
        <time>2026-06-23T12:28:37+00:00</time>
      </trkpt>
      <trkpt lat="48.26919" lon="-4.27006">
        <ele>22</ele>
        <time>2026-06-23T12:28:40+00:00</time>
      </trkpt>
      <trkpt lat="48.26925" lon="-4.27015">
        <ele>20</ele>
        <time>2026-06-23T12:28:43+00:00</time>
      </trkpt>
      <trkpt lat="48.26948" lon="-4.2702">
        <ele>21</ele>
        <time>2026-06-23T12:28:46+00:00</time>
      </trkpt>
      <trkpt lat="48.26971" lon="-4.27043">
        <ele>25</ele>
        <time>2026-06-23T12:28:49+00:00</time>
      </trkpt>
      <trkpt lat="48.26986" lon="-4.27076">
        <ele>25</ele>
        <time>2026-06-23T12:28:52+00:00</time>
      </trkpt>
      <trkpt lat="48.27009" lon="-4.27123">
        <ele>25</ele>
        <time>2026-06-23T12:28:55+00:00</time>
      </trkpt>
      <trkpt lat="48.27023" lon="-4.27142">
        <ele>22</ele>
        <time>2026-06-23T12:28:58+00:00</time>
      </trkpt>
      <trkpt lat="48.27041" lon="-4.27156">
        <ele>22</ele>
        <time>2026-06-23T12:29:01+00:00</time>
      </trkpt>
      <trkpt lat="48.27062" lon="-4.27189">
        <ele>22</ele>
        <time>2026-06-23T12:29:04+00:00</time>
      </trkpt>
      <trkpt lat="48.27075" lon="-4.27229">
        <ele>22</ele>
        <time>2026-06-23T12:29:07+00:00</time>
      </trkpt>
      <trkpt lat="48.27073" lon="-4.27245">
        <ele>19</ele>
        <time>2026-06-23T12:29:10+00:00</time>
      </trkpt>
      <trkpt lat="48.27085" lon="-4.27278">
        <ele>22</ele>
        <time>2026-06-23T12:29:13+00:00</time>
      </trkpt>
      <trkpt lat="48.27096" lon="-4.27308">
        <ele>23</ele>
        <time>2026-06-23T12:29:16+00:00</time>
      </trkpt>
      <trkpt lat="48.27109" lon="-4.27341">
        <ele>22</ele>
        <time>2026-06-23T12:29:19+00:00</time>
      </trkpt>
      <trkpt lat="48.27117" lon="-4.27378">
        <ele>22</ele>
        <time>2026-06-23T12:29:22+00:00</time>
      </trkpt>
      <trkpt lat="48.27129" lon="-4.27428">
        <ele>20</ele>
        <time>2026-06-23T12:29:25+00:00</time>
      </trkpt>
      <trkpt lat="48.27141" lon="-4.27477">
        <ele>22</ele>
        <time>2026-06-23T12:29:28+00:00</time>
      </trkpt>
      <trkpt lat="48.27149" lon="-4.27487">
        <ele>20</ele>
        <time>2026-06-23T12:29:31+00:00</time>
      </trkpt>
      <trkpt lat="48.27155" lon="-4.27524">
        <ele>21</ele>
        <time>2026-06-23T12:29:34+00:00</time>
      </trkpt>
      <trkpt lat="48.27166" lon="-4.27592">
        <ele>20</ele>
        <time>2026-06-23T12:29:37+00:00</time>
      </trkpt>
      <trkpt lat="48.27169" lon="-4.27644">
        <ele>20</ele>
        <time>2026-06-23T12:29:40+00:00</time>
      </trkpt>
      <trkpt lat="48.27168" lon="-4.27683">
        <ele>19</ele>
        <time>2026-06-23T12:29:43+00:00</time>
      </trkpt>
      <trkpt lat="48.27167" lon="-4.27738">
        <ele>18</ele>
        <time>2026-06-23T12:29:46+00:00</time>
      </trkpt>
      <trkpt lat="48.27165" lon="-4.27799">
        <ele>15</ele>
        <time>2026-06-23T12:29:49+00:00</time>
      </trkpt>
      <trkpt lat="48.27161" lon="-4.27839">
        <ele>16</ele>
        <time>2026-06-23T12:29:52+00:00</time>
      </trkpt>
      <trkpt lat="48.27152" lon="-4.27873">
        <ele>14</ele>
        <time>2026-06-23T12:29:55+00:00</time>
      </trkpt>
      <trkpt lat="48.27141" lon="-4.27914">
        <ele>13</ele>
        <time>2026-06-23T12:29:58+00:00</time>
      </trkpt>
      <trkpt lat="48.27141" lon="-4.27946">
        <ele>13</ele>
        <time>2026-06-23T12:30:01+00:00</time>
      </trkpt>
      <trkpt lat="48.27149" lon="-4.27983">
        <ele>22</ele>
        <time>2026-06-23T12:30:04+00:00</time>
      </trkpt>
      <trkpt lat="48.27161" lon="-4.28033">
        <ele>31</ele>
        <time>2026-06-23T12:30:07+00:00</time>
      </trkpt>
      <trkpt lat="48.27173" lon="-4.28082">
        <ele>31</ele>
        <time>2026-06-23T12:30:10+00:00</time>
      </trkpt>
      <trkpt lat="48.27197" lon="-4.28043">
        <ele>30</ele>
        <time>2026-06-23T12:30:13+00:00</time>
      </trkpt>
      <trkpt lat="48.27221" lon="-4.28003">
        <ele>30</ele>
        <time>2026-06-23T12:30:16+00:00</time>
      </trkpt>
      <trkpt lat="48.27246" lon="-4.27963">
        <ele>29</ele>
        <time>2026-06-23T12:30:19+00:00</time>
      </trkpt>
      <trkpt lat="48.27293" lon="-4.27886">
        <ele>26</ele>
        <time>2026-06-23T12:30:22+00:00</time>
      </trkpt>
      <trkpt lat="48.27314" lon="-4.27883">
        <ele>23</ele>
        <time>2026-06-23T12:30:25+00:00</time>
      </trkpt>
      <trkpt lat="48.27328" lon="-4.27885">
        <ele>23</ele>
        <time>2026-06-23T12:30:28+00:00</time>
      </trkpt>
      <trkpt lat="48.27341" lon="-4.27897">
        <ele>23</ele>
        <time>2026-06-23T12:30:31+00:00</time>
      </trkpt>
      <trkpt lat="48.2736" lon="-4.27906">
        <ele>25</ele>
        <time>2026-06-23T12:30:34+00:00</time>
      </trkpt>
      <trkpt lat="48.2738" lon="-4.27925">
        <ele>28</ele>
        <time>2026-06-23T12:30:37+00:00</time>
      </trkpt>
      <trkpt lat="48.27397" lon="-4.27951">
        <ele>29</ele>
        <time>2026-06-23T12:30:40+00:00</time>
      </trkpt>
      <trkpt lat="48.27409" lon="-4.27982">
        <ele>26</ele>
        <time>2026-06-23T12:30:43+00:00</time>
      </trkpt>
      <trkpt lat="48.27424" lon="-4.28019">
        <ele>28</ele>
        <time>2026-06-23T12:30:46+00:00</time>
      </trkpt>
      <trkpt lat="48.27435" lon="-4.28036">
        <ele>26</ele>
        <time>2026-06-23T12:30:49+00:00</time>
      </trkpt>
      <trkpt lat="48.27448" lon="-4.28051">
        <ele>26</ele>
        <time>2026-06-23T12:30:52+00:00</time>
      </trkpt>
      <trkpt lat="48.27463" lon="-4.28068">
        <ele>25</ele>
        <time>2026-06-23T12:30:55+00:00</time>
      </trkpt>
      <trkpt lat="48.27475" lon="-4.28094">
        <ele>23</ele>
        <time>2026-06-23T12:30:58+00:00</time>
      </trkpt>
      <trkpt lat="48.27482" lon="-4.28133">
        <ele>24</ele>
        <time>2026-06-23T12:31:01+00:00</time>
      </trkpt>
      <trkpt lat="48.27494" lon="-4.28193">
        <ele>22</ele>
        <time>2026-06-23T12:31:04+00:00</time>
      </trkpt>
      <trkpt lat="48.27489" lon="-4.28249">
        <ele>21</ele>
        <time>2026-06-23T12:31:07+00:00</time>
      </trkpt>
      <trkpt lat="48.27472" lon="-4.28298">
        <ele>15</ele>
        <time>2026-06-23T12:31:10+00:00</time>
      </trkpt>
      <trkpt lat="48.27455" lon="-4.28324">
        <ele>15</ele>
        <time>2026-06-23T12:31:13+00:00</time>
      </trkpt>
      <trkpt lat="48.27432" lon="-4.28378">
        <ele>17</ele>
        <time>2026-06-23T12:31:16+00:00</time>
      </trkpt>
      <trkpt lat="48.27422" lon="-4.28419">
        <ele>16</ele>
        <time>2026-06-23T12:31:19+00:00</time>
      </trkpt>
      <trkpt lat="48.27404" lon="-4.28491">
        <ele>16</ele>
        <time>2026-06-23T12:31:22+00:00</time>
      </trkpt>
      <trkpt lat="48.27399" lon="-4.28524">
        <ele>15</ele>
        <time>2026-06-23T12:31:25+00:00</time>
      </trkpt>
      <trkpt lat="48.27383" lon="-4.28557">
        <ele>15</ele>
        <time>2026-06-23T12:31:28+00:00</time>
      </trkpt>
      <trkpt lat="48.2736" lon="-4.28606">
        <ele>13</ele>
        <time>2026-06-23T12:31:31+00:00</time>
      </trkpt>
      <trkpt lat="48.27346" lon="-4.28631">
        <ele>12</ele>
        <time>2026-06-23T12:31:34+00:00</time>
      </trkpt>
      <trkpt lat="48.27338" lon="-4.28653">
        <ele>11</ele>
        <time>2026-06-23T12:31:37+00:00</time>
      </trkpt>
      <trkpt lat="48.27334" lon="-4.28669">
        <ele>11</ele>
        <time>2026-06-23T12:31:40+00:00</time>
      </trkpt>
      <trkpt lat="48.27321" lon="-4.28699">
        <ele>10</ele>
        <time>2026-06-23T12:31:43+00:00</time>
      </trkpt>
      <trkpt lat="48.27307" lon="-4.28732">
        <ele>10</ele>
        <time>2026-06-23T12:31:46+00:00</time>
      </trkpt>
      <trkpt lat="48.27302" lon="-4.28756">
        <ele>10</ele>
        <time>2026-06-23T12:31:49+00:00</time>
      </trkpt>
      <trkpt lat="48.27302" lon="-4.28768">
        <ele>10</ele>
        <time>2026-06-23T12:31:52+00:00</time>
      </trkpt>
      <trkpt lat="48.2731" lon="-4.28812">
        <ele>10</ele>
        <time>2026-06-23T12:31:55+00:00</time>
      </trkpt>
      <trkpt lat="48.27317" lon="-4.28856">
        <ele>9</ele>
        <time>2026-06-23T12:31:58+00:00</time>
      </trkpt>
      <trkpt lat="48.27326" lon="-4.28904">
        <ele>8</ele>
        <time>2026-06-23T12:32:01+00:00</time>
      </trkpt>
      <trkpt lat="48.27332" lon="-4.28914">
        <ele>4</ele>
        <time>2026-06-23T12:32:04+00:00</time>
      </trkpt>
      <trkpt lat="48.27335" lon="-4.28929">
        <ele>6</ele>
        <time>2026-06-23T12:32:07+00:00</time>
      </trkpt>
      <trkpt lat="48.27338" lon="-4.28968">
        <ele>6</ele>
        <time>2026-06-23T12:32:10+00:00</time>
      </trkpt>
      <trkpt lat="48.27343" lon="-4.29023">
        <ele>6</ele>
        <time>2026-06-23T12:32:13+00:00</time>
      </trkpt>
      <trkpt lat="48.27345" lon="-4.29068">
        <ele>7</ele>
        <time>2026-06-23T12:32:16+00:00</time>
      </trkpt>
      <trkpt lat="48.27347" lon="-4.29106">
        <ele>7</ele>
        <time>2026-06-23T12:32:19+00:00</time>
      </trkpt>
      <trkpt lat="48.2735" lon="-4.29157">
        <ele>8</ele>
        <time>2026-06-23T12:32:22+00:00</time>
      </trkpt>
      <trkpt lat="48.27349" lon="-4.29213">
        <ele>8</ele>
        <time>2026-06-23T12:32:25+00:00</time>
      </trkpt>
      <trkpt lat="48.27344" lon="-4.29272">
        <ele>7</ele>
        <time>2026-06-23T12:32:28+00:00</time>
      </trkpt>
      <trkpt lat="48.27365" lon="-4.29328">
        <ele>5</ele>
        <time>2026-06-23T12:32:31+00:00</time>
      </trkpt>
      <trkpt lat="48.27376" lon="-4.29367">
        <ele>5</ele>
        <time>2026-06-23T12:32:34+00:00</time>
      </trkpt>
      <trkpt lat="48.27377" lon="-4.29374">
        <ele>6</ele>
        <time>2026-06-23T12:32:37+00:00</time>
      </trkpt>
      <trkpt lat="48.27397" lon="-4.29363">
        <ele>7</ele>
        <time>2026-06-23T12:32:40+00:00</time>
      </trkpt>
      <trkpt lat="48.27418" lon="-4.2935">
        <ele>19</ele>
        <time>2026-06-23T12:32:43+00:00</time>
      </trkpt>
      <trkpt lat="48.27426" lon="-4.29366">
        <ele>19</ele>
        <time>2026-06-23T12:32:46+00:00</time>
      </trkpt>
      <trkpt lat="48.27435" lon="-4.29378">
        <ele>27</ele>
        <time>2026-06-23T12:32:49+00:00</time>
      </trkpt>
      <trkpt lat="48.27458" lon="-4.29375">
        <ele>30</ele>
        <time>2026-06-23T12:32:52+00:00</time>
      </trkpt>
      <trkpt lat="48.27484" lon="-4.29371">
        <ele>37</ele>
        <time>2026-06-23T12:32:55+00:00</time>
      </trkpt>
      <trkpt lat="48.275" lon="-4.29364">
        <ele>37</ele>
        <time>2026-06-23T12:32:58+00:00</time>
      </trkpt>
      <trkpt lat="48.27506" lon="-4.29329">
        <ele>36</ele>
        <time>2026-06-23T12:33:01+00:00</time>
      </trkpt>
      <trkpt lat="48.27517" lon="-4.29263">
        <ele>36</ele>
        <time>2026-06-23T12:33:04+00:00</time>
      </trkpt>
      <trkpt lat="48.27524" lon="-4.2923">
        <ele>38</ele>
        <time>2026-06-23T12:33:07+00:00</time>
      </trkpt>
      <trkpt lat="48.27532" lon="-4.29195">
        <ele>39</ele>
        <time>2026-06-23T12:33:10+00:00</time>
      </trkpt>
      <trkpt lat="48.27541" lon="-4.29157">
        <ele>39</ele>
        <time>2026-06-23T12:33:13+00:00</time>
      </trkpt>
      <trkpt lat="48.27556" lon="-4.29098">
        <ele>39</ele>
        <time>2026-06-23T12:33:16+00:00</time>
      </trkpt>
      <trkpt lat="48.27561" lon="-4.29052">
        <ele>39</ele>
        <time>2026-06-23T12:33:19+00:00</time>
      </trkpt>
      <trkpt lat="48.27566" lon="-4.29007">
        <ele>36</ele>
        <time>2026-06-23T12:33:22+00:00</time>
      </trkpt>
      <trkpt lat="48.27572" lon="-4.28951">
        <ele>34</ele>
        <time>2026-06-23T12:33:25+00:00</time>
      </trkpt>
      <trkpt lat="48.27584" lon="-4.2891">
        <ele>33</ele>
        <time>2026-06-23T12:33:28+00:00</time>
      </trkpt>
      <trkpt lat="48.27596" lon="-4.28869">
        <ele>33</ele>
        <time>2026-06-23T12:33:31+00:00</time>
      </trkpt>
      <trkpt lat="48.27609" lon="-4.28826">
        <ele>31</ele>
        <time>2026-06-23T12:33:34+00:00</time>
      </trkpt>
      <trkpt lat="48.27618" lon="-4.28788">
        <ele>31</ele>
        <time>2026-06-23T12:33:37+00:00</time>
      </trkpt>
      <trkpt lat="48.27633" lon="-4.28729">
        <ele>31</ele>
        <time>2026-06-23T12:33:40+00:00</time>
      </trkpt>
      <trkpt lat="48.27646" lon="-4.28681">
        <ele>31</ele>
        <time>2026-06-23T12:33:43+00:00</time>
      </trkpt>
      <trkpt lat="48.27654" lon="-4.28649">
        <ele>31</ele>
        <time>2026-06-23T12:33:46+00:00</time>
      </trkpt>
      <trkpt lat="48.27662" lon="-4.28615">
        <ele>33</ele>
        <time>2026-06-23T12:33:49+00:00</time>
      </trkpt>
      <trkpt lat="48.27682" lon="-4.28581">
        <ele>33</ele>
        <time>2026-06-23T12:33:52+00:00</time>
      </trkpt>
      <trkpt lat="48.27708" lon="-4.2857">
        <ele>34</ele>
        <time>2026-06-23T12:33:55+00:00</time>
      </trkpt>
      <trkpt lat="48.27733" lon="-4.28563">
        <ele>41</ele>
        <time>2026-06-23T12:33:58+00:00</time>
      </trkpt>
      <trkpt lat="48.27764" lon="-4.28554">
        <ele>45</ele>
        <time>2026-06-23T12:34:01+00:00</time>
      </trkpt>
      <trkpt lat="48.27784" lon="-4.28538">
        <ele>45</ele>
        <time>2026-06-23T12:34:04+00:00</time>
      </trkpt>
      <trkpt lat="48.27804" lon="-4.28521">
        <ele>45</ele>
        <time>2026-06-23T12:34:07+00:00</time>
      </trkpt>
      <trkpt lat="48.27816" lon="-4.28519">
        <ele>50</ele>
        <time>2026-06-23T12:34:10+00:00</time>
      </trkpt>
      <trkpt lat="48.27831" lon="-4.28532">
        <ele>47</ele>
        <time>2026-06-23T12:34:13+00:00</time>
      </trkpt>
      <trkpt lat="48.27846" lon="-4.28545">
        <ele>49</ele>
        <time>2026-06-23T12:34:16+00:00</time>
      </trkpt>
      <trkpt lat="48.2787" lon="-4.28555">
        <ele>52</ele>
        <time>2026-06-23T12:34:19+00:00</time>
      </trkpt>
      <trkpt lat="48.27898" lon="-4.28566">
        <ele>52</ele>
        <time>2026-06-23T12:34:22+00:00</time>
      </trkpt>
      <trkpt lat="48.27931" lon="-4.28601">
        <ele>41</ele>
        <time>2026-06-23T12:34:25+00:00</time>
      </trkpt>
      <trkpt lat="48.27953" lon="-4.28646">
        <ele>41</ele>
        <time>2026-06-23T12:34:28+00:00</time>
      </trkpt>
      <trkpt lat="48.27953" lon="-4.28683">
        <ele>43</ele>
        <time>2026-06-23T12:34:31+00:00</time>
      </trkpt>
      <trkpt lat="48.27946" lon="-4.28723">
        <ele>41</ele>
        <time>2026-06-23T12:34:34+00:00</time>
      </trkpt>
      <trkpt lat="48.27936" lon="-4.28786">
        <ele>40</ele>
        <time>2026-06-23T12:34:37+00:00</time>
      </trkpt>
      <trkpt lat="48.27939" lon="-4.28816">
        <ele>37</ele>
        <time>2026-06-23T12:34:40+00:00</time>
      </trkpt>
      <trkpt lat="48.27955" lon="-4.28859">
        <ele>31</ele>
        <time>2026-06-23T12:34:43+00:00</time>
      </trkpt>
      <trkpt lat="48.27966" lon="-4.28891">
        <ele>27</ele>
        <time>2026-06-23T12:34:46+00:00</time>
      </trkpt>
      <trkpt lat="48.27978" lon="-4.28929">
        <ele>27</ele>
        <time>2026-06-23T12:34:49+00:00</time>
      </trkpt>
      <trkpt lat="48.27992" lon="-4.28967">
        <ele>26</ele>
        <time>2026-06-23T12:34:52+00:00</time>
      </trkpt>
      <trkpt lat="48.28019" lon="-4.29039">
        <ele>25</ele>
        <time>2026-06-23T12:34:55+00:00</time>
      </trkpt>
      <trkpt lat="48.28037" lon="-4.29073">
        <ele>19</ele>
        <time>2026-06-23T12:34:58+00:00</time>
      </trkpt>
      <trkpt lat="48.28048" lon="-4.29101">
        <ele>19</ele>
        <time>2026-06-23T12:35:01+00:00</time>
      </trkpt>
      <trkpt lat="48.28059" lon="-4.29117">
        <ele>20</ele>
        <time>2026-06-23T12:35:04+00:00</time>
      </trkpt>
      <trkpt lat="48.28074" lon="-4.29124">
        <ele>20</ele>
        <time>2026-06-23T12:35:07+00:00</time>
      </trkpt>
      <trkpt lat="48.2809" lon="-4.29132">
        <ele>23</ele>
        <time>2026-06-23T12:35:10+00:00</time>
      </trkpt>
      <trkpt lat="48.28108" lon="-4.29107">
        <ele>23</ele>
        <time>2026-06-23T12:35:13+00:00</time>
      </trkpt>
      <trkpt lat="48.28131" lon="-4.29077">
        <ele>23</ele>
        <time>2026-06-23T12:35:16+00:00</time>
      </trkpt>
      <trkpt lat="48.28169" lon="-4.29042">
        <ele>23</ele>
        <time>2026-06-23T12:35:19+00:00</time>
      </trkpt>
      <trkpt lat="48.28199" lon="-4.28997">
        <ele>27</ele>
        <time>2026-06-23T12:35:22+00:00</time>
      </trkpt>
      <trkpt lat="48.28227" lon="-4.28965">
        <ele>33</ele>
        <time>2026-06-23T12:35:25+00:00</time>
      </trkpt>
      <trkpt lat="48.28255" lon="-4.28934">
        <ele>34</ele>
        <time>2026-06-23T12:35:28+00:00</time>
      </trkpt>
      <trkpt lat="48.28283" lon="-4.28902">
        <ele>38</ele>
        <time>2026-06-23T12:35:31+00:00</time>
      </trkpt>
      <trkpt lat="48.28327" lon="-4.28852">
        <ele>47</ele>
        <time>2026-06-23T12:35:34+00:00</time>
      </trkpt>
      <trkpt lat="48.28349" lon="-4.28826">
        <ele>51</ele>
        <time>2026-06-23T12:35:37+00:00</time>
      </trkpt>
      <trkpt lat="48.28386" lon="-4.28782">
        <ele>54</ele>
        <time>2026-06-23T12:35:40+00:00</time>
      </trkpt>
      <trkpt lat="48.28406" lon="-4.28753">
        <ele>52</ele>
        <time>2026-06-23T12:35:43+00:00</time>
      </trkpt>
      <trkpt lat="48.28422" lon="-4.2873">
        <ele>51</ele>
        <time>2026-06-23T12:35:46+00:00</time>
      </trkpt>
      <trkpt lat="48.28439" lon="-4.28707">
        <ele>53</ele>
        <time>2026-06-23T12:35:49+00:00</time>
      </trkpt>
      <trkpt lat="48.28467" lon="-4.28701">
        <ele>55</ele>
        <time>2026-06-23T12:35:52+00:00</time>
      </trkpt>
      <trkpt lat="48.28515" lon="-4.2869">
        <ele>55</ele>
        <time>2026-06-23T12:35:55+00:00</time>
      </trkpt>
      <trkpt lat="48.2854" lon="-4.28687">
        <ele>57</ele>
        <time>2026-06-23T12:35:58+00:00</time>
      </trkpt>
      <trkpt lat="48.28573" lon="-4.28683">
        <ele>57</ele>
        <time>2026-06-23T12:36:01+00:00</time>
      </trkpt>
      <trkpt lat="48.28597" lon="-4.28693">
        <ele>55</ele>
        <time>2026-06-23T12:36:04+00:00</time>
      </trkpt>
      <trkpt lat="48.28613" lon="-4.28683">
        <ele>56</ele>
        <time>2026-06-23T12:36:07+00:00</time>
      </trkpt>
      <trkpt lat="48.28623" lon="-4.28664">
        <ele>54</ele>
        <time>2026-06-23T12:36:10+00:00</time>
      </trkpt>
      <trkpt lat="48.28634" lon="-4.28641">
        <ele>54</ele>
        <time>2026-06-23T12:36:13+00:00</time>
      </trkpt>
      <trkpt lat="48.28661" lon="-4.28624">
        <ele>49</ele>
        <time>2026-06-23T12:36:16+00:00</time>
      </trkpt>
      <trkpt lat="48.28677" lon="-4.2861">
        <ele>44</ele>
        <time>2026-06-23T12:36:19+00:00</time>
      </trkpt>
      <trkpt lat="48.28699" lon="-4.28598">
        <ele>47</ele>
        <time>2026-06-23T12:36:22+00:00</time>
      </trkpt>
      <trkpt lat="48.28725" lon="-4.28585">
        <ele>51</ele>
        <time>2026-06-23T12:36:25+00:00</time>
      </trkpt>
      <trkpt lat="48.28742" lon="-4.28582">
        <ele>53</ele>
        <time>2026-06-23T12:36:28+00:00</time>
      </trkpt>
      <trkpt lat="48.28761" lon="-4.28589">
        <ele>51</ele>
        <time>2026-06-23T12:36:31+00:00</time>
      </trkpt>
      <trkpt lat="48.28778" lon="-4.28617">
        <ele>51</ele>
        <time>2026-06-23T12:36:34+00:00</time>
      </trkpt>
      <trkpt lat="48.28791" lon="-4.28652">
        <ele>52</ele>
        <time>2026-06-23T12:36:37+00:00</time>
      </trkpt>
      <trkpt lat="48.28811" lon="-4.28702">
        <ele>59</ele>
        <time>2026-06-23T12:36:40+00:00</time>
      </trkpt>
      <trkpt lat="48.28846" lon="-4.28742">
        <ele>61</ele>
        <time>2026-06-23T12:36:43+00:00</time>
      </trkpt>
      <trkpt lat="48.28858" lon="-4.28782">
        <ele>72</ele>
        <time>2026-06-23T12:36:46+00:00</time>
      </trkpt>
      <trkpt lat="48.28861" lon="-4.288">
        <ele>72</ele>
        <time>2026-06-23T12:36:49+00:00</time>
      </trkpt>
      <trkpt lat="48.2886" lon="-4.28827">
        <ele>80</ele>
        <time>2026-06-23T12:36:52+00:00</time>
      </trkpt>
      <trkpt lat="48.28859" lon="-4.28857">
        <ele>91</ele>
        <time>2026-06-23T12:36:55+00:00</time>
      </trkpt>
      <trkpt lat="48.28862" lon="-4.28875">
        <ele>91</ele>
        <time>2026-06-23T12:36:58+00:00</time>
      </trkpt>
      <trkpt lat="48.28875" lon="-4.28875">
        <ele>92</ele>
        <time>2026-06-23T12:37:01+00:00</time>
      </trkpt>
      <trkpt lat="48.28878" lon="-4.28897">
        <ele>95</ele>
        <time>2026-06-23T12:37:04+00:00</time>
      </trkpt>
      <trkpt lat="48.28882" lon="-4.28899">
        <ele>95</ele>
        <time>2026-06-23T12:37:07+00:00</time>
      </trkpt>
      <trkpt lat="48.28903" lon="-4.28873">
        <ele>99</ele>
        <time>2026-06-23T12:37:10+00:00</time>
      </trkpt>
      <trkpt lat="48.2892" lon="-4.2888">
        <ele>104</ele>
        <time>2026-06-23T12:37:13+00:00</time>
      </trkpt>
      <trkpt lat="48.28943" lon="-4.28901">
        <ele>107</ele>
        <time>2026-06-23T12:37:16+00:00</time>
      </trkpt>
      <trkpt lat="48.28964" lon="-4.2886">
        <ele>107</ele>
        <time>2026-06-23T12:37:19+00:00</time>
      </trkpt>
      <trkpt lat="48.2898" lon="-4.28827">
        <ele>107</ele>
        <time>2026-06-23T12:37:22+00:00</time>
      </trkpt>
      <trkpt lat="48.29005" lon="-4.28777">
        <ele>107</ele>
        <time>2026-06-23T12:37:25+00:00</time>
      </trkpt>
      <trkpt lat="48.29019" lon="-4.2875">
        <ele>107</ele>
        <time>2026-06-23T12:37:28+00:00</time>
      </trkpt>
      <trkpt lat="48.29033" lon="-4.28722">
        <ele>107</ele>
        <time>2026-06-23T12:37:31+00:00</time>
      </trkpt>
      <trkpt lat="48.2903" lon="-4.28718">
        <ele>105</ele>
        <time>2026-06-23T12:37:34+00:00</time>
      </trkpt>
      <trkpt lat="48.29029" lon="-4.28709">
        <ele>105</ele>
        <time>2026-06-23T12:37:37+00:00</time>
      </trkpt>
      <trkpt lat="48.29036" lon="-4.28682">
        <ele>106</ele>
        <time>2026-06-23T12:37:40+00:00</time>
      </trkpt>
      <trkpt lat="48.29045" lon="-4.2865">
        <ele>104</ele>
        <time>2026-06-23T12:37:43+00:00</time>
      </trkpt>
      <trkpt lat="48.29053" lon="-4.28613">
        <ele>102</ele>
        <time>2026-06-23T12:37:46+00:00</time>
      </trkpt>
      <trkpt lat="48.29052" lon="-4.28585">
        <ele>101</ele>
        <time>2026-06-23T12:37:49+00:00</time>
      </trkpt>
      <trkpt lat="48.29045" lon="-4.28547">
        <ele>100</ele>
        <time>2026-06-23T12:37:52+00:00</time>
      </trkpt>
      <trkpt lat="48.29035" lon="-4.28495">
        <ele>99</ele>
        <time>2026-06-23T12:37:55+00:00</time>
      </trkpt>
      <trkpt lat="48.29033" lon="-4.28467">
        <ele>99</ele>
        <time>2026-06-23T12:37:58+00:00</time>
      </trkpt>
      <trkpt lat="48.29037" lon="-4.28441">
        <ele>99</ele>
        <time>2026-06-23T12:38:01+00:00</time>
      </trkpt>
      <trkpt lat="48.29044" lon="-4.28417">
        <ele>97</ele>
        <time>2026-06-23T12:38:04+00:00</time>
      </trkpt>
      <trkpt lat="48.29053" lon="-4.28385">
        <ele>97</ele>
        <time>2026-06-23T12:38:07+00:00</time>
      </trkpt>
      <trkpt lat="48.29057" lon="-4.28362">
        <ele>97</ele>
        <time>2026-06-23T12:38:10+00:00</time>
      </trkpt>
      <trkpt lat="48.29059" lon="-4.2832">
        <ele>98</ele>
        <time>2026-06-23T12:38:13+00:00</time>
      </trkpt>
      <trkpt lat="48.29062" lon="-4.28279">
        <ele>97</ele>
        <time>2026-06-23T12:38:16+00:00</time>
      </trkpt>
      <trkpt lat="48.29066" lon="-4.28213">
        <ele>97</ele>
        <time>2026-06-23T12:38:19+00:00</time>
      </trkpt>
      <trkpt lat="48.29068" lon="-4.28163">
        <ele>94</ele>
        <time>2026-06-23T12:38:22+00:00</time>
      </trkpt>
      <trkpt lat="48.29072" lon="-4.28104">
        <ele>91</ele>
        <time>2026-06-23T12:38:25+00:00</time>
      </trkpt>
      <trkpt lat="48.29078" lon="-4.28078">
        <ele>90</ele>
        <time>2026-06-23T12:38:28+00:00</time>
      </trkpt>
      <trkpt lat="48.29088" lon="-4.28052">
        <ele>90</ele>
        <time>2026-06-23T12:38:31+00:00</time>
      </trkpt>
      <trkpt lat="48.29113" lon="-4.28">
        <ele>88</ele>
        <time>2026-06-23T12:38:34+00:00</time>
      </trkpt>
      <trkpt lat="48.29131" lon="-4.27975">
        <ele>84</ele>
        <time>2026-06-23T12:38:37+00:00</time>
      </trkpt>
      <trkpt lat="48.29156" lon="-4.27953">
        <ele>82</ele>
        <time>2026-06-23T12:38:40+00:00</time>
      </trkpt>
      <trkpt lat="48.29166" lon="-4.27935">
        <ele>80</ele>
        <time>2026-06-23T12:38:43+00:00</time>
      </trkpt>
      <trkpt lat="48.29172" lon="-4.27911">
        <ele>79</ele>
        <time>2026-06-23T12:38:46+00:00</time>
      </trkpt>
      <trkpt lat="48.29179" lon="-4.27881">
        <ele>78</ele>
        <time>2026-06-23T12:38:49+00:00</time>
      </trkpt>
      <trkpt lat="48.29182" lon="-4.27846">
        <ele>77</ele>
        <time>2026-06-23T12:38:52+00:00</time>
      </trkpt>
      <trkpt lat="48.29186" lon="-4.27806">
        <ele>77</ele>
        <time>2026-06-23T12:38:55+00:00</time>
      </trkpt>
      <trkpt lat="48.29181" lon="-4.2777">
        <ele>76</ele>
        <time>2026-06-23T12:38:58+00:00</time>
      </trkpt>
      <trkpt lat="48.29175" lon="-4.27728">
        <ele>76</ele>
        <time>2026-06-23T12:39:01+00:00</time>
      </trkpt>
      <trkpt lat="48.29172" lon="-4.27688">
        <ele>75</ele>
        <time>2026-06-23T12:39:04+00:00</time>
      </trkpt>
      <trkpt lat="48.29169" lon="-4.27631">
        <ele>74</ele>
        <time>2026-06-23T12:39:07+00:00</time>
      </trkpt>
      <trkpt lat="48.29162" lon="-4.2758">
        <ele>74</ele>
        <time>2026-06-23T12:39:10+00:00</time>
      </trkpt>
      <trkpt lat="48.29155" lon="-4.2753">
        <ele>74</ele>
        <time>2026-06-23T12:39:13+00:00</time>
      </trkpt>
      <trkpt lat="48.29148" lon="-4.27479">
        <ele>71</ele>
        <time>2026-06-23T12:39:16+00:00</time>
      </trkpt>
      <trkpt lat="48.29139" lon="-4.27414">
        <ele>70</ele>
        <time>2026-06-23T12:39:19+00:00</time>
      </trkpt>
      <trkpt lat="48.29131" lon="-4.2738">
        <ele>70</ele>
        <time>2026-06-23T12:39:22+00:00</time>
      </trkpt>
      <trkpt lat="48.29121" lon="-4.27339">
        <ele>68</ele>
        <time>2026-06-23T12:39:25+00:00</time>
      </trkpt>
      <trkpt lat="48.29114" lon="-4.27301">
        <ele>67</ele>
        <time>2026-06-23T12:39:28+00:00</time>
      </trkpt>
      <trkpt lat="48.2911" lon="-4.27264">
        <ele>63</ele>
        <time>2026-06-23T12:39:31+00:00</time>
      </trkpt>
      <trkpt lat="48.29106" lon="-4.27217">
        <ele>61</ele>
        <time>2026-06-23T12:39:34+00:00</time>
      </trkpt>
      <trkpt lat="48.29104" lon="-4.27161">
        <ele>58</ele>
        <time>2026-06-23T12:39:37+00:00</time>
      </trkpt>
      <trkpt lat="48.29107" lon="-4.27116">
        <ele>54</ele>
        <time>2026-06-23T12:39:40+00:00</time>
      </trkpt>
      <trkpt lat="48.29115" lon="-4.27081">
        <ele>51</ele>
        <time>2026-06-23T12:39:43+00:00</time>
      </trkpt>
      <trkpt lat="48.29124" lon="-4.27038">
        <ele>46</ele>
        <time>2026-06-23T12:39:46+00:00</time>
      </trkpt>
      <trkpt lat="48.29127" lon="-4.26978">
        <ele>40</ele>
        <time>2026-06-23T12:39:49+00:00</time>
      </trkpt>
      <trkpt lat="48.29134" lon="-4.26921">
        <ele>35</ele>
        <time>2026-06-23T12:39:52+00:00</time>
      </trkpt>
      <trkpt lat="48.29145" lon="-4.26878">
        <ele>29</ele>
        <time>2026-06-23T12:39:55+00:00</time>
      </trkpt>
      <trkpt lat="48.29151" lon="-4.26851">
        <ele>28</ele>
        <time>2026-06-23T12:39:58+00:00</time>
      </trkpt>
      <trkpt lat="48.29154" lon="-4.26811">
        <ele>25</ele>
        <time>2026-06-23T12:40:01+00:00</time>
      </trkpt>
      <trkpt lat="48.29159" lon="-4.26749">
        <ele>22</ele>
        <time>2026-06-23T12:40:04+00:00</time>
      </trkpt>
      <trkpt lat="48.29181" lon="-4.26756">
        <ele>21</ele>
        <time>2026-06-23T12:40:07+00:00</time>
      </trkpt>
      <trkpt lat="48.29205" lon="-4.26764">
        <ele>21</ele>
        <time>2026-06-23T12:40:10+00:00</time>
      </trkpt>
      <trkpt lat="48.29229" lon="-4.26763">
        <ele>19</ele>
        <time>2026-06-23T12:40:13+00:00</time>
      </trkpt>
      <trkpt lat="48.29258" lon="-4.26762">
        <ele>17</ele>
        <time>2026-06-23T12:40:16+00:00</time>
      </trkpt>
      <trkpt lat="48.29299" lon="-4.26766">
        <ele>15</ele>
        <time>2026-06-23T12:40:19+00:00</time>
      </trkpt>
      <trkpt lat="48.29322" lon="-4.26769">
        <ele>14</ele>
        <time>2026-06-23T12:40:22+00:00</time>
      </trkpt>
      <trkpt lat="48.29347" lon="-4.26773">
        <ele>12</ele>
        <time>2026-06-23T12:40:25+00:00</time>
      </trkpt>
      <trkpt lat="48.2936" lon="-4.26782">
        <ele>12</ele>
        <time>2026-06-23T12:40:28+00:00</time>
      </trkpt>
      <trkpt lat="48.29377" lon="-4.26805">
        <ele>12</ele>
        <time>2026-06-23T12:40:31+00:00</time>
      </trkpt>
      <trkpt lat="48.29407" lon="-4.26844">
        <ele>11</ele>
        <time>2026-06-23T12:40:34+00:00</time>
      </trkpt>
      <trkpt lat="48.2943" lon="-4.26883">
        <ele>11</ele>
        <time>2026-06-23T12:40:37+00:00</time>
      </trkpt>
      <trkpt lat="48.29428" lon="-4.26895">
        <ele>9</ele>
        <time>2026-06-23T12:40:40+00:00</time>
      </trkpt>
      <trkpt lat="48.29433" lon="-4.26923">
        <ele>12</ele>
        <time>2026-06-23T12:40:43+00:00</time>
      </trkpt>
      <trkpt lat="48.29438" lon="-4.26952">
        <ele>14</ele>
        <time>2026-06-23T12:40:46+00:00</time>
      </trkpt>
      <trkpt lat="48.29445" lon="-4.26973">
        <ele>14</ele>
        <time>2026-06-23T12:40:49+00:00</time>
      </trkpt>
      <trkpt lat="48.29455" lon="-4.26989">
        <ele>14</ele>
        <time>2026-06-23T12:40:52+00:00</time>
      </trkpt>
      <trkpt lat="48.29469" lon="-4.27022">
        <ele>17</ele>
        <time>2026-06-23T12:40:55+00:00</time>
      </trkpt>
      <trkpt lat="48.2949" lon="-4.27069">
        <ele>18</ele>
        <time>2026-06-23T12:40:58+00:00</time>
      </trkpt>
      <trkpt lat="48.29506" lon="-4.27103">
        <ele>19</ele>
        <time>2026-06-23T12:41:01+00:00</time>
      </trkpt>
      <trkpt lat="48.29531" lon="-4.27156">
        <ele>24</ele>
        <time>2026-06-23T12:41:04+00:00</time>
      </trkpt>
      <trkpt lat="48.29542" lon="-4.27205">
        <ele>28</ele>
        <time>2026-06-23T12:41:07+00:00</time>
      </trkpt>
      <trkpt lat="48.29543" lon="-4.27206">
        <ele>28</ele>
        <time>2026-06-23T12:41:10+00:00</time>
      </trkpt>
      <trkpt lat="48.29546" lon="-4.27238">
        <ele>31</ele>
        <time>2026-06-23T12:41:13+00:00</time>
      </trkpt>
      <trkpt lat="48.29538" lon="-4.27285">
        <ele>37</ele>
        <time>2026-06-23T12:41:16+00:00</time>
      </trkpt>
      <trkpt lat="48.29528" lon="-4.27301">
        <ele>41</ele>
        <time>2026-06-23T12:41:19+00:00</time>
      </trkpt>
      <trkpt lat="48.29519" lon="-4.27321">
        <ele>41</ele>
        <time>2026-06-23T12:41:22+00:00</time>
      </trkpt>
      <trkpt lat="48.2951" lon="-4.27341">
        <ele>42</ele>
        <time>2026-06-23T12:41:25+00:00</time>
      </trkpt>
      <trkpt lat="48.29493" lon="-4.27397">
        <ele>43</ele>
        <time>2026-06-23T12:41:28+00:00</time>
      </trkpt>
      <trkpt lat="48.29485" lon="-4.27429">
        <ele>44</ele>
        <time>2026-06-23T12:41:31+00:00</time>
      </trkpt>
      <trkpt lat="48.29477" lon="-4.27463">
        <ele>44</ele>
        <time>2026-06-23T12:41:34+00:00</time>
      </trkpt>
      <trkpt lat="48.2947" lon="-4.27498">
        <ele>45</ele>
        <time>2026-06-23T12:41:37+00:00</time>
      </trkpt>
      <trkpt lat="48.29462" lon="-4.27538">
        <ele>49</ele>
        <time>2026-06-23T12:41:40+00:00</time>
      </trkpt>
      <trkpt lat="48.29454" lon="-4.27569">
        <ele>53</ele>
        <time>2026-06-23T12:41:43+00:00</time>
      </trkpt>
      <trkpt lat="48.29452" lon="-4.27588">
        <ele>54</ele>
        <time>2026-06-23T12:41:46+00:00</time>
      </trkpt>
      <trkpt lat="48.29453" lon="-4.27623">
        <ele>59</ele>
        <time>2026-06-23T12:41:49+00:00</time>
      </trkpt>
      <trkpt lat="48.29456" lon="-4.27684">
        <ele>64</ele>
        <time>2026-06-23T12:41:52+00:00</time>
      </trkpt>
      <trkpt lat="48.29455" lon="-4.27721">
        <ele>67</ele>
        <time>2026-06-23T12:41:55+00:00</time>
      </trkpt>
      <trkpt lat="48.29455" lon="-4.27766">
        <ele>69</ele>
        <time>2026-06-23T12:41:58+00:00</time>
      </trkpt>
      <trkpt lat="48.2945" lon="-4.27808">
        <ele>71</ele>
        <time>2026-06-23T12:42:01+00:00</time>
      </trkpt>
      <trkpt lat="48.29441" lon="-4.27878">
        <ele>74</ele>
        <time>2026-06-23T12:42:04+00:00</time>
      </trkpt>
      <trkpt lat="48.29428" lon="-4.27939">
        <ele>79</ele>
        <time>2026-06-23T12:42:07+00:00</time>
      </trkpt>
      <trkpt lat="48.29415" lon="-4.2797">
        <ele>81</ele>
        <time>2026-06-23T12:42:10+00:00</time>
      </trkpt>
      <trkpt lat="48.29399" lon="-4.28007">
        <ele>82</ele>
        <time>2026-06-23T12:42:13+00:00</time>
      </trkpt>
      <trkpt lat="48.29396" lon="-4.28041">
        <ele>82</ele>
        <time>2026-06-23T12:42:16+00:00</time>
      </trkpt>
      <trkpt lat="48.29393" lon="-4.28075">
        <ele>81</ele>
        <time>2026-06-23T12:42:19+00:00</time>
      </trkpt>
      <trkpt lat="48.29392" lon="-4.28118">
        <ele>79</ele>
        <time>2026-06-23T12:42:22+00:00</time>
      </trkpt>
      <trkpt lat="48.29394" lon="-4.28169">
        <ele>77</ele>
        <time>2026-06-23T12:42:25+00:00</time>
      </trkpt>
      <trkpt lat="48.29401" lon="-4.28181">
        <ele>77</ele>
        <time>2026-06-23T12:42:28+00:00</time>
      </trkpt>
      <trkpt lat="48.2942" lon="-4.28191">
        <ele>75</ele>
        <time>2026-06-23T12:42:31+00:00</time>
      </trkpt>
      <trkpt lat="48.29437" lon="-4.28217">
        <ele>73</ele>
        <time>2026-06-23T12:42:34+00:00</time>
      </trkpt>
      <trkpt lat="48.29457" lon="-4.28247">
        <ele>70</ele>
        <time>2026-06-23T12:42:37+00:00</time>
      </trkpt>
      <trkpt lat="48.29472" lon="-4.28277">
        <ele>62</ele>
        <time>2026-06-23T12:42:40+00:00</time>
      </trkpt>
      <trkpt lat="48.29492" lon="-4.28315">
        <ele>61</ele>
        <time>2026-06-23T12:42:43+00:00</time>
      </trkpt>
      <trkpt lat="48.29503" lon="-4.28346">
        <ele>60</ele>
        <time>2026-06-23T12:42:46+00:00</time>
      </trkpt>
      <trkpt lat="48.2951" lon="-4.28343">
        <ele>60</ele>
        <time>2026-06-23T12:42:49+00:00</time>
      </trkpt>
      <trkpt lat="48.29512" lon="-4.28322">
        <ele>53</ele>
        <time>2026-06-23T12:42:52+00:00</time>
      </trkpt>
      <trkpt lat="48.29508" lon="-4.28298">
        <ele>57</ele>
        <time>2026-06-23T12:42:55+00:00</time>
      </trkpt>
      <trkpt lat="48.2953" lon="-4.28275">
        <ele>50</ele>
        <time>2026-06-23T12:42:58+00:00</time>
      </trkpt>
      <trkpt lat="48.29538" lon="-4.28244">
        <ele>46</ele>
        <time>2026-06-23T12:43:01+00:00</time>
      </trkpt>
      <trkpt lat="48.29541" lon="-4.28216">
        <ele>42</ele>
        <time>2026-06-23T12:43:04+00:00</time>
      </trkpt>
      <trkpt lat="48.29541" lon="-4.28193">
        <ele>40</ele>
        <time>2026-06-23T12:43:07+00:00</time>
      </trkpt>
      <trkpt lat="48.29552" lon="-4.28175">
        <ele>41</ele>
        <time>2026-06-23T12:43:10+00:00</time>
      </trkpt>
      <trkpt lat="48.29563" lon="-4.28155">
        <ele>39</ele>
        <time>2026-06-23T12:43:13+00:00</time>
      </trkpt>
      <trkpt lat="48.29577" lon="-4.28121">
        <ele>39</ele>
        <time>2026-06-23T12:43:16+00:00</time>
      </trkpt>
      <trkpt lat="48.29597" lon="-4.2807">
        <ele>31</ele>
        <time>2026-06-23T12:43:19+00:00</time>
      </trkpt>
      <trkpt lat="48.29603" lon="-4.2808">
        <ele>30</ele>
        <time>2026-06-23T12:43:22+00:00</time>
      </trkpt>
      <trkpt lat="48.29605" lon="-4.28113">
        <ele>30</ele>
        <time>2026-06-23T12:43:25+00:00</time>
      </trkpt>
      <trkpt lat="48.29627" lon="-4.28169">
        <ele>27</ele>
        <time>2026-06-23T12:43:28+00:00</time>
      </trkpt>
      <trkpt lat="48.29623" lon="-4.282">
        <ele>24</ele>
        <time>2026-06-23T12:43:31+00:00</time>
      </trkpt>
      <trkpt lat="48.29651" lon="-4.28223">
        <ele>21</ele>
        <time>2026-06-23T12:43:34+00:00</time>
      </trkpt>
      <trkpt lat="48.29664" lon="-4.28265">
        <ele>20</ele>
        <time>2026-06-23T12:43:37+00:00</time>
      </trkpt>
      <trkpt lat="48.2967" lon="-4.283">
        <ele>20</ele>
        <time>2026-06-23T12:43:40+00:00</time>
      </trkpt>
      <trkpt lat="48.29677" lon="-4.28341">
        <ele>20</ele>
        <time>2026-06-23T12:43:43+00:00</time>
      </trkpt>
      <trkpt lat="48.29672" lon="-4.28397">
        <ele>20</ele>
        <time>2026-06-23T12:43:46+00:00</time>
      </trkpt>
      <trkpt lat="48.29677" lon="-4.2843">
        <ele>20</ele>
        <time>2026-06-23T12:43:49+00:00</time>
      </trkpt>
      <trkpt lat="48.29682" lon="-4.28463">
        <ele>14</ele>
        <time>2026-06-23T12:43:52+00:00</time>
      </trkpt>
      <trkpt lat="48.29684" lon="-4.28499">
        <ele>14</ele>
        <time>2026-06-23T12:43:55+00:00</time>
      </trkpt>
      <trkpt lat="48.29686" lon="-4.2854">
        <ele>17</ele>
        <time>2026-06-23T12:43:58+00:00</time>
      </trkpt>
      <trkpt lat="48.29691" lon="-4.2858">
        <ele>22</ele>
        <time>2026-06-23T12:44:01+00:00</time>
      </trkpt>
      <trkpt lat="48.29699" lon="-4.28643">
        <ele>21</ele>
        <time>2026-06-23T12:44:04+00:00</time>
      </trkpt>
      <trkpt lat="48.29708" lon="-4.28688">
        <ele>21</ele>
        <time>2026-06-23T12:44:07+00:00</time>
      </trkpt>
      <trkpt lat="48.29718" lon="-4.28707">
        <ele>21</ele>
        <time>2026-06-23T12:44:10+00:00</time>
      </trkpt>
      <trkpt lat="48.29722" lon="-4.28744">
        <ele>20</ele>
        <time>2026-06-23T12:44:13+00:00</time>
      </trkpt>
      <trkpt lat="48.29713" lon="-4.28782">
        <ele>20</ele>
        <time>2026-06-23T12:44:16+00:00</time>
      </trkpt>
      <trkpt lat="48.29699" lon="-4.28817">
        <ele>20</ele>
        <time>2026-06-23T12:44:19+00:00</time>
      </trkpt>
      <trkpt lat="48.29696" lon="-4.28853">
        <ele>20</ele>
        <time>2026-06-23T12:44:22+00:00</time>
      </trkpt>
      <trkpt lat="48.29693" lon="-4.28894">
        <ele>20</ele>
        <time>2026-06-23T12:44:25+00:00</time>
      </trkpt>
      <trkpt lat="48.29698" lon="-4.28932">
        <ele>19</ele>
        <time>2026-06-23T12:44:28+00:00</time>
      </trkpt>
      <trkpt lat="48.29691" lon="-4.28974">
        <ele>18</ele>
        <time>2026-06-23T12:44:31+00:00</time>
      </trkpt>
      <trkpt lat="48.29695" lon="-4.29026">
        <ele>18</ele>
        <time>2026-06-23T12:44:34+00:00</time>
      </trkpt>
      <trkpt lat="48.29689" lon="-4.29087">
        <ele>18</ele>
        <time>2026-06-23T12:44:37+00:00</time>
      </trkpt>
      <trkpt lat="48.29689" lon="-4.29133">
        <ele>16</ele>
        <time>2026-06-23T12:44:40+00:00</time>
      </trkpt>
      <trkpt lat="48.2969" lon="-4.29179">
        <ele>15</ele>
        <time>2026-06-23T12:44:43+00:00</time>
      </trkpt>
      <trkpt lat="48.2969" lon="-4.29234">
        <ele>15</ele>
        <time>2026-06-23T12:44:46+00:00</time>
      </trkpt>
      <trkpt lat="48.29694" lon="-4.29291">
        <ele>12</ele>
        <time>2026-06-23T12:44:49+00:00</time>
      </trkpt>
      <trkpt lat="48.29702" lon="-4.29328">
        <ele>13</ele>
        <time>2026-06-23T12:44:52+00:00</time>
      </trkpt>
      <trkpt lat="48.29707" lon="-4.29366">
        <ele>13</ele>
        <time>2026-06-23T12:44:55+00:00</time>
      </trkpt>
      <trkpt lat="48.29725" lon="-4.29399">
        <ele>13</ele>
        <time>2026-06-23T12:44:58+00:00</time>
      </trkpt>
      <trkpt lat="48.29739" lon="-4.29437">
        <ele>11</ele>
        <time>2026-06-23T12:45:01+00:00</time>
      </trkpt>
      <trkpt lat="48.29751" lon="-4.29495">
        <ele>11</ele>
        <time>2026-06-23T12:45:04+00:00</time>
      </trkpt>
      <trkpt lat="48.29756" lon="-4.29542">
        <ele>11</ele>
        <time>2026-06-23T12:45:07+00:00</time>
      </trkpt>
      <trkpt lat="48.29757" lon="-4.29576">
        <ele>10</ele>
        <time>2026-06-23T12:45:10+00:00</time>
      </trkpt>
      <trkpt lat="48.29758" lon="-4.29612">
        <ele>9</ele>
        <time>2026-06-23T12:45:13+00:00</time>
      </trkpt>
      <trkpt lat="48.29763" lon="-4.29644">
        <ele>9</ele>
        <time>2026-06-23T12:45:16+00:00</time>
      </trkpt>
      <trkpt lat="48.29762" lon="-4.29695">
        <ele>9</ele>
        <time>2026-06-23T12:45:19+00:00</time>
      </trkpt>
      <trkpt lat="48.2976" lon="-4.29747">
        <ele>11</ele>
        <time>2026-06-23T12:45:22+00:00</time>
      </trkpt>
      <trkpt lat="48.29759" lon="-4.29798">
        <ele>12</ele>
        <time>2026-06-23T12:45:25+00:00</time>
      </trkpt>
      <trkpt lat="48.29757" lon="-4.29858">
        <ele>12</ele>
        <time>2026-06-23T12:45:28+00:00</time>
      </trkpt>
      <trkpt lat="48.29759" lon="-4.29905">
        <ele>11</ele>
        <time>2026-06-23T12:45:31+00:00</time>
      </trkpt>
      <trkpt lat="48.29758" lon="-4.29959">
        <ele>11</ele>
        <time>2026-06-23T12:45:34+00:00</time>
      </trkpt>
      <trkpt lat="48.29754" lon="-4.29993">
        <ele>11</ele>
        <time>2026-06-23T12:45:37+00:00</time>
      </trkpt>
      <trkpt lat="48.29749" lon="-4.30027">
        <ele>11</ele>
        <time>2026-06-23T12:45:40+00:00</time>
      </trkpt>
      <trkpt lat="48.29751" lon="-4.30091">
        <ele>12</ele>
        <time>2026-06-23T12:45:43+00:00</time>
      </trkpt>
      <trkpt lat="48.29747" lon="-4.30138">
        <ele>13</ele>
        <time>2026-06-23T12:45:46+00:00</time>
      </trkpt>
      <trkpt lat="48.29744" lon="-4.30185">
        <ele>14</ele>
        <time>2026-06-23T12:45:49+00:00</time>
      </trkpt>
      <trkpt lat="48.29739" lon="-4.30247">
        <ele>14</ele>
        <time>2026-06-23T12:45:52+00:00</time>
      </trkpt>
      <trkpt lat="48.29737" lon="-4.30282">
        <ele>13</ele>
        <time>2026-06-23T12:45:55+00:00</time>
      </trkpt>
      <trkpt lat="48.29734" lon="-4.30321">
        <ele>14</ele>
        <time>2026-06-23T12:45:58+00:00</time>
      </trkpt>
      <trkpt lat="48.29727" lon="-4.30379">
        <ele>16</ele>
        <time>2026-06-23T12:46:01+00:00</time>
      </trkpt>
      <trkpt lat="48.29723" lon="-4.3044">
        <ele>16</ele>
        <time>2026-06-23T12:46:04+00:00</time>
      </trkpt>
      <trkpt lat="48.29726" lon="-4.30494">
        <ele>16</ele>
        <time>2026-06-23T12:46:07+00:00</time>
      </trkpt>
      <trkpt lat="48.29724" lon="-4.30535">
        <ele>17</ele>
        <time>2026-06-23T12:46:10+00:00</time>
      </trkpt>
      <trkpt lat="48.29722" lon="-4.306">
        <ele>21</ele>
        <time>2026-06-23T12:46:13+00:00</time>
      </trkpt>
      <trkpt lat="48.29707" lon="-4.30634">
        <ele>26</ele>
        <time>2026-06-23T12:46:16+00:00</time>
      </trkpt>
      <trkpt lat="48.29685" lon="-4.30684">
        <ele>29</ele>
        <time>2026-06-23T12:46:19+00:00</time>
      </trkpt>
      <trkpt lat="48.29678" lon="-4.30719">
        <ele>28</ele>
        <time>2026-06-23T12:46:22+00:00</time>
      </trkpt>
      <trkpt lat="48.2967" lon="-4.30762">
        <ele>28</ele>
        <time>2026-06-23T12:46:25+00:00</time>
      </trkpt>
      <trkpt lat="48.29659" lon="-4.30798">
        <ele>31</ele>
        <time>2026-06-23T12:46:28+00:00</time>
      </trkpt>
      <trkpt lat="48.29645" lon="-4.30846">
        <ele>31</ele>
        <time>2026-06-23T12:46:31+00:00</time>
      </trkpt>
      <trkpt lat="48.29634" lon="-4.30903">
        <ele>25</ele>
        <time>2026-06-23T12:46:34+00:00</time>
      </trkpt>
      <trkpt lat="48.29618" lon="-4.30935">
        <ele>25</ele>
        <time>2026-06-23T12:46:37+00:00</time>
      </trkpt>
      <trkpt lat="48.29597" lon="-4.30978">
        <ele>26</ele>
        <time>2026-06-23T12:46:40+00:00</time>
      </trkpt>
      <trkpt lat="48.29585" lon="-4.3102">
        <ele>26</ele>
        <time>2026-06-23T12:46:43+00:00</time>
      </trkpt>
      <trkpt lat="48.29573" lon="-4.31062">
        <ele>26</ele>
        <time>2026-06-23T12:46:46+00:00</time>
      </trkpt>
      <trkpt lat="48.2956" lon="-4.31109">
        <ele>25</ele>
        <time>2026-06-23T12:46:49+00:00</time>
      </trkpt>
      <trkpt lat="48.29544" lon="-4.31141">
        <ele>25</ele>
        <time>2026-06-23T12:46:52+00:00</time>
      </trkpt>
      <trkpt lat="48.29522" lon="-4.31188">
        <ele>26</ele>
        <time>2026-06-23T12:46:55+00:00</time>
      </trkpt>
      <trkpt lat="48.29506" lon="-4.31227">
        <ele>23</ele>
        <time>2026-06-23T12:46:58+00:00</time>
      </trkpt>
      <trkpt lat="48.2949" lon="-4.31266">
        <ele>23</ele>
        <time>2026-06-23T12:47:01+00:00</time>
      </trkpt>
      <trkpt lat="48.29473" lon="-4.31308">
        <ele>23</ele>
        <time>2026-06-23T12:47:04+00:00</time>
      </trkpt>
      <trkpt lat="48.29458" lon="-4.31357">
        <ele>25</ele>
        <time>2026-06-23T12:47:07+00:00</time>
      </trkpt>
      <trkpt lat="48.29442" lon="-4.31407">
        <ele>27</ele>
        <time>2026-06-23T12:47:10+00:00</time>
      </trkpt>
      <trkpt lat="48.29427" lon="-4.31456">
        <ele>28</ele>
        <time>2026-06-23T12:47:13+00:00</time>
      </trkpt>
      <trkpt lat="48.29412" lon="-4.31505">
        <ele>31</ele>
        <time>2026-06-23T12:47:16+00:00</time>
      </trkpt>
      <trkpt lat="48.29393" lon="-4.31565">
        <ele>31</ele>
        <time>2026-06-23T12:47:19+00:00</time>
      </trkpt>
      <trkpt lat="48.29383" lon="-4.31598">
        <ele>32</ele>
        <time>2026-06-23T12:47:22+00:00</time>
      </trkpt>
      <trkpt lat="48.29372" lon="-4.31634">
        <ele>33</ele>
        <time>2026-06-23T12:47:25+00:00</time>
      </trkpt>
      <trkpt lat="48.29355" lon="-4.31681">
        <ele>33</ele>
        <time>2026-06-23T12:47:28+00:00</time>
      </trkpt>
      <trkpt lat="48.29336" lon="-4.31714">
        <ele>31</ele>
        <time>2026-06-23T12:47:31+00:00</time>
      </trkpt>
      <trkpt lat="48.29301" lon="-4.31775">
        <ele>33</ele>
        <time>2026-06-23T12:47:34+00:00</time>
      </trkpt>
      <trkpt lat="48.29276" lon="-4.31805">
        <ele>33</ele>
        <time>2026-06-23T12:47:37+00:00</time>
      </trkpt>
      <trkpt lat="48.29252" lon="-4.31834">
        <ele>33</ele>
        <time>2026-06-23T12:47:40+00:00</time>
      </trkpt>
      <trkpt lat="48.29219" lon="-4.31874">
        <ele>33</ele>
        <time>2026-06-23T12:47:43+00:00</time>
      </trkpt>
      <trkpt lat="48.29188" lon="-4.31918">
        <ele>34</ele>
        <time>2026-06-23T12:47:46+00:00</time>
      </trkpt>
      <trkpt lat="48.2917" lon="-4.31951">
        <ele>34</ele>
        <time>2026-06-23T12:47:49+00:00</time>
      </trkpt>
      <trkpt lat="48.29142" lon="-4.32003">
        <ele>38</ele>
        <time>2026-06-23T12:47:52+00:00</time>
      </trkpt>
      <trkpt lat="48.29129" lon="-4.32037">
        <ele>36</ele>
        <time>2026-06-23T12:47:55+00:00</time>
      </trkpt>
      <trkpt lat="48.29111" lon="-4.32083">
        <ele>38</ele>
        <time>2026-06-23T12:47:58+00:00</time>
      </trkpt>
      <trkpt lat="48.29104" lon="-4.3212">
        <ele>40</ele>
        <time>2026-06-23T12:48:01+00:00</time>
      </trkpt>
      <trkpt lat="48.29095" lon="-4.32169">
        <ele>41</ele>
        <time>2026-06-23T12:48:04+00:00</time>
      </trkpt>
      <trkpt lat="48.2909" lon="-4.32208">
        <ele>39</ele>
        <time>2026-06-23T12:48:07+00:00</time>
      </trkpt>
      <trkpt lat="48.29083" lon="-4.32261">
        <ele>41</ele>
        <time>2026-06-23T12:48:10+00:00</time>
      </trkpt>
      <trkpt lat="48.29075" lon="-4.32301">
        <ele>40</ele>
        <time>2026-06-23T12:48:13+00:00</time>
      </trkpt>
      <trkpt lat="48.29069" lon="-4.32334">
        <ele>39</ele>
        <time>2026-06-23T12:48:16+00:00</time>
      </trkpt>
      <trkpt lat="48.29063" lon="-4.32366">
        <ele>34</ele>
        <time>2026-06-23T12:48:19+00:00</time>
      </trkpt>
      <trkpt lat="48.2906" lon="-4.32405">
        <ele>36</ele>
        <time>2026-06-23T12:48:22+00:00</time>
      </trkpt>
      <trkpt lat="48.29056" lon="-4.3246">
        <ele>36</ele>
        <time>2026-06-23T12:48:25+00:00</time>
      </trkpt>
      <trkpt lat="48.29057" lon="-4.3251">
        <ele>36</ele>
        <time>2026-06-23T12:48:28+00:00</time>
      </trkpt>
      <trkpt lat="48.29049" lon="-4.32542">
        <ele>37</ele>
        <time>2026-06-23T12:48:31+00:00</time>
      </trkpt>
      <trkpt lat="48.29042" lon="-4.32575">
        <ele>36</ele>
        <time>2026-06-23T12:48:34+00:00</time>
      </trkpt>
      <trkpt lat="48.29034" lon="-4.3262">
        <ele>36</ele>
        <time>2026-06-23T12:48:37+00:00</time>
      </trkpt>
      <trkpt lat="48.29026" lon="-4.32664">
        <ele>35</ele>
        <time>2026-06-23T12:48:40+00:00</time>
      </trkpt>
      <trkpt lat="48.29017" lon="-4.32716">
        <ele>36</ele>
        <time>2026-06-23T12:48:43+00:00</time>
      </trkpt>
      <trkpt lat="48.29008" lon="-4.32747">
        <ele>35</ele>
        <time>2026-06-23T12:48:46+00:00</time>
      </trkpt>
      <trkpt lat="48.28998" lon="-4.32779">
        <ele>34</ele>
        <time>2026-06-23T12:48:49+00:00</time>
      </trkpt>
      <trkpt lat="48.28992" lon="-4.32826">
        <ele>30</ele>
        <time>2026-06-23T12:48:52+00:00</time>
      </trkpt>
      <trkpt lat="48.28996" lon="-4.32861">
        <ele>28</ele>
        <time>2026-06-23T12:48:55+00:00</time>
      </trkpt>
      <trkpt lat="48.29001" lon="-4.32899">
        <ele>27</ele>
        <time>2026-06-23T12:48:58+00:00</time>
      </trkpt>
      <trkpt lat="48.28995" lon="-4.32955">
        <ele>25</ele>
        <time>2026-06-23T12:49:01+00:00</time>
      </trkpt>
      <trkpt lat="48.28992" lon="-4.32989">
        <ele>29</ele>
        <time>2026-06-23T12:49:04+00:00</time>
      </trkpt>
      <trkpt lat="48.2899" lon="-4.33023">
        <ele>29</ele>
        <time>2026-06-23T12:49:07+00:00</time>
      </trkpt>
      <trkpt lat="48.28983" lon="-4.33073">
        <ele>29</ele>
        <time>2026-06-23T12:49:10+00:00</time>
      </trkpt>
      <trkpt lat="48.28965" lon="-4.33108">
        <ele>30</ele>
        <time>2026-06-23T12:49:13+00:00</time>
      </trkpt>
      <trkpt lat="48.28935" lon="-4.3315">
        <ele>36</ele>
        <time>2026-06-23T12:49:16+00:00</time>
      </trkpt>
      <trkpt lat="48.28902" lon="-4.33178">
        <ele>39</ele>
        <time>2026-06-23T12:49:19+00:00</time>
      </trkpt>
      <trkpt lat="48.28881" lon="-4.332">
        <ele>40</ele>
        <time>2026-06-23T12:49:22+00:00</time>
      </trkpt>
      <trkpt lat="48.28855" lon="-4.33227">
        <ele>44</ele>
        <time>2026-06-23T12:49:25+00:00</time>
      </trkpt>
      <trkpt lat="48.28832" lon="-4.33243">
        <ele>45</ele>
        <time>2026-06-23T12:49:28+00:00</time>
      </trkpt>
      <trkpt lat="48.28803" lon="-4.33263">
        <ele>53</ele>
        <time>2026-06-23T12:49:31+00:00</time>
      </trkpt>
      <trkpt lat="48.28779" lon="-4.33276">
        <ele>55</ele>
        <time>2026-06-23T12:49:34+00:00</time>
      </trkpt>
      <trkpt lat="48.28757" lon="-4.33296">
        <ele>58</ele>
        <time>2026-06-23T12:49:37+00:00</time>
      </trkpt>
      <trkpt lat="48.28735" lon="-4.33307">
        <ele>58</ele>
        <time>2026-06-23T12:49:40+00:00</time>
      </trkpt>
      <trkpt lat="48.28716" lon="-4.33333">
        <ele>53</ele>
        <time>2026-06-23T12:49:43+00:00</time>
      </trkpt>
      <trkpt lat="48.28721" lon="-4.33392">
        <ele>46</ele>
        <time>2026-06-23T12:49:46+00:00</time>
      </trkpt>
      <trkpt lat="48.28715" lon="-4.33401">
        <ele>45</ele>
        <time>2026-06-23T12:49:49+00:00</time>
      </trkpt>
      <trkpt lat="48.28701" lon="-4.33413">
        <ele>43</ele>
        <time>2026-06-23T12:49:52+00:00</time>
      </trkpt>
      <trkpt lat="48.28691" lon="-4.3345">
        <ele>36</ele>
        <time>2026-06-23T12:49:55+00:00</time>
      </trkpt>
      <trkpt lat="48.2868" lon="-4.33469">
        <ele>25</ele>
        <time>2026-06-23T12:49:58+00:00</time>
      </trkpt>
      <trkpt lat="48.2867" lon="-4.33478">
        <ele>15</ele>
        <time>2026-06-23T12:50:01+00:00</time>
      </trkpt>
      <trkpt lat="48.28662" lon="-4.33493">
        <ele>14</ele>
        <time>2026-06-23T12:50:04+00:00</time>
      </trkpt>
      <trkpt lat="48.28652" lon="-4.33495">
        <ele>14</ele>
        <time>2026-06-23T12:50:07+00:00</time>
      </trkpt>
      <trkpt lat="48.28639" lon="-4.33503">
        <ele>8</ele>
        <time>2026-06-23T12:50:10+00:00</time>
      </trkpt>
      <trkpt lat="48.28642" lon="-4.33526">
        <ele>7</ele>
        <time>2026-06-23T12:50:13+00:00</time>
      </trkpt>
      <trkpt lat="48.28646" lon="-4.33549">
        <ele>6</ele>
        <time>2026-06-23T12:50:16+00:00</time>
      </trkpt>
      <trkpt lat="48.28655" lon="-4.33579">
        <ele>5</ele>
        <time>2026-06-23T12:50:19+00:00</time>
      </trkpt>
      <trkpt lat="48.28655" lon="-4.33593">
        <ele>4</ele>
        <time>2026-06-23T12:50:22+00:00</time>
      </trkpt>
      <trkpt lat="48.2865" lon="-4.33605">
        <ele>4</ele>
        <time>2026-06-23T12:50:25+00:00</time>
      </trkpt>
      <trkpt lat="48.28614" lon="-4.33645">
        <ele>4</ele>
        <time>2026-06-23T12:50:28+00:00</time>
      </trkpt>
      <trkpt lat="48.28605" lon="-4.33652">
        <ele>4</ele>
        <time>2026-06-23T12:50:31+00:00</time>
      </trkpt>
      <trkpt lat="48.28597" lon="-4.33657">
        <ele>4</ele>
        <time>2026-06-23T12:50:34+00:00</time>
      </trkpt>
      <trkpt lat="48.28584" lon="-4.33657">
        <ele>4</ele>
        <time>2026-06-23T12:50:37+00:00</time>
      </trkpt>
      <trkpt lat="48.28568" lon="-4.33652">
        <ele>4</ele>
        <time>2026-06-23T12:50:40+00:00</time>
      </trkpt>
      <trkpt lat="48.28557" lon="-4.33653">
        <ele>4</ele>
        <time>2026-06-23T12:50:43+00:00</time>
      </trkpt>
      <trkpt lat="48.28536" lon="-4.33676">
        <ele>5</ele>
        <time>2026-06-23T12:50:46+00:00</time>
      </trkpt>
      <trkpt lat="48.28496" lon="-4.3372">
        <ele>5</ele>
        <time>2026-06-23T12:50:49+00:00</time>
      </trkpt>
      <trkpt lat="48.2848" lon="-4.33732">
        <ele>5</ele>
        <time>2026-06-23T12:50:52+00:00</time>
      </trkpt>
      <trkpt lat="48.28473" lon="-4.33734">
        <ele>5</ele>
        <time>2026-06-23T12:50:55+00:00</time>
      </trkpt>
      <trkpt lat="48.2846" lon="-4.33734">
        <ele>6</ele>
        <time>2026-06-23T12:50:58+00:00</time>
      </trkpt>
      <trkpt lat="48.28436" lon="-4.33731">
        <ele>8</ele>
        <time>2026-06-23T12:51:01+00:00</time>
      </trkpt>
      <trkpt lat="48.28392" lon="-4.33725">
        <ele>11</ele>
        <time>2026-06-23T12:51:04+00:00</time>
      </trkpt>
      <trkpt lat="48.28377" lon="-4.33725">
        <ele>13</ele>
        <time>2026-06-23T12:51:07+00:00</time>
      </trkpt>
      <trkpt lat="48.28368" lon="-4.33727">
        <ele>13</ele>
        <time>2026-06-23T12:51:10+00:00</time>
      </trkpt>
      <trkpt lat="48.28357" lon="-4.33732">
        <ele>14</ele>
        <time>2026-06-23T12:51:13+00:00</time>
      </trkpt>
      <trkpt lat="48.28334" lon="-4.33752">
        <ele>15</ele>
        <time>2026-06-23T12:51:16+00:00</time>
      </trkpt>
      <trkpt lat="48.28311" lon="-4.33771">
        <ele>16</ele>
        <time>2026-06-23T12:51:19+00:00</time>
      </trkpt>
      <trkpt lat="48.28288" lon="-4.33791">
        <ele>15</ele>
        <time>2026-06-23T12:51:22+00:00</time>
      </trkpt>
      <trkpt lat="48.28285" lon="-4.33807">
        <ele>17</ele>
        <time>2026-06-23T12:51:25+00:00</time>
      </trkpt>
      <trkpt lat="48.28268" lon="-4.33846">
        <ele>14</ele>
        <time>2026-06-23T12:51:28+00:00</time>
      </trkpt>
      <trkpt lat="48.2825" lon="-4.33885">
        <ele>13</ele>
        <time>2026-06-23T12:51:31+00:00</time>
      </trkpt>
      <trkpt lat="48.28235" lon="-4.33918">
        <ele>10</ele>
        <time>2026-06-23T12:51:34+00:00</time>
      </trkpt>
      <trkpt lat="48.28215" lon="-4.33964">
        <ele>9</ele>
        <time>2026-06-23T12:51:37+00:00</time>
      </trkpt>
      <trkpt lat="48.2821" lon="-4.33992">
        <ele>9</ele>
        <time>2026-06-23T12:51:40+00:00</time>
      </trkpt>
      <trkpt lat="48.28205" lon="-4.34028">
        <ele>10</ele>
        <time>2026-06-23T12:51:43+00:00</time>
      </trkpt>
      <trkpt lat="48.28222" lon="-4.34023">
        <ele>13</ele>
        <time>2026-06-23T12:51:46+00:00</time>
      </trkpt>
      <trkpt lat="48.28241" lon="-4.34013">
        <ele>10</ele>
        <time>2026-06-23T12:51:49+00:00</time>
      </trkpt>
      <trkpt lat="48.28268" lon="-4.3399">
        <ele>10</ele>
        <time>2026-06-23T12:51:52+00:00</time>
      </trkpt>
      <trkpt lat="48.28286" lon="-4.33974">
        <ele>9</ele>
        <time>2026-06-23T12:51:55+00:00</time>
      </trkpt>
      <trkpt lat="48.28312" lon="-4.33943">
        <ele>8</ele>
        <time>2026-06-23T12:51:58+00:00</time>
      </trkpt>
      <trkpt lat="48.28337" lon="-4.3392">
        <ele>7</ele>
        <time>2026-06-23T12:52:01+00:00</time>
      </trkpt>
      <trkpt lat="48.2836" lon="-4.33891">
        <ele>4</ele>
        <time>2026-06-23T12:52:04+00:00</time>
      </trkpt>
      <trkpt lat="48.28378" lon="-4.33877">
        <ele>4</ele>
        <time>2026-06-23T12:52:07+00:00</time>
      </trkpt>
      <trkpt lat="48.28401" lon="-4.33868">
        <ele>4</ele>
        <time>2026-06-23T12:52:10+00:00</time>
      </trkpt>
      <trkpt lat="48.28424" lon="-4.33872">
        <ele>9</ele>
        <time>2026-06-23T12:52:13+00:00</time>
      </trkpt>
      <trkpt lat="48.28447" lon="-4.33875">
        <ele>9</ele>
        <time>2026-06-23T12:52:16+00:00</time>
      </trkpt>
      <trkpt lat="48.28479" lon="-4.33903">
        <ele>7</ele>
        <time>2026-06-23T12:52:19+00:00</time>
      </trkpt>
      <trkpt lat="48.28501" lon="-4.33915">
        <ele>10</ele>
        <time>2026-06-23T12:52:22+00:00</time>
      </trkpt>
      <trkpt lat="48.2851" lon="-4.33922">
        <ele>10</ele>
        <time>2026-06-23T12:52:25+00:00</time>
      </trkpt>
      <trkpt lat="48.28528" lon="-4.33952">
        <ele>8</ele>
        <time>2026-06-23T12:52:28+00:00</time>
      </trkpt>
      <trkpt lat="48.2854" lon="-4.33967">
        <ele>7</ele>
        <time>2026-06-23T12:52:31+00:00</time>
      </trkpt>
      <trkpt lat="48.28555" lon="-4.33979">
        <ele>6</ele>
        <time>2026-06-23T12:52:34+00:00</time>
      </trkpt>
      <trkpt lat="48.28573" lon="-4.33992">
        <ele>6</ele>
        <time>2026-06-23T12:52:37+00:00</time>
      </trkpt>
      <trkpt lat="48.28581" lon="-4.33995">
        <ele>4</ele>
        <time>2026-06-23T12:52:40+00:00</time>
      </trkpt>
      <trkpt lat="48.28584" lon="-4.34006">
        <ele>4</ele>
        <time>2026-06-23T12:52:43+00:00</time>
      </trkpt>
      <trkpt lat="48.28582" lon="-4.34035">
        <ele>7</ele>
        <time>2026-06-23T12:52:46+00:00</time>
      </trkpt>
      <trkpt lat="48.2858" lon="-4.34074">
        <ele>17</ele>
        <time>2026-06-23T12:52:49+00:00</time>
      </trkpt>
      <trkpt lat="48.28583" lon="-4.34109">
        <ele>19</ele>
        <time>2026-06-23T12:52:52+00:00</time>
      </trkpt>
      <trkpt lat="48.28586" lon="-4.34145">
        <ele>27</ele>
        <time>2026-06-23T12:52:55+00:00</time>
      </trkpt>
      <trkpt lat="48.28583" lon="-4.34171">
        <ele>28</ele>
        <time>2026-06-23T12:52:58+00:00</time>
      </trkpt>
      <trkpt lat="48.28573" lon="-4.34192">
        <ele>34</ele>
        <time>2026-06-23T12:53:01+00:00</time>
      </trkpt>
      <trkpt lat="48.28553" lon="-4.34213">
        <ele>36</ele>
        <time>2026-06-23T12:53:04+00:00</time>
      </trkpt>
      <trkpt lat="48.28534" lon="-4.34226">
        <ele>39</ele>
        <time>2026-06-23T12:53:07+00:00</time>
      </trkpt>
      <trkpt lat="48.28523" lon="-4.34194">
        <ele>43</ele>
        <time>2026-06-23T12:53:10+00:00</time>
      </trkpt>
      <trkpt lat="48.28517" lon="-4.34189">
        <ele>43</ele>
        <time>2026-06-23T12:53:13+00:00</time>
      </trkpt>
      <trkpt lat="48.28512" lon="-4.34192">
        <ele>43</ele>
        <time>2026-06-23T12:53:16+00:00</time>
      </trkpt>
      <trkpt lat="48.28493" lon="-4.34224">
        <ele>51</ele>
        <time>2026-06-23T12:53:19+00:00</time>
      </trkpt>
      <trkpt lat="48.28473" lon="-4.34256">
        <ele>55</ele>
        <time>2026-06-23T12:53:22+00:00</time>
      </trkpt>
      <trkpt lat="48.28458" lon="-4.34281">
        <ele>59</ele>
        <time>2026-06-23T12:53:25+00:00</time>
      </trkpt>
      <trkpt lat="48.28443" lon="-4.34307">
        <ele>59</ele>
        <time>2026-06-23T12:53:28+00:00</time>
      </trkpt>
      <trkpt lat="48.28426" lon="-4.3434">
        <ele>64</ele>
        <time>2026-06-23T12:53:31+00:00</time>
      </trkpt>
      <trkpt lat="48.28399" lon="-4.34391">
        <ele>66</ele>
        <time>2026-06-23T12:53:34+00:00</time>
      </trkpt>
      <trkpt lat="48.28378" lon="-4.34433">
        <ele>66</ele>
        <time>2026-06-23T12:53:37+00:00</time>
      </trkpt>
      <trkpt lat="48.28362" lon="-4.34464">
        <ele>67</ele>
        <time>2026-06-23T12:53:40+00:00</time>
      </trkpt>
      <trkpt lat="48.28339" lon="-4.34507">
        <ele>67</ele>
        <time>2026-06-23T12:53:43+00:00</time>
      </trkpt>
      <trkpt lat="48.28325" lon="-4.34538">
        <ele>67</ele>
        <time>2026-06-23T12:53:46+00:00</time>
      </trkpt>
      <trkpt lat="48.28308" lon="-4.34575">
        <ele>67</ele>
        <time>2026-06-23T12:53:49+00:00</time>
      </trkpt>
      <trkpt lat="48.28278" lon="-4.34563">
        <ele>67</ele>
        <time>2026-06-23T12:53:52+00:00</time>
      </trkpt>
      <trkpt lat="48.28248" lon="-4.3455">
        <ele>68</ele>
        <time>2026-06-23T12:53:55+00:00</time>
      </trkpt>
      <trkpt lat="48.28211" lon="-4.34535">
        <ele>70</ele>
        <time>2026-06-23T12:53:58+00:00</time>
      </trkpt>
      <trkpt lat="48.28196" lon="-4.34569">
        <ele>70</ele>
        <time>2026-06-23T12:54:01+00:00</time>
      </trkpt>
      <trkpt lat="48.28177" lon="-4.34602">
        <ele>70</ele>
        <time>2026-06-23T12:54:04+00:00</time>
      </trkpt>
      <trkpt lat="48.28159" lon="-4.34625">
        <ele>70</ele>
        <time>2026-06-23T12:54:07+00:00</time>
      </trkpt>
      <trkpt lat="48.2814" lon="-4.34649">
        <ele>71</ele>
        <time>2026-06-23T12:54:10+00:00</time>
      </trkpt>
      <trkpt lat="48.28115" lon="-4.34677">
        <ele>71</ele>
        <time>2026-06-23T12:54:13+00:00</time>
      </trkpt>
      <trkpt lat="48.28091" lon="-4.34705">
        <ele>71</ele>
        <time>2026-06-23T12:54:16+00:00</time>
      </trkpt>
      <trkpt lat="48.28062" lon="-4.34738">
        <ele>71</ele>
        <time>2026-06-23T12:54:19+00:00</time>
      </trkpt>
      <trkpt lat="48.28046" lon="-4.34759">
        <ele>71</ele>
        <time>2026-06-23T12:54:22+00:00</time>
      </trkpt>
      <trkpt lat="48.28028" lon="-4.34788">
        <ele>71</ele>
        <time>2026-06-23T12:54:25+00:00</time>
      </trkpt>
      <trkpt lat="48.28017" lon="-4.34811">
        <ele>71</ele>
        <time>2026-06-23T12:54:28+00:00</time>
      </trkpt>
      <trkpt lat="48.28011" lon="-4.34828">
        <ele>71</ele>
        <time>2026-06-23T12:54:31+00:00</time>
      </trkpt>
      <trkpt lat="48.27999" lon="-4.34872">
        <ele>71</ele>
        <time>2026-06-23T12:54:34+00:00</time>
      </trkpt>
      <trkpt lat="48.27987" lon="-4.34915">
        <ele>71</ele>
        <time>2026-06-23T12:54:37+00:00</time>
      </trkpt>
      <trkpt lat="48.27975" lon="-4.34959">
        <ele>71</ele>
        <time>2026-06-23T12:54:40+00:00</time>
      </trkpt>
      <trkpt lat="48.27959" lon="-4.35016">
        <ele>71</ele>
        <time>2026-06-23T12:54:43+00:00</time>
      </trkpt>
      <trkpt lat="48.27944" lon="-4.35072">
        <ele>72</ele>
        <time>2026-06-23T12:54:46+00:00</time>
      </trkpt>
      <trkpt lat="48.27935" lon="-4.35118">
        <ele>72</ele>
        <time>2026-06-23T12:54:49+00:00</time>
      </trkpt>
      <trkpt lat="48.27926" lon="-4.35164">
        <ele>74</ele>
        <time>2026-06-23T12:54:52+00:00</time>
      </trkpt>
      <trkpt lat="48.27912" lon="-4.35233">
        <ele>74</ele>
        <time>2026-06-23T12:54:55+00:00</time>
      </trkpt>
      <trkpt lat="48.27941" lon="-4.35259">
        <ele>73</ele>
        <time>2026-06-23T12:54:58+00:00</time>
      </trkpt>
      <trkpt lat="48.27966" lon="-4.35301">
        <ele>68</ele>
        <time>2026-06-23T12:55:01+00:00</time>
      </trkpt>
      <trkpt lat="48.27997" lon="-4.35341">
        <ele>65</ele>
        <time>2026-06-23T12:55:04+00:00</time>
      </trkpt>
      <trkpt lat="48.2801" lon="-4.35362">
        <ele>62</ele>
        <time>2026-06-23T12:55:07+00:00</time>
      </trkpt>
      <trkpt lat="48.28024" lon="-4.35391">
        <ele>58</ele>
        <time>2026-06-23T12:55:10+00:00</time>
      </trkpt>
      <trkpt lat="48.28041" lon="-4.35423">
        <ele>54</ele>
        <time>2026-06-23T12:55:13+00:00</time>
      </trkpt>
      <trkpt lat="48.28061" lon="-4.35443">
        <ele>51</ele>
        <time>2026-06-23T12:55:16+00:00</time>
      </trkpt>
      <trkpt lat="48.28086" lon="-4.35466">
        <ele>46</ele>
        <time>2026-06-23T12:55:19+00:00</time>
      </trkpt>
      <trkpt lat="48.28091" lon="-4.35473">
        <ele>45</ele>
        <time>2026-06-23T12:55:22+00:00</time>
      </trkpt>
      <trkpt lat="48.28081" lon="-4.35494">
        <ele>45</ele>
        <time>2026-06-23T12:55:25+00:00</time>
      </trkpt>
      <trkpt lat="48.2807" lon="-4.35529">
        <ele>45</ele>
        <time>2026-06-23T12:55:28+00:00</time>
      </trkpt>
      <trkpt lat="48.28055" lon="-4.35578">
        <ele>45</ele>
        <time>2026-06-23T12:55:31+00:00</time>
      </trkpt>
      <trkpt lat="48.28052" lon="-4.35635">
        <ele>45</ele>
        <time>2026-06-23T12:55:34+00:00</time>
      </trkpt>
      <trkpt lat="48.28052" lon="-4.35673">
        <ele>46</ele>
        <time>2026-06-23T12:55:37+00:00</time>
      </trkpt>
      <trkpt lat="48.28052" lon="-4.35721">
        <ele>47</ele>
        <time>2026-06-23T12:55:40+00:00</time>
      </trkpt>
      <trkpt lat="48.28049" lon="-4.35755">
        <ele>51</ele>
        <time>2026-06-23T12:55:43+00:00</time>
      </trkpt>
      <trkpt lat="48.28047" lon="-4.35789">
        <ele>52</ele>
        <time>2026-06-23T12:55:46+00:00</time>
      </trkpt>
      <trkpt lat="48.28036" lon="-4.35832">
        <ele>52</ele>
        <time>2026-06-23T12:55:49+00:00</time>
      </trkpt>
      <trkpt lat="48.28026" lon="-4.35874">
        <ele>53</ele>
        <time>2026-06-23T12:55:52+00:00</time>
      </trkpt>
      <trkpt lat="48.28014" lon="-4.35921">
        <ele>52</ele>
        <time>2026-06-23T12:55:55+00:00</time>
      </trkpt>
      <trkpt lat="48.28008" lon="-4.35937">
        <ele>53</ele>
        <time>2026-06-23T12:55:58+00:00</time>
      </trkpt>
      <trkpt lat="48.27992" lon="-4.35963">
        <ele>52</ele>
        <time>2026-06-23T12:56:01+00:00</time>
      </trkpt>
      <trkpt lat="48.27965" lon="-4.36008">
        <ele>52</ele>
        <time>2026-06-23T12:56:04+00:00</time>
      </trkpt>
      <trkpt lat="48.27944" lon="-4.36033">
        <ele>54</ele>
        <time>2026-06-23T12:56:07+00:00</time>
      </trkpt>
      <trkpt lat="48.27915" lon="-4.36069">
        <ele>55</ele>
        <time>2026-06-23T12:56:10+00:00</time>
      </trkpt>
      <trkpt lat="48.27894" lon="-4.36101">
        <ele>56</ele>
        <time>2026-06-23T12:56:13+00:00</time>
      </trkpt>
      <trkpt lat="48.27853" lon="-4.36162">
        <ele>56</ele>
        <time>2026-06-23T12:56:16+00:00</time>
      </trkpt>
      <trkpt lat="48.27831" lon="-4.36184">
        <ele>56</ele>
        <time>2026-06-23T12:56:19+00:00</time>
      </trkpt>
      <trkpt lat="48.27799" lon="-4.36215">
        <ele>58</ele>
        <time>2026-06-23T12:56:22+00:00</time>
      </trkpt>
      <trkpt lat="48.27779" lon="-4.36234">
        <ele>61</ele>
        <time>2026-06-23T12:56:25+00:00</time>
      </trkpt>
      <trkpt lat="48.27756" lon="-4.36256">
        <ele>61</ele>
        <time>2026-06-23T12:56:28+00:00</time>
      </trkpt>
      <trkpt lat="48.2773" lon="-4.36308">
        <ele>62</ele>
        <time>2026-06-23T12:56:31+00:00</time>
      </trkpt>
      <trkpt lat="48.27719" lon="-4.36341">
        <ele>62</ele>
        <time>2026-06-23T12:56:34+00:00</time>
      </trkpt>
      <trkpt lat="48.27705" lon="-4.3638">
        <ele>62</ele>
        <time>2026-06-23T12:56:37+00:00</time>
      </trkpt>
      <trkpt lat="48.27691" lon="-4.36413">
        <ele>62</ele>
        <time>2026-06-23T12:56:40+00:00</time>
      </trkpt>
      <trkpt lat="48.27677" lon="-4.36439">
        <ele>64</ele>
        <time>2026-06-23T12:56:43+00:00</time>
      </trkpt>
      <trkpt lat="48.27658" lon="-4.36471">
        <ele>66</ele>
        <time>2026-06-23T12:56:46+00:00</time>
      </trkpt>
      <trkpt lat="48.27626" lon="-4.36524">
        <ele>66</ele>
        <time>2026-06-23T12:56:49+00:00</time>
      </trkpt>
      <trkpt lat="48.27605" lon="-4.36568">
        <ele>66</ele>
        <time>2026-06-23T12:56:52+00:00</time>
      </trkpt>
      <trkpt lat="48.27593" lon="-4.36599">
        <ele>67</ele>
        <time>2026-06-23T12:56:55+00:00</time>
      </trkpt>
      <trkpt lat="48.27581" lon="-4.36632">
        <ele>67</ele>
        <time>2026-06-23T12:56:58+00:00</time>
      </trkpt>
      <trkpt lat="48.27571" lon="-4.36646">
        <ele>67</ele>
        <time>2026-06-23T12:57:01+00:00</time>
      </trkpt>
      <trkpt lat="48.27558" lon="-4.3665">
        <ele>68</ele>
        <time>2026-06-23T12:57:04+00:00</time>
      </trkpt>
      <trkpt lat="48.27558" lon="-4.3668">
        <ele>68</ele>
        <time>2026-06-23T12:57:07+00:00</time>
      </trkpt>
      <trkpt lat="48.27581" lon="-4.36677">
        <ele>67</ele>
        <time>2026-06-23T12:57:10+00:00</time>
      </trkpt>
      <trkpt lat="48.27607" lon="-4.36674">
        <ele>63</ele>
        <time>2026-06-23T12:57:13+00:00</time>
      </trkpt>
      <trkpt lat="48.2763" lon="-4.36681">
        <ele>61</ele>
        <time>2026-06-23T12:57:16+00:00</time>
      </trkpt>
      <trkpt lat="48.27654" lon="-4.36688">
        <ele>58</ele>
        <time>2026-06-23T12:57:19+00:00</time>
      </trkpt>
      <trkpt lat="48.27656" lon="-4.36702">
        <ele>57</ele>
        <time>2026-06-23T12:57:22+00:00</time>
      </trkpt>
      <trkpt lat="48.27656" lon="-4.3674">
        <ele>57</ele>
        <time>2026-06-23T12:57:25+00:00</time>
      </trkpt>
      <trkpt lat="48.27655" lon="-4.36775">
        <ele>57</ele>
        <time>2026-06-23T12:57:28+00:00</time>
      </trkpt>
      <trkpt lat="48.27654" lon="-4.36812">
        <ele>57</ele>
        <time>2026-06-23T12:57:31+00:00</time>
      </trkpt>
      <trkpt lat="48.27649" lon="-4.36876">
        <ele>60</ele>
        <time>2026-06-23T12:57:34+00:00</time>
      </trkpt>
      <trkpt lat="48.27648" lon="-4.3693">
        <ele>60</ele>
        <time>2026-06-23T12:57:37+00:00</time>
      </trkpt>
      <trkpt lat="48.27652" lon="-4.36927">
        <ele>60</ele>
        <time>2026-06-23T12:57:40+00:00</time>
      </trkpt>
      <trkpt lat="48.27655" lon="-4.36923">
        <ele>60</ele>
        <time>2026-06-23T12:57:43+00:00</time>
      </trkpt>
      <trkpt lat="48.27664" lon="-4.36888">
        <ele>55</ele>
        <time>2026-06-23T12:57:46+00:00</time>
      </trkpt>
      <trkpt lat="48.27681" lon="-4.36826">
        <ele>45</ele>
        <time>2026-06-23T12:57:49+00:00</time>
      </trkpt>
      <trkpt lat="48.277" lon="-4.3677">
        <ele>38</ele>
        <time>2026-06-23T12:57:52+00:00</time>
      </trkpt>
      <trkpt lat="48.27705" lon="-4.36751">
        <ele>40</ele>
        <time>2026-06-23T12:57:55+00:00</time>
      </trkpt>
      <trkpt lat="48.27715" lon="-4.36733">
        <ele>34</ele>
        <time>2026-06-23T12:57:58+00:00</time>
      </trkpt>
      <trkpt lat="48.27724" lon="-4.36726">
        <ele>27</ele>
        <time>2026-06-23T12:58:01+00:00</time>
      </trkpt>
      <trkpt lat="48.27726" lon="-4.36761">
        <ele>25</ele>
        <time>2026-06-23T12:58:04+00:00</time>
      </trkpt>
      <trkpt lat="48.27729" lon="-4.36816">
        <ele>23</ele>
        <time>2026-06-23T12:58:07+00:00</time>
      </trkpt>
      <trkpt lat="48.27733" lon="-4.36849">
        <ele>23</ele>
        <time>2026-06-23T12:58:10+00:00</time>
      </trkpt>
      <trkpt lat="48.27738" lon="-4.36883">
        <ele>21</ele>
        <time>2026-06-23T12:58:13+00:00</time>
      </trkpt>
      <trkpt lat="48.27743" lon="-4.36944">
        <ele>20</ele>
        <time>2026-06-23T12:58:16+00:00</time>
      </trkpt>
      <trkpt lat="48.27741" lon="-4.36978">
        <ele>20</ele>
        <time>2026-06-23T12:58:19+00:00</time>
      </trkpt>
      <trkpt lat="48.27739" lon="-4.37014">
        <ele>23</ele>
        <time>2026-06-23T12:58:22+00:00</time>
      </trkpt>
      <trkpt lat="48.27742" lon="-4.37038">
        <ele>24</ele>
        <time>2026-06-23T12:58:25+00:00</time>
      </trkpt>
      <trkpt lat="48.27751" lon="-4.37077">
        <ele>26</ele>
        <time>2026-06-23T12:58:28+00:00</time>
      </trkpt>
      <trkpt lat="48.27754" lon="-4.37115">
        <ele>23</ele>
        <time>2026-06-23T12:58:31+00:00</time>
      </trkpt>
      <trkpt lat="48.27761" lon="-4.37153">
        <ele>25</ele>
        <time>2026-06-23T12:58:34+00:00</time>
      </trkpt>
      <trkpt lat="48.27758" lon="-4.3719">
        <ele>24</ele>
        <time>2026-06-23T12:58:37+00:00</time>
      </trkpt>
      <trkpt lat="48.27755" lon="-4.37235">
        <ele>23</ele>
        <time>2026-06-23T12:58:40+00:00</time>
      </trkpt>
      <trkpt lat="48.27749" lon="-4.37244">
        <ele>23</ele>
        <time>2026-06-23T12:58:43+00:00</time>
      </trkpt>
      <trkpt lat="48.27745" lon="-4.37275">
        <ele>22</ele>
        <time>2026-06-23T12:58:46+00:00</time>
      </trkpt>
      <trkpt lat="48.2774" lon="-4.37312">
        <ele>22</ele>
        <time>2026-06-23T12:58:49+00:00</time>
      </trkpt>
      <trkpt lat="48.27729" lon="-4.37345">
        <ele>21</ele>
        <time>2026-06-23T12:58:52+00:00</time>
      </trkpt>
      <trkpt lat="48.27715" lon="-4.37387">
        <ele>21</ele>
        <time>2026-06-23T12:58:55+00:00</time>
      </trkpt>
      <trkpt lat="48.27707" lon="-4.37425">
        <ele>21</ele>
        <time>2026-06-23T12:58:58+00:00</time>
      </trkpt>
      <trkpt lat="48.27697" lon="-4.37458">
        <ele>20</ele>
        <time>2026-06-23T12:59:01+00:00</time>
      </trkpt>
      <trkpt lat="48.27686" lon="-4.37495">
        <ele>20</ele>
        <time>2026-06-23T12:59:04+00:00</time>
      </trkpt>
      <trkpt lat="48.27677" lon="-4.37529">
        <ele>19</ele>
        <time>2026-06-23T12:59:07+00:00</time>
      </trkpt>
      <trkpt lat="48.27667" lon="-4.3757">
        <ele>19</ele>
        <time>2026-06-23T12:59:10+00:00</time>
      </trkpt>
      <trkpt lat="48.27652" lon="-4.37608">
        <ele>18</ele>
        <time>2026-06-23T12:59:13+00:00</time>
      </trkpt>
      <trkpt lat="48.27623" lon="-4.37683">
        <ele>20</ele>
        <time>2026-06-23T12:59:16+00:00</time>
      </trkpt>
      <trkpt lat="48.27613" lon="-4.37721">
        <ele>22</ele>
        <time>2026-06-23T12:59:19+00:00</time>
      </trkpt>
      <trkpt lat="48.27597" lon="-4.3778">
        <ele>23</ele>
        <time>2026-06-23T12:59:22+00:00</time>
      </trkpt>
      <trkpt lat="48.27585" lon="-4.37829">
        <ele>22</ele>
        <time>2026-06-23T12:59:25+00:00</time>
      </trkpt>
      <trkpt lat="48.27576" lon="-4.37863">
        <ele>22</ele>
        <time>2026-06-23T12:59:28+00:00</time>
      </trkpt>
      <trkpt lat="48.27566" lon="-4.37901">
        <ele>21</ele>
        <time>2026-06-23T12:59:31+00:00</time>
      </trkpt>
      <trkpt lat="48.27564" lon="-4.37934">
        <ele>21</ele>
        <time>2026-06-23T12:59:34+00:00</time>
      </trkpt>
      <trkpt lat="48.27559" lon="-4.37957">
        <ele>18</ele>
        <time>2026-06-23T12:59:37+00:00</time>
      </trkpt>
      <trkpt lat="48.27551" lon="-4.37986">
        <ele>19</ele>
        <time>2026-06-23T12:59:40+00:00</time>
      </trkpt>
      <trkpt lat="48.27538" lon="-4.38032">
        <ele>18</ele>
        <time>2026-06-23T12:59:43+00:00</time>
      </trkpt>
      <trkpt lat="48.27532" lon="-4.38073">
        <ele>16</ele>
        <time>2026-06-23T12:59:46+00:00</time>
      </trkpt>
      <trkpt lat="48.27522" lon="-4.3814">
        <ele>18</ele>
        <time>2026-06-23T12:59:49+00:00</time>
      </trkpt>
      <trkpt lat="48.27519" lon="-4.38181">
        <ele>18</ele>
        <time>2026-06-23T12:59:52+00:00</time>
      </trkpt>
      <trkpt lat="48.27514" lon="-4.38246">
        <ele>17</ele>
        <time>2026-06-23T12:59:55+00:00</time>
      </trkpt>
      <trkpt lat="48.2751" lon="-4.38285">
        <ele>17</ele>
        <time>2026-06-23T12:59:58+00:00</time>
      </trkpt>
      <trkpt lat="48.27504" lon="-4.38337">
        <ele>18</ele>
        <time>2026-06-23T13:00:01+00:00</time>
      </trkpt>
      <trkpt lat="48.27499" lon="-4.38371">
        <ele>19</ele>
        <time>2026-06-23T13:00:04+00:00</time>
      </trkpt>
      <trkpt lat="48.27493" lon="-4.38408">
        <ele>19</ele>
        <time>2026-06-23T13:00:07+00:00</time>
      </trkpt>
      <trkpt lat="48.27471" lon="-4.38433">
        <ele>23</ele>
        <time>2026-06-23T13:00:10+00:00</time>
      </trkpt>
      <trkpt lat="48.27448" lon="-4.3845">
        <ele>28</ele>
        <time>2026-06-23T13:00:13+00:00</time>
      </trkpt>
      <trkpt lat="48.27436" lon="-4.38513">
        <ele>26</ele>
        <time>2026-06-23T13:00:16+00:00</time>
      </trkpt>
      <trkpt lat="48.27468" lon="-4.38548">
        <ele>25</ele>
        <time>2026-06-23T13:00:19+00:00</time>
      </trkpt>
      <trkpt lat="48.27475" lon="-4.3859">
        <ele>20</ele>
        <time>2026-06-23T13:00:22+00:00</time>
      </trkpt>
      <trkpt lat="48.27488" lon="-4.38668">
        <ele>17</ele>
        <time>2026-06-23T13:00:25+00:00</time>
      </trkpt>
      <trkpt lat="48.27487" lon="-4.3872">
        <ele>15</ele>
        <time>2026-06-23T13:00:28+00:00</time>
      </trkpt>
      <trkpt lat="48.27489" lon="-4.38767">
        <ele>15</ele>
        <time>2026-06-23T13:00:31+00:00</time>
      </trkpt>
      <trkpt lat="48.27491" lon="-4.38813">
        <ele>15</ele>
        <time>2026-06-23T13:00:34+00:00</time>
      </trkpt>
      <trkpt lat="48.27494" lon="-4.38872">
        <ele>15</ele>
        <time>2026-06-23T13:00:37+00:00</time>
      </trkpt>
      <trkpt lat="48.27493" lon="-4.38916">
        <ele>15</ele>
        <time>2026-06-23T13:00:40+00:00</time>
      </trkpt>
      <trkpt lat="48.27491" lon="-4.38997">
        <ele>15</ele>
        <time>2026-06-23T13:00:43+00:00</time>
      </trkpt>
      <trkpt lat="48.27486" lon="-4.39043">
        <ele>14</ele>
        <time>2026-06-23T13:00:46+00:00</time>
      </trkpt>
      <trkpt lat="48.27481" lon="-4.39088">
        <ele>14</ele>
        <time>2026-06-23T13:00:49+00:00</time>
      </trkpt>
      <trkpt lat="48.27475" lon="-4.39142">
        <ele>18</ele>
        <time>2026-06-23T13:00:52+00:00</time>
      </trkpt>
      <trkpt lat="48.27468" lon="-4.39181">
        <ele>20</ele>
        <time>2026-06-23T13:00:55+00:00</time>
      </trkpt>
      <trkpt lat="48.27459" lon="-4.39236">
        <ele>20</ele>
        <time>2026-06-23T13:00:58+00:00</time>
      </trkpt>
      <trkpt lat="48.27454" lon="-4.39302">
        <ele>20</ele>
        <time>2026-06-23T13:01:01+00:00</time>
      </trkpt>
      <trkpt lat="48.27453" lon="-4.39348">
        <ele>19</ele>
        <time>2026-06-23T13:01:04+00:00</time>
      </trkpt>
      <trkpt lat="48.27453" lon="-4.39394">
        <ele>18</ele>
        <time>2026-06-23T13:01:07+00:00</time>
      </trkpt>
      <trkpt lat="48.27452" lon="-4.39449">
        <ele>21</ele>
        <time>2026-06-23T13:01:10+00:00</time>
      </trkpt>
      <trkpt lat="48.27449" lon="-4.39487">
        <ele>21</ele>
        <time>2026-06-23T13:01:13+00:00</time>
      </trkpt>
      <trkpt lat="48.27446" lon="-4.39534">
        <ele>21</ele>
        <time>2026-06-23T13:01:16+00:00</time>
      </trkpt>
      <trkpt lat="48.27449" lon="-4.39585">
        <ele>21</ele>
        <time>2026-06-23T13:01:19+00:00</time>
      </trkpt>
      <trkpt lat="48.27447" lon="-4.39635">
        <ele>20</ele>
        <time>2026-06-23T13:01:22+00:00</time>
      </trkpt>
      <trkpt lat="48.27449" lon="-4.39674">
        <ele>20</ele>
        <time>2026-06-23T13:01:25+00:00</time>
      </trkpt>
      <trkpt lat="48.27451" lon="-4.39726">
        <ele>18</ele>
        <time>2026-06-23T13:01:28+00:00</time>
      </trkpt>
      <trkpt lat="48.27456" lon="-4.39767">
        <ele>18</ele>
        <time>2026-06-23T13:01:31+00:00</time>
      </trkpt>
      <trkpt lat="48.27463" lon="-4.39833">
        <ele>19</ele>
        <time>2026-06-23T13:01:34+00:00</time>
      </trkpt>
      <trkpt lat="48.2747" lon="-4.39886">
        <ele>17</ele>
        <time>2026-06-23T13:01:37+00:00</time>
      </trkpt>
      <trkpt lat="48.27475" lon="-4.39928">
        <ele>15</ele>
        <time>2026-06-23T13:01:40+00:00</time>
      </trkpt>
      <trkpt lat="48.27483" lon="-4.40001">
        <ele>13</ele>
        <time>2026-06-23T13:01:43+00:00</time>
      </trkpt>
      <trkpt lat="48.27487" lon="-4.40038">
        <ele>14</ele>
        <time>2026-06-23T13:01:46+00:00</time>
      </trkpt>
      <trkpt lat="48.27491" lon="-4.40083">
        <ele>15</ele>
        <time>2026-06-23T13:01:49+00:00</time>
      </trkpt>
      <trkpt lat="48.27485" lon="-4.40118">
        <ele>16</ele>
        <time>2026-06-23T13:01:52+00:00</time>
      </trkpt>
      <trkpt lat="48.27496" lon="-4.40153">
        <ele>16</ele>
        <time>2026-06-23T13:01:55+00:00</time>
      </trkpt>
      <trkpt lat="48.27511" lon="-4.402">
        <ele>16</ele>
        <time>2026-06-23T13:01:58+00:00</time>
      </trkpt>
      <trkpt lat="48.27513" lon="-4.40252">
        <ele>15</ele>
        <time>2026-06-23T13:02:01+00:00</time>
      </trkpt>
      <trkpt lat="48.27523" lon="-4.40313">
        <ele>15</ele>
        <time>2026-06-23T13:02:04+00:00</time>
      </trkpt>
      <trkpt lat="48.27521" lon="-4.40362">
        <ele>17</ele>
        <time>2026-06-23T13:02:07+00:00</time>
      </trkpt>
      <trkpt lat="48.27524" lon="-4.40404">
        <ele>15</ele>
        <time>2026-06-23T13:02:10+00:00</time>
      </trkpt>
      <trkpt lat="48.27531" lon="-4.40438">
        <ele>15</ele>
        <time>2026-06-23T13:02:13+00:00</time>
      </trkpt>
      <trkpt lat="48.27539" lon="-4.40475">
        <ele>16</ele>
        <time>2026-06-23T13:02:16+00:00</time>
      </trkpt>
      <trkpt lat="48.27532" lon="-4.40514">
        <ele>18</ele>
        <time>2026-06-23T13:02:19+00:00</time>
      </trkpt>
      <trkpt lat="48.27521" lon="-4.40571">
        <ele>29</ele>
        <time>2026-06-23T13:02:22+00:00</time>
      </trkpt>
      <trkpt lat="48.27514" lon="-4.40608">
        <ele>30</ele>
        <time>2026-06-23T13:02:25+00:00</time>
      </trkpt>
      <trkpt lat="48.27506" lon="-4.40655">
        <ele>28</ele>
        <time>2026-06-23T13:02:28+00:00</time>
      </trkpt>
      <trkpt lat="48.27507" lon="-4.40697">
        <ele>27</ele>
        <time>2026-06-23T13:02:31+00:00</time>
      </trkpt>
      <trkpt lat="48.27508" lon="-4.40732">
        <ele>22</ele>
        <time>2026-06-23T13:02:34+00:00</time>
      </trkpt>
      <trkpt lat="48.2751" lon="-4.40768">
        <ele>20</ele>
        <time>2026-06-23T13:02:37+00:00</time>
      </trkpt>
      <trkpt lat="48.27509" lon="-4.40806">
        <ele>19</ele>
        <time>2026-06-23T13:02:40+00:00</time>
      </trkpt>
      <trkpt lat="48.27507" lon="-4.40855">
        <ele>18</ele>
        <time>2026-06-23T13:02:43+00:00</time>
      </trkpt>
      <trkpt lat="48.27515" lon="-4.40887">
        <ele>18</ele>
        <time>2026-06-23T13:02:46+00:00</time>
      </trkpt>
      <trkpt lat="48.27523" lon="-4.40918">
        <ele>14</ele>
        <time>2026-06-23T13:02:49+00:00</time>
      </trkpt>
      <trkpt lat="48.27534" lon="-4.4095">
        <ele>11</ele>
        <time>2026-06-23T13:02:52+00:00</time>
      </trkpt>
      <trkpt lat="48.27547" lon="-4.40986">
        <ele>13</ele>
        <time>2026-06-23T13:02:55+00:00</time>
      </trkpt>
      <trkpt lat="48.27546" lon="-4.40993">
        <ele>11</ele>
        <time>2026-06-23T13:02:58+00:00</time>
      </trkpt>
      <trkpt lat="48.27539" lon="-4.40993">
        <ele>11</ele>
        <time>2026-06-23T13:03:01+00:00</time>
      </trkpt>
      <trkpt lat="48.27513" lon="-4.41008">
        <ele>15</ele>
        <time>2026-06-23T13:03:04+00:00</time>
      </trkpt>
      <trkpt lat="48.27486" lon="-4.41022">
        <ele>17</ele>
        <time>2026-06-23T13:03:07+00:00</time>
      </trkpt>
      <trkpt lat="48.2745" lon="-4.41042">
        <ele>24</ele>
        <time>2026-06-23T13:03:10+00:00</time>
      </trkpt>
      <trkpt lat="48.27435" lon="-4.41052">
        <ele>24</ele>
        <time>2026-06-23T13:03:13+00:00</time>
      </trkpt>
      <trkpt lat="48.27427" lon="-4.41066">
        <ele>28</ele>
        <time>2026-06-23T13:03:16+00:00</time>
      </trkpt>
      <trkpt lat="48.27418" lon="-4.41104">
        <ele>28</ele>
        <time>2026-06-23T13:03:19+00:00</time>
      </trkpt>
      <trkpt lat="48.27406" lon="-4.4116">
        <ele>35</ele>
        <time>2026-06-23T13:03:22+00:00</time>
      </trkpt>
      <trkpt lat="48.27397" lon="-4.41207">
        <ele>41</ele>
        <time>2026-06-23T13:03:25+00:00</time>
      </trkpt>
      <trkpt lat="48.27391" lon="-4.41258">
        <ele>41</ele>
        <time>2026-06-23T13:03:28+00:00</time>
      </trkpt>
      <trkpt lat="48.27388" lon="-4.41312">
        <ele>43</ele>
        <time>2026-06-23T13:03:31+00:00</time>
      </trkpt>
      <trkpt lat="48.27388" lon="-4.41361">
        <ele>45</ele>
        <time>2026-06-23T13:03:34+00:00</time>
      </trkpt>
      <trkpt lat="48.27384" lon="-4.41407">
        <ele>46</ele>
        <time>2026-06-23T13:03:37+00:00</time>
      </trkpt>
      <trkpt lat="48.27378" lon="-4.41446">
        <ele>46</ele>
        <time>2026-06-23T13:03:40+00:00</time>
      </trkpt>
      <trkpt lat="48.27373" lon="-4.41453">
        <ele>50</ele>
        <time>2026-06-23T13:03:43+00:00</time>
      </trkpt>
      <trkpt lat="48.27386" lon="-4.41481">
        <ele>45</ele>
        <time>2026-06-23T13:03:46+00:00</time>
      </trkpt>
      <trkpt lat="48.27392" lon="-4.41505">
        <ele>47</ele>
        <time>2026-06-23T13:03:49+00:00</time>
      </trkpt>
      <trkpt lat="48.27397" lon="-4.41547">
        <ele>45</ele>
        <time>2026-06-23T13:03:52+00:00</time>
      </trkpt>
      <trkpt lat="48.27402" lon="-4.41589">
        <ele>37</ele>
        <time>2026-06-23T13:03:55+00:00</time>
      </trkpt>
      <trkpt lat="48.27411" lon="-4.41664">
        <ele>34</ele>
        <time>2026-06-23T13:03:58+00:00</time>
      </trkpt>
      <trkpt lat="48.27426" lon="-4.41711">
        <ele>34</ele>
        <time>2026-06-23T13:04:01+00:00</time>
      </trkpt>
      <trkpt lat="48.27435" lon="-4.41765">
        <ele>33</ele>
        <time>2026-06-23T13:04:04+00:00</time>
      </trkpt>
      <trkpt lat="48.27445" lon="-4.41802">
        <ele>32</ele>
        <time>2026-06-23T13:04:07+00:00</time>
      </trkpt>
      <trkpt lat="48.27451" lon="-4.41845">
        <ele>30</ele>
        <time>2026-06-23T13:04:10+00:00</time>
      </trkpt>
      <trkpt lat="48.27454" lon="-4.41884">
        <ele>30</ele>
        <time>2026-06-23T13:04:13+00:00</time>
      </trkpt>
      <trkpt lat="48.2747" lon="-4.41934">
        <ele>33</ele>
        <time>2026-06-23T13:04:16+00:00</time>
      </trkpt>
      <trkpt lat="48.27472" lon="-4.41971">
        <ele>33</ele>
        <time>2026-06-23T13:04:19+00:00</time>
      </trkpt>
      <trkpt lat="48.27466" lon="-4.42025">
        <ele>35</ele>
        <time>2026-06-23T13:04:22+00:00</time>
      </trkpt>
      <trkpt lat="48.27452" lon="-4.42058">
        <ele>37</ele>
        <time>2026-06-23T13:04:25+00:00</time>
      </trkpt>
      <trkpt lat="48.27432" lon="-4.42102">
        <ele>37</ele>
        <time>2026-06-23T13:04:28+00:00</time>
      </trkpt>
      <trkpt lat="48.27413" lon="-4.42147">
        <ele>37</ele>
        <time>2026-06-23T13:04:31+00:00</time>
      </trkpt>
      <trkpt lat="48.27396" lon="-4.42181">
        <ele>37</ele>
        <time>2026-06-23T13:04:34+00:00</time>
      </trkpt>
      <trkpt lat="48.27369" lon="-4.42236">
        <ele>37</ele>
        <time>2026-06-23T13:04:37+00:00</time>
      </trkpt>
      <trkpt lat="48.27345" lon="-4.42229">
        <ele>40</ele>
        <time>2026-06-23T13:04:40+00:00</time>
      </trkpt>
      <trkpt lat="48.27316" lon="-4.42187">
        <ele>42</ele>
        <time>2026-06-23T13:04:43+00:00</time>
      </trkpt>
      <trkpt lat="48.27308" lon="-4.42185">
        <ele>45</ele>
        <time>2026-06-23T13:04:46+00:00</time>
      </trkpt>
      <trkpt lat="48.27287" lon="-4.42206">
        <ele>48</ele>
        <time>2026-06-23T13:04:49+00:00</time>
      </trkpt>
      <trkpt lat="48.27259" lon="-4.42229">
        <ele>53</ele>
        <time>2026-06-23T13:04:52+00:00</time>
      </trkpt>
      <trkpt lat="48.27228" lon="-4.4226">
        <ele>58</ele>
        <time>2026-06-23T13:04:55+00:00</time>
      </trkpt>
      <trkpt lat="48.27213" lon="-4.42265">
        <ele>58</ele>
        <time>2026-06-23T13:04:58+00:00</time>
      </trkpt>
      <trkpt lat="48.27189" lon="-4.42256">
        <ele>62</ele>
        <time>2026-06-23T13:05:01+00:00</time>
      </trkpt>
      <trkpt lat="48.27142" lon="-4.42239">
        <ele>66</ele>
        <time>2026-06-23T13:05:04+00:00</time>
      </trkpt>
      <trkpt lat="48.2713" lon="-4.42236">
        <ele>67</ele>
        <time>2026-06-23T13:05:07+00:00</time>
      </trkpt>
      <trkpt lat="48.27105" lon="-4.42234">
        <ele>68</ele>
        <time>2026-06-23T13:05:10+00:00</time>
      </trkpt>
      <trkpt lat="48.27078" lon="-4.42243">
        <ele>68</ele>
        <time>2026-06-23T13:05:13+00:00</time>
      </trkpt>
      <trkpt lat="48.2708" lon="-4.42278">
        <ele>68</ele>
        <time>2026-06-23T13:05:16+00:00</time>
      </trkpt>
      <trkpt lat="48.27082" lon="-4.42316">
        <ele>68</ele>
        <time>2026-06-23T13:05:19+00:00</time>
      </trkpt>
      <trkpt lat="48.27081" lon="-4.42368">
        <ele>67</ele>
        <time>2026-06-23T13:05:22+00:00</time>
      </trkpt>
      <trkpt lat="48.2708" lon="-4.4242">
        <ele>67</ele>
        <time>2026-06-23T13:05:25+00:00</time>
      </trkpt>
      <trkpt lat="48.27079" lon="-4.42472">
        <ele>67</ele>
        <time>2026-06-23T13:05:28+00:00</time>
      </trkpt>
      <trkpt lat="48.27078" lon="-4.42544">
        <ele>66</ele>
        <time>2026-06-23T13:05:31+00:00</time>
      </trkpt>
      <trkpt lat="48.27074" lon="-4.42581">
        <ele>66</ele>
        <time>2026-06-23T13:05:34+00:00</time>
      </trkpt>
      <trkpt lat="48.27069" lon="-4.42626">
        <ele>66</ele>
        <time>2026-06-23T13:05:37+00:00</time>
      </trkpt>
      <trkpt lat="48.27069" lon="-4.42667">
        <ele>65</ele>
        <time>2026-06-23T13:05:40+00:00</time>
      </trkpt>
      <trkpt lat="48.27069" lon="-4.42727">
        <ele>65</ele>
        <time>2026-06-23T13:05:43+00:00</time>
      </trkpt>
      <trkpt lat="48.27072" lon="-4.42782">
        <ele>63</ele>
        <time>2026-06-23T13:05:46+00:00</time>
      </trkpt>
      <trkpt lat="48.27081" lon="-4.42793">
        <ele>63</ele>
        <time>2026-06-23T13:05:49+00:00</time>
      </trkpt>
      <trkpt lat="48.27096" lon="-4.428">
        <ele>62</ele>
        <time>2026-06-23T13:05:52+00:00</time>
      </trkpt>
      <trkpt lat="48.27123" lon="-4.42811">
        <ele>58</ele>
        <time>2026-06-23T13:05:55+00:00</time>
      </trkpt>
      <trkpt lat="48.27146" lon="-4.42819">
        <ele>55</ele>
        <time>2026-06-23T13:05:58+00:00</time>
      </trkpt>
      <trkpt lat="48.2717" lon="-4.42828">
        <ele>51</ele>
        <time>2026-06-23T13:06:01+00:00</time>
      </trkpt>
      <trkpt lat="48.272" lon="-4.42835">
        <ele>43</ele>
        <time>2026-06-23T13:06:04+00:00</time>
      </trkpt>
      <trkpt lat="48.2723" lon="-4.42843">
        <ele>41</ele>
        <time>2026-06-23T13:06:07+00:00</time>
      </trkpt>
      <trkpt lat="48.27265" lon="-4.42851">
        <ele>37</ele>
        <time>2026-06-23T13:06:10+00:00</time>
      </trkpt>
      <trkpt lat="48.27299" lon="-4.42865">
        <ele>35</ele>
        <time>2026-06-23T13:06:13+00:00</time>
      </trkpt>
      <trkpt lat="48.27318" lon="-4.4287">
        <ele>34</ele>
        <time>2026-06-23T13:06:16+00:00</time>
      </trkpt>
      <trkpt lat="48.27345" lon="-4.42886">
        <ele>32</ele>
        <time>2026-06-23T13:06:19+00:00</time>
      </trkpt>
      <trkpt lat="48.27396" lon="-4.42915">
        <ele>22</ele>
        <time>2026-06-23T13:06:22+00:00</time>
      </trkpt>
      <trkpt lat="48.27419" lon="-4.42933">
        <ele>18</ele>
        <time>2026-06-23T13:06:25+00:00</time>
      </trkpt>
      <trkpt lat="48.2745" lon="-4.42957">
        <ele>18</ele>
        <time>2026-06-23T13:06:28+00:00</time>
      </trkpt>
      <trkpt lat="48.27485" lon="-4.42992">
        <ele>20</ele>
        <time>2026-06-23T13:06:31+00:00</time>
      </trkpt>
      <trkpt lat="48.27505" lon="-4.43022">
        <ele>24</ele>
        <time>2026-06-23T13:06:34+00:00</time>
      </trkpt>
      <trkpt lat="48.2752" lon="-4.43065">
        <ele>26</ele>
        <time>2026-06-23T13:06:37+00:00</time>
      </trkpt>
      <trkpt lat="48.2752" lon="-4.43108">
        <ele>29</ele>
        <time>2026-06-23T13:06:40+00:00</time>
      </trkpt>
      <trkpt lat="48.27519" lon="-4.43143">
        <ele>30</ele>
        <time>2026-06-23T13:06:43+00:00</time>
      </trkpt>
      <trkpt lat="48.27519" lon="-4.43182">
        <ele>33</ele>
        <time>2026-06-23T13:06:46+00:00</time>
      </trkpt>
      <trkpt lat="48.2752" lon="-4.43219">
        <ele>35</ele>
        <time>2026-06-23T13:06:49+00:00</time>
      </trkpt>
      <trkpt lat="48.27521" lon="-4.43262">
        <ele>41</ele>
        <time>2026-06-23T13:06:52+00:00</time>
      </trkpt>
      <trkpt lat="48.27535" lon="-4.43306">
        <ele>46</ele>
        <time>2026-06-23T13:06:55+00:00</time>
      </trkpt>
      <trkpt lat="48.27542" lon="-4.43334">
        <ele>46</ele>
        <time>2026-06-23T13:06:58+00:00</time>
      </trkpt>
      <trkpt lat="48.27532" lon="-4.43379">
        <ele>46</ele>
        <time>2026-06-23T13:07:01+00:00</time>
      </trkpt>
      <trkpt lat="48.27522" lon="-4.43424">
        <ele>43</ele>
        <time>2026-06-23T13:07:04+00:00</time>
      </trkpt>
      <trkpt lat="48.27509" lon="-4.43486">
        <ele>43</ele>
        <time>2026-06-23T13:07:07+00:00</time>
      </trkpt>
      <trkpt lat="48.27501" lon="-4.43524">
        <ele>43</ele>
        <time>2026-06-23T13:07:10+00:00</time>
      </trkpt>
      <trkpt lat="48.2749" lon="-4.43578">
        <ele>44</ele>
        <time>2026-06-23T13:07:13+00:00</time>
      </trkpt>
      <trkpt lat="48.2748" lon="-4.43612">
        <ele>43</ele>
        <time>2026-06-23T13:07:16+00:00</time>
      </trkpt>
      <trkpt lat="48.27468" lon="-4.43654">
        <ele>44</ele>
        <time>2026-06-23T13:07:19+00:00</time>
      </trkpt>
      <trkpt lat="48.27473" lon="-4.437">
        <ele>45</ele>
        <time>2026-06-23T13:07:22+00:00</time>
      </trkpt>
      <trkpt lat="48.27478" lon="-4.43741">
        <ele>46</ele>
        <time>2026-06-23T13:07:25+00:00</time>
      </trkpt>
      <trkpt lat="48.27486" lon="-4.43804">
        <ele>46</ele>
        <time>2026-06-23T13:07:28+00:00</time>
      </trkpt>
      <trkpt lat="48.27488" lon="-4.43841">
        <ele>46</ele>
        <time>2026-06-23T13:07:31+00:00</time>
      </trkpt>
      <trkpt lat="48.27491" lon="-4.43888">
        <ele>47</ele>
        <time>2026-06-23T13:07:34+00:00</time>
      </trkpt>
      <trkpt lat="48.27492" lon="-4.43951">
        <ele>49</ele>
        <time>2026-06-23T13:07:37+00:00</time>
      </trkpt>
      <trkpt lat="48.27495" lon="-4.43991">
        <ele>50</ele>
        <time>2026-06-23T13:07:40+00:00</time>
      </trkpt>
      <trkpt lat="48.27493" lon="-4.44036">
        <ele>51</ele>
        <time>2026-06-23T13:07:43+00:00</time>
      </trkpt>
      <trkpt lat="48.27484" lon="-4.44069">
        <ele>51</ele>
        <time>2026-06-23T13:07:46+00:00</time>
      </trkpt>
      <trkpt lat="48.27474" lon="-4.44104">
        <ele>51</ele>
        <time>2026-06-23T13:07:49+00:00</time>
      </trkpt>
      <trkpt lat="48.27459" lon="-4.44142">
        <ele>51</ele>
        <time>2026-06-23T13:07:52+00:00</time>
      </trkpt>
      <trkpt lat="48.27454" lon="-4.44184">
        <ele>51</ele>
        <time>2026-06-23T13:07:55+00:00</time>
      </trkpt>
      <trkpt lat="48.27446" lon="-4.44229">
        <ele>52</ele>
        <time>2026-06-23T13:07:58+00:00</time>
      </trkpt>
      <trkpt lat="48.27439" lon="-4.44273">
        <ele>52</ele>
        <time>2026-06-23T13:08:01+00:00</time>
      </trkpt>
      <trkpt lat="48.2743" lon="-4.44325">
        <ele>51</ele>
        <time>2026-06-23T13:08:04+00:00</time>
      </trkpt>
      <trkpt lat="48.2741" lon="-4.44381">
        <ele>51</ele>
        <time>2026-06-23T13:08:07+00:00</time>
      </trkpt>
      <trkpt lat="48.27403" lon="-4.44419">
        <ele>52</ele>
        <time>2026-06-23T13:08:10+00:00</time>
      </trkpt>
      <trkpt lat="48.27394" lon="-4.44472">
        <ele>52</ele>
        <time>2026-06-23T13:08:13+00:00</time>
      </trkpt>
      <trkpt lat="48.27371" lon="-4.44519">
        <ele>52</ele>
        <time>2026-06-23T13:08:16+00:00</time>
      </trkpt>
      <trkpt lat="48.27352" lon="-4.44538">
        <ele>52</ele>
        <time>2026-06-23T13:08:19+00:00</time>
      </trkpt>
      <trkpt lat="48.27344" lon="-4.4455">
        <ele>53</ele>
        <time>2026-06-23T13:08:22+00:00</time>
      </trkpt>
      <trkpt lat="48.27324" lon="-4.44557">
        <ele>52</ele>
        <time>2026-06-23T13:08:25+00:00</time>
      </trkpt>
      <trkpt lat="48.27296" lon="-4.44566">
        <ele>52</ele>
        <time>2026-06-23T13:08:28+00:00</time>
      </trkpt>
      <trkpt lat="48.27273" lon="-4.44568">
        <ele>49</ele>
        <time>2026-06-23T13:08:31+00:00</time>
      </trkpt>
      <trkpt lat="48.27251" lon="-4.44569">
        <ele>49</ele>
        <time>2026-06-23T13:08:34+00:00</time>
      </trkpt>
      <trkpt lat="48.27237" lon="-4.44573">
        <ele>48</ele>
        <time>2026-06-23T13:08:37+00:00</time>
      </trkpt>
      <trkpt lat="48.27224" lon="-4.44591">
        <ele>48</ele>
        <time>2026-06-23T13:08:40+00:00</time>
      </trkpt>
      <trkpt lat="48.27209" lon="-4.44613">
        <ele>47</ele>
        <time>2026-06-23T13:08:43+00:00</time>
      </trkpt>
      <trkpt lat="48.27176" lon="-4.44648">
        <ele>47</ele>
        <time>2026-06-23T13:08:46+00:00</time>
      </trkpt>
      <trkpt lat="48.27165" lon="-4.44672">
        <ele>47</ele>
        <time>2026-06-23T13:08:49+00:00</time>
      </trkpt>
      <trkpt lat="48.27151" lon="-4.44658">
        <ele>45</ele>
        <time>2026-06-23T13:08:52+00:00</time>
      </trkpt>
      <trkpt lat="48.27132" lon="-4.44679">
        <ele>45</ele>
        <time>2026-06-23T13:08:55+00:00</time>
      </trkpt>
      <trkpt lat="48.27114" lon="-4.44689">
        <ele>44</ele>
        <time>2026-06-23T13:08:58+00:00</time>
      </trkpt>
      <trkpt lat="48.27094" lon="-4.44686">
        <ele>44</ele>
        <time>2026-06-23T13:09:01+00:00</time>
      </trkpt>
      <trkpt lat="48.27062" lon="-4.44707">
        <ele>44</ele>
        <time>2026-06-23T13:09:04+00:00</time>
      </trkpt>
      <trkpt lat="48.27037" lon="-4.4474">
        <ele>46</ele>
        <time>2026-06-23T13:09:07+00:00</time>
      </trkpt>
      <trkpt lat="48.2703" lon="-4.44786">
        <ele>47</ele>
        <time>2026-06-23T13:09:10+00:00</time>
      </trkpt>
      <trkpt lat="48.27024" lon="-4.44833">
        <ele>48</ele>
        <time>2026-06-23T13:09:13+00:00</time>
      </trkpt>
      <trkpt lat="48.27015" lon="-4.44895">
        <ele>49</ele>
        <time>2026-06-23T13:09:16+00:00</time>
      </trkpt>
      <trkpt lat="48.27014" lon="-4.44943">
        <ele>51</ele>
        <time>2026-06-23T13:09:19+00:00</time>
      </trkpt>
      <trkpt lat="48.27014" lon="-4.4499">
        <ele>52</ele>
        <time>2026-06-23T13:09:22+00:00</time>
      </trkpt>
      <trkpt lat="48.27013" lon="-4.45057">
        <ele>53</ele>
        <time>2026-06-23T13:09:25+00:00</time>
      </trkpt>
      <trkpt lat="48.27016" lon="-4.45092">
        <ele>54</ele>
        <time>2026-06-23T13:09:28+00:00</time>
      </trkpt>
      <trkpt lat="48.2702" lon="-4.45132">
        <ele>55</ele>
        <time>2026-06-23T13:09:31+00:00</time>
      </trkpt>
      <trkpt lat="48.27025" lon="-4.4517">
        <ele>55</ele>
        <time>2026-06-23T13:09:34+00:00</time>
      </trkpt>
      <trkpt lat="48.27031" lon="-4.45223">
        <ele>55</ele>
        <time>2026-06-23T13:09:37+00:00</time>
      </trkpt>
      <trkpt lat="48.27038" lon="-4.45256">
        <ele>55</ele>
        <time>2026-06-23T13:09:40+00:00</time>
      </trkpt>
      <trkpt lat="48.27051" lon="-4.45288">
        <ele>55</ele>
        <time>2026-06-23T13:09:43+00:00</time>
      </trkpt>
      <trkpt lat="48.27066" lon="-4.45327">
        <ele>55</ele>
        <time>2026-06-23T13:09:46+00:00</time>
      </trkpt>
      <trkpt lat="48.2707" lon="-4.45344">
        <ele>55</ele>
        <time>2026-06-23T13:09:49+00:00</time>
      </trkpt>
      <trkpt lat="48.27079" lon="-4.4535">
        <ele>55</ele>
        <time>2026-06-23T13:09:52+00:00</time>
      </trkpt>
      <trkpt lat="48.27101" lon="-4.45358">
        <ele>55</ele>
        <time>2026-06-23T13:09:55+00:00</time>
      </trkpt>
      <trkpt lat="48.27124" lon="-4.45366">
        <ele>54</ele>
        <time>2026-06-23T13:09:58+00:00</time>
      </trkpt>
      <trkpt lat="48.27152" lon="-4.45374">
        <ele>54</ele>
        <time>2026-06-23T13:10:01+00:00</time>
      </trkpt>
      <trkpt lat="48.27198" lon="-4.45387">
        <ele>54</ele>
        <time>2026-06-23T13:10:04+00:00</time>
      </trkpt>
      <trkpt lat="48.27228" lon="-4.45389">
        <ele>54</ele>
        <time>2026-06-23T13:10:07+00:00</time>
      </trkpt>
      <trkpt lat="48.27259" lon="-4.4539">
        <ele>55</ele>
        <time>2026-06-23T13:10:10+00:00</time>
      </trkpt>
      <trkpt lat="48.27293" lon="-4.45392">
        <ele>55</ele>
        <time>2026-06-23T13:10:13+00:00</time>
      </trkpt>
      <trkpt lat="48.27327" lon="-4.45389">
        <ele>56</ele>
        <time>2026-06-23T13:10:16+00:00</time>
      </trkpt>
      <trkpt lat="48.27361" lon="-4.45387">
        <ele>58</ele>
        <time>2026-06-23T13:10:19+00:00</time>
      </trkpt>
      <trkpt lat="48.27388" lon="-4.45385">
        <ele>59</ele>
        <time>2026-06-23T13:10:22+00:00</time>
      </trkpt>
      <trkpt lat="48.27431" lon="-4.45381">
        <ele>62</ele>
        <time>2026-06-23T13:10:25+00:00</time>
      </trkpt>
      <trkpt lat="48.27444" lon="-4.45376">
        <ele>62</ele>
        <time>2026-06-23T13:10:28+00:00</time>
      </trkpt>
      <trkpt lat="48.27452" lon="-4.45371">
        <ele>63</ele>
        <time>2026-06-23T13:10:31+00:00</time>
      </trkpt>
      <trkpt lat="48.27477" lon="-4.45366">
        <ele>64</ele>
        <time>2026-06-23T13:10:34+00:00</time>
      </trkpt>
      <trkpt lat="48.27501" lon="-4.45371">
        <ele>66</ele>
        <time>2026-06-23T13:10:37+00:00</time>
      </trkpt>
      <trkpt lat="48.27528" lon="-4.45376">
        <ele>66</ele>
        <time>2026-06-23T13:10:40+00:00</time>
      </trkpt>
      <trkpt lat="48.27534" lon="-4.45373">
        <ele>67</ele>
        <time>2026-06-23T13:10:43+00:00</time>
      </trkpt>
      <trkpt lat="48.27538" lon="-4.45366">
        <ele>67</ele>
        <time>2026-06-23T13:10:46+00:00</time>
      </trkpt>
      <trkpt lat="48.2755" lon="-4.45333">
        <ele>69</ele>
        <time>2026-06-23T13:10:49+00:00</time>
      </trkpt>
      <trkpt lat="48.27573" lon="-4.4527">
        <ele>69</ele>
        <time>2026-06-23T13:10:52+00:00</time>
      </trkpt>
      <trkpt lat="48.27587" lon="-4.45305">
        <ele>69</ele>
        <time>2026-06-23T13:10:55+00:00</time>
      </trkpt>
      <trkpt lat="48.2761" lon="-4.4536">
        <ele>69</ele>
        <time>2026-06-23T13:10:58+00:00</time>
      </trkpt>
      <trkpt lat="48.27631" lon="-4.45372">
        <ele>69</ele>
        <time>2026-06-23T13:11:01+00:00</time>
      </trkpt>
      <trkpt lat="48.27657" lon="-4.4538">
        <ele>70</ele>
        <time>2026-06-23T13:11:04+00:00</time>
      </trkpt>
      <trkpt lat="48.27693" lon="-4.45392">
        <ele>70</ele>
        <time>2026-06-23T13:11:07+00:00</time>
      </trkpt>
      <trkpt lat="48.27723" lon="-4.4542">
        <ele>68</ele>
        <time>2026-06-23T13:11:10+00:00</time>
      </trkpt>
      <trkpt lat="48.27738" lon="-4.45451">
        <ele>68</ele>
        <time>2026-06-23T13:11:13+00:00</time>
      </trkpt>
      <trkpt lat="48.27756" lon="-4.45512">
        <ele>65</ele>
        <time>2026-06-23T13:11:16+00:00</time>
      </trkpt>
      <trkpt lat="48.27775" lon="-4.45561">
        <ele>64</ele>
        <time>2026-06-23T13:11:19+00:00</time>
      </trkpt>
      <trkpt lat="48.27798" lon="-4.45574">
        <ele>63</ele>
        <time>2026-06-23T13:11:22+00:00</time>
      </trkpt>
      <trkpt lat="48.27825" lon="-4.45589">
        <ele>63</ele>
        <time>2026-06-23T13:11:25+00:00</time>
      </trkpt>
      <trkpt lat="48.27843" lon="-4.45605">
        <ele>64</ele>
        <time>2026-06-23T13:11:28+00:00</time>
      </trkpt>
      <trkpt lat="48.27866" lon="-4.45635">
        <ele>64</ele>
        <time>2026-06-23T13:11:31+00:00</time>
      </trkpt>
      <trkpt lat="48.2789" lon="-4.45664">
        <ele>64</ele>
        <time>2026-06-23T13:11:34+00:00</time>
      </trkpt>
      <trkpt lat="48.27916" lon="-4.45697">
        <ele>64</ele>
        <time>2026-06-23T13:11:37+00:00</time>
      </trkpt>
      <trkpt lat="48.27945" lon="-4.45716">
        <ele>64</ele>
        <time>2026-06-23T13:11:40+00:00</time>
      </trkpt>
      <trkpt lat="48.27955" lon="-4.45728">
        <ele>64</ele>
        <time>2026-06-23T13:11:43+00:00</time>
      </trkpt>
      <trkpt lat="48.27986" lon="-4.45718">
        <ele>64</ele>
        <time>2026-06-23T13:11:46+00:00</time>
      </trkpt>
      <trkpt lat="48.28019" lon="-4.45718">
        <ele>63</ele>
        <time>2026-06-23T13:11:49+00:00</time>
      </trkpt>
      <trkpt lat="48.28034" lon="-4.45723">
        <ele>64</ele>
        <time>2026-06-23T13:11:52+00:00</time>
      </trkpt>
      <trkpt lat="48.28054" lon="-4.45736">
        <ele>63</ele>
        <time>2026-06-23T13:11:55+00:00</time>
      </trkpt>
      <trkpt lat="48.28088" lon="-4.45757">
        <ele>62</ele>
        <time>2026-06-23T13:11:58+00:00</time>
      </trkpt>
      <trkpt lat="48.28115" lon="-4.45775">
        <ele>62</ele>
        <time>2026-06-23T13:12:01+00:00</time>
      </trkpt>
      <trkpt lat="48.28168" lon="-4.45811">
        <ele>64</ele>
        <time>2026-06-23T13:12:04+00:00</time>
      </trkpt>
      <trkpt lat="48.28206" lon="-4.45833">
        <ele>67</ele>
        <time>2026-06-23T13:12:07+00:00</time>
      </trkpt>
      <trkpt lat="48.28236" lon="-4.45848">
        <ele>68</ele>
        <time>2026-06-23T13:12:10+00:00</time>
      </trkpt>
      <trkpt lat="48.28266" lon="-4.45862">
        <ele>70</ele>
        <time>2026-06-23T13:12:13+00:00</time>
      </trkpt>
      <trkpt lat="48.28307" lon="-4.45882">
        <ele>72</ele>
        <time>2026-06-23T13:12:16+00:00</time>
      </trkpt>
      <trkpt lat="48.28327" lon="-4.45895">
        <ele>74</ele>
        <time>2026-06-23T13:12:19+00:00</time>
      </trkpt>
      <trkpt lat="48.28327" lon="-4.45901">
        <ele>74</ele>
        <time>2026-06-23T13:12:22+00:00</time>
      </trkpt>
      <trkpt lat="48.28329" lon="-4.45911">
        <ele>74</ele>
        <time>2026-06-23T13:12:25+00:00</time>
      </trkpt>
      <trkpt lat="48.28335" lon="-4.45918">
        <ele>74</ele>
        <time>2026-06-23T13:12:28+00:00</time>
      </trkpt>
      <trkpt lat="48.28347" lon="-4.45915">
        <ele>75</ele>
        <time>2026-06-23T13:12:31+00:00</time>
      </trkpt>
      <trkpt lat="48.2835" lon="-4.45908">
        <ele>75</ele>
        <time>2026-06-23T13:12:34+00:00</time>
      </trkpt>
      <trkpt lat="48.28351" lon="-4.45899">
        <ele>75</ele>
        <time>2026-06-23T13:12:37+00:00</time>
      </trkpt>
      <trkpt lat="48.28347" lon="-4.4588">
        <ele>75</ele>
        <time>2026-06-23T13:12:40+00:00</time>
      </trkpt>
      <trkpt lat="48.28355" lon="-4.45847">
        <ele>75</ele>
        <time>2026-06-23T13:12:43+00:00</time>
      </trkpt>
      <trkpt lat="48.28362" lon="-4.45838">
        <ele>75</ele>
        <time>2026-06-23T13:12:46+00:00</time>
      </trkpt>
      <trkpt lat="48.28389" lon="-4.45819">
        <ele>75</ele>
        <time>2026-06-23T13:12:49+00:00</time>
      </trkpt>
      <trkpt lat="48.28405" lon="-4.45805">
        <ele>75</ele>
        <time>2026-06-23T13:12:52+00:00</time>
      </trkpt>
      <trkpt lat="48.28427" lon="-4.45798">
        <ele>75</ele>
        <time>2026-06-23T13:12:55+00:00</time>
      </trkpt>
      <trkpt lat="48.28449" lon="-4.45786">
        <ele>75</ele>
        <time>2026-06-23T13:12:58+00:00</time>
      </trkpt>
      <trkpt lat="48.28472" lon="-4.45772">
        <ele>75</ele>
        <time>2026-06-23T13:13:01+00:00</time>
      </trkpt>
      <trkpt lat="48.28497" lon="-4.45751">
        <ele>74</ele>
        <time>2026-06-23T13:13:04+00:00</time>
      </trkpt>
      <trkpt lat="48.28513" lon="-4.45733">
        <ele>73</ele>
        <time>2026-06-23T13:13:07+00:00</time>
      </trkpt>
      <trkpt lat="48.28528" lon="-4.4573">
        <ele>73</ele>
        <time>2026-06-23T13:13:10+00:00</time>
      </trkpt>
      <trkpt lat="48.28544" lon="-4.45718">
        <ele>73</ele>
        <time>2026-06-23T13:13:13+00:00</time>
      </trkpt>
      <trkpt lat="48.28564" lon="-4.45704">
        <ele>72</ele>
        <time>2026-06-23T13:13:16+00:00</time>
      </trkpt>
      <trkpt lat="48.28572" lon="-4.45708">
        <ele>72</ele>
        <time>2026-06-23T13:13:19+00:00</time>
      </trkpt>
      <trkpt lat="48.28593" lon="-4.45699">
        <ele>71</ele>
        <time>2026-06-23T13:13:22+00:00</time>
      </trkpt>
      <trkpt lat="48.28622" lon="-4.45676">
        <ele>69</ele>
        <time>2026-06-23T13:13:25+00:00</time>
      </trkpt>
      <trkpt lat="48.28636" lon="-4.45669">
        <ele>68</ele>
        <time>2026-06-23T13:13:28+00:00</time>
      </trkpt>
      <trkpt lat="48.28648" lon="-4.45674">
        <ele>68</ele>
        <time>2026-06-23T13:13:31+00:00</time>
      </trkpt>
      <trkpt lat="48.28675" lon="-4.45662">
        <ele>66</ele>
        <time>2026-06-23T13:13:34+00:00</time>
      </trkpt>
      <trkpt lat="48.28691" lon="-4.45653">
        <ele>63</ele>
        <time>2026-06-23T13:13:37+00:00</time>
      </trkpt>
      <trkpt lat="48.28693" lon="-4.45681">
        <ele>64</ele>
        <time>2026-06-23T13:13:40+00:00</time>
      </trkpt>
      <trkpt lat="48.28696" lon="-4.45718">
        <ele>64</ele>
        <time>2026-06-23T13:13:43+00:00</time>
      </trkpt>
      <trkpt lat="48.28698" lon="-4.45718">
        <ele>64</ele>
        <time>2026-06-23T13:13:46+00:00</time>
      </trkpt>
      <trkpt lat="48.28729" lon="-4.45709">
        <ele>61</ele>
        <time>2026-06-23T13:13:49+00:00</time>
      </trkpt>
      <trkpt lat="48.2876" lon="-4.457">
        <ele>56</ele>
        <time>2026-06-23T13:13:52+00:00</time>
      </trkpt>
      <trkpt lat="48.28811" lon="-4.45685">
        <ele>51</ele>
        <time>2026-06-23T13:13:55+00:00</time>
      </trkpt>
      <trkpt lat="48.28832" lon="-4.45683">
        <ele>48</ele>
        <time>2026-06-23T13:13:58+00:00</time>
      </trkpt>
      <trkpt lat="48.2884" lon="-4.45688">
        <ele>48</ele>
        <time>2026-06-23T13:14:01+00:00</time>
      </trkpt>
      <trkpt lat="48.28857" lon="-4.45701">
        <ele>47</ele>
        <time>2026-06-23T13:14:04+00:00</time>
      </trkpt>
      <trkpt lat="48.28874" lon="-4.45715">
        <ele>41</ele>
        <time>2026-06-23T13:14:07+00:00</time>
      </trkpt>
      <trkpt lat="48.28872" lon="-4.45669">
        <ele>40</ele>
        <time>2026-06-23T13:14:10+00:00</time>
      </trkpt>
      <trkpt lat="48.28871" lon="-4.45624">
        <ele>37</ele>
        <time>2026-06-23T13:14:13+00:00</time>
      </trkpt>
      <trkpt lat="48.28869" lon="-4.45573">
        <ele>35</ele>
        <time>2026-06-23T13:14:16+00:00</time>
      </trkpt>
      <trkpt lat="48.28872" lon="-4.45559">
        <ele>34</ele>
        <time>2026-06-23T13:14:19+00:00</time>
      </trkpt>
      <trkpt lat="48.28879" lon="-4.45543">
        <ele>34</ele>
        <time>2026-06-23T13:14:22+00:00</time>
      </trkpt>
      <trkpt lat="48.28884" lon="-4.45537">
        <ele>34</ele>
        <time>2026-06-23T13:14:25+00:00</time>
      </trkpt>
      <trkpt lat="48.28902" lon="-4.45526">
        <ele>33</ele>
        <time>2026-06-23T13:14:28+00:00</time>
      </trkpt>
      <trkpt lat="48.28913" lon="-4.45526">
        <ele>32</ele>
        <time>2026-06-23T13:14:31+00:00</time>
      </trkpt>
      <trkpt lat="48.28925" lon="-4.45527">
        <ele>32</ele>
        <time>2026-06-23T13:14:34+00:00</time>
      </trkpt>
      <trkpt lat="48.2893" lon="-4.45516">
        <ele>32</ele>
        <time>2026-06-23T13:14:37+00:00</time>
      </trkpt>
      <trkpt lat="48.28947" lon="-4.45495">
        <ele>28</ele>
        <time>2026-06-23T13:14:40+00:00</time>
      </trkpt>
      <trkpt lat="48.2897" lon="-4.45475">
        <ele>27</ele>
        <time>2026-06-23T13:14:43+00:00</time>
      </trkpt>
      <trkpt lat="48.29006" lon="-4.45444">
        <ele>26</ele>
        <time>2026-06-23T13:14:46+00:00</time>
      </trkpt>
      <trkpt lat="48.29018" lon="-4.45411">
        <ele>26</ele>
        <time>2026-06-23T13:14:49+00:00</time>
      </trkpt>
      <trkpt lat="48.29033" lon="-4.45371">
        <ele>25</ele>
        <time>2026-06-23T13:14:52+00:00</time>
      </trkpt>
      <trkpt lat="48.29047" lon="-4.4534">
        <ele>25</ele>
        <time>2026-06-23T13:14:55+00:00</time>
      </trkpt>
      <trkpt lat="48.29053" lon="-4.45339">
        <ele>23</ele>
        <time>2026-06-23T13:14:58+00:00</time>
      </trkpt>
      <trkpt lat="48.29074" lon="-4.45322">
        <ele>21</ele>
        <time>2026-06-23T13:15:01+00:00</time>
      </trkpt>
      <trkpt lat="48.29093" lon="-4.45315">
        <ele>21</ele>
        <time>2026-06-23T13:15:04+00:00</time>
      </trkpt>
      <trkpt lat="48.29102" lon="-4.4531">
        <ele>20</ele>
        <time>2026-06-23T13:15:07+00:00</time>
      </trkpt>
      <trkpt lat="48.2912" lon="-4.45289">
        <ele>21</ele>
        <time>2026-06-23T13:15:10+00:00</time>
      </trkpt>
      <trkpt lat="48.29124" lon="-4.45272">
        <ele>22</ele>
        <time>2026-06-23T13:15:13+00:00</time>
      </trkpt>
      <trkpt lat="48.29122" lon="-4.45249">
        <ele>26</ele>
        <time>2026-06-23T13:15:16+00:00</time>
      </trkpt>
      <trkpt lat="48.29124" lon="-4.45214">
        <ele>28</ele>
        <time>2026-06-23T13:15:19+00:00</time>
      </trkpt>
      <trkpt lat="48.29127" lon="-4.45174">
        <ele>31</ele>
        <time>2026-06-23T13:15:22+00:00</time>
      </trkpt>
      <trkpt lat="48.29111" lon="-4.45115">
        <ele>33</ele>
        <time>2026-06-23T13:15:25+00:00</time>
      </trkpt>
      <trkpt lat="48.29111" lon="-4.45078">
        <ele>36</ele>
        <time>2026-06-23T13:15:28+00:00</time>
      </trkpt>
      <trkpt lat="48.29105" lon="-4.45042">
        <ele>37</ele>
        <time>2026-06-23T13:15:31+00:00</time>
      </trkpt>
      <trkpt lat="48.29098" lon="-4.44998">
        <ele>38</ele>
        <time>2026-06-23T13:15:34+00:00</time>
      </trkpt>
      <trkpt lat="48.29093" lon="-4.44988">
        <ele>40</ele>
        <time>2026-06-23T13:15:37+00:00</time>
      </trkpt>
      <trkpt lat="48.29085" lon="-4.44953">
        <ele>38</ele>
        <time>2026-06-23T13:15:40+00:00</time>
      </trkpt>
      <trkpt lat="48.29088" lon="-4.44925">
        <ele>38</ele>
        <time>2026-06-23T13:15:43+00:00</time>
      </trkpt>
      <trkpt lat="48.29097" lon="-4.44911">
        <ele>37</ele>
        <time>2026-06-23T13:15:46+00:00</time>
      </trkpt>
      <trkpt lat="48.291" lon="-4.44877">
        <ele>33</ele>
        <time>2026-06-23T13:15:49+00:00</time>
      </trkpt>
      <trkpt lat="48.29119" lon="-4.44895">
        <ele>23</ele>
        <time>2026-06-23T13:15:52+00:00</time>
      </trkpt>
      <trkpt lat="48.29129" lon="-4.44899">
        <ele>23</ele>
        <time>2026-06-23T13:15:55+00:00</time>
      </trkpt>
      <trkpt lat="48.29138" lon="-4.44895">
        <ele>15</ele>
        <time>2026-06-23T13:15:58+00:00</time>
      </trkpt>
      <trkpt lat="48.29148" lon="-4.44911">
        <ele>15</ele>
        <time>2026-06-23T13:16:01+00:00</time>
      </trkpt>
      <trkpt lat="48.29157" lon="-4.44916">
        <ele>11</ele>
        <time>2026-06-23T13:16:04+00:00</time>
      </trkpt>
      <trkpt lat="48.29173" lon="-4.44937">
        <ele>7</ele>
        <time>2026-06-23T13:16:07+00:00</time>
      </trkpt>
      <trkpt lat="48.29182" lon="-4.44956">
        <ele>5</ele>
        <time>2026-06-23T13:16:10+00:00</time>
      </trkpt>
      <trkpt lat="48.29188" lon="-4.44977">
        <ele>5</ele>
        <time>2026-06-23T13:16:13+00:00</time>
      </trkpt>
      <trkpt lat="48.29204" lon="-4.44993">
        <ele>5</ele>
        <time>2026-06-23T13:16:16+00:00</time>
      </trkpt>
      <trkpt lat="48.29226" lon="-4.4501">
        <ele>5</ele>
        <time>2026-06-23T13:16:19+00:00</time>
      </trkpt>
      <trkpt lat="48.29232" lon="-4.45024">
        <ele>5</ele>
        <time>2026-06-23T13:16:22+00:00</time>
      </trkpt>
      <trkpt lat="48.29223" lon="-4.45059">
        <ele>5</ele>
        <time>2026-06-23T13:16:25+00:00</time>
      </trkpt>
      <trkpt lat="48.29207" lon="-4.45123">
        <ele>5</ele>
        <time>2026-06-23T13:16:28+00:00</time>
      </trkpt>
      <trkpt lat="48.29212" lon="-4.45165">
        <ele>5</ele>
        <time>2026-06-23T13:16:31+00:00</time>
      </trkpt>
      <trkpt lat="48.29221" lon="-4.45235">
        <ele>5</ele>
        <time>2026-06-23T13:16:34+00:00</time>
      </trkpt>
      <trkpt lat="48.29229" lon="-4.45291">
        <ele>5</ele>
        <time>2026-06-23T13:16:37+00:00</time>
      </trkpt>
      <trkpt lat="48.29234" lon="-4.45333">
        <ele>5</ele>
        <time>2026-06-23T13:16:40+00:00</time>
      </trkpt>
      <trkpt lat="48.29243" lon="-4.45403">
        <ele>5</ele>
        <time>2026-06-23T13:16:43+00:00</time>
      </trkpt>
      <trkpt lat="48.29248" lon="-4.4544">
        <ele>5</ele>
        <time>2026-06-23T13:16:46+00:00</time>
      </trkpt>
      <trkpt lat="48.29254" lon="-4.45486">
        <ele>5</ele>
        <time>2026-06-23T13:16:49+00:00</time>
      </trkpt>
      <trkpt lat="48.29253" lon="-4.45526">
        <ele>4</ele>
        <time>2026-06-23T13:16:52+00:00</time>
      </trkpt>
      <trkpt lat="48.29236" lon="-4.45566">
        <ele>4</ele>
        <time>2026-06-23T13:16:55+00:00</time>
      </trkpt>
      <trkpt lat="48.2922" lon="-4.45575">
        <ele>4</ele>
        <time>2026-06-23T13:16:58+00:00</time>
      </trkpt>
      <trkpt lat="48.29216" lon="-4.45596">
        <ele>4</ele>
        <time>2026-06-23T13:17:01+00:00</time>
      </trkpt>
      <trkpt lat="48.29212" lon="-4.45617">
        <ele>4</ele>
        <time>2026-06-23T13:17:04+00:00</time>
      </trkpt>
      <trkpt lat="48.29205" lon="-4.45649">
        <ele>4</ele>
        <time>2026-06-23T13:17:07+00:00</time>
      </trkpt>
      <trkpt lat="48.29198" lon="-4.45682">
        <ele>4</ele>
        <time>2026-06-23T13:17:10+00:00</time>
      </trkpt>
      <trkpt lat="48.29197" lon="-4.45713">
        <ele>3</ele>
        <time>2026-06-23T13:17:13+00:00</time>
      </trkpt>
      <trkpt lat="48.292" lon="-4.45768">
        <ele>3</ele>
        <time>2026-06-23T13:17:16+00:00</time>
      </trkpt>
      <trkpt lat="48.2921" lon="-4.45821">
        <ele>3</ele>
        <time>2026-06-23T13:17:19+00:00</time>
      </trkpt>
      <trkpt lat="48.29224" lon="-4.4586">
        <ele>4</ele>
        <time>2026-06-23T13:17:22+00:00</time>
      </trkpt>
      <trkpt lat="48.2925" lon="-4.45894">
        <ele>6</ele>
        <time>2026-06-23T13:17:25+00:00</time>
      </trkpt>
      <trkpt lat="48.29232" lon="-4.45924">
        <ele>7</ele>
        <time>2026-06-23T13:17:28+00:00</time>
      </trkpt>
      <trkpt lat="48.29219" lon="-4.45941">
        <ele>10</ele>
        <time>2026-06-23T13:17:31+00:00</time>
      </trkpt>
      <trkpt lat="48.29212" lon="-4.4596">
        <ele>13</ele>
        <time>2026-06-23T13:17:34+00:00</time>
      </trkpt>
      <trkpt lat="48.29206" lon="-4.45978">
        <ele>15</ele>
        <time>2026-06-23T13:17:37+00:00</time>
      </trkpt>
      <trkpt lat="48.29187" lon="-4.46023">
        <ele>23</ele>
        <time>2026-06-23T13:17:40+00:00</time>
      </trkpt>
      <trkpt lat="48.29177" lon="-4.46054">
        <ele>25</ele>
        <time>2026-06-23T13:17:43+00:00</time>
      </trkpt>
      <trkpt lat="48.29167" lon="-4.46086">
        <ele>27</ele>
        <time>2026-06-23T13:17:46+00:00</time>
      </trkpt>
      <trkpt lat="48.29151" lon="-4.46114">
        <ele>26</ele>
        <time>2026-06-23T13:17:49+00:00</time>
      </trkpt>
      <trkpt lat="48.29132" lon="-4.46148">
        <ele>25</ele>
        <time>2026-06-23T13:17:52+00:00</time>
      </trkpt>
      <trkpt lat="48.29102" lon="-4.46171">
        <ele>24</ele>
        <time>2026-06-23T13:17:55+00:00</time>
      </trkpt>
      <trkpt lat="48.29072" lon="-4.46193">
        <ele>23</ele>
        <time>2026-06-23T13:17:58+00:00</time>
      </trkpt>
      <trkpt lat="48.29016" lon="-4.46234">
        <ele>23</ele>
        <time>2026-06-23T13:18:01+00:00</time>
      </trkpt>
      <trkpt lat="48.29002" lon="-4.46244">
        <ele>26</ele>
        <time>2026-06-23T13:18:04+00:00</time>
      </trkpt>
      <trkpt lat="48.29024" lon="-4.46265">
        <ele>21</ele>
        <time>2026-06-23T13:18:07+00:00</time>
      </trkpt>
      <trkpt lat="48.29043" lon="-4.46283">
        <ele>17</ele>
        <time>2026-06-23T13:18:10+00:00</time>
      </trkpt>
      <trkpt lat="48.29062" lon="-4.46302">
        <ele>14</ele>
        <time>2026-06-23T13:18:13+00:00</time>
      </trkpt>
      <trkpt lat="48.29058" lon="-4.46306">
        <ele>13</ele>
        <time>2026-06-23T13:18:16+00:00</time>
      </trkpt>
      <trkpt lat="48.29051" lon="-4.46326">
        <ele>13</ele>
        <time>2026-06-23T13:18:19+00:00</time>
      </trkpt>
      <trkpt lat="48.29043" lon="-4.46333">
        <ele>12</ele>
        <time>2026-06-23T13:18:22+00:00</time>
      </trkpt>
      <trkpt lat="48.29026" lon="-4.46363">
        <ele>13</ele>
        <time>2026-06-23T13:18:25+00:00</time>
      </trkpt>
      <trkpt lat="48.29017" lon="-4.46373">
        <ele>11</ele>
        <time>2026-06-23T13:18:28+00:00</time>
      </trkpt>
      <trkpt lat="48.28999" lon="-4.46401">
        <ele>14</ele>
        <time>2026-06-23T13:18:31+00:00</time>
      </trkpt>
      <trkpt lat="48.28988" lon="-4.4642">
        <ele>13</ele>
        <time>2026-06-23T13:18:34+00:00</time>
      </trkpt>
      <trkpt lat="48.28969" lon="-4.46446">
        <ele>16</ele>
        <time>2026-06-23T13:18:37+00:00</time>
      </trkpt>
      <trkpt lat="48.28949" lon="-4.46473">
        <ele>17</ele>
        <time>2026-06-23T13:18:40+00:00</time>
      </trkpt>
      <trkpt lat="48.28925" lon="-4.46506">
        <ele>15</ele>
        <time>2026-06-23T13:18:43+00:00</time>
      </trkpt>
      <trkpt lat="48.28906" lon="-4.46544">
        <ele>13</ele>
        <time>2026-06-23T13:18:46+00:00</time>
      </trkpt>
      <trkpt lat="48.28886" lon="-4.46582">
        <ele>10</ele>
        <time>2026-06-23T13:18:49+00:00</time>
      </trkpt>
      <trkpt lat="48.28872" lon="-4.4661">
        <ele>12</ele>
        <time>2026-06-23T13:18:52+00:00</time>
      </trkpt>
      <trkpt lat="48.28858" lon="-4.46638">
        <ele>12</ele>
        <time>2026-06-23T13:18:55+00:00</time>
      </trkpt>
      <trkpt lat="48.28835" lon="-4.46673">
        <ele>8</ele>
        <time>2026-06-23T13:18:58+00:00</time>
      </trkpt>
      <trkpt lat="48.28845" lon="-4.46671">
        <ele>7</ele>
        <time>2026-06-23T13:19:01+00:00</time>
      </trkpt>
      <trkpt lat="48.28844" lon="-4.46678">
        <ele>7</ele>
        <time>2026-06-23T13:19:04+00:00</time>
      </trkpt>
      <trkpt lat="48.28849" lon="-4.46685">
        <ele>9</ele>
        <time>2026-06-23T13:19:07+00:00</time>
      </trkpt>
      <trkpt lat="48.28843" lon="-4.46683">
        <ele>4</ele>
        <time>2026-06-23T13:19:10+00:00</time>
      </trkpt>
      <trkpt lat="48.28827" lon="-4.46689">
        <ele>10</ele>
        <time>2026-06-23T13:19:13+00:00</time>
      </trkpt>
      <trkpt lat="48.28812" lon="-4.46732">
        <ele>12</ele>
        <time>2026-06-23T13:19:16+00:00</time>
      </trkpt>
      <trkpt lat="48.28798" lon="-4.46775">
        <ele>15</ele>
        <time>2026-06-23T13:19:19+00:00</time>
      </trkpt>
      <trkpt lat="48.28787" lon="-4.46807">
        <ele>13</ele>
        <time>2026-06-23T13:19:22+00:00</time>
      </trkpt>
      <trkpt lat="48.28775" lon="-4.46842">
        <ele>13</ele>
        <time>2026-06-23T13:19:25+00:00</time>
      </trkpt>
      <trkpt lat="48.28762" lon="-4.46875">
        <ele>14</ele>
        <time>2026-06-23T13:19:28+00:00</time>
      </trkpt>
      <trkpt lat="48.28748" lon="-4.46893">
        <ele>16</ele>
        <time>2026-06-23T13:19:31+00:00</time>
      </trkpt>
      <trkpt lat="48.28739" lon="-4.46912">
        <ele>20</ele>
        <time>2026-06-23T13:19:34+00:00</time>
      </trkpt>
      <trkpt lat="48.28735" lon="-4.46912">
        <ele>16</ele>
        <time>2026-06-23T13:19:37+00:00</time>
      </trkpt>
      <trkpt lat="48.28732" lon="-4.46908">
        <ele>20</ele>
        <time>2026-06-23T13:19:40+00:00</time>
      </trkpt>
      <trkpt lat="48.28729" lon="-4.46912">
        <ele>20</ele>
        <time>2026-06-23T13:19:43+00:00</time>
      </trkpt>
      <trkpt lat="48.28726" lon="-4.46912">
        <ele>20</ele>
        <time>2026-06-23T13:19:46+00:00</time>
      </trkpt>
      <trkpt lat="48.28724" lon="-4.46919">
        <ele>20</ele>
        <time>2026-06-23T13:19:49+00:00</time>
      </trkpt>
      <trkpt lat="48.28728" lon="-4.4694">
        <ele>13</ele>
        <time>2026-06-23T13:19:52+00:00</time>
      </trkpt>
      <trkpt lat="48.2873" lon="-4.4694">
        <ele>17</ele>
        <time>2026-06-23T13:19:55+00:00</time>
      </trkpt>
      <trkpt lat="48.28731" lon="-4.46962">
        <ele>15</ele>
        <time>2026-06-23T13:19:58+00:00</time>
      </trkpt>
      <trkpt lat="48.28729" lon="-4.46971">
        <ele>11</ele>
        <time>2026-06-23T13:20:01+00:00</time>
      </trkpt>
      <trkpt lat="48.28732" lon="-4.46969">
        <ele>15</ele>
        <time>2026-06-23T13:20:04+00:00</time>
      </trkpt>
      <trkpt lat="48.28724" lon="-4.4702">
        <ele>12</ele>
        <time>2026-06-23T13:20:07+00:00</time>
      </trkpt>
      <trkpt lat="48.28724" lon="-4.47032">
        <ele>6</ele>
        <time>2026-06-23T13:20:10+00:00</time>
      </trkpt>
      <trkpt lat="48.28707" lon="-4.47062">
        <ele>14</ele>
        <time>2026-06-23T13:20:13+00:00</time>
      </trkpt>
      <trkpt lat="48.28699" lon="-4.47067">
        <ele>26</ele>
        <time>2026-06-23T13:20:16+00:00</time>
      </trkpt>
      <trkpt lat="48.28696" lon="-4.47062">
        <ele>26</ele>
        <time>2026-06-23T13:20:19+00:00</time>
      </trkpt>
      <trkpt lat="48.28689" lon="-4.47062">
        <ele>21</ele>
        <time>2026-06-23T13:20:22+00:00</time>
      </trkpt>
      <trkpt lat="48.28685" lon="-4.47079">
        <ele>34</ele>
        <time>2026-06-23T13:20:25+00:00</time>
      </trkpt>
      <trkpt lat="48.28682" lon="-4.47105">
        <ele>28</ele>
        <time>2026-06-23T13:20:28+00:00</time>
      </trkpt>
      <trkpt lat="48.2868" lon="-4.47109">
        <ele>28</ele>
        <time>2026-06-23T13:20:31+00:00</time>
      </trkpt>
      <trkpt lat="48.28676" lon="-4.47109">
        <ele>28</ele>
        <time>2026-06-23T13:20:34+00:00</time>
      </trkpt>
      <trkpt lat="48.28671" lon="-4.47121">
        <ele>26</ele>
        <time>2026-06-23T13:20:37+00:00</time>
      </trkpt>
      <trkpt lat="48.2867" lon="-4.47133">
        <ele>25</ele>
        <time>2026-06-23T13:20:40+00:00</time>
      </trkpt>
      <trkpt lat="48.28674" lon="-4.47161">
        <ele>26</ele>
        <time>2026-06-23T13:20:43+00:00</time>
      </trkpt>
      <trkpt lat="48.28664" lon="-4.47201">
        <ele>24</ele>
        <time>2026-06-23T13:20:46+00:00</time>
      </trkpt>
      <trkpt lat="48.28657" lon="-4.47248">
        <ele>23</ele>
        <time>2026-06-23T13:20:49+00:00</time>
      </trkpt>
      <trkpt lat="48.28656" lon="-4.47264">
        <ele>21</ele>
        <time>2026-06-23T13:20:52+00:00</time>
      </trkpt>
      <trkpt lat="48.28648" lon="-4.47311">
        <ele>23</ele>
        <time>2026-06-23T13:20:55+00:00</time>
      </trkpt>
      <trkpt lat="48.2864" lon="-4.47332">
        <ele>23</ele>
        <time>2026-06-23T13:20:58+00:00</time>
      </trkpt>
      <trkpt lat="48.2864" lon="-4.47356">
        <ele>22</ele>
        <time>2026-06-23T13:21:01+00:00</time>
      </trkpt>
      <trkpt lat="48.28635" lon="-4.4737">
        <ele>20</ele>
        <time>2026-06-23T13:21:04+00:00</time>
      </trkpt>
      <trkpt lat="48.28631" lon="-4.47399">
        <ele>22</ele>
        <time>2026-06-23T13:21:07+00:00</time>
      </trkpt>
      <trkpt lat="48.28625" lon="-4.47419">
        <ele>24</ele>
        <time>2026-06-23T13:21:10+00:00</time>
      </trkpt>
      <trkpt lat="48.28623" lon="-4.47445">
        <ele>21</ele>
        <time>2026-06-23T13:21:13+00:00</time>
      </trkpt>
      <trkpt lat="48.28623" lon="-4.47478">
        <ele>21</ele>
        <time>2026-06-23T13:21:16+00:00</time>
      </trkpt>
      <trkpt lat="48.2862" lon="-4.47515">
        <ele>18</ele>
        <time>2026-06-23T13:21:19+00:00</time>
      </trkpt>
      <trkpt lat="48.28622" lon="-4.47543">
        <ele>18</ele>
        <time>2026-06-23T13:21:22+00:00</time>
      </trkpt>
      <trkpt lat="48.28613" lon="-4.47576">
        <ele>16</ele>
        <time>2026-06-23T13:21:25+00:00</time>
      </trkpt>
      <trkpt lat="48.28607" lon="-4.47634">
        <ele>17</ele>
        <time>2026-06-23T13:21:28+00:00</time>
      </trkpt>
      <trkpt lat="48.28599" lon="-4.47668">
        <ele>17</ele>
        <time>2026-06-23T13:21:31+00:00</time>
      </trkpt>
      <trkpt lat="48.2859" lon="-4.47708">
        <ele>18</ele>
        <time>2026-06-23T13:21:34+00:00</time>
      </trkpt>
      <trkpt lat="48.28578" lon="-4.4775">
        <ele>17</ele>
        <time>2026-06-23T13:21:37+00:00</time>
      </trkpt>
      <trkpt lat="48.28578" lon="-4.47776">
        <ele>19</ele>
        <time>2026-06-23T13:21:40+00:00</time>
      </trkpt>
      <trkpt lat="48.28572" lon="-4.47801">
        <ele>17</ele>
        <time>2026-06-23T13:21:43+00:00</time>
      </trkpt>
      <trkpt lat="48.28564" lon="-4.47834">
        <ele>16</ele>
        <time>2026-06-23T13:21:46+00:00</time>
      </trkpt>
      <trkpt lat="48.28559" lon="-4.47848">
        <ele>18</ele>
        <time>2026-06-23T13:21:49+00:00</time>
      </trkpt>
      <trkpt lat="48.28554" lon="-4.47876">
        <ele>16</ele>
        <time>2026-06-23T13:21:52+00:00</time>
      </trkpt>
      <trkpt lat="48.28548" lon="-4.47907">
        <ele>18</ele>
        <time>2026-06-23T13:21:55+00:00</time>
      </trkpt>
      <trkpt lat="48.2855" lon="-4.47919">
        <ele>20</ele>
        <time>2026-06-23T13:21:58+00:00</time>
      </trkpt>
      <trkpt lat="48.28548" lon="-4.4794">
        <ele>18</ele>
        <time>2026-06-23T13:22:01+00:00</time>
      </trkpt>
      <trkpt lat="48.28541" lon="-4.47954">
        <ele>19</ele>
        <time>2026-06-23T13:22:04+00:00</time>
      </trkpt>
      <trkpt lat="48.28535" lon="-4.47987">
        <ele>18</ele>
        <time>2026-06-23T13:22:07+00:00</time>
      </trkpt>
      <trkpt lat="48.28536" lon="-4.48003">
        <ele>17</ele>
        <time>2026-06-23T13:22:10+00:00</time>
      </trkpt>
      <trkpt lat="48.2854" lon="-4.48018">
        <ele>20</ele>
        <time>2026-06-23T13:22:13+00:00</time>
      </trkpt>
      <trkpt lat="48.28538" lon="-4.48031">
        <ele>15</ele>
        <time>2026-06-23T13:22:16+00:00</time>
      </trkpt>
      <trkpt lat="48.28528" lon="-4.48041">
        <ele>20</ele>
        <time>2026-06-23T13:22:19+00:00</time>
      </trkpt>
      <trkpt lat="48.2852" lon="-4.48067">
        <ele>20</ele>
        <time>2026-06-23T13:22:22+00:00</time>
      </trkpt>
      <trkpt lat="48.28498" lon="-4.48118">
        <ele>20</ele>
        <time>2026-06-23T13:22:25+00:00</time>
      </trkpt>
      <trkpt lat="48.28487" lon="-4.48155">
        <ele>20</ele>
        <time>2026-06-23T13:22:28+00:00</time>
      </trkpt>
      <trkpt lat="48.28471" lon="-4.48212">
        <ele>25</ele>
        <time>2026-06-23T13:22:31+00:00</time>
      </trkpt>
      <trkpt lat="48.28455" lon="-4.48248">
        <ele>22</ele>
        <time>2026-06-23T13:22:34+00:00</time>
      </trkpt>
      <trkpt lat="48.28427" lon="-4.48313">
        <ele>19</ele>
        <time>2026-06-23T13:22:37+00:00</time>
      </trkpt>
      <trkpt lat="48.28421" lon="-4.4832">
        <ele>14</ele>
        <time>2026-06-23T13:22:40+00:00</time>
      </trkpt>
      <trkpt lat="48.28408" lon="-4.48325">
        <ele>18</ele>
        <time>2026-06-23T13:22:43+00:00</time>
      </trkpt>
      <trkpt lat="48.28394" lon="-4.48332">
        <ele>16</ele>
        <time>2026-06-23T13:22:46+00:00</time>
      </trkpt>
      <trkpt lat="48.28393" lon="-4.4835">
        <ele>17</ele>
        <time>2026-06-23T13:22:49+00:00</time>
      </trkpt>
      <trkpt lat="48.28397" lon="-4.48381">
        <ele>17</ele>
        <time>2026-06-23T13:22:52+00:00</time>
      </trkpt>
      <trkpt lat="48.28395" lon="-4.48393">
        <ele>14</ele>
        <time>2026-06-23T13:22:55+00:00</time>
      </trkpt>
      <trkpt lat="48.28385" lon="-4.48417">
        <ele>21</ele>
        <time>2026-06-23T13:22:58+00:00</time>
      </trkpt>
      <trkpt lat="48.28375" lon="-4.48442">
        <ele>19</ele>
        <time>2026-06-23T13:23:01+00:00</time>
      </trkpt>
      <trkpt lat="48.28369" lon="-4.4847">
        <ele>19</ele>
        <time>2026-06-23T13:23:04+00:00</time>
      </trkpt>
      <trkpt lat="48.28361" lon="-4.48482">
        <ele>14</ele>
        <time>2026-06-23T13:23:07+00:00</time>
      </trkpt>
      <trkpt lat="48.28357" lon="-4.48494">
        <ele>17</ele>
        <time>2026-06-23T13:23:10+00:00</time>
      </trkpt>
      <trkpt lat="48.28356" lon="-4.48512">
        <ele>18</ele>
        <time>2026-06-23T13:23:13+00:00</time>
      </trkpt>
      <trkpt lat="48.28345" lon="-4.48536">
        <ele>16</ele>
        <time>2026-06-23T13:23:16+00:00</time>
      </trkpt>
      <trkpt lat="48.28332" lon="-4.48587">
        <ele>16</ele>
        <time>2026-06-23T13:23:19+00:00</time>
      </trkpt>
      <trkpt lat="48.28321" lon="-4.4862">
        <ele>19</ele>
        <time>2026-06-23T13:23:22+00:00</time>
      </trkpt>
      <trkpt lat="48.28305" lon="-4.48653">
        <ele>22</ele>
        <time>2026-06-23T13:23:25+00:00</time>
      </trkpt>
      <trkpt lat="48.28299" lon="-4.48669">
        <ele>22</ele>
        <time>2026-06-23T13:23:28+00:00</time>
      </trkpt>
      <trkpt lat="48.28284" lon="-4.48684">
        <ele>21</ele>
        <time>2026-06-23T13:23:31+00:00</time>
      </trkpt>
      <trkpt lat="48.28276" lon="-4.48702">
        <ele>23</ele>
        <time>2026-06-23T13:23:34+00:00</time>
      </trkpt>
      <trkpt lat="48.28273" lon="-4.48734">
        <ele>21</ele>
        <time>2026-06-23T13:23:37+00:00</time>
      </trkpt>
      <trkpt lat="48.28268" lon="-4.48784">
        <ele>21</ele>
        <time>2026-06-23T13:23:40+00:00</time>
      </trkpt>
      <trkpt lat="48.28263" lon="-4.48817">
        <ele>20</ele>
        <time>2026-06-23T13:23:43+00:00</time>
      </trkpt>
      <trkpt lat="48.28263" lon="-4.48822">
        <ele>21</ele>
        <time>2026-06-23T13:23:46+00:00</time>
      </trkpt>
      <trkpt lat="48.28269" lon="-4.48838">
        <ele>21</ele>
        <time>2026-06-23T13:23:49+00:00</time>
      </trkpt>
      <trkpt lat="48.28269" lon="-4.48852">
        <ele>20</ele>
        <time>2026-06-23T13:23:52+00:00</time>
      </trkpt>
      <trkpt lat="48.28254" lon="-4.48857">
        <ele>28</ele>
        <time>2026-06-23T13:23:55+00:00</time>
      </trkpt>
      <trkpt lat="48.28252" lon="-4.48874">
        <ele>19</ele>
        <time>2026-06-23T13:23:58+00:00</time>
      </trkpt>
      <trkpt lat="48.28254" lon="-4.48902">
        <ele>18</ele>
        <time>2026-06-23T13:24:01+00:00</time>
      </trkpt>
      <trkpt lat="48.28246" lon="-4.48928">
        <ele>18</ele>
        <time>2026-06-23T13:24:04+00:00</time>
      </trkpt>
      <trkpt lat="48.28244" lon="-4.48953">
        <ele>19</ele>
        <time>2026-06-23T13:24:07+00:00</time>
      </trkpt>
      <trkpt lat="48.28244" lon="-4.48977">
        <ele>17</ele>
        <time>2026-06-23T13:24:10+00:00</time>
      </trkpt>
      <trkpt lat="48.28245" lon="-4.49003">
        <ele>18</ele>
        <time>2026-06-23T13:24:13+00:00</time>
      </trkpt>
      <trkpt lat="48.28243" lon="-4.49017">
        <ele>16</ele>
        <time>2026-06-23T13:24:16+00:00</time>
      </trkpt>
      <trkpt lat="48.28245" lon="-4.49043">
        <ele>13</ele>
        <time>2026-06-23T13:24:19+00:00</time>
      </trkpt>
      <trkpt lat="48.28242" lon="-4.49052">
        <ele>13</ele>
        <time>2026-06-23T13:24:22+00:00</time>
      </trkpt>
      <trkpt lat="48.28242" lon="-4.49091">
        <ele>13</ele>
        <time>2026-06-23T13:24:25+00:00</time>
      </trkpt>
      <trkpt lat="48.28239" lon="-4.49101">
        <ele>20</ele>
        <time>2026-06-23T13:24:28+00:00</time>
      </trkpt>
      <trkpt lat="48.28242" lon="-4.49108">
        <ele>12</ele>
        <time>2026-06-23T13:24:31+00:00</time>
      </trkpt>
      <trkpt lat="48.28241" lon="-4.49143">
        <ele>15</ele>
        <time>2026-06-23T13:24:34+00:00</time>
      </trkpt>
      <trkpt lat="48.28234" lon="-4.49209">
        <ele>14</ele>
        <time>2026-06-23T13:24:37+00:00</time>
      </trkpt>
      <trkpt lat="48.28238" lon="-4.49228">
        <ele>17</ele>
        <time>2026-06-23T13:24:40+00:00</time>
      </trkpt>
      <trkpt lat="48.28242" lon="-4.49237">
        <ele>14</ele>
        <time>2026-06-23T13:24:43+00:00</time>
      </trkpt>
      <trkpt lat="48.2824" lon="-4.49247">
        <ele>18</ele>
        <time>2026-06-23T13:24:46+00:00</time>
      </trkpt>
      <trkpt lat="48.28243" lon="-4.49265">
        <ele>15</ele>
        <time>2026-06-23T13:24:49+00:00</time>
      </trkpt>
      <trkpt lat="48.2824" lon="-4.4927">
        <ele>19</ele>
        <time>2026-06-23T13:24:52+00:00</time>
      </trkpt>
      <trkpt lat="48.28239" lon="-4.49284">
        <ele>17</ele>
        <time>2026-06-23T13:24:55+00:00</time>
      </trkpt>
      <trkpt lat="48.28245" lon="-4.49294">
        <ele>15</ele>
        <time>2026-06-23T13:24:58+00:00</time>
      </trkpt>
      <trkpt lat="48.28249" lon="-4.49308">
        <ele>15</ele>
        <time>2026-06-23T13:25:01+00:00</time>
      </trkpt>
      <trkpt lat="48.2825" lon="-4.49338">
        <ele>14</ele>
        <time>2026-06-23T13:25:04+00:00</time>
      </trkpt>
      <trkpt lat="48.28254" lon="-4.4935">
        <ele>14</ele>
        <time>2026-06-23T13:25:07+00:00</time>
      </trkpt>
      <trkpt lat="48.28254" lon="-4.49369">
        <ele>14</ele>
        <time>2026-06-23T13:25:10+00:00</time>
      </trkpt>
      <trkpt lat="48.28251" lon="-4.49376">
        <ele>13</ele>
        <time>2026-06-23T13:25:13+00:00</time>
      </trkpt>
      <trkpt lat="48.28236" lon="-4.49392">
        <ele>12</ele>
        <time>2026-06-23T13:25:16+00:00</time>
      </trkpt>
      <trkpt lat="48.28229" lon="-4.49404">
        <ele>11</ele>
        <time>2026-06-23T13:25:19+00:00</time>
      </trkpt>
      <trkpt lat="48.28222" lon="-4.49411">
        <ele>11</ele>
        <time>2026-06-23T13:25:22+00:00</time>
      </trkpt>
      <trkpt lat="48.28219" lon="-4.49423">
        <ele>9</ele>
        <time>2026-06-23T13:25:25+00:00</time>
      </trkpt>
      <trkpt lat="48.28214" lon="-4.4943">
        <ele>9</ele>
        <time>2026-06-23T13:25:28+00:00</time>
      </trkpt>
      <trkpt lat="48.28203" lon="-4.49437">
        <ele>9</ele>
        <time>2026-06-23T13:25:31+00:00</time>
      </trkpt>
      <trkpt lat="48.28192" lon="-4.49436">
        <ele>5</ele>
        <time>2026-06-23T13:25:34+00:00</time>
      </trkpt>
      <trkpt lat="48.28187" lon="-4.49465">
        <ele>8</ele>
        <time>2026-06-23T13:25:37+00:00</time>
      </trkpt>
      <trkpt lat="48.2818" lon="-4.49487">
        <ele>4</ele>
        <time>2026-06-23T13:25:40+00:00</time>
      </trkpt>
      <trkpt lat="48.2817" lon="-4.49508">
        <ele>7</ele>
        <time>2026-06-23T13:25:43+00:00</time>
      </trkpt>
      <trkpt lat="48.28157" lon="-4.49533">
        <ele>7</ele>
        <time>2026-06-23T13:25:46+00:00</time>
      </trkpt>
      <trkpt lat="48.28151" lon="-4.49556">
        <ele>3</ele>
        <time>2026-06-23T13:25:49+00:00</time>
      </trkpt>
      <trkpt lat="48.28146" lon="-4.49568">
        <ele>7</ele>
        <time>2026-06-23T13:25:52+00:00</time>
      </trkpt>
      <trkpt lat="48.28141" lon="-4.49602">
        <ele>8</ele>
        <time>2026-06-23T13:25:55+00:00</time>
      </trkpt>
      <trkpt lat="48.28115" lon="-4.49599">
        <ele>9</ele>
        <time>2026-06-23T13:25:58+00:00</time>
      </trkpt>
      <trkpt lat="48.28077" lon="-4.49594">
        <ele>12</ele>
        <time>2026-06-23T13:26:01+00:00</time>
      </trkpt>
      <trkpt lat="48.28058" lon="-4.49616">
        <ele>14</ele>
        <time>2026-06-23T13:26:04+00:00</time>
      </trkpt>
      <trkpt lat="48.28039" lon="-4.49612">
        <ele>16</ele>
        <time>2026-06-23T13:26:07+00:00</time>
      </trkpt>
      <trkpt lat="48.28017" lon="-4.49645">
        <ele>20</ele>
        <time>2026-06-23T13:26:10+00:00</time>
      </trkpt>
      <trkpt lat="48.27995" lon="-4.49678">
        <ele>23</ele>
        <time>2026-06-23T13:26:13+00:00</time>
      </trkpt>
      <trkpt lat="48.2797" lon="-4.49716">
        <ele>27</ele>
        <time>2026-06-23T13:26:16+00:00</time>
      </trkpt>
      <trkpt lat="48.27986" lon="-4.49742">
        <ele>27</ele>
        <time>2026-06-23T13:26:19+00:00</time>
      </trkpt>
      <trkpt lat="48.28003" lon="-4.49771">
        <ele>30</ele>
        <time>2026-06-23T13:26:22+00:00</time>
      </trkpt>
      <trkpt lat="48.28016" lon="-4.49816">
        <ele>33</ele>
        <time>2026-06-23T13:26:25+00:00</time>
      </trkpt>
      <trkpt lat="48.27989" lon="-4.49865">
        <ele>32</ele>
        <time>2026-06-23T13:26:28+00:00</time>
      </trkpt>
      <trkpt lat="48.27994" lon="-4.49912">
        <ele>32</ele>
        <time>2026-06-23T13:26:31+00:00</time>
      </trkpt>
      <trkpt lat="48.27986" lon="-4.49952">
        <ele>30</ele>
        <time>2026-06-23T13:26:34+00:00</time>
      </trkpt>
      <trkpt lat="48.27973" lon="-4.50016">
        <ele>27</ele>
        <time>2026-06-23T13:26:37+00:00</time>
      </trkpt>
      <trkpt lat="48.27955" lon="-4.50043">
        <ele>27</ele>
        <time>2026-06-23T13:26:40+00:00</time>
      </trkpt>
      <trkpt lat="48.27932" lon="-4.50033">
        <ele>27</ele>
        <time>2026-06-23T13:26:43+00:00</time>
      </trkpt>
      <trkpt lat="48.27905" lon="-4.50021">
        <ele>26</ele>
        <time>2026-06-23T13:26:46+00:00</time>
      </trkpt>
      <trkpt lat="48.2791" lon="-4.5007">
        <ele>26</ele>
        <time>2026-06-23T13:26:49+00:00</time>
      </trkpt>
      <trkpt lat="48.27912" lon="-4.50106">
        <ele>24</ele>
        <time>2026-06-23T13:26:52+00:00</time>
      </trkpt>
      <trkpt lat="48.27915" lon="-4.50151">
        <ele>21</ele>
        <time>2026-06-23T13:26:55+00:00</time>
      </trkpt>
      <trkpt lat="48.27924" lon="-4.50202">
        <ele>18</ele>
        <time>2026-06-23T13:26:58+00:00</time>
      </trkpt>
      <trkpt lat="48.27963" lon="-4.50233">
        <ele>15</ele>
        <time>2026-06-23T13:27:01+00:00</time>
      </trkpt>
      <trkpt lat="48.27985" lon="-4.50233">
        <ele>14</ele>
        <time>2026-06-23T13:27:04+00:00</time>
      </trkpt>
      <trkpt lat="48.2801" lon="-4.50232">
        <ele>12</ele>
        <time>2026-06-23T13:27:07+00:00</time>
      </trkpt>
      <trkpt lat="48.28053" lon="-4.50236">
        <ele>10</ele>
        <time>2026-06-23T13:27:10+00:00</time>
      </trkpt>
      <trkpt lat="48.2808" lon="-4.50267">
        <ele>7</ele>
        <time>2026-06-23T13:27:13+00:00</time>
      </trkpt>
      <trkpt lat="48.28089" lon="-4.50302">
        <ele>6</ele>
        <time>2026-06-23T13:27:16+00:00</time>
      </trkpt>
      <trkpt lat="48.28101" lon="-4.50346">
        <ele>5</ele>
        <time>2026-06-23T13:27:19+00:00</time>
      </trkpt>
      <trkpt lat="48.28116" lon="-4.50396">
        <ele>5</ele>
        <time>2026-06-23T13:27:22+00:00</time>
      </trkpt>
      <trkpt lat="48.28129" lon="-4.50431">
        <ele>5</ele>
        <time>2026-06-23T13:27:25+00:00</time>
      </trkpt>
      <trkpt lat="48.28149" lon="-4.50481">
        <ele>5</ele>
        <time>2026-06-23T13:27:28+00:00</time>
      </trkpt>
      <trkpt lat="48.28163" lon="-4.50514">
        <ele>4</ele>
        <time>2026-06-23T13:27:31+00:00</time>
      </trkpt>
      <trkpt lat="48.28183" lon="-4.50558">
        <ele>4</ele>
        <time>2026-06-23T13:27:34+00:00</time>
      </trkpt>
      <trkpt lat="48.28204" lon="-4.50595">
        <ele>4</ele>
        <time>2026-06-23T13:27:37+00:00</time>
      </trkpt>
      <trkpt lat="48.28223" lon="-4.50628">
        <ele>4</ele>
        <time>2026-06-23T13:27:40+00:00</time>
      </trkpt>
      <trkpt lat="48.28259" lon="-4.50689">
        <ele>4</ele>
        <time>2026-06-23T13:27:43+00:00</time>
      </trkpt>
      <trkpt lat="48.28282" lon="-4.50726">
        <ele>4</ele>
        <time>2026-06-23T13:27:46+00:00</time>
      </trkpt>
      <trkpt lat="48.28303" lon="-4.5076">
        <ele>3</ele>
        <time>2026-06-23T13:27:49+00:00</time>
      </trkpt>
      <trkpt lat="48.28325" lon="-4.50793">
        <ele>3</ele>
        <time>2026-06-23T13:27:52+00:00</time>
      </trkpt>
      <trkpt lat="48.28352" lon="-4.50835">
        <ele>3</ele>
        <time>2026-06-23T13:27:55+00:00</time>
      </trkpt>
      <trkpt lat="48.28369" lon="-4.50858">
        <ele>3</ele>
        <time>2026-06-23T13:27:58+00:00</time>
      </trkpt>
      <trkpt lat="48.28388" lon="-4.50877">
        <ele>4</ele>
        <time>2026-06-23T13:28:01+00:00</time>
      </trkpt>
      <trkpt lat="48.28417" lon="-4.50899">
        <ele>4</ele>
        <time>2026-06-23T13:28:04+00:00</time>
      </trkpt>
      <trkpt lat="48.28401" lon="-4.50887">
        <ele>4</ele>
        <time>2026-06-23T13:28:07+00:00</time>
      </trkpt>
      <trkpt lat="48.28419" lon="-4.50895">
        <ele>4</ele>
        <time>2026-06-23T13:28:10+00:00</time>
      </trkpt>
      <trkpt lat="48.28443" lon="-4.50905">
        <ele>4</ele>
        <time>2026-06-23T13:28:13+00:00</time>
      </trkpt>
      <trkpt lat="48.28442" lon="-4.50905">
        <ele>4</ele>
        <time>2026-06-23T13:28:16+00:00</time>
      </trkpt>
      <trkpt lat="48.28458" lon="-4.50861">
        <ele>4</ele>
        <time>2026-06-23T13:28:19+00:00</time>
      </trkpt>
      <trkpt lat="48.28485" lon="-4.50831">
        <ele>4</ele>
        <time>2026-06-23T13:28:22+00:00</time>
      </trkpt>
      <trkpt lat="48.28502" lon="-4.50792">
        <ele>4</ele>
        <time>2026-06-23T13:28:25+00:00</time>
      </trkpt>
      <trkpt lat="48.28528" lon="-4.5076">
        <ele>4</ele>
        <time>2026-06-23T13:28:28+00:00</time>
      </trkpt>
      <trkpt lat="48.28544" lon="-4.5078">
        <ele>4</ele>
        <time>2026-06-23T13:28:31+00:00</time>
      </trkpt>
      <trkpt lat="48.28564" lon="-4.50754">
        <ele>4</ele>
        <time>2026-06-23T13:28:34+00:00</time>
      </trkpt>
      <trkpt lat="48.28593" lon="-4.50715">
        <ele>4</ele>
        <time>2026-06-23T13:28:37+00:00</time>
      </trkpt>
      <trkpt lat="48.28599" lon="-4.507">
        <ele>2</ele>
        <time>2026-06-23T13:28:40+00:00</time>
      </trkpt>
      <trkpt lat="48.28613" lon="-4.50727">
        <ele>5</ele>
        <time>2026-06-23T13:28:43+00:00</time>
      </trkpt>
      <trkpt lat="48.28631" lon="-4.50788">
        <ele>6</ele>
        <time>2026-06-23T13:28:46+00:00</time>
      </trkpt>
      <trkpt lat="48.28623" lon="-4.50847">
        <ele>7</ele>
        <time>2026-06-23T13:28:49+00:00</time>
      </trkpt>
      <trkpt lat="48.28625" lon="-4.50908">
        <ele>9</ele>
        <time>2026-06-23T13:28:52+00:00</time>
      </trkpt>
      <trkpt lat="48.28621" lon="-4.50951">
        <ele>10</ele>
        <time>2026-06-23T13:28:55+00:00</time>
      </trkpt>
      <trkpt lat="48.28613" lon="-4.51025">
        <ele>13</ele>
        <time>2026-06-23T13:28:58+00:00</time>
      </trkpt>
      <trkpt lat="48.28611" lon="-4.51062">
        <ele>14</ele>
        <time>2026-06-23T13:29:01+00:00</time>
      </trkpt>
      <trkpt lat="48.28609" lon="-4.51105">
        <ele>17</ele>
        <time>2026-06-23T13:29:04+00:00</time>
      </trkpt>
      <trkpt lat="48.28611" lon="-4.51126">
        <ele>18</ele>
        <time>2026-06-23T13:29:07+00:00</time>
      </trkpt>
      <trkpt lat="48.28627" lon="-4.51134">
        <ele>18</ele>
        <time>2026-06-23T13:29:10+00:00</time>
      </trkpt>
      <trkpt lat="48.28646" lon="-4.51143">
        <ele>18</ele>
        <time>2026-06-23T13:29:13+00:00</time>
      </trkpt>
      <trkpt lat="48.28672" lon="-4.51165">
        <ele>19</ele>
        <time>2026-06-23T13:29:16+00:00</time>
      </trkpt>
      <trkpt lat="48.28699" lon="-4.51188">
        <ele>19</ele>
        <time>2026-06-23T13:29:19+00:00</time>
      </trkpt>
      <trkpt lat="48.2873" lon="-4.51213">
        <ele>20</ele>
        <time>2026-06-23T13:29:22+00:00</time>
      </trkpt>
      <trkpt lat="48.28758" lon="-4.51217">
        <ele>20</ele>
        <time>2026-06-23T13:29:25+00:00</time>
      </trkpt>
      <trkpt lat="48.28782" lon="-4.51213">
        <ele>21</ele>
        <time>2026-06-23T13:29:28+00:00</time>
      </trkpt>
      <trkpt lat="48.28809" lon="-4.51209">
        <ele>21</ele>
        <time>2026-06-23T13:29:31+00:00</time>
      </trkpt>
      <trkpt lat="48.28837" lon="-4.51228">
        <ele>24</ele>
        <time>2026-06-23T13:29:34+00:00</time>
      </trkpt>
      <trkpt lat="48.28855" lon="-4.51268">
        <ele>24</ele>
        <time>2026-06-23T13:29:37+00:00</time>
      </trkpt>
      <trkpt lat="48.28884" lon="-4.51296">
        <ele>22</ele>
        <time>2026-06-23T13:29:40+00:00</time>
      </trkpt>
      <trkpt lat="48.28904" lon="-4.51325">
        <ele>20</ele>
        <time>2026-06-23T13:29:43+00:00</time>
      </trkpt>
      <trkpt lat="48.28939" lon="-4.51375">
        <ele>16</ele>
        <time>2026-06-23T13:29:46+00:00</time>
      </trkpt>
      <trkpt lat="48.28964" lon="-4.51415">
        <ele>11</ele>
        <time>2026-06-23T13:29:49+00:00</time>
      </trkpt>
      <trkpt lat="48.28989" lon="-4.51456">
        <ele>8</ele>
        <time>2026-06-23T13:29:52+00:00</time>
      </trkpt>
      <trkpt lat="48.29014" lon="-4.51496">
        <ele>6</ele>
        <time>2026-06-23T13:29:55+00:00</time>
      </trkpt>
      <trkpt lat="48.29039" lon="-4.51536">
        <ele>5</ele>
        <time>2026-06-23T13:29:58+00:00</time>
      </trkpt>
      <trkpt lat="48.29077" lon="-4.51597">
        <ele>4</ele>
        <time>2026-06-23T13:30:01+00:00</time>
      </trkpt>
      <trkpt lat="48.29103" lon="-4.5164">
        <ele>4</ele>
        <time>2026-06-23T13:30:04+00:00</time>
      </trkpt>
      <trkpt lat="48.29121" lon="-4.51673">
        <ele>5</ele>
        <time>2026-06-23T13:30:07+00:00</time>
      </trkpt>
      <trkpt lat="48.29135" lon="-4.51701">
        <ele>6</ele>
        <time>2026-06-23T13:30:10+00:00</time>
      </trkpt>
      <trkpt lat="48.29151" lon="-4.51731">
        <ele>7</ele>
        <time>2026-06-23T13:30:13+00:00</time>
      </trkpt>
      <trkpt lat="48.29159" lon="-4.51748">
        <ele>7</ele>
        <time>2026-06-23T13:30:16+00:00</time>
      </trkpt>
      <trkpt lat="48.29158" lon="-4.51753">
        <ele>7</ele>
        <time>2026-06-23T13:30:19+00:00</time>
      </trkpt>
      <trkpt lat="48.29174" lon="-4.51758">
        <ele>7</ele>
        <time>2026-06-23T13:30:22+00:00</time>
      </trkpt>
      <trkpt lat="48.29174" lon="-4.51764">
        <ele>7</ele>
        <time>2026-06-23T13:30:25+00:00</time>
      </trkpt>
      <trkpt lat="48.2918" lon="-4.51796">
        <ele>8</ele>
        <time>2026-06-23T13:30:28+00:00</time>
      </trkpt>
      <trkpt lat="48.29178" lon="-4.51804">
        <ele>8</ele>
        <time>2026-06-23T13:30:31+00:00</time>
      </trkpt>
      <trkpt lat="48.29158" lon="-4.51822">
        <ele>9</ele>
        <time>2026-06-23T13:30:34+00:00</time>
      </trkpt>
      <trkpt lat="48.29133" lon="-4.51846">
        <ele>9</ele>
        <time>2026-06-23T13:30:37+00:00</time>
      </trkpt>
      <trkpt lat="48.29147" lon="-4.51874">
        <ele>9</ele>
        <time>2026-06-23T13:30:40+00:00</time>
      </trkpt>
      <trkpt lat="48.29162" lon="-4.51905">
        <ele>9</ele>
        <time>2026-06-23T13:30:43+00:00</time>
      </trkpt>
      <trkpt lat="48.29178" lon="-4.51926">
        <ele>8</ele>
        <time>2026-06-23T13:30:46+00:00</time>
      </trkpt>
      <trkpt lat="48.29202" lon="-4.51943">
        <ele>7</ele>
        <time>2026-06-23T13:30:49+00:00</time>
      </trkpt>
      <trkpt lat="48.29236" lon="-4.51966">
        <ele>6</ele>
        <time>2026-06-23T13:30:52+00:00</time>
      </trkpt>
      <trkpt lat="48.29261" lon="-4.52003">
        <ele>6</ele>
        <time>2026-06-23T13:30:55+00:00</time>
      </trkpt>
      <trkpt lat="48.29275" lon="-4.52037">
        <ele>6</ele>
        <time>2026-06-23T13:30:58+00:00</time>
      </trkpt>
      <trkpt lat="48.29296" lon="-4.52085">
        <ele>8</ele>
        <time>2026-06-23T13:31:01+00:00</time>
      </trkpt>
      <trkpt lat="48.29298" lon="-4.52094">
        <ele>8</ele>
        <time>2026-06-23T13:31:04+00:00</time>
      </trkpt>
      <trkpt lat="48.29298" lon="-4.52123">
        <ele>8</ele>
        <time>2026-06-23T13:31:07+00:00</time>
      </trkpt>
      <trkpt lat="48.29294" lon="-4.52145">
        <ele>9</ele>
        <time>2026-06-23T13:31:10+00:00</time>
      </trkpt>
      <trkpt lat="48.29282" lon="-4.52164">
        <ele>8</ele>
        <time>2026-06-23T13:31:13+00:00</time>
      </trkpt>
      <trkpt lat="48.29269" lon="-4.52186">
        <ele>6</ele>
        <time>2026-06-23T13:31:16+00:00</time>
      </trkpt>
      <trkpt lat="48.29258" lon="-4.52198">
        <ele>6</ele>
        <time>2026-06-23T13:31:19+00:00</time>
      </trkpt>
      <trkpt lat="48.29238" lon="-4.52198">
        <ele>5</ele>
        <time>2026-06-23T13:31:22+00:00</time>
      </trkpt>
      <trkpt lat="48.29208" lon="-4.52189">
        <ele>4</ele>
        <time>2026-06-23T13:31:25+00:00</time>
      </trkpt>
      <trkpt lat="48.29178" lon="-4.5218">
        <ele>4</ele>
        <time>2026-06-23T13:31:28+00:00</time>
      </trkpt>
      <trkpt lat="48.29146" lon="-4.5217">
        <ele>3</ele>
        <time>2026-06-23T13:31:31+00:00</time>
      </trkpt>
      <trkpt lat="48.29111" lon="-4.52175">
        <ele>3</ele>
        <time>2026-06-23T13:31:34+00:00</time>
      </trkpt>
      <trkpt lat="48.29106" lon="-4.52172">
        <ele>4</ele>
        <time>2026-06-23T13:31:37+00:00</time>
      </trkpt>
      <trkpt lat="48.29091" lon="-4.52151">
        <ele>5</ele>
        <time>2026-06-23T13:31:40+00:00</time>
      </trkpt>
      <trkpt lat="48.29075" lon="-4.52128">
        <ele>6</ele>
        <time>2026-06-23T13:31:43+00:00</time>
      </trkpt>
      <trkpt lat="48.29064" lon="-4.52114">
        <ele>6</ele>
        <time>2026-06-23T13:31:46+00:00</time>
      </trkpt>
      <trkpt lat="48.29048" lon="-4.52109">
        <ele>8</ele>
        <time>2026-06-23T13:31:49+00:00</time>
      </trkpt>
      <trkpt lat="48.2903" lon="-4.52104">
        <ele>9</ele>
        <time>2026-06-23T13:31:52+00:00</time>
      </trkpt>
      <trkpt lat="48.29004" lon="-4.52095">
        <ele>9</ele>
        <time>2026-06-23T13:31:55+00:00</time>
      </trkpt>
      <trkpt lat="48.28988" lon="-4.52085">
        <ele>10</ele>
        <time>2026-06-23T13:31:58+00:00</time>
      </trkpt>
      <trkpt lat="48.28977" lon="-4.52074">
        <ele>11</ele>
        <time>2026-06-23T13:32:01+00:00</time>
      </trkpt>
      <trkpt lat="48.28959" lon="-4.52043">
        <ele>12</ele>
        <time>2026-06-23T13:32:04+00:00</time>
      </trkpt>
      <trkpt lat="48.28956" lon="-4.52029">
        <ele>12</ele>
        <time>2026-06-23T13:32:07+00:00</time>
      </trkpt>
      <trkpt lat="48.28956" lon="-4.52019">
        <ele>12</ele>
        <time>2026-06-23T13:32:10+00:00</time>
      </trkpt>
      <trkpt lat="48.28941" lon="-4.52011">
        <ele>12</ele>
        <time>2026-06-23T13:32:13+00:00</time>
      </trkpt>
      <trkpt lat="48.28925" lon="-4.52003">
        <ele>12</ele>
        <time>2026-06-23T13:32:16+00:00</time>
      </trkpt>
      <trkpt lat="48.28909" lon="-4.51999">
        <ele>12</ele>
        <time>2026-06-23T13:32:19+00:00</time>
      </trkpt>
      <trkpt lat="48.28901" lon="-4.52001">
        <ele>12</ele>
        <time>2026-06-23T13:32:22+00:00</time>
      </trkpt>
      <trkpt lat="48.28892" lon="-4.52006">
        <ele>12</ele>
        <time>2026-06-23T13:32:25+00:00</time>
      </trkpt>
      <trkpt lat="48.28877" lon="-4.5202">
        <ele>14</ele>
        <time>2026-06-23T13:32:28+00:00</time>
      </trkpt>
      <trkpt lat="48.28866" lon="-4.52041">
        <ele>15</ele>
        <time>2026-06-23T13:32:31+00:00</time>
      </trkpt>
      <trkpt lat="48.28853" lon="-4.5206">
        <ele>17</ele>
        <time>2026-06-23T13:32:34+00:00</time>
      </trkpt>
      <trkpt lat="48.28845" lon="-4.52067">
        <ele>17</ele>
        <time>2026-06-23T13:32:37+00:00</time>
      </trkpt>
      <trkpt lat="48.28823" lon="-4.52081">
        <ele>19</ele>
        <time>2026-06-23T13:32:40+00:00</time>
      </trkpt>
      <trkpt lat="48.28786" lon="-4.52104">
        <ele>20</ele>
        <time>2026-06-23T13:32:43+00:00</time>
      </trkpt>
      <trkpt lat="48.28778" lon="-4.52111">
        <ele>20</ele>
        <time>2026-06-23T13:32:46+00:00</time>
      </trkpt>
      <trkpt lat="48.2877" lon="-4.52121">
        <ele>21</ele>
        <time>2026-06-23T13:32:49+00:00</time>
      </trkpt>
      <trkpt lat="48.2875" lon="-4.5217">
        <ele>21</ele>
        <time>2026-06-23T13:32:52+00:00</time>
      </trkpt>
      <trkpt lat="48.28737" lon="-4.52198">
        <ele>21</ele>
        <time>2026-06-23T13:32:55+00:00</time>
      </trkpt>
      <trkpt lat="48.28723" lon="-4.52226">
        <ele>22</ele>
        <time>2026-06-23T13:32:58+00:00</time>
      </trkpt>
      <trkpt lat="48.28705" lon="-4.52254">
        <ele>22</ele>
        <time>2026-06-23T13:33:01+00:00</time>
      </trkpt>
      <trkpt lat="48.28679" lon="-4.52294">
        <ele>22</ele>
        <time>2026-06-23T13:33:04+00:00</time>
      </trkpt>
      <trkpt lat="48.28654" lon="-4.52325">
        <ele>22</ele>
        <time>2026-06-23T13:33:07+00:00</time>
      </trkpt>
      <trkpt lat="48.28632" lon="-4.52353">
        <ele>22</ele>
        <time>2026-06-23T13:33:10+00:00</time>
      </trkpt>
      <trkpt lat="48.28592" lon="-4.52404">
        <ele>22</ele>
        <time>2026-06-23T13:33:13+00:00</time>
      </trkpt>
      <trkpt lat="48.28575" lon="-4.52419">
        <ele>22</ele>
        <time>2026-06-23T13:33:16+00:00</time>
      </trkpt>
      <trkpt lat="48.28551" lon="-4.5243">
        <ele>22</ele>
        <time>2026-06-23T13:33:19+00:00</time>
      </trkpt>
      <trkpt lat="48.2852" lon="-4.52445">
        <ele>22</ele>
        <time>2026-06-23T13:33:22+00:00</time>
      </trkpt>
      <trkpt lat="48.28499" lon="-4.52465">
        <ele>21</ele>
        <time>2026-06-23T13:33:25+00:00</time>
      </trkpt>
      <trkpt lat="48.28485" lon="-4.52491">
        <ele>21</ele>
        <time>2026-06-23T13:33:28+00:00</time>
      </trkpt>
      <trkpt lat="48.28475" lon="-4.52498">
        <ele>23</ele>
        <time>2026-06-23T13:33:31+00:00</time>
      </trkpt>
      <trkpt lat="48.28455" lon="-4.52497">
        <ele>24</ele>
        <time>2026-06-23T13:33:34+00:00</time>
      </trkpt>
      <trkpt lat="48.28422" lon="-4.52512">
        <ele>25</ele>
        <time>2026-06-23T13:33:37+00:00</time>
      </trkpt>
      <trkpt lat="48.28396" lon="-4.52523">
        <ele>25</ele>
        <time>2026-06-23T13:33:40+00:00</time>
      </trkpt>
      <trkpt lat="48.28357" lon="-4.5254">
        <ele>26</ele>
        <time>2026-06-23T13:33:43+00:00</time>
      </trkpt>
      <trkpt lat="48.28322" lon="-4.52556">
        <ele>27</ele>
        <time>2026-06-23T13:33:46+00:00</time>
      </trkpt>
      <trkpt lat="48.283" lon="-4.52578">
        <ele>26</ele>
        <time>2026-06-23T13:33:49+00:00</time>
      </trkpt>
      <trkpt lat="48.28323" lon="-4.52616">
        <ele>26</ele>
        <time>2026-06-23T13:33:52+00:00</time>
      </trkpt>
      <trkpt lat="48.28345" lon="-4.52643">
        <ele>25</ele>
        <time>2026-06-23T13:33:55+00:00</time>
      </trkpt>
      <trkpt lat="48.28384" lon="-4.52691">
        <ele>23</ele>
        <time>2026-06-23T13:33:58+00:00</time>
      </trkpt>
      <trkpt lat="48.28405" lon="-4.52712">
        <ele>22</ele>
        <time>2026-06-23T13:34:01+00:00</time>
      </trkpt>
      <trkpt lat="48.28431" lon="-4.52738">
        <ele>21</ele>
        <time>2026-06-23T13:34:04+00:00</time>
      </trkpt>
      <trkpt lat="48.28439" lon="-4.52756">
        <ele>21</ele>
        <time>2026-06-23T13:34:07+00:00</time>
      </trkpt>
      <trkpt lat="48.28441" lon="-4.52799">
        <ele>20</ele>
        <time>2026-06-23T13:34:10+00:00</time>
      </trkpt>
      <trkpt lat="48.28444" lon="-4.52818">
        <ele>19</ele>
        <time>2026-06-23T13:34:13+00:00</time>
      </trkpt>
      <trkpt lat="48.28433" lon="-4.5285">
        <ele>20</ele>
        <time>2026-06-23T13:34:16+00:00</time>
      </trkpt>
      <trkpt lat="48.28424" lon="-4.52864">
        <ele>22</ele>
        <time>2026-06-23T13:34:19+00:00</time>
      </trkpt>
      <trkpt lat="48.28414" lon="-4.52885">
        <ele>21</ele>
        <time>2026-06-23T13:34:22+00:00</time>
      </trkpt>
      <trkpt lat="48.28404" lon="-4.52919">
        <ele>21</ele>
        <time>2026-06-23T13:34:25+00:00</time>
      </trkpt>
      <trkpt lat="48.28392" lon="-4.52961">
        <ele>22</ele>
        <time>2026-06-23T13:34:28+00:00</time>
      </trkpt>
      <trkpt lat="48.28382" lon="-4.52982">
        <ele>23</ele>
        <time>2026-06-23T13:34:31+00:00</time>
      </trkpt>
      <trkpt lat="48.28376" lon="-4.53003">
        <ele>23</ele>
        <time>2026-06-23T13:34:34+00:00</time>
      </trkpt>
      <trkpt lat="48.28366" lon="-4.53024">
        <ele>24</ele>
        <time>2026-06-23T13:34:37+00:00</time>
      </trkpt>
      <trkpt lat="48.28354" lon="-4.5304">
        <ele>24</ele>
        <time>2026-06-23T13:34:40+00:00</time>
      </trkpt>
      <trkpt lat="48.28341" lon="-4.53059">
        <ele>24</ele>
        <time>2026-06-23T13:34:43+00:00</time>
      </trkpt>
      <trkpt lat="48.28335" lon="-4.53071">
        <ele>25</ele>
        <time>2026-06-23T13:34:46+00:00</time>
      </trkpt>
      <trkpt lat="48.28325" lon="-4.53098">
        <ele>24</ele>
        <time>2026-06-23T13:34:49+00:00</time>
      </trkpt>
      <trkpt lat="48.28313" lon="-4.53131">
        <ele>24</ele>
        <time>2026-06-23T13:34:52+00:00</time>
      </trkpt>
      <trkpt lat="48.28305" lon="-4.53135">
        <ele>26</ele>
        <time>2026-06-23T13:34:55+00:00</time>
      </trkpt>
      <trkpt lat="48.2829" lon="-4.53146">
        <ele>25</ele>
        <time>2026-06-23T13:34:58+00:00</time>
      </trkpt>
      <trkpt lat="48.28285" lon="-4.53143">
        <ele>29</ele>
        <time>2026-06-23T13:35:01+00:00</time>
      </trkpt>
      <trkpt lat="48.28275" lon="-4.53162">
        <ele>26</ele>
        <time>2026-06-23T13:35:04+00:00</time>
      </trkpt>
      <trkpt lat="48.28257" lon="-4.53185">
        <ele>25</ele>
        <time>2026-06-23T13:35:07+00:00</time>
      </trkpt>
      <trkpt lat="48.28237" lon="-4.53209">
        <ele>25</ele>
        <time>2026-06-23T13:35:10+00:00</time>
      </trkpt>
      <trkpt lat="48.28208" lon="-4.53229">
        <ele>23</ele>
        <time>2026-06-23T13:35:13+00:00</time>
      </trkpt>
      <trkpt lat="48.28186" lon="-4.5324">
        <ele>19</ele>
        <time>2026-06-23T13:35:16+00:00</time>
      </trkpt>
      <trkpt lat="48.28164" lon="-4.53251">
        <ele>17</ele>
        <time>2026-06-23T13:35:19+00:00</time>
      </trkpt>
      <trkpt lat="48.28136" lon="-4.53271">
        <ele>16</ele>
        <time>2026-06-23T13:35:22+00:00</time>
      </trkpt>
      <trkpt lat="48.28149" lon="-4.53302">
        <ele>15</ele>
        <time>2026-06-23T13:35:25+00:00</time>
      </trkpt>
      <trkpt lat="48.28166" lon="-4.53342">
        <ele>14</ele>
        <time>2026-06-23T13:35:28+00:00</time>
      </trkpt>
      <trkpt lat="48.28184" lon="-4.53382">
        <ele>14</ele>
        <time>2026-06-23T13:35:31+00:00</time>
      </trkpt>
      <trkpt lat="48.2821" lon="-4.53441">
        <ele>13</ele>
        <time>2026-06-23T13:35:34+00:00</time>
      </trkpt>
      <trkpt lat="48.282" lon="-4.5347">
        <ele>13</ele>
        <time>2026-06-23T13:35:37+00:00</time>
      </trkpt>
      <trkpt lat="48.28191" lon="-4.53518">
        <ele>13</ele>
        <time>2026-06-23T13:35:40+00:00</time>
      </trkpt>
      <trkpt lat="48.28169" lon="-4.53556">
        <ele>16</ele>
        <time>2026-06-23T13:35:43+00:00</time>
      </trkpt>
      <trkpt lat="48.28155" lon="-4.53584">
        <ele>17</ele>
        <time>2026-06-23T13:35:46+00:00</time>
      </trkpt>
      <trkpt lat="48.28146" lon="-4.53616">
        <ele>21</ele>
        <time>2026-06-23T13:35:49+00:00</time>
      </trkpt>
      <trkpt lat="48.28141" lon="-4.53672">
        <ele>21</ele>
        <time>2026-06-23T13:35:52+00:00</time>
      </trkpt>
      <trkpt lat="48.28139" lon="-4.53701">
        <ele>22</ele>
        <time>2026-06-23T13:35:55+00:00</time>
      </trkpt>
      <trkpt lat="48.28146" lon="-4.53739">
        <ele>22</ele>
        <time>2026-06-23T13:35:58+00:00</time>
      </trkpt>
      <trkpt lat="48.28155" lon="-4.53789">
        <ele>22</ele>
        <time>2026-06-23T13:36:01+00:00</time>
      </trkpt>
      <trkpt lat="48.28164" lon="-4.5382">
        <ele>21</ele>
        <time>2026-06-23T13:36:04+00:00</time>
      </trkpt>
      <trkpt lat="48.28174" lon="-4.53851">
        <ele>21</ele>
        <time>2026-06-23T13:36:07+00:00</time>
      </trkpt>
      <trkpt lat="48.28191" lon="-4.53902">
        <ele>21</ele>
        <time>2026-06-23T13:36:10+00:00</time>
      </trkpt>
      <trkpt lat="48.282" lon="-4.53942">
        <ele>21</ele>
        <time>2026-06-23T13:36:13+00:00</time>
      </trkpt>
      <trkpt lat="48.28198" lon="-4.54005">
        <ele>21</ele>
        <time>2026-06-23T13:36:16+00:00</time>
      </trkpt>
      <trkpt lat="48.28193" lon="-4.54041">
        <ele>22</ele>
        <time>2026-06-23T13:36:19+00:00</time>
      </trkpt>
      <trkpt lat="48.28186" lon="-4.54086">
        <ele>25</ele>
        <time>2026-06-23T13:36:22+00:00</time>
      </trkpt>
      <trkpt lat="48.28176" lon="-4.54118">
        <ele>25</ele>
        <time>2026-06-23T13:36:25+00:00</time>
      </trkpt>
      <trkpt lat="48.28166" lon="-4.54153">
        <ele>27</ele>
        <time>2026-06-23T13:36:28+00:00</time>
      </trkpt>
      <trkpt lat="48.28159" lon="-4.5419">
        <ele>27</ele>
        <time>2026-06-23T13:36:31+00:00</time>
      </trkpt>
      <trkpt lat="48.28149" lon="-4.54239">
        <ele>27</ele>
        <time>2026-06-23T13:36:34+00:00</time>
      </trkpt>
      <trkpt lat="48.28141" lon="-4.54281">
        <ele>28</ele>
        <time>2026-06-23T13:36:37+00:00</time>
      </trkpt>
      <trkpt lat="48.28126" lon="-4.5436">
        <ele>30</ele>
        <time>2026-06-23T13:36:40+00:00</time>
      </trkpt>
      <trkpt lat="48.28136" lon="-4.54403">
        <ele>34</ele>
        <time>2026-06-23T13:36:43+00:00</time>
      </trkpt>
      <trkpt lat="48.28145" lon="-4.54446">
        <ele>34</ele>
        <time>2026-06-23T13:36:46+00:00</time>
      </trkpt>
      <trkpt lat="48.28156" lon="-4.54492">
        <ele>37</ele>
        <time>2026-06-23T13:36:49+00:00</time>
      </trkpt>
      <trkpt lat="48.28152" lon="-4.54514">
        <ele>38</ele>
        <time>2026-06-23T13:36:52+00:00</time>
      </trkpt>
      <trkpt lat="48.28133" lon="-4.54524">
        <ele>39</ele>
        <time>2026-06-23T13:36:55+00:00</time>
      </trkpt>
      <trkpt lat="48.28106" lon="-4.54539">
        <ele>39</ele>
        <time>2026-06-23T13:36:58+00:00</time>
      </trkpt>
      <trkpt lat="48.28085" lon="-4.54586">
        <ele>43</ele>
        <time>2026-06-23T13:37:01+00:00</time>
      </trkpt>
      <trkpt lat="48.28067" lon="-4.5462">
        <ele>47</ele>
        <time>2026-06-23T13:37:04+00:00</time>
      </trkpt>
      <trkpt lat="48.28034" lon="-4.54681">
        <ele>51</ele>
        <time>2026-06-23T13:37:07+00:00</time>
      </trkpt>
      <trkpt lat="48.28043" lon="-4.54731">
        <ele>54</ele>
        <time>2026-06-23T13:37:10+00:00</time>
      </trkpt>
      <trkpt lat="48.28051" lon="-4.54781">
        <ele>55</ele>
        <time>2026-06-23T13:37:13+00:00</time>
      </trkpt>
      <trkpt lat="48.28058" lon="-4.54823">
        <ele>56</ele>
        <time>2026-06-23T13:37:16+00:00</time>
      </trkpt>
      <trkpt lat="48.28071" lon="-4.54896">
        <ele>58</ele>
        <time>2026-06-23T13:37:19+00:00</time>
      </trkpt>
      <trkpt lat="48.28076" lon="-4.54946">
        <ele>59</ele>
        <time>2026-06-23T13:37:22+00:00</time>
      </trkpt>
      <trkpt lat="48.28082" lon="-4.54997">
        <ele>59</ele>
        <time>2026-06-23T13:37:25+00:00</time>
      </trkpt>
      <trkpt lat="48.28086" lon="-4.55038">
        <ele>60</ele>
        <time>2026-06-23T13:37:28+00:00</time>
      </trkpt>
      <trkpt lat="48.28093" lon="-4.55102">
        <ele>60</ele>
        <time>2026-06-23T13:37:31+00:00</time>
      </trkpt>
      <trkpt lat="48.28106" lon="-4.55166">
        <ele>60</ele>
        <time>2026-06-23T13:37:34+00:00</time>
      </trkpt>
      <trkpt lat="48.2812" lon="-4.55201">
        <ele>60</ele>
        <time>2026-06-23T13:37:37+00:00</time>
      </trkpt>
      <trkpt lat="48.28141" lon="-4.55253">
        <ele>60</ele>
        <time>2026-06-23T13:37:40+00:00</time>
      </trkpt>
      <trkpt lat="48.2815" lon="-4.55271">
        <ele>60</ele>
        <time>2026-06-23T13:37:43+00:00</time>
      </trkpt>
      <trkpt lat="48.28162" lon="-4.55287">
        <ele>60</ele>
        <time>2026-06-23T13:37:46+00:00</time>
      </trkpt>
      <trkpt lat="48.28175" lon="-4.55304">
        <ele>59</ele>
        <time>2026-06-23T13:37:49+00:00</time>
      </trkpt>
      <trkpt lat="48.28187" lon="-4.55318">
        <ele>59</ele>
        <time>2026-06-23T13:37:52+00:00</time>
      </trkpt>
      <trkpt lat="48.2821" lon="-4.55334">
        <ele>59</ele>
        <time>2026-06-23T13:37:55+00:00</time>
      </trkpt>
      <trkpt lat="48.28234" lon="-4.5535">
        <ele>59</ele>
        <time>2026-06-23T13:37:58+00:00</time>
      </trkpt>
      <trkpt lat="48.2826" lon="-4.55368">
        <ele>58</ele>
        <time>2026-06-23T13:38:01+00:00</time>
      </trkpt>
      <trkpt lat="48.28278" lon="-4.55384">
        <ele>58</ele>
        <time>2026-06-23T13:38:04+00:00</time>
      </trkpt>
      <trkpt lat="48.28303" lon="-4.55411">
        <ele>58</ele>
        <time>2026-06-23T13:38:07+00:00</time>
      </trkpt>
      <trkpt lat="48.28328" lon="-4.55439">
        <ele>58</ele>
        <time>2026-06-23T13:38:10+00:00</time>
      </trkpt>
      <trkpt lat="48.28357" lon="-4.55471">
        <ele>57</ele>
        <time>2026-06-23T13:38:13+00:00</time>
      </trkpt>
      <trkpt lat="48.28377" lon="-4.55485">
        <ele>57</ele>
        <time>2026-06-23T13:38:16+00:00</time>
      </trkpt>
      <trkpt lat="48.28413" lon="-4.55497">
        <ele>57</ele>
        <time>2026-06-23T13:38:19+00:00</time>
      </trkpt>
      <trkpt lat="48.28442" lon="-4.555">
        <ele>57</ele>
        <time>2026-06-23T13:38:22+00:00</time>
      </trkpt>
      <trkpt lat="48.28466" lon="-4.55502">
        <ele>57</ele>
        <time>2026-06-23T13:38:25+00:00</time>
      </trkpt>
      <trkpt lat="48.28494" lon="-4.55504">
        <ele>57</ele>
        <time>2026-06-23T13:38:28+00:00</time>
      </trkpt>
      <trkpt lat="48.2853" lon="-4.555">
        <ele>56</ele>
        <time>2026-06-23T13:38:31+00:00</time>
      </trkpt>
      <trkpt lat="48.28566" lon="-4.55497">
        <ele>56</ele>
        <time>2026-06-23T13:38:34+00:00</time>
      </trkpt>
      <trkpt lat="48.28602" lon="-4.55493">
        <ele>55</ele>
        <time>2026-06-23T13:38:37+00:00</time>
      </trkpt>
      <trkpt lat="48.28638" lon="-4.55489">
        <ele>54</ele>
        <time>2026-06-23T13:38:40+00:00</time>
      </trkpt>
      <trkpt lat="48.28679" lon="-4.55485">
        <ele>53</ele>
        <time>2026-06-23T13:38:43+00:00</time>
      </trkpt>
      <trkpt lat="48.28686" lon="-4.55489">
        <ele>53</ele>
        <time>2026-06-23T13:38:46+00:00</time>
      </trkpt>
      <trkpt lat="48.28696" lon="-4.55507">
        <ele>52</ele>
        <time>2026-06-23T13:38:49+00:00</time>
      </trkpt>
      <trkpt lat="48.28699" lon="-4.55506">
        <ele>52</ele>
        <time>2026-06-23T13:38:52+00:00</time>
      </trkpt>
      <trkpt lat="48.28724" lon="-4.55522">
        <ele>50</ele>
        <time>2026-06-23T13:38:55+00:00</time>
      </trkpt>
      <trkpt lat="48.28736" lon="-4.55525">
        <ele>50</ele>
        <time>2026-06-23T13:38:58+00:00</time>
      </trkpt>
      <trkpt lat="48.28759" lon="-4.55527">
        <ele>50</ele>
        <time>2026-06-23T13:39:01+00:00</time>
      </trkpt>
      <trkpt lat="48.28795" lon="-4.55529">
        <ele>50</ele>
        <time>2026-06-23T13:39:04+00:00</time>
      </trkpt>
      <trkpt lat="48.28805" lon="-4.55525">
        <ele>50</ele>
        <time>2026-06-23T13:39:07+00:00</time>
      </trkpt>
      <trkpt lat="48.2881" lon="-4.55518">
        <ele>50</ele>
        <time>2026-06-23T13:39:10+00:00</time>
      </trkpt>
      <trkpt lat="48.2881" lon="-4.55515">
        <ele>50</ele>
        <time>2026-06-23T13:39:13+00:00</time>
      </trkpt>
      <trkpt lat="48.28832" lon="-4.55504">
        <ele>49</ele>
        <time>2026-06-23T13:39:16+00:00</time>
      </trkpt>
      <trkpt lat="48.28864" lon="-4.55518">
        <ele>48</ele>
        <time>2026-06-23T13:39:19+00:00</time>
      </trkpt>
      <trkpt lat="48.28884" lon="-4.55518">
        <ele>47</ele>
        <time>2026-06-23T13:39:22+00:00</time>
      </trkpt>
      <trkpt lat="48.28907" lon="-4.55511">
        <ele>45</ele>
        <time>2026-06-23T13:39:25+00:00</time>
      </trkpt>
      <trkpt lat="48.2893" lon="-4.55518">
        <ele>43</ele>
        <time>2026-06-23T13:39:28+00:00</time>
      </trkpt>
      <trkpt lat="48.28952" lon="-4.55534">
        <ele>39</ele>
        <time>2026-06-23T13:39:31+00:00</time>
      </trkpt>
      <trkpt lat="48.28977" lon="-4.55555">
        <ele>36</ele>
        <time>2026-06-23T13:39:34+00:00</time>
      </trkpt>
      <trkpt lat="48.28992" lon="-4.55576">
        <ele>31</ele>
        <time>2026-06-23T13:39:37+00:00</time>
      </trkpt>
      <trkpt lat="48.29005" lon="-4.55579">
        <ele>31</ele>
        <time>2026-06-23T13:39:40+00:00</time>
      </trkpt>
      <trkpt lat="48.29006" lon="-4.55537">
        <ele>30</ele>
        <time>2026-06-23T13:39:43+00:00</time>
      </trkpt>
      <trkpt lat="48.29008" lon="-4.55495">
        <ele>26</ele>
        <time>2026-06-23T13:39:46+00:00</time>
      </trkpt>
      <trkpt lat="48.2901" lon="-4.55433">
        <ele>24</ele>
        <time>2026-06-23T13:39:49+00:00</time>
      </trkpt>
      <trkpt lat="48.29038" lon="-4.55447">
        <ele>22</ele>
        <time>2026-06-23T13:39:52+00:00</time>
      </trkpt>
      <trkpt lat="48.29054" lon="-4.5545">
        <ele>21</ele>
        <time>2026-06-23T13:39:55+00:00</time>
      </trkpt>
      <trkpt lat="48.29081" lon="-4.5545">
        <ele>19</ele>
        <time>2026-06-23T13:39:58+00:00</time>
      </trkpt>
      <trkpt lat="48.29124" lon="-4.55443">
        <ele>16</ele>
        <time>2026-06-23T13:40:01+00:00</time>
      </trkpt>
      <trkpt lat="48.2914" lon="-4.55443">
        <ele>15</ele>
        <time>2026-06-23T13:40:04+00:00</time>
      </trkpt>
      <trkpt lat="48.29165" lon="-4.5545">
        <ele>14</ele>
        <time>2026-06-23T13:40:07+00:00</time>
      </trkpt>
      <trkpt lat="48.29188" lon="-4.55459">
        <ele>12</ele>
        <time>2026-06-23T13:40:10+00:00</time>
      </trkpt>
      <trkpt lat="48.29208" lon="-4.55478">
        <ele>11</ele>
        <time>2026-06-23T13:40:13+00:00</time>
      </trkpt>
      <trkpt lat="48.29232" lon="-4.55499">
        <ele>8</ele>
        <time>2026-06-23T13:40:16+00:00</time>
      </trkpt>
      <trkpt lat="48.29248" lon="-4.55511">
        <ele>8</ele>
        <time>2026-06-23T13:40:19+00:00</time>
      </trkpt>
      <trkpt lat="48.29271" lon="-4.55519">
        <ele>8</ele>
        <time>2026-06-23T13:40:22+00:00</time>
      </trkpt>
      <trkpt lat="48.2927" lon="-4.55464">
        <ele>8</ele>
        <time>2026-06-23T13:40:25+00:00</time>
      </trkpt>
      <trkpt lat="48.29266" lon="-4.55431">
        <ele>8</ele>
        <time>2026-06-23T13:40:28+00:00</time>
      </trkpt>
      <trkpt lat="48.29244" lon="-4.55382">
        <ele>8</ele>
        <time>2026-06-23T13:40:31+00:00</time>
      </trkpt>
      <trkpt lat="48.29222" lon="-4.55328">
        <ele>9</ele>
        <time>2026-06-23T13:40:34+00:00</time>
      </trkpt>
      <trkpt lat="48.29208" lon="-4.55283">
        <ele>9</ele>
        <time>2026-06-23T13:40:37+00:00</time>
      </trkpt>
      <trkpt lat="48.29193" lon="-4.55224">
        <ele>9</ele>
        <time>2026-06-23T13:40:40+00:00</time>
      </trkpt>
      <trkpt lat="48.29186" lon="-4.55183">
        <ele>9</ele>
        <time>2026-06-23T13:40:43+00:00</time>
      </trkpt>
      <trkpt lat="48.2918" lon="-4.55149">
        <ele>9</ele>
        <time>2026-06-23T13:40:46+00:00</time>
      </trkpt>
      <trkpt lat="48.29173" lon="-4.55112">
        <ele>9</ele>
        <time>2026-06-23T13:40:49+00:00</time>
      </trkpt>
      <trkpt lat="48.29168" lon="-4.55058">
        <ele>9</ele>
        <time>2026-06-23T13:40:52+00:00</time>
      </trkpt>
      <trkpt lat="48.2917" lon="-4.55011">
        <ele>9</ele>
        <time>2026-06-23T13:40:55+00:00</time>
      </trkpt>
      <trkpt lat="48.29175" lon="-4.54974">
        <ele>9</ele>
        <time>2026-06-23T13:40:58+00:00</time>
      </trkpt>
      <trkpt lat="48.29206" lon="-4.54999">
        <ele>8</ele>
        <time>2026-06-23T13:41:01+00:00</time>
      </trkpt>
      <trkpt lat="48.29237" lon="-4.55025">
        <ele>8</ele>
        <time>2026-06-23T13:41:04+00:00</time>
      </trkpt>
      <trkpt lat="48.29268" lon="-4.5505">
        <ele>8</ele>
        <time>2026-06-23T13:41:07+00:00</time>
      </trkpt>
      <trkpt lat="48.29318" lon="-4.55091">
        <ele>5</ele>
        <time>2026-06-23T13:41:10+00:00</time>
      </trkpt>
      <trkpt lat="48.29331" lon="-4.55108">
        <ele>5</ele>
        <time>2026-06-23T13:41:13+00:00</time>
      </trkpt>
      <trkpt lat="48.29352" lon="-4.55143">
        <ele>4</ele>
        <time>2026-06-23T13:41:16+00:00</time>
      </trkpt>
      <trkpt lat="48.29373" lon="-4.55178">
        <ele>4</ele>
        <time>2026-06-23T13:41:19+00:00</time>
      </trkpt>
      <trkpt lat="48.29394" lon="-4.55213">
        <ele>4</ele>
        <time>2026-06-23T13:41:22+00:00</time>
      </trkpt>
      <trkpt lat="48.29428" lon="-4.55269">
        <ele>4</ele>
        <time>2026-06-23T13:41:25+00:00</time>
      </trkpt>
      <trkpt lat="48.29451" lon="-4.55302">
        <ele>4</ele>
        <time>2026-06-23T13:41:28+00:00</time>
      </trkpt>
      <trkpt lat="48.29476" lon="-4.55332">
        <ele>4</ele>
        <time>2026-06-23T13:41:31+00:00</time>
      </trkpt>
      <trkpt lat="48.29501" lon="-4.55355">
        <ele>4</ele>
        <time>2026-06-23T13:41:34+00:00</time>
      </trkpt>
      <trkpt lat="48.29511" lon="-4.55358">
        <ele>4</ele>
        <time>2026-06-23T13:41:37+00:00</time>
      </trkpt>
      <trkpt lat="48.29516" lon="-4.55356">
        <ele>4</ele>
        <time>2026-06-23T13:41:40+00:00</time>
      </trkpt>
      <trkpt lat="48.29532" lon="-4.55334">
        <ele>3</ele>
        <time>2026-06-23T13:41:43+00:00</time>
      </trkpt>
      <trkpt lat="48.29556" lon="-4.553">
        <ele>3</ele>
        <time>2026-06-23T13:41:46+00:00</time>
      </trkpt>
      <trkpt lat="48.29566" lon="-4.55295">
        <ele>2</ele>
        <time>2026-06-23T13:41:49+00:00</time>
      </trkpt>
      <trkpt lat="48.29571" lon="-4.55295">
        <ele>2</ele>
        <time>2026-06-23T13:41:52+00:00</time>
      </trkpt>
      <trkpt lat="48.2958" lon="-4.553">
        <ele>3</ele>
        <time>2026-06-23T13:41:55+00:00</time>
      </trkpt>
      <trkpt lat="48.29589" lon="-4.55318">
        <ele>2</ele>
        <time>2026-06-23T13:41:58+00:00</time>
      </trkpt>
      <trkpt lat="48.29602" lon="-4.55354">
        <ele>3</ele>
        <time>2026-06-23T13:42:01+00:00</time>
      </trkpt>
      <trkpt lat="48.29615" lon="-4.5539">
        <ele>4</ele>
        <time>2026-06-23T13:42:04+00:00</time>
      </trkpt>
      <trkpt lat="48.29632" lon="-4.55438">
        <ele>4</ele>
        <time>2026-06-23T13:42:07+00:00</time>
      </trkpt>
      <trkpt lat="48.29648" lon="-4.55475">
        <ele>5</ele>
        <time>2026-06-23T13:42:10+00:00</time>
      </trkpt>
      <trkpt lat="48.2966" lon="-4.5549">
        <ele>6</ele>
        <time>2026-06-23T13:42:13+00:00</time>
      </trkpt>
      <trkpt lat="48.29674" lon="-4.55504">
        <ele>6</ele>
        <time>2026-06-23T13:42:16+00:00</time>
      </trkpt>
      <trkpt lat="48.29701" lon="-4.55512">
        <ele>7</ele>
        <time>2026-06-23T13:42:19+00:00</time>
      </trkpt>
      <trkpt lat="48.29745" lon="-4.55525">
        <ele>11</ele>
        <time>2026-06-23T13:42:22+00:00</time>
      </trkpt>
      <trkpt lat="48.29763" lon="-4.55532">
        <ele>15</ele>
        <time>2026-06-23T13:42:25+00:00</time>
      </trkpt>
      <trkpt lat="48.29777" lon="-4.55544">
        <ele>15</ele>
        <time>2026-06-23T13:42:28+00:00</time>
      </trkpt>
      <trkpt lat="48.29792" lon="-4.55559">
        <ele>15</ele>
        <time>2026-06-23T13:42:31+00:00</time>
      </trkpt>
      <trkpt lat="48.29812" lon="-4.55579">
        <ele>15</ele>
        <time>2026-06-23T13:42:34+00:00</time>
      </trkpt>
      <trkpt lat="48.29833" lon="-4.55596">
        <ele>14</ele>
        <time>2026-06-23T13:42:37+00:00</time>
      </trkpt>
      <trkpt lat="48.29857" lon="-4.55614">
        <ele>14</ele>
        <time>2026-06-23T13:42:40+00:00</time>
      </trkpt>
      <trkpt lat="48.29895" lon="-4.5564">
        <ele>14</ele>
        <time>2026-06-23T13:42:43+00:00</time>
      </trkpt>
      <trkpt lat="48.29917" lon="-4.55651">
        <ele>17</ele>
        <time>2026-06-23T13:42:46+00:00</time>
      </trkpt>
      <trkpt lat="48.29941" lon="-4.55661">
        <ele>17</ele>
        <time>2026-06-23T13:42:49+00:00</time>
      </trkpt>
      <trkpt lat="48.29972" lon="-4.55673">
        <ele>19</ele>
        <time>2026-06-23T13:42:52+00:00</time>
      </trkpt>
      <trkpt lat="48.30002" lon="-4.55682">
        <ele>19</ele>
        <time>2026-06-23T13:42:55+00:00</time>
      </trkpt>
      <trkpt lat="48.30024" lon="-4.55681">
        <ele>20</ele>
        <time>2026-06-23T13:42:58+00:00</time>
      </trkpt>
      <trkpt lat="48.30047" lon="-4.5568">
        <ele>20</ele>
        <time>2026-06-23T13:43:01+00:00</time>
      </trkpt>
      <trkpt lat="48.30064" lon="-4.55675">
        <ele>20</ele>
        <time>2026-06-23T13:43:04+00:00</time>
      </trkpt>
      <trkpt lat="48.30076" lon="-4.5567">
        <ele>20</ele>
        <time>2026-06-23T13:43:07+00:00</time>
      </trkpt>
      <trkpt lat="48.30099" lon="-4.55651">
        <ele>17</ele>
        <time>2026-06-23T13:43:10+00:00</time>
      </trkpt>
      <trkpt lat="48.30133" lon="-4.55623">
        <ele>13</ele>
        <time>2026-06-23T13:43:13+00:00</time>
      </trkpt>
      <trkpt lat="48.30155" lon="-4.55614">
        <ele>12</ele>
        <time>2026-06-23T13:43:16+00:00</time>
      </trkpt>
      <trkpt lat="48.3019" lon="-4.55607">
        <ele>10</ele>
        <time>2026-06-23T13:43:19+00:00</time>
      </trkpt>
      <trkpt lat="48.30226" lon="-4.55612">
        <ele>9</ele>
        <time>2026-06-23T13:43:22+00:00</time>
      </trkpt>
      <trkpt lat="48.30258" lon="-4.55618">
        <ele>8</ele>
        <time>2026-06-23T13:43:25+00:00</time>
      </trkpt>
      <trkpt lat="48.3029" lon="-4.55625">
        <ele>8</ele>
        <time>2026-06-23T13:43:28+00:00</time>
      </trkpt>
      <trkpt lat="48.30342" lon="-4.55635">
        <ele>6</ele>
        <time>2026-06-23T13:43:31+00:00</time>
      </trkpt>
      <trkpt lat="48.30362" lon="-4.55633">
        <ele>6</ele>
        <time>2026-06-23T13:43:34+00:00</time>
      </trkpt>
      <trkpt lat="48.30385" lon="-4.55623">
        <ele>6</ele>
        <time>2026-06-23T13:43:37+00:00</time>
      </trkpt>
      <trkpt lat="48.30422" lon="-4.55592">
        <ele>5</ele>
        <time>2026-06-23T13:43:40+00:00</time>
      </trkpt>
      <trkpt lat="48.30445" lon="-4.55572">
        <ele>4</ele>
        <time>2026-06-23T13:43:43+00:00</time>
      </trkpt>
      <trkpt lat="48.30477" lon="-4.55544">
        <ele>4</ele>
        <time>2026-06-23T13:43:46+00:00</time>
      </trkpt>
      <trkpt lat="48.30498" lon="-4.55518">
        <ele>3</ele>
        <time>2026-06-23T13:43:49+00:00</time>
      </trkpt>
      <trkpt lat="48.30512" lon="-4.55497">
        <ele>3</ele>
        <time>2026-06-23T13:43:52+00:00</time>
      </trkpt>
      <trkpt lat="48.30531" lon="-4.55453">
        <ele>3</ele>
        <time>2026-06-23T13:43:55+00:00</time>
      </trkpt>
      <trkpt lat="48.3055" lon="-4.5541">
        <ele>4</ele>
        <time>2026-06-23T13:43:58+00:00</time>
      </trkpt>
      <trkpt lat="48.30569" lon="-4.55366">
        <ele>6</ele>
        <time>2026-06-23T13:44:01+00:00</time>
      </trkpt>
      <trkpt lat="48.30596" lon="-4.55303">
        <ele>10</ele>
        <time>2026-06-23T13:44:04+00:00</time>
      </trkpt>
      <trkpt lat="48.30609" lon="-4.55283">
        <ele>10</ele>
        <time>2026-06-23T13:44:07+00:00</time>
      </trkpt>
      <trkpt lat="48.30634" lon="-4.55253">
        <ele>13</ele>
        <time>2026-06-23T13:44:10+00:00</time>
      </trkpt>
      <trkpt lat="48.30657" lon="-4.55236">
        <ele>14</ele>
        <time>2026-06-23T13:44:13+00:00</time>
      </trkpt>
      <trkpt lat="48.30672" lon="-4.55231">
        <ele>16</ele>
        <time>2026-06-23T13:44:16+00:00</time>
      </trkpt>
      <trkpt lat="48.30674" lon="-4.55273">
        <ele>19</ele>
        <time>2026-06-23T13:44:19+00:00</time>
      </trkpt>
      <trkpt lat="48.30677" lon="-4.55315">
        <ele>21</ele>
        <time>2026-06-23T13:44:22+00:00</time>
      </trkpt>
      <trkpt lat="48.30681" lon="-4.55379">
        <ele>25</ele>
        <time>2026-06-23T13:44:25+00:00</time>
      </trkpt>
      <trkpt lat="48.30685" lon="-4.55428">
        <ele>25</ele>
        <time>2026-06-23T13:44:28+00:00</time>
      </trkpt>
      <trkpt lat="48.30688" lon="-4.5548">
        <ele>26</ele>
        <time>2026-06-23T13:44:31+00:00</time>
      </trkpt>
      <trkpt lat="48.30705" lon="-4.55464">
        <ele>29</ele>
        <time>2026-06-23T13:44:34+00:00</time>
      </trkpt>
      <trkpt lat="48.30715" lon="-4.55459">
        <ele>30</ele>
        <time>2026-06-23T13:44:37+00:00</time>
      </trkpt>
      <trkpt lat="48.30739" lon="-4.55452">
        <ele>32</ele>
        <time>2026-06-23T13:44:40+00:00</time>
      </trkpt>
      <trkpt lat="48.30779" lon="-4.5544">
        <ele>34</ele>
        <time>2026-06-23T13:44:43+00:00</time>
      </trkpt>
      <trkpt lat="48.30819" lon="-4.55427">
        <ele>41</ele>
        <time>2026-06-23T13:44:46+00:00</time>
      </trkpt>
      <trkpt lat="48.30817" lon="-4.55493">
        <ele>43</ele>
        <time>2026-06-23T13:44:49+00:00</time>
      </trkpt>
      <trkpt lat="48.30821" lon="-4.55538">
        <ele>43</ele>
        <time>2026-06-23T13:44:52+00:00</time>
      </trkpt>
      <trkpt lat="48.30844" lon="-4.55589">
        <ele>45</ele>
        <time>2026-06-23T13:44:55+00:00</time>
      </trkpt>
      <trkpt lat="48.30881" lon="-4.55593">
        <ele>46</ele>
        <time>2026-06-23T13:44:58+00:00</time>
      </trkpt>
      <trkpt lat="48.30892" lon="-4.55612">
        <ele>49</ele>
        <time>2026-06-23T13:45:01+00:00</time>
      </trkpt>
      <trkpt lat="48.30893" lon="-4.55651">
        <ele>48</ele>
        <time>2026-06-23T13:45:04+00:00</time>
      </trkpt>
      <trkpt lat="48.30893" lon="-4.55691">
        <ele>48</ele>
        <time>2026-06-23T13:45:07+00:00</time>
      </trkpt>
      <trkpt lat="48.30894" lon="-4.55744">
        <ele>48</ele>
        <time>2026-06-23T13:45:10+00:00</time>
      </trkpt>
      <trkpt lat="48.30917" lon="-4.55746">
        <ele>50</ele>
        <time>2026-06-23T13:45:13+00:00</time>
      </trkpt>
      <trkpt lat="48.30941" lon="-4.55748">
        <ele>54</ele>
        <time>2026-06-23T13:45:16+00:00</time>
      </trkpt>
      <trkpt lat="48.3097" lon="-4.55755">
        <ele>54</ele>
        <time>2026-06-23T13:45:19+00:00</time>
      </trkpt>
      <trkpt lat="48.31019" lon="-4.55766">
        <ele>57</ele>
        <time>2026-06-23T13:45:22+00:00</time>
      </trkpt>
      <trkpt lat="48.31045" lon="-4.55767">
        <ele>58</ele>
        <time>2026-06-23T13:45:25+00:00</time>
      </trkpt>
      <trkpt lat="48.31077" lon="-4.55768">
        <ele>59</ele>
        <time>2026-06-23T13:45:28+00:00</time>
      </trkpt>
      <trkpt lat="48.31093" lon="-4.55766">
        <ele>59</ele>
        <time>2026-06-23T13:45:31+00:00</time>
      </trkpt>
      <trkpt lat="48.31123" lon="-4.55757">
        <ele>59</ele>
        <time>2026-06-23T13:45:34+00:00</time>
      </trkpt>
      <trkpt lat="48.31152" lon="-4.55748">
        <ele>59</ele>
        <time>2026-06-23T13:45:37+00:00</time>
      </trkpt>
      <trkpt lat="48.31182" lon="-4.55738">
        <ele>59</ele>
        <time>2026-06-23T13:45:40+00:00</time>
      </trkpt>
      <trkpt lat="48.31218" lon="-4.55727">
        <ele>59</ele>
        <time>2026-06-23T13:45:43+00:00</time>
      </trkpt>
      <trkpt lat="48.31244" lon="-4.55714">
        <ele>59</ele>
        <time>2026-06-23T13:45:46+00:00</time>
      </trkpt>
      <trkpt lat="48.31288" lon="-4.55693">
        <ele>58</ele>
        <time>2026-06-23T13:45:49+00:00</time>
      </trkpt>
      <trkpt lat="48.31288" lon="-4.55693">
        <ele>58</ele>
        <time>2026-06-23T13:45:52+00:00</time>
      </trkpt>
      <trkpt lat="48.31314" lon="-4.5568">
        <ele>58</ele>
        <time>2026-06-23T13:45:55+00:00</time>
      </trkpt>
      <trkpt lat="48.31341" lon="-4.55668">
        <ele>58</ele>
        <time>2026-06-23T13:45:58+00:00</time>
      </trkpt>
      <trkpt lat="48.31386" lon="-4.55647">
        <ele>58</ele>
        <time>2026-06-23T13:46:01+00:00</time>
      </trkpt>
      <trkpt lat="48.31415" lon="-4.55641">
        <ele>58</ele>
        <time>2026-06-23T13:46:04+00:00</time>
      </trkpt>
      <trkpt lat="48.31439" lon="-4.55635">
        <ele>57</ele>
        <time>2026-06-23T13:46:07+00:00</time>
      </trkpt>
      <trkpt lat="48.3147" lon="-4.55628">
        <ele>57</ele>
        <time>2026-06-23T13:46:10+00:00</time>
      </trkpt>
      <trkpt lat="48.31493" lon="-4.55613">
        <ele>57</ele>
        <time>2026-06-23T13:46:13+00:00</time>
      </trkpt>
      <trkpt lat="48.3152" lon="-4.55595">
        <ele>57</ele>
        <time>2026-06-23T13:46:16+00:00</time>
      </trkpt>
      <trkpt lat="48.31546" lon="-4.55586">
        <ele>58</ele>
        <time>2026-06-23T13:46:19+00:00</time>
      </trkpt>
      <trkpt lat="48.31571" lon="-4.55585">
        <ele>58</ele>
        <time>2026-06-23T13:46:22+00:00</time>
      </trkpt>
      <trkpt lat="48.31603" lon="-4.55583">
        <ele>58</ele>
        <time>2026-06-23T13:46:25+00:00</time>
      </trkpt>
      <trkpt lat="48.31633" lon="-4.55583">
        <ele>58</ele>
        <time>2026-06-23T13:46:28+00:00</time>
      </trkpt>
      <trkpt lat="48.31664" lon="-4.55583">
        <ele>59</ele>
        <time>2026-06-23T13:46:31+00:00</time>
      </trkpt>
      <trkpt lat="48.31698" lon="-4.55583">
        <ele>59</ele>
        <time>2026-06-23T13:46:34+00:00</time>
      </trkpt>
      <trkpt lat="48.31724" lon="-4.55579">
        <ele>59</ele>
        <time>2026-06-23T13:46:37+00:00</time>
      </trkpt>
      <trkpt lat="48.31747" lon="-4.5557">
        <ele>59</ele>
        <time>2026-06-23T13:46:40+00:00</time>
      </trkpt>
      <trkpt lat="48.31773" lon="-4.5556">
        <ele>59</ele>
        <time>2026-06-23T13:46:43+00:00</time>
      </trkpt>
      <trkpt lat="48.31805" lon="-4.55551">
        <ele>60</ele>
        <time>2026-06-23T13:46:46+00:00</time>
      </trkpt>
      <trkpt lat="48.31829" lon="-4.55548">
        <ele>60</ele>
        <time>2026-06-23T13:46:49+00:00</time>
      </trkpt>
      <trkpt lat="48.31859" lon="-4.55541">
        <ele>60</ele>
        <time>2026-06-23T13:46:52+00:00</time>
      </trkpt>
      <trkpt lat="48.31889" lon="-4.55534">
        <ele>62</ele>
        <time>2026-06-23T13:46:55+00:00</time>
      </trkpt>
      <trkpt lat="48.31921" lon="-4.55527">
        <ele>63</ele>
        <time>2026-06-23T13:46:58+00:00</time>
      </trkpt>
      <trkpt lat="48.31947" lon="-4.55518">
        <ele>63</ele>
        <time>2026-06-23T13:47:01+00:00</time>
      </trkpt>
      <trkpt lat="48.31959" lon="-4.55507">
        <ele>63</ele>
        <time>2026-06-23T13:47:04+00:00</time>
      </trkpt>
      <trkpt lat="48.31968" lon="-4.5554">
        <ele>64</ele>
        <time>2026-06-23T13:47:07+00:00</time>
      </trkpt>
      <trkpt lat="48.31985" lon="-4.55599">
        <ele>65</ele>
        <time>2026-06-23T13:47:10+00:00</time>
      </trkpt>
      <trkpt lat="48.31994" lon="-4.55644">
        <ele>66</ele>
        <time>2026-06-23T13:47:13+00:00</time>
      </trkpt>
      <trkpt lat="48.31998" lon="-4.55687">
        <ele>66</ele>
        <time>2026-06-23T13:47:16+00:00</time>
      </trkpt>
      <trkpt lat="48.32005" lon="-4.55761">
        <ele>66</ele>
        <time>2026-06-23T13:47:19+00:00</time>
      </trkpt>
      <trkpt lat="48.32042" lon="-4.55741">
        <ele>66</ele>
        <time>2026-06-23T13:47:22+00:00</time>
      </trkpt>
      <trkpt lat="48.32079" lon="-4.55722">
        <ele>67</ele>
        <time>2026-06-23T13:47:25+00:00</time>
      </trkpt>
      <trkpt lat="48.32116" lon="-4.55702">
        <ele>67</ele>
        <time>2026-06-23T13:47:28+00:00</time>
      </trkpt>
      <trkpt lat="48.32153" lon="-4.55682">
        <ele>68</ele>
        <time>2026-06-23T13:47:31+00:00</time>
      </trkpt>
      <trkpt lat="48.3219" lon="-4.55663">
        <ele>68</ele>
        <time>2026-06-23T13:47:34+00:00</time>
      </trkpt>
      <trkpt lat="48.32227" lon="-4.55643">
        <ele>68</ele>
        <time>2026-06-23T13:47:37+00:00</time>
      </trkpt>
      <trkpt lat="48.32264" lon="-4.55623">
        <ele>68</ele>
        <time>2026-06-23T13:47:40+00:00</time>
      </trkpt>
      <trkpt lat="48.32308" lon="-4.556">
        <ele>67</ele>
        <time>2026-06-23T13:47:43+00:00</time>
      </trkpt>
      <trkpt lat="48.32337" lon="-4.55564">
        <ele>67</ele>
        <time>2026-06-23T13:47:46+00:00</time>
      </trkpt>
      <trkpt lat="48.32358" lon="-4.55537">
        <ele>67</ele>
        <time>2026-06-23T13:47:49+00:00</time>
      </trkpt>
      <trkpt lat="48.32394" lon="-4.55491">
        <ele>68</ele>
        <time>2026-06-23T13:47:52+00:00</time>
      </trkpt>
      <trkpt lat="48.32416" lon="-4.55464">
        <ele>68</ele>
        <time>2026-06-23T13:47:55+00:00</time>
      </trkpt>
      <trkpt lat="48.32452" lon="-4.55419">
        <ele>69</ele>
        <time>2026-06-23T13:47:58+00:00</time>
      </trkpt>
      <trkpt lat="48.32485" lon="-4.55377">
        <ele>71</ele>
        <time>2026-06-23T13:48:01+00:00</time>
      </trkpt>
      <trkpt lat="48.32505" lon="-4.55361">
        <ele>71</ele>
        <time>2026-06-23T13:48:04+00:00</time>
      </trkpt>
      <trkpt lat="48.32526" lon="-4.55344">
        <ele>72</ele>
        <time>2026-06-23T13:48:07+00:00</time>
      </trkpt>
      <trkpt lat="48.32563" lon="-4.5533">
        <ele>73</ele>
        <time>2026-06-23T13:48:10+00:00</time>
      </trkpt>
      <trkpt lat="48.32587" lon="-4.55324">
        <ele>73</ele>
        <time>2026-06-23T13:48:13+00:00</time>
      </trkpt>
      <trkpt lat="48.32617" lon="-4.55316">
        <ele>73</ele>
        <time>2026-06-23T13:48:16+00:00</time>
      </trkpt>
      <trkpt lat="48.32641" lon="-4.55307">
        <ele>72</ele>
        <time>2026-06-23T13:48:19+00:00</time>
      </trkpt>
      <trkpt lat="48.32672" lon="-4.5529">
        <ele>71</ele>
        <time>2026-06-23T13:48:22+00:00</time>
      </trkpt>
      <trkpt lat="48.32703" lon="-4.55273">
        <ele>69</ele>
        <time>2026-06-23T13:48:25+00:00</time>
      </trkpt>
      <trkpt lat="48.32762" lon="-4.55241">
        <ele>68</ele>
        <time>2026-06-23T13:48:28+00:00</time>
      </trkpt>
      <trkpt lat="48.32747" lon="-4.55195">
        <ele>66</ele>
        <time>2026-06-23T13:48:31+00:00</time>
      </trkpt>
      <trkpt lat="48.32773" lon="-4.5518">
        <ele>65</ele>
        <time>2026-06-23T13:48:34+00:00</time>
      </trkpt>
      <trkpt lat="48.32819" lon="-4.55154">
        <ele>64</ele>
        <time>2026-06-23T13:48:37+00:00</time>
      </trkpt>
      <trkpt lat="48.32819" lon="-4.55091">
        <ele>63</ele>
        <time>2026-06-23T13:48:40+00:00</time>
      </trkpt>
      <trkpt lat="48.32831" lon="-4.55032">
        <ele>61</ele>
        <time>2026-06-23T13:48:43+00:00</time>
      </trkpt>
      <trkpt lat="48.32836" lon="-4.54999">
        <ele>60</ele>
        <time>2026-06-23T13:48:46+00:00</time>
      </trkpt>
      <trkpt lat="48.32842" lon="-4.54965">
        <ele>60</ele>
        <time>2026-06-23T13:48:49+00:00</time>
      </trkpt>
      <trkpt lat="48.32846" lon="-4.54926">
        <ele>60</ele>
        <time>2026-06-23T13:48:52+00:00</time>
      </trkpt>
      <trkpt lat="48.32853" lon="-4.5487">
        <ele>59</ele>
        <time>2026-06-23T13:48:55+00:00</time>
      </trkpt>
      <trkpt lat="48.32851" lon="-4.54838">
        <ele>59</ele>
        <time>2026-06-23T13:48:58+00:00</time>
      </trkpt>
      <trkpt lat="48.32873" lon="-4.5482">
        <ele>59</ele>
        <time>2026-06-23T13:49:01+00:00</time>
      </trkpt>
      <trkpt lat="48.329" lon="-4.54797">
        <ele>59</ele>
        <time>2026-06-23T13:49:04+00:00</time>
      </trkpt>
      <trkpt lat="48.32921" lon="-4.54782">
        <ele>59</ele>
        <time>2026-06-23T13:49:07+00:00</time>
      </trkpt>
      <trkpt lat="48.32945" lon="-4.54765">
        <ele>60</ele>
        <time>2026-06-23T13:49:10+00:00</time>
      </trkpt>
      <trkpt lat="48.3296" lon="-4.54758">
        <ele>60</ele>
        <time>2026-06-23T13:49:13+00:00</time>
      </trkpt>
      <trkpt lat="48.32975" lon="-4.54737">
        <ele>61</ele>
        <time>2026-06-23T13:49:16+00:00</time>
      </trkpt>
      <trkpt lat="48.32997" lon="-4.54718">
        <ele>62</ele>
        <time>2026-06-23T13:49:19+00:00</time>
      </trkpt>
      <trkpt lat="48.33027" lon="-4.54692">
        <ele>62</ele>
        <time>2026-06-23T13:49:22+00:00</time>
      </trkpt>
      <trkpt lat="48.33054" lon="-4.54677">
        <ele>62</ele>
        <time>2026-06-23T13:49:25+00:00</time>
      </trkpt>
      <trkpt lat="48.331" lon="-4.54652">
        <ele>62</ele>
        <time>2026-06-23T13:49:28+00:00</time>
      </trkpt>
      <trkpt lat="48.33129" lon="-4.54625">
        <ele>61</ele>
        <time>2026-06-23T13:49:31+00:00</time>
      </trkpt>
      <trkpt lat="48.33152" lon="-4.54603">
        <ele>61</ele>
        <time>2026-06-23T13:49:34+00:00</time>
      </trkpt>
      <trkpt lat="48.33187" lon="-4.54569">
        <ele>61</ele>
        <time>2026-06-23T13:49:37+00:00</time>
      </trkpt>
      <trkpt lat="48.33206" lon="-4.54551">
        <ele>61</ele>
        <time>2026-06-23T13:49:40+00:00</time>
      </trkpt>
      <trkpt lat="48.33226" lon="-4.54533">
        <ele>61</ele>
        <time>2026-06-23T13:49:43+00:00</time>
      </trkpt>
      <trkpt lat="48.33225" lon="-4.54499">
        <ele>63</ele>
        <time>2026-06-23T13:49:46+00:00</time>
      </trkpt>
      <trkpt lat="48.33224" lon="-4.54464">
        <ele>63</ele>
        <time>2026-06-23T13:49:49+00:00</time>
      </trkpt>
      <trkpt lat="48.33225" lon="-4.54448">
        <ele>64</ele>
        <time>2026-06-23T13:49:52+00:00</time>
      </trkpt>
      <trkpt lat="48.33233" lon="-4.54406">
        <ele>64</ele>
        <time>2026-06-23T13:49:55+00:00</time>
      </trkpt>
      <trkpt lat="48.33233" lon="-4.54373">
        <ele>64</ele>
        <time>2026-06-23T13:49:58+00:00</time>
      </trkpt>
      <trkpt lat="48.33224" lon="-4.54344">
        <ele>64</ele>
        <time>2026-06-23T13:50:01+00:00</time>
      </trkpt>
      <trkpt lat="48.33237" lon="-4.54331">
        <ele>65</ele>
        <time>2026-06-23T13:50:04+00:00</time>
      </trkpt>
      <trkpt lat="48.33254" lon="-4.54323">
        <ele>65</ele>
        <time>2026-06-23T13:50:07+00:00</time>
      </trkpt>
      <trkpt lat="48.33274" lon="-4.54314">
        <ele>65</ele>
        <time>2026-06-23T13:50:10+00:00</time>
      </trkpt>
      <trkpt lat="48.33292" lon="-4.54293">
        <ele>65</ele>
        <time>2026-06-23T13:50:13+00:00</time>
      </trkpt>
      <trkpt lat="48.33301" lon="-4.54277">
        <ele>66</ele>
        <time>2026-06-23T13:50:16+00:00</time>
      </trkpt>
      <trkpt lat="48.33316" lon="-4.54262">
        <ele>65</ele>
        <time>2026-06-23T13:50:19+00:00</time>
      </trkpt>
      <trkpt lat="48.33334" lon="-4.54244">
        <ele>65</ele>
        <time>2026-06-23T13:50:22+00:00</time>
      </trkpt>
      <trkpt lat="48.33358" lon="-4.54225">
        <ele>65</ele>
        <time>2026-06-23T13:50:25+00:00</time>
      </trkpt>
      <trkpt lat="48.33347" lon="-4.54188">
        <ele>65</ele>
        <time>2026-06-23T13:50:28+00:00</time>
      </trkpt>
      <trkpt lat="48.3333" lon="-4.5413">
        <ele>62</ele>
        <time>2026-06-23T13:50:31+00:00</time>
      </trkpt>
      <trkpt lat="48.33368" lon="-4.54106">
        <ele>62</ele>
        <time>2026-06-23T13:50:34+00:00</time>
      </trkpt>
      <trkpt lat="48.33405" lon="-4.54081">
        <ele>63</ele>
        <time>2026-06-23T13:50:37+00:00</time>
      </trkpt>
      <trkpt lat="48.33443" lon="-4.54057">
        <ele>63</ele>
        <time>2026-06-23T13:50:40+00:00</time>
      </trkpt>
      <trkpt lat="48.33473" lon="-4.54037">
        <ele>64</ele>
        <time>2026-06-23T13:50:43+00:00</time>
      </trkpt>
      <trkpt lat="48.33503" lon="-4.54018">
        <ele>64</ele>
        <time>2026-06-23T13:50:46+00:00</time>
      </trkpt>
      <trkpt lat="48.33556" lon="-4.53983">
        <ele>66</ele>
        <time>2026-06-23T13:50:49+00:00</time>
      </trkpt>
      <trkpt lat="48.33594" lon="-4.53959">
        <ele>70</ele>
        <time>2026-06-23T13:50:52+00:00</time>
      </trkpt>
      <trkpt lat="48.33631" lon="-4.53934">
        <ele>70</ele>
        <time>2026-06-23T13:50:55+00:00</time>
      </trkpt>
      <trkpt lat="48.33669" lon="-4.5391">
        <ele>71</ele>
        <time>2026-06-23T13:50:58+00:00</time>
      </trkpt>
      <trkpt lat="48.33699" lon="-4.53891">
        <ele>72</ele>
        <time>2026-06-23T13:51:01+00:00</time>
      </trkpt>
      <trkpt lat="48.33729" lon="-4.53871">
        <ele>73</ele>
        <time>2026-06-23T13:51:04+00:00</time>
      </trkpt>
      <trkpt lat="48.33779" lon="-4.53838">
        <ele>74</ele>
        <time>2026-06-23T13:51:07+00:00</time>
      </trkpt>
      <trkpt lat="48.33818" lon="-4.53817">
        <ele>74</ele>
        <time>2026-06-23T13:51:10+00:00</time>
      </trkpt>
      <trkpt lat="48.33841" lon="-4.53817">
        <ele>75</ele>
        <time>2026-06-23T13:51:13+00:00</time>
      </trkpt>
      <trkpt lat="48.33865" lon="-4.53818">
        <ele>75</ele>
        <time>2026-06-23T13:51:16+00:00</time>
      </trkpt>
      <trkpt lat="48.33894" lon="-4.53797">
        <ele>75</ele>
        <time>2026-06-23T13:51:19+00:00</time>
      </trkpt>
      <trkpt lat="48.33916" lon="-4.53813">
        <ele>75</ele>
        <time>2026-06-23T13:51:22+00:00</time>
      </trkpt>
      <trkpt lat="48.3394" lon="-4.5376">
        <ele>72</ele>
        <time>2026-06-23T13:51:25+00:00</time>
      </trkpt>
      <trkpt lat="48.33953" lon="-4.53732">
        <ele>72</ele>
        <time>2026-06-23T13:51:28+00:00</time>
      </trkpt>
      <trkpt lat="48.33967" lon="-4.53703">
        <ele>72</ele>
        <time>2026-06-23T13:51:31+00:00</time>
      </trkpt>
      <trkpt lat="48.33975" lon="-4.53638">
        <ele>72</ele>
        <time>2026-06-23T13:51:34+00:00</time>
      </trkpt>
      <trkpt lat="48.33971" lon="-4.53605">
        <ele>73</ele>
        <time>2026-06-23T13:51:37+00:00</time>
      </trkpt>
      <trkpt lat="48.33987" lon="-4.53578">
        <ele>73</ele>
        <time>2026-06-23T13:51:40+00:00</time>
      </trkpt>
      <trkpt lat="48.34007" lon="-4.53546">
        <ele>72</ele>
        <time>2026-06-23T13:51:43+00:00</time>
      </trkpt>
      <trkpt lat="48.34021" lon="-4.53517">
        <ele>70</ele>
        <time>2026-06-23T13:51:46+00:00</time>
      </trkpt>
      <trkpt lat="48.34037" lon="-4.53483">
        <ele>69</ele>
        <time>2026-06-23T13:51:49+00:00</time>
      </trkpt>
      <trkpt lat="48.34054" lon="-4.53454">
        <ele>69</ele>
        <time>2026-06-23T13:51:52+00:00</time>
      </trkpt>
      <trkpt lat="48.34078" lon="-4.53412">
        <ele>68</ele>
        <time>2026-06-23T13:51:55+00:00</time>
      </trkpt>
      <trkpt lat="48.34086" lon="-4.53402">
        <ele>68</ele>
        <time>2026-06-23T13:51:58+00:00</time>
      </trkpt>
      <trkpt lat="48.34098" lon="-4.53393">
        <ele>68</ele>
        <time>2026-06-23T13:52:01+00:00</time>
      </trkpt>
      <trkpt lat="48.34099" lon="-4.53418">
        <ele>68</ele>
        <time>2026-06-23T13:52:04+00:00</time>
      </trkpt>
      <trkpt lat="48.34094" lon="-4.53439">
        <ele>68</ele>
        <time>2026-06-23T13:52:07+00:00</time>
      </trkpt>
      <trkpt lat="48.34088" lon="-4.5346">
        <ele>67</ele>
        <time>2026-06-23T13:52:10+00:00</time>
      </trkpt>
      <trkpt lat="48.34103" lon="-4.5343">
        <ele>66</ele>
        <time>2026-06-23T13:52:13+00:00</time>
      </trkpt>
      <trkpt lat="48.34104" lon="-4.53432">
        <ele>66</ele>
        <time>2026-06-23T13:52:16+00:00</time>
      </trkpt>
      <trkpt lat="48.34097" lon="-4.53463">
        <ele>64</ele>
        <time>2026-06-23T13:52:19+00:00</time>
      </trkpt>
      <trkpt lat="48.34099" lon="-4.53467">
        <ele>61</ele>
        <time>2026-06-23T13:52:22+00:00</time>
      </trkpt>
      <trkpt lat="48.34106" lon="-4.53444">
        <ele>63</ele>
        <time>2026-06-23T13:52:25+00:00</time>
      </trkpt>
      <trkpt lat="48.34109" lon="-4.53439">
        <ele>66</ele>
        <time>2026-06-23T13:52:28+00:00</time>
      </trkpt>
      <trkpt lat="48.34112" lon="-4.53439">
        <ele>54</ele>
        <time>2026-06-23T13:52:31+00:00</time>
      </trkpt>
      <trkpt lat="48.34107" lon="-4.53481">
        <ele>57</ele>
        <time>2026-06-23T13:52:34+00:00</time>
      </trkpt>
      <trkpt lat="48.34111" lon="-4.53481">
        <ele>45</ele>
        <time>2026-06-23T13:52:37+00:00</time>
      </trkpt>
      <trkpt lat="48.34115" lon="-4.5347">
        <ele>45</ele>
        <time>2026-06-23T13:52:40+00:00</time>
      </trkpt>
      <trkpt lat="48.3412" lon="-4.53488">
        <ele>52</ele>
        <time>2026-06-23T13:52:43+00:00</time>
      </trkpt>
      <trkpt lat="48.34122" lon="-4.53488">
        <ele>45</ele>
        <time>2026-06-23T13:52:46+00:00</time>
      </trkpt>
      <trkpt lat="48.34122" lon="-4.53463">
        <ele>47</ele>
        <time>2026-06-23T13:52:49+00:00</time>
      </trkpt>
      <trkpt lat="48.34131" lon="-4.53479">
        <ele>32</ele>
        <time>2026-06-23T13:52:52+00:00</time>
      </trkpt>
      <trkpt lat="48.34136" lon="-4.53463">
        <ele>31</ele>
        <time>2026-06-23T13:52:55+00:00</time>
      </trkpt>
      <trkpt lat="48.34139" lon="-4.53465">
        <ele>31</ele>
        <time>2026-06-23T13:52:58+00:00</time>
      </trkpt>
      <trkpt lat="48.3414" lon="-4.53465">
        <ele>31</ele>
        <time>2026-06-23T13:53:01+00:00</time>
      </trkpt>
      <trkpt lat="48.34145" lon="-4.53453">
        <ele>22</ele>
        <time>2026-06-23T13:53:04+00:00</time>
      </trkpt>
      <trkpt lat="48.34157" lon="-4.53459">
        <ele>22</ele>
        <time>2026-06-23T13:53:07+00:00</time>
      </trkpt>
      <trkpt lat="48.34152" lon="-4.53481">
        <ele>17</ele>
        <time>2026-06-23T13:53:10+00:00</time>
      </trkpt>
      <trkpt lat="48.34149" lon="-4.53486">
        <ele>17</ele>
        <time>2026-06-23T13:53:13+00:00</time>
      </trkpt>
      <trkpt lat="48.34142" lon="-4.53521">
        <ele>24</ele>
        <time>2026-06-23T13:53:16+00:00</time>
      </trkpt>
      <trkpt lat="48.34143" lon="-4.53533">
        <ele>11</ele>
        <time>2026-06-23T13:53:19+00:00</time>
      </trkpt>
      <trkpt lat="48.3414" lon="-4.53535">
        <ele>25</ele>
        <time>2026-06-23T13:53:22+00:00</time>
      </trkpt>
      <trkpt lat="48.3413" lon="-4.53566">
        <ele>25</ele>
        <time>2026-06-23T13:53:25+00:00</time>
      </trkpt>
      <trkpt lat="48.34118" lon="-4.53585">
        <ele>28</ele>
        <time>2026-06-23T13:53:28+00:00</time>
      </trkpt>
      <trkpt lat="48.34113" lon="-4.53606">
        <ele>26</ele>
        <time>2026-06-23T13:53:31+00:00</time>
      </trkpt>
      <trkpt lat="48.34099" lon="-4.53643">
        <ele>31</ele>
        <time>2026-06-23T13:53:34+00:00</time>
      </trkpt>
      <trkpt lat="48.34084" lon="-4.53671">
        <ele>34</ele>
        <time>2026-06-23T13:53:37+00:00</time>
      </trkpt>
      <trkpt lat="48.34085" lon="-4.53695">
        <ele>37</ele>
        <time>2026-06-23T13:53:40+00:00</time>
      </trkpt>
      <trkpt lat="48.34076" lon="-4.53735">
        <ele>33</ele>
        <time>2026-06-23T13:53:43+00:00</time>
      </trkpt>
      <trkpt lat="48.34066" lon="-4.53775">
        <ele>32</ele>
        <time>2026-06-23T13:53:46+00:00</time>
      </trkpt>
      <trkpt lat="48.3405" lon="-4.53845">
        <ele>32</ele>
        <time>2026-06-23T13:53:49+00:00</time>
      </trkpt>
      <trkpt lat="48.34038" lon="-4.53868">
        <ele>33</ele>
        <time>2026-06-23T13:53:52+00:00</time>
      </trkpt>
      <trkpt lat="48.34036" lon="-4.5388">
        <ele>35</ele>
        <time>2026-06-23T13:53:55+00:00</time>
      </trkpt>
      <trkpt lat="48.34027" lon="-4.53899">
        <ele>32</ele>
        <time>2026-06-23T13:53:58+00:00</time>
      </trkpt>
      <trkpt lat="48.34022" lon="-4.53934">
        <ele>32</ele>
        <time>2026-06-23T13:54:01+00:00</time>
      </trkpt>
      <trkpt lat="48.33999" lon="-4.53986">
        <ele>44</ele>
        <time>2026-06-23T13:54:04+00:00</time>
      </trkpt>
      <trkpt lat="48.33987" lon="-4.54023">
        <ele>47</ele>
        <time>2026-06-23T13:54:07+00:00</time>
      </trkpt>
      <trkpt lat="48.33988" lon="-4.5407">
        <ele>47</ele>
        <time>2026-06-23T13:54:10+00:00</time>
      </trkpt>
      <trkpt lat="48.33996" lon="-4.54105">
        <ele>48</ele>
        <time>2026-06-23T13:54:13+00:00</time>
      </trkpt>
      <trkpt lat="48.34005" lon="-4.54145">
        <ele>52</ele>
        <time>2026-06-23T13:54:16+00:00</time>
      </trkpt>
      <trkpt lat="48.33998" lon="-4.54195">
        <ele>57</ele>
        <time>2026-06-23T13:54:19+00:00</time>
      </trkpt>
      <trkpt lat="48.33988" lon="-4.54223">
        <ele>59</ele>
        <time>2026-06-23T13:54:22+00:00</time>
      </trkpt>
      <trkpt lat="48.33977" lon="-4.5427">
        <ele>61</ele>
        <time>2026-06-23T13:54:25+00:00</time>
      </trkpt>
      <trkpt lat="48.33953" lon="-4.54298">
        <ele>61</ele>
        <time>2026-06-23T13:54:28+00:00</time>
      </trkpt>
      <trkpt lat="48.33931" lon="-4.54301">
        <ele>61</ele>
        <time>2026-06-23T13:54:31+00:00</time>
      </trkpt>
      <trkpt lat="48.33929" lon="-4.54317">
        <ele>59</ele>
        <time>2026-06-23T13:54:34+00:00</time>
      </trkpt>
      <trkpt lat="48.33921" lon="-4.54333">
        <ele>57</ele>
        <time>2026-06-23T13:54:37+00:00</time>
      </trkpt>
      <trkpt lat="48.33902" lon="-4.54353">
        <ele>57</ele>
        <time>2026-06-23T13:54:40+00:00</time>
      </trkpt>
      <trkpt lat="48.33882" lon="-4.54373">
        <ele>53</ele>
        <time>2026-06-23T13:54:43+00:00</time>
      </trkpt>
      <trkpt lat="48.33866" lon="-4.5438">
        <ele>50</ele>
        <time>2026-06-23T13:54:46+00:00</time>
      </trkpt>
      <trkpt lat="48.33848" lon="-4.54393">
        <ele>48</ele>
        <time>2026-06-23T13:54:49+00:00</time>
      </trkpt>
      <trkpt lat="48.33838" lon="-4.54413">
        <ele>47</ele>
        <time>2026-06-23T13:54:52+00:00</time>
      </trkpt>
      <trkpt lat="48.33829" lon="-4.54436">
        <ele>44</ele>
        <time>2026-06-23T13:54:55+00:00</time>
      </trkpt>
      <trkpt lat="48.33818" lon="-4.54464">
        <ele>42</ele>
        <time>2026-06-23T13:54:58+00:00</time>
      </trkpt>
      <trkpt lat="48.33814" lon="-4.54497">
        <ele>39</ele>
        <time>2026-06-23T13:55:01+00:00</time>
      </trkpt>
      <trkpt lat="48.33819" lon="-4.54531">
        <ele>37</ele>
        <time>2026-06-23T13:55:04+00:00</time>
      </trkpt>
      <trkpt lat="48.33818" lon="-4.54568">
        <ele>32</ele>
        <time>2026-06-23T13:55:07+00:00</time>
      </trkpt>
      <trkpt lat="48.338" lon="-4.54596">
        <ele>32</ele>
        <time>2026-06-23T13:55:10+00:00</time>
      </trkpt>
      <trkpt lat="48.33804" lon="-4.54626">
        <ele>35</ele>
        <time>2026-06-23T13:55:13+00:00</time>
      </trkpt>
      <trkpt lat="48.33776" lon="-4.54658">
        <ele>39</ele>
        <time>2026-06-23T13:55:16+00:00</time>
      </trkpt>
      <trkpt lat="48.33779" lon="-4.54668">
        <ele>40</ele>
        <time>2026-06-23T13:55:19+00:00</time>
      </trkpt>
      <trkpt lat="48.33772" lon="-4.54715">
        <ele>47</ele>
        <time>2026-06-23T13:55:22+00:00</time>
      </trkpt>
      <trkpt lat="48.33763" lon="-4.54741">
        <ele>50</ele>
        <time>2026-06-23T13:55:25+00:00</time>
      </trkpt>
      <trkpt lat="48.33759" lon="-4.5478">
        <ele>52</ele>
        <time>2026-06-23T13:55:28+00:00</time>
      </trkpt>
      <trkpt lat="48.33753" lon="-4.54833">
        <ele>58</ele>
        <time>2026-06-23T13:55:31+00:00</time>
      </trkpt>
      <trkpt lat="48.33746" lon="-4.54892">
        <ele>59</ele>
        <time>2026-06-23T13:55:34+00:00</time>
      </trkpt>
      <trkpt lat="48.33742" lon="-4.54936">
        <ele>62</ele>
        <time>2026-06-23T13:55:37+00:00</time>
      </trkpt>
      <trkpt lat="48.33739" lon="-4.54974">
        <ele>63</ele>
        <time>2026-06-23T13:55:40+00:00</time>
      </trkpt>
      <trkpt lat="48.33735" lon="-4.55024">
        <ele>63</ele>
        <time>2026-06-23T13:55:43+00:00</time>
      </trkpt>
      <trkpt lat="48.33728" lon="-4.55071">
        <ele>64</ele>
        <time>2026-06-23T13:55:46+00:00</time>
      </trkpt>
      <trkpt lat="48.33721" lon="-4.55117">
        <ele>64</ele>
        <time>2026-06-23T13:55:49+00:00</time>
      </trkpt>
      <trkpt lat="48.33711" lon="-4.55185">
        <ele>65</ele>
        <time>2026-06-23T13:55:52+00:00</time>
      </trkpt>
      <trkpt lat="48.33724" lon="-4.55189">
        <ele>65</ele>
        <time>2026-06-23T13:55:55+00:00</time>
      </trkpt>
      <trkpt lat="48.3373" lon="-4.55206">
        <ele>65</ele>
        <time>2026-06-23T13:55:58+00:00</time>
      </trkpt>
      <trkpt lat="48.33746" lon="-4.55241">
        <ele>67</ele>
        <time>2026-06-23T13:56:01+00:00</time>
      </trkpt>
      <trkpt lat="48.33748" lon="-4.55288">
        <ele>66</ele>
        <time>2026-06-23T13:56:04+00:00</time>
      </trkpt>
      <trkpt lat="48.33752" lon="-4.55303">
        <ele>65</ele>
        <time>2026-06-23T13:56:07+00:00</time>
      </trkpt>
      <trkpt lat="48.33742" lon="-4.55331">
        <ele>65</ele>
        <time>2026-06-23T13:56:10+00:00</time>
      </trkpt>
      <trkpt lat="48.33728" lon="-4.5537">
        <ele>65</ele>
        <time>2026-06-23T13:56:13+00:00</time>
      </trkpt>
      <trkpt lat="48.33719" lon="-4.55384">
        <ele>66</ele>
        <time>2026-06-23T13:56:16+00:00</time>
      </trkpt>
      <trkpt lat="48.33705" lon="-4.55391">
        <ele>65</ele>
        <time>2026-06-23T13:56:19+00:00</time>
      </trkpt>
      <trkpt lat="48.33679" lon="-4.55394">
        <ele>68</ele>
        <time>2026-06-23T13:56:22+00:00</time>
      </trkpt>
      <trkpt lat="48.33643" lon="-4.55398">
        <ele>68</ele>
        <time>2026-06-23T13:56:25+00:00</time>
      </trkpt>
      <trkpt lat="48.33626" lon="-4.55455">
        <ele>68</ele>
        <time>2026-06-23T13:56:28+00:00</time>
      </trkpt>
      <trkpt lat="48.33643" lon="-4.55478">
        <ele>67</ele>
        <time>2026-06-23T13:56:31+00:00</time>
      </trkpt>
      <trkpt lat="48.33644" lon="-4.55483">
        <ele>66</ele>
        <time>2026-06-23T13:56:34+00:00</time>
      </trkpt>
      <trkpt lat="48.33642" lon="-4.5549">
        <ele>66</ele>
        <time>2026-06-23T13:56:37+00:00</time>
      </trkpt>
      <trkpt lat="48.33635" lon="-4.55494">
        <ele>66</ele>
        <time>2026-06-23T13:56:40+00:00</time>
      </trkpt>
      <trkpt lat="48.33628" lon="-4.55504">
        <ele>66</ele>
        <time>2026-06-23T13:56:43+00:00</time>
      </trkpt>
      <trkpt lat="48.33618" lon="-4.55511">
        <ele>66</ele>
        <time>2026-06-23T13:56:46+00:00</time>
      </trkpt>
      <trkpt lat="48.33603" lon="-4.55534">
        <ele>65</ele>
        <time>2026-06-23T13:56:49+00:00</time>
      </trkpt>
      <trkpt lat="48.33582" lon="-4.55539">
        <ele>65</ele>
        <time>2026-06-23T13:56:52+00:00</time>
      </trkpt>
      <trkpt lat="48.33578" lon="-4.55544">
        <ele>65</ele>
        <time>2026-06-23T13:56:55+00:00</time>
      </trkpt>
      <trkpt lat="48.33573" lon="-4.55565">
        <ele>65</ele>
        <time>2026-06-23T13:56:58+00:00</time>
      </trkpt>
      <trkpt lat="48.33562" lon="-4.55576">
        <ele>63</ele>
        <time>2026-06-23T13:57:01+00:00</time>
      </trkpt>
      <trkpt lat="48.33551" lon="-4.55579">
        <ele>63</ele>
        <time>2026-06-23T13:57:04+00:00</time>
      </trkpt>
      <trkpt lat="48.33537" lon="-4.55588">
        <ele>61</ele>
        <time>2026-06-23T13:57:07+00:00</time>
      </trkpt>
      <trkpt lat="48.33526" lon="-4.55604">
        <ele>60</ele>
        <time>2026-06-23T13:57:10+00:00</time>
      </trkpt>
      <trkpt lat="48.33514" lon="-4.55621">
        <ele>56</ele>
        <time>2026-06-23T13:57:13+00:00</time>
      </trkpt>
      <trkpt lat="48.33509" lon="-4.55633">
        <ele>58</ele>
        <time>2026-06-23T13:57:16+00:00</time>
      </trkpt>
      <trkpt lat="48.33502" lon="-4.55635">
        <ele>58</ele>
        <time>2026-06-23T13:57:19+00:00</time>
      </trkpt>
      <trkpt lat="48.3349" lon="-4.55651">
        <ele>54</ele>
        <time>2026-06-23T13:57:22+00:00</time>
      </trkpt>
      <trkpt lat="48.3349" lon="-4.55656">
        <ele>54</ele>
        <time>2026-06-23T13:57:25+00:00</time>
      </trkpt>
      <trkpt lat="48.33481" lon="-4.55661">
        <ele>54</ele>
        <time>2026-06-23T13:57:28+00:00</time>
      </trkpt>
      <trkpt lat="48.33484" lon="-4.55687">
        <ele>54</ele>
        <time>2026-06-23T13:57:31+00:00</time>
      </trkpt>
      <trkpt lat="48.33487" lon="-4.55717">
        <ele>55</ele>
        <time>2026-06-23T13:57:34+00:00</time>
      </trkpt>
      <trkpt lat="48.33484" lon="-4.55731">
        <ele>55</ele>
        <time>2026-06-23T13:57:37+00:00</time>
      </trkpt>
      <trkpt lat="48.3348" lon="-4.55741">
        <ele>54</ele>
        <time>2026-06-23T13:57:40+00:00</time>
      </trkpt>
      <trkpt lat="48.33465" lon="-4.55757">
        <ele>58</ele>
        <time>2026-06-23T13:57:43+00:00</time>
      </trkpt>
      <trkpt lat="48.33462" lon="-4.55788">
        <ele>58</ele>
        <time>2026-06-23T13:57:46+00:00</time>
      </trkpt>
      <trkpt lat="48.33433" lon="-4.55832">
        <ele>62</ele>
        <time>2026-06-23T13:57:49+00:00</time>
      </trkpt>
      <trkpt lat="48.33421" lon="-4.55844">
        <ele>62</ele>
        <time>2026-06-23T13:57:52+00:00</time>
      </trkpt>
      <trkpt lat="48.33421" lon="-4.55858">
        <ele>62</ele>
        <time>2026-06-23T13:57:55+00:00</time>
      </trkpt>
      <trkpt lat="48.33405" lon="-4.55891">
        <ele>61</ele>
        <time>2026-06-23T13:57:58+00:00</time>
      </trkpt>
      <trkpt lat="48.33397" lon="-4.55926">
        <ele>61</ele>
        <time>2026-06-23T13:58:01+00:00</time>
      </trkpt>
      <trkpt lat="48.33378" lon="-4.55978">
        <ele>60</ele>
        <time>2026-06-23T13:58:04+00:00</time>
      </trkpt>
      <trkpt lat="48.33342" lon="-4.56008">
        <ele>59</ele>
        <time>2026-06-23T13:58:07+00:00</time>
      </trkpt>
      <trkpt lat="48.33334" lon="-4.5602">
        <ele>58</ele>
        <time>2026-06-23T13:58:10+00:00</time>
      </trkpt>
      <trkpt lat="48.33329" lon="-4.5602">
        <ele>58</ele>
        <time>2026-06-23T13:58:13+00:00</time>
      </trkpt>
      <trkpt lat="48.33317" lon="-4.56041">
        <ele>59</ele>
        <time>2026-06-23T13:58:16+00:00</time>
      </trkpt>
      <trkpt lat="48.33307" lon="-4.56053">
        <ele>57</ele>
        <time>2026-06-23T13:58:19+00:00</time>
      </trkpt>
      <trkpt lat="48.33306" lon="-4.56062">
        <ele>59</ele>
        <time>2026-06-23T13:58:22+00:00</time>
      </trkpt>
      <trkpt lat="48.333" lon="-4.56078">
        <ele>58</ele>
        <time>2026-06-23T13:58:25+00:00</time>
      </trkpt>
      <trkpt lat="48.33287" lon="-4.56088">
        <ele>59</ele>
        <time>2026-06-23T13:58:28+00:00</time>
      </trkpt>
      <trkpt lat="48.33282" lon="-4.56095">
        <ele>59</ele>
        <time>2026-06-23T13:58:31+00:00</time>
      </trkpt>
      <trkpt lat="48.33271" lon="-4.56104">
        <ele>60</ele>
        <time>2026-06-23T13:58:34+00:00</time>
      </trkpt>
      <trkpt lat="48.33266" lon="-4.56111">
        <ele>60</ele>
        <time>2026-06-23T13:58:37+00:00</time>
      </trkpt>
      <trkpt lat="48.33247" lon="-4.56125">
        <ele>59</ele>
        <time>2026-06-23T13:58:40+00:00</time>
      </trkpt>
      <trkpt lat="48.33244" lon="-4.56135">
        <ele>58</ele>
        <time>2026-06-23T13:58:43+00:00</time>
      </trkpt>
      <trkpt lat="48.33233" lon="-4.56142">
        <ele>59</ele>
        <time>2026-06-23T13:58:46+00:00</time>
      </trkpt>
      <trkpt lat="48.33223" lon="-4.56144">
        <ele>60</ele>
        <time>2026-06-23T13:58:49+00:00</time>
      </trkpt>
      <trkpt lat="48.33222" lon="-4.56149">
        <ele>60</ele>
        <time>2026-06-23T13:58:52+00:00</time>
      </trkpt>
      <trkpt lat="48.33229" lon="-4.56163">
        <ele>59</ele>
        <time>2026-06-23T13:58:55+00:00</time>
      </trkpt>
      <trkpt lat="48.33228" lon="-4.56168">
        <ele>59</ele>
        <time>2026-06-23T13:58:58+00:00</time>
      </trkpt>
      <trkpt lat="48.33225" lon="-4.5617">
        <ele>57</ele>
        <time>2026-06-23T13:59:01+00:00</time>
      </trkpt>
      <trkpt lat="48.33224" lon="-4.56182">
        <ele>57</ele>
        <time>2026-06-23T13:59:04+00:00</time>
      </trkpt>
      <trkpt lat="48.33221" lon="-4.56186">
        <ele>58</ele>
        <time>2026-06-23T13:59:07+00:00</time>
      </trkpt>
      <trkpt lat="48.33212" lon="-4.56184">
        <ele>58</ele>
        <time>2026-06-23T13:59:10+00:00</time>
      </trkpt>
      <trkpt lat="48.33206" lon="-4.56186">
        <ele>58</ele>
        <time>2026-06-23T13:59:13+00:00</time>
      </trkpt>
      <trkpt lat="48.33193" lon="-4.56198">
        <ele>58</ele>
        <time>2026-06-23T13:59:16+00:00</time>
      </trkpt>
      <trkpt lat="48.3318" lon="-4.5621">
        <ele>58</ele>
        <time>2026-06-23T13:59:19+00:00</time>
      </trkpt>
      <trkpt lat="48.33164" lon="-4.56229">
        <ele>58</ele>
        <time>2026-06-23T13:59:22+00:00</time>
      </trkpt>
      <trkpt lat="48.33155" lon="-4.56236">
        <ele>59</ele>
        <time>2026-06-23T13:59:25+00:00</time>
      </trkpt>
      <trkpt lat="48.33149" lon="-4.5625">
        <ele>58</ele>
        <time>2026-06-23T13:59:28+00:00</time>
      </trkpt>
      <trkpt lat="48.33143" lon="-4.56254">
        <ele>58</ele>
        <time>2026-06-23T13:59:31+00:00</time>
      </trkpt>
      <trkpt lat="48.33137" lon="-4.56268">
        <ele>58</ele>
        <time>2026-06-23T13:59:34+00:00</time>
      </trkpt>
      <trkpt lat="48.33137" lon="-4.56277">
        <ele>55</ele>
        <time>2026-06-23T13:59:37+00:00</time>
      </trkpt>
      <trkpt lat="48.33135" lon="-4.56283">
        <ele>55</ele>
        <time>2026-06-23T13:59:40+00:00</time>
      </trkpt>
      <trkpt lat="48.33118" lon="-4.56299">
        <ele>54</ele>
        <time>2026-06-23T13:59:43+00:00</time>
      </trkpt>
      <trkpt lat="48.331" lon="-4.56315">
        <ele>54</ele>
        <time>2026-06-23T13:59:46+00:00</time>
      </trkpt>
      <trkpt lat="48.33093" lon="-4.56332">
        <ele>54</ele>
        <time>2026-06-23T13:59:49+00:00</time>
      </trkpt>
      <trkpt lat="48.33085" lon="-4.56369">
        <ele>55</ele>
        <time>2026-06-23T13:59:52+00:00</time>
      </trkpt>
      <trkpt lat="48.33086" lon="-4.56381">
        <ele>57</ele>
        <time>2026-06-23T13:59:55+00:00</time>
      </trkpt>
      <trkpt lat="48.33081" lon="-4.56393">
        <ele>55</ele>
        <time>2026-06-23T13:59:58+00:00</time>
      </trkpt>
      <trkpt lat="48.33076" lon="-4.564">
        <ele>60</ele>
        <time>2026-06-23T14:00:01+00:00</time>
      </trkpt>
      <trkpt lat="48.33073" lon="-4.56414">
        <ele>60</ele>
        <time>2026-06-23T14:00:04+00:00</time>
      </trkpt>
      <trkpt lat="48.33065" lon="-4.56431">
        <ele>60</ele>
        <time>2026-06-23T14:00:07+00:00</time>
      </trkpt>
      <trkpt lat="48.33062" lon="-4.56444">
        <ele>59</ele>
        <time>2026-06-23T14:00:10+00:00</time>
      </trkpt>
      <trkpt lat="48.33058" lon="-4.56477">
        <ele>61</ele>
        <time>2026-06-23T14:00:13+00:00</time>
      </trkpt>
      <trkpt lat="48.33053" lon="-4.56498">
        <ele>61</ele>
        <time>2026-06-23T14:00:16+00:00</time>
      </trkpt>
      <trkpt lat="48.33051" lon="-4.56534">
        <ele>61</ele>
        <time>2026-06-23T14:00:19+00:00</time>
      </trkpt>
      <trkpt lat="48.33041" lon="-4.56562">
        <ele>61</ele>
        <time>2026-06-23T14:00:22+00:00</time>
      </trkpt>
      <trkpt lat="48.33034" lon="-4.56569">
        <ele>61</ele>
        <time>2026-06-23T14:00:25+00:00</time>
      </trkpt>
      <trkpt lat="48.33032" lon="-4.56578">
        <ele>61</ele>
        <time>2026-06-23T14:00:28+00:00</time>
      </trkpt>
      <trkpt lat="48.33025" lon="-4.56592">
        <ele>63</ele>
        <time>2026-06-23T14:00:31+00:00</time>
      </trkpt>
      <trkpt lat="48.33024" lon="-4.56599">
        <ele>63</ele>
        <time>2026-06-23T14:00:34+00:00</time>
      </trkpt>
      <trkpt lat="48.33026" lon="-4.56616">
        <ele>63</ele>
        <time>2026-06-23T14:00:37+00:00</time>
      </trkpt>
      <trkpt lat="48.33025" lon="-4.56651">
        <ele>63</ele>
        <time>2026-06-23T14:00:40+00:00</time>
      </trkpt>
      <trkpt lat="48.33022" lon="-4.56663">
        <ele>63</ele>
        <time>2026-06-23T14:00:43+00:00</time>
      </trkpt>
      <trkpt lat="48.33012" lon="-4.56677">
        <ele>63</ele>
        <time>2026-06-23T14:00:46+00:00</time>
      </trkpt>
      <trkpt lat="48.33007" lon="-4.56679">
        <ele>64</ele>
        <time>2026-06-23T14:00:49+00:00</time>
      </trkpt>
      <trkpt lat="48.33006" lon="-4.56724">
        <ele>63</ele>
        <time>2026-06-23T14:00:52+00:00</time>
      </trkpt>
      <trkpt lat="48.33004" lon="-4.56745">
        <ele>64</ele>
        <time>2026-06-23T14:00:55+00:00</time>
      </trkpt>
      <trkpt lat="48.32994" lon="-4.5678">
        <ele>64</ele>
        <time>2026-06-23T14:00:58+00:00</time>
      </trkpt>
      <trkpt lat="48.32994" lon="-4.56822">
        <ele>64</ele>
        <time>2026-06-23T14:01:01+00:00</time>
      </trkpt>
      <trkpt lat="48.32993" lon="-4.56888">
        <ele>65</ele>
        <time>2026-06-23T14:01:04+00:00</time>
      </trkpt>
      <trkpt lat="48.32989" lon="-4.56942">
        <ele>65</ele>
        <time>2026-06-23T14:01:07+00:00</time>
      </trkpt>
      <trkpt lat="48.32992" lon="-4.56969">
        <ele>65</ele>
        <time>2026-06-23T14:01:10+00:00</time>
      </trkpt>
      <trkpt lat="48.32962" lon="-4.56972">
        <ele>65</ele>
        <time>2026-06-23T14:01:13+00:00</time>
      </trkpt>
      <trkpt lat="48.32953" lon="-4.56977">
        <ele>64</ele>
        <time>2026-06-23T14:01:16+00:00</time>
      </trkpt>
      <trkpt lat="48.32946" lon="-4.56977">
        <ele>64</ele>
        <time>2026-06-23T14:01:19+00:00</time>
      </trkpt>
      <trkpt lat="48.32935" lon="-4.56968">
        <ele>65</ele>
        <time>2026-06-23T14:01:22+00:00</time>
      </trkpt>
      <trkpt lat="48.32927" lon="-4.56963">
        <ele>64</ele>
        <time>2026-06-23T14:01:25+00:00</time>
      </trkpt>
      <trkpt lat="48.32913" lon="-4.5695">
        <ele>65</ele>
        <time>2026-06-23T14:01:28+00:00</time>
      </trkpt>
      <trkpt lat="48.32908" lon="-4.56956">
        <ele>65</ele>
        <time>2026-06-23T14:01:31+00:00</time>
      </trkpt>
      <trkpt lat="48.32893" lon="-4.56963">
        <ele>64</ele>
        <time>2026-06-23T14:01:34+00:00</time>
      </trkpt>
      <trkpt lat="48.32887" lon="-4.56975">
        <ele>62</ele>
        <time>2026-06-23T14:01:37+00:00</time>
      </trkpt>
      <trkpt lat="48.32868" lon="-4.56991">
        <ele>61</ele>
        <time>2026-06-23T14:01:40+00:00</time>
      </trkpt>
      <trkpt lat="48.32859" lon="-4.57005">
        <ele>60</ele>
        <time>2026-06-23T14:01:43+00:00</time>
      </trkpt>
      <trkpt lat="48.32857" lon="-4.57019">
        <ele>58</ele>
        <time>2026-06-23T14:01:46+00:00</time>
      </trkpt>
      <trkpt lat="48.32844" lon="-4.5703">
        <ele>53</ele>
        <time>2026-06-23T14:01:49+00:00</time>
      </trkpt>
      <trkpt lat="48.32837" lon="-4.57024">
        <ele>58</ele>
        <time>2026-06-23T14:01:52+00:00</time>
      </trkpt>
      <trkpt lat="48.32829" lon="-4.57012">
        <ele>58</ele>
        <time>2026-06-23T14:01:55+00:00</time>
      </trkpt>
      <trkpt lat="48.32817" lon="-4.57003">
        <ele>58</ele>
        <time>2026-06-23T14:01:58+00:00</time>
      </trkpt>
      <trkpt lat="48.32808" lon="-4.5699">
        <ele>58</ele>
        <time>2026-06-23T14:02:01+00:00</time>
      </trkpt>
      <trkpt lat="48.328" lon="-4.56961">
        <ele>59</ele>
        <time>2026-06-23T14:02:04+00:00</time>
      </trkpt>
      <trkpt lat="48.32791" lon="-4.56949">
        <ele>59</ele>
        <time>2026-06-23T14:02:07+00:00</time>
      </trkpt>
      <trkpt lat="48.32776" lon="-4.56939">
        <ele>59</ele>
        <time>2026-06-23T14:02:10+00:00</time>
      </trkpt>
      <trkpt lat="48.32772" lon="-4.5693">
        <ele>59</ele>
        <time>2026-06-23T14:02:13+00:00</time>
      </trkpt>
      <trkpt lat="48.3274" lon="-4.56949">
        <ele>56</ele>
        <time>2026-06-23T14:02:16+00:00</time>
      </trkpt>
      <trkpt lat="48.32716" lon="-4.56969">
        <ele>56</ele>
        <time>2026-06-23T14:02:19+00:00</time>
      </trkpt>
      <trkpt lat="48.32681" lon="-4.56998">
        <ele>54</ele>
        <time>2026-06-23T14:02:22+00:00</time>
      </trkpt>
      <trkpt lat="48.32674" lon="-4.57031">
        <ele>52</ele>
        <time>2026-06-23T14:02:25+00:00</time>
      </trkpt>
      <trkpt lat="48.32665" lon="-4.57047">
        <ele>52</ele>
        <time>2026-06-23T14:02:28+00:00</time>
      </trkpt>
      <trkpt lat="48.32645" lon="-4.57071">
        <ele>50</ele>
        <time>2026-06-23T14:02:31+00:00</time>
      </trkpt>
      <trkpt lat="48.32643" lon="-4.5709">
        <ele>51</ele>
        <time>2026-06-23T14:02:34+00:00</time>
      </trkpt>
      <trkpt lat="48.32625" lon="-4.57111">
        <ele>49</ele>
        <time>2026-06-23T14:02:37+00:00</time>
      </trkpt>
      <trkpt lat="48.32593" lon="-4.57141">
        <ele>48</ele>
        <time>2026-06-23T14:02:40+00:00</time>
      </trkpt>
      <trkpt lat="48.32568" lon="-4.57158">
        <ele>48</ele>
        <time>2026-06-23T14:02:43+00:00</time>
      </trkpt>
      <trkpt lat="48.32561" lon="-4.57172">
        <ele>45</ele>
        <time>2026-06-23T14:02:46+00:00</time>
      </trkpt>
      <trkpt lat="48.3256" lon="-4.57186">
        <ele>49</ele>
        <time>2026-06-23T14:02:49+00:00</time>
      </trkpt>
      <trkpt lat="48.32561" lon="-4.57207">
        <ele>45</ele>
        <time>2026-06-23T14:02:52+00:00</time>
      </trkpt>
      <trkpt lat="48.32548" lon="-4.57234">
        <ele>52</ele>
        <time>2026-06-23T14:02:55+00:00</time>
      </trkpt>
      <trkpt lat="48.32528" lon="-4.57275">
        <ele>54</ele>
        <time>2026-06-23T14:02:58+00:00</time>
      </trkpt>
      <trkpt lat="48.32536" lon="-4.57315">
        <ele>56</ele>
        <time>2026-06-23T14:03:01+00:00</time>
      </trkpt>
      <trkpt lat="48.32526" lon="-4.57352">
        <ele>59</ele>
        <time>2026-06-23T14:03:04+00:00</time>
      </trkpt>
      <trkpt lat="48.32513" lon="-4.57402">
        <ele>59</ele>
        <time>2026-06-23T14:03:07+00:00</time>
      </trkpt>
      <trkpt lat="48.32501" lon="-4.57409">
        <ele>61</ele>
        <time>2026-06-23T14:03:10+00:00</time>
      </trkpt>
      <trkpt lat="48.32494" lon="-4.57427">
        <ele>61</ele>
        <time>2026-06-23T14:03:13+00:00</time>
      </trkpt>
      <trkpt lat="48.32488" lon="-4.57426">
        <ele>61</ele>
        <time>2026-06-23T14:03:16+00:00</time>
      </trkpt>
      <trkpt lat="48.32475" lon="-4.57416">
        <ele>61</ele>
        <time>2026-06-23T14:03:19+00:00</time>
      </trkpt>
      <trkpt lat="48.32487" lon="-4.57451">
        <ele>61</ele>
        <time>2026-06-23T14:03:22+00:00</time>
      </trkpt>
      <trkpt lat="48.32491" lon="-4.57472">
        <ele>62</ele>
        <time>2026-06-23T14:03:25+00:00</time>
      </trkpt>
      <trkpt lat="48.32491" lon="-4.57491">
        <ele>61</ele>
        <time>2026-06-23T14:03:28+00:00</time>
      </trkpt>
      <trkpt lat="48.32487" lon="-4.57507">
        <ele>61</ele>
        <time>2026-06-23T14:03:31+00:00</time>
      </trkpt>
      <trkpt lat="48.3247" lon="-4.57542">
        <ele>58</ele>
        <time>2026-06-23T14:03:34+00:00</time>
      </trkpt>
      <trkpt lat="48.32455" lon="-4.57585">
        <ele>58</ele>
        <time>2026-06-23T14:03:37+00:00</time>
      </trkpt>
      <trkpt lat="48.32436" lon="-4.57609">
        <ele>59</ele>
        <time>2026-06-23T14:03:40+00:00</time>
      </trkpt>
      <trkpt lat="48.32414" lon="-4.57639">
        <ele>61</ele>
        <time>2026-06-23T14:03:43+00:00</time>
      </trkpt>
      <trkpt lat="48.32405" lon="-4.57646">
        <ele>62</ele>
        <time>2026-06-23T14:03:46+00:00</time>
      </trkpt>
      <trkpt lat="48.32391" lon="-4.57653">
        <ele>62</ele>
        <time>2026-06-23T14:03:49+00:00</time>
      </trkpt>
      <trkpt lat="48.32367" lon="-4.57641">
        <ele>62</ele>
        <time>2026-06-23T14:03:52+00:00</time>
      </trkpt>
      <trkpt lat="48.32363" lon="-4.57636">
        <ele>61</ele>
        <time>2026-06-23T14:03:55+00:00</time>
      </trkpt>
      <trkpt lat="48.32356" lon="-4.57632">
        <ele>63</ele>
        <time>2026-06-23T14:03:58+00:00</time>
      </trkpt>
      <trkpt lat="48.32353" lon="-4.57634">
        <ele>63</ele>
        <time>2026-06-23T14:04:01+00:00</time>
      </trkpt>
      <trkpt lat="48.32324" lon="-4.57621">
        <ele>63</ele>
        <time>2026-06-23T14:04:04+00:00</time>
      </trkpt>
      <trkpt lat="48.32294" lon="-4.57608">
        <ele>65</ele>
        <time>2026-06-23T14:04:07+00:00</time>
      </trkpt>
      <trkpt lat="48.32265" lon="-4.57595">
        <ele>66</ele>
        <time>2026-06-23T14:04:10+00:00</time>
      </trkpt>
      <trkpt lat="48.32228" lon="-4.57579">
        <ele>66</ele>
        <time>2026-06-23T14:04:13+00:00</time>
      </trkpt>
      <trkpt lat="48.32214" lon="-4.57607">
        <ele>66</ele>
        <time>2026-06-23T14:04:16+00:00</time>
      </trkpt>
      <trkpt lat="48.322" lon="-4.57636">
        <ele>64</ele>
        <time>2026-06-23T14:04:19+00:00</time>
      </trkpt>
      <trkpt lat="48.32173" lon="-4.57657">
        <ele>64</ele>
        <time>2026-06-23T14:04:22+00:00</time>
      </trkpt>
      <trkpt lat="48.3215" lon="-4.57675">
        <ele>64</ele>
        <time>2026-06-23T14:04:25+00:00</time>
      </trkpt>
      <trkpt lat="48.3212" lon="-4.577">
        <ele>63</ele>
        <time>2026-06-23T14:04:28+00:00</time>
      </trkpt>
      <trkpt lat="48.32078" lon="-4.57697">
        <ele>63</ele>
        <time>2026-06-23T14:04:31+00:00</time>
      </trkpt>
      <trkpt lat="48.32067" lon="-4.5769">
        <ele>64</ele>
        <time>2026-06-23T14:04:34+00:00</time>
      </trkpt>
      <trkpt lat="48.32034" lon="-4.57706">
        <ele>63</ele>
        <time>2026-06-23T14:04:37+00:00</time>
      </trkpt>
      <trkpt lat="48.32001" lon="-4.57723">
        <ele>63</ele>
        <time>2026-06-23T14:04:40+00:00</time>
      </trkpt>
      <trkpt lat="48.31968" lon="-4.57739">
        <ele>63</ele>
        <time>2026-06-23T14:04:43+00:00</time>
      </trkpt>
      <trkpt lat="48.31935" lon="-4.57755">
        <ele>63</ele>
        <time>2026-06-23T14:04:46+00:00</time>
      </trkpt>
      <trkpt lat="48.31881" lon="-4.57782">
        <ele>63</ele>
        <time>2026-06-23T14:04:49+00:00</time>
      </trkpt>
      <trkpt lat="48.31873" lon="-4.57782">
        <ele>62</ele>
        <time>2026-06-23T14:04:52+00:00</time>
      </trkpt>
      <trkpt lat="48.31854" lon="-4.57772">
        <ele>63</ele>
        <time>2026-06-23T14:04:55+00:00</time>
      </trkpt>
      <trkpt lat="48.31836" lon="-4.57751">
        <ele>64</ele>
        <time>2026-06-23T14:04:58+00:00</time>
      </trkpt>
      <trkpt lat="48.31818" lon="-4.57722">
        <ele>64</ele>
        <time>2026-06-23T14:05:01+00:00</time>
      </trkpt>
      <trkpt lat="48.3179" lon="-4.57677">
        <ele>65</ele>
        <time>2026-06-23T14:05:04+00:00</time>
      </trkpt>
      <trkpt lat="48.31774" lon="-4.57639">
        <ele>66</ele>
        <time>2026-06-23T14:05:07+00:00</time>
      </trkpt>
      <trkpt lat="48.31757" lon="-4.57601">
        <ele>66</ele>
        <time>2026-06-23T14:05:10+00:00</time>
      </trkpt>
      <trkpt lat="48.3174" lon="-4.57561">
        <ele>66</ele>
        <time>2026-06-23T14:05:13+00:00</time>
      </trkpt>
      <trkpt lat="48.31714" lon="-4.57547">
        <ele>66</ele>
        <time>2026-06-23T14:05:16+00:00</time>
      </trkpt>
      <trkpt lat="48.31675" lon="-4.57524">
        <ele>66</ele>
        <time>2026-06-23T14:05:19+00:00</time>
      </trkpt>
      <trkpt lat="48.31669" lon="-4.57517">
        <ele>64</ele>
        <time>2026-06-23T14:05:22+00:00</time>
      </trkpt>
      <trkpt lat="48.31675" lon="-4.57485">
        <ele>66</ele>
        <time>2026-06-23T14:05:25+00:00</time>
      </trkpt>
      <trkpt lat="48.31666" lon="-4.57484">
        <ele>66</ele>
        <time>2026-06-23T14:05:28+00:00</time>
      </trkpt>
      <trkpt lat="48.31662" lon="-4.575">
        <ele>66</ele>
        <time>2026-06-23T14:05:31+00:00</time>
      </trkpt>
      <trkpt lat="48.31653" lon="-4.5751">
        <ele>64</ele>
        <time>2026-06-23T14:05:34+00:00</time>
      </trkpt>
      <trkpt lat="48.31645" lon="-4.57531">
        <ele>66</ele>
        <time>2026-06-23T14:05:37+00:00</time>
      </trkpt>
      <trkpt lat="48.31639" lon="-4.57538">
        <ele>66</ele>
        <time>2026-06-23T14:05:40+00:00</time>
      </trkpt>
      <trkpt lat="48.31627" lon="-4.57538">
        <ele>66</ele>
        <time>2026-06-23T14:05:43+00:00</time>
      </trkpt>
      <trkpt lat="48.31622" lon="-4.57545">
        <ele>63</ele>
        <time>2026-06-23T14:05:46+00:00</time>
      </trkpt>
      <trkpt lat="48.31607" lon="-4.57554">
        <ele>65</ele>
        <time>2026-06-23T14:05:49+00:00</time>
      </trkpt>
      <trkpt lat="48.31567" lon="-4.57554">
        <ele>65</ele>
        <time>2026-06-23T14:05:52+00:00</time>
      </trkpt>
      <trkpt lat="48.31552" lon="-4.57549">
        <ele>65</ele>
        <time>2026-06-23T14:05:55+00:00</time>
      </trkpt>
      <trkpt lat="48.31533" lon="-4.57535">
        <ele>65</ele>
        <time>2026-06-23T14:05:58+00:00</time>
      </trkpt>
      <trkpt lat="48.3153" lon="-4.57526">
        <ele>58</ele>
        <time>2026-06-23T14:06:01+00:00</time>
      </trkpt>
      <trkpt lat="48.3152" lon="-4.57514">
        <ele>64</ele>
        <time>2026-06-23T14:06:04+00:00</time>
      </trkpt>
      <trkpt lat="48.31488" lon="-4.57496">
        <ele>64</ele>
        <time>2026-06-23T14:06:07+00:00</time>
      </trkpt>
      <trkpt lat="48.31467" lon="-4.5747">
        <ele>64</ele>
        <time>2026-06-23T14:06:10+00:00</time>
      </trkpt>
      <trkpt lat="48.31434" lon="-4.5743">
        <ele>64</ele>
        <time>2026-06-23T14:06:13+00:00</time>
      </trkpt>
      <trkpt lat="48.31411" lon="-4.57413">
        <ele>64</ele>
        <time>2026-06-23T14:06:16+00:00</time>
      </trkpt>
      <trkpt lat="48.31379" lon="-4.5739">
        <ele>63</ele>
        <time>2026-06-23T14:06:19+00:00</time>
      </trkpt>
      <trkpt lat="48.31364" lon="-4.57371">
        <ele>63</ele>
        <time>2026-06-23T14:06:22+00:00</time>
      </trkpt>
      <trkpt lat="48.31336" lon="-4.5735">
        <ele>61</ele>
        <time>2026-06-23T14:06:25+00:00</time>
      </trkpt>
      <trkpt lat="48.31327" lon="-4.57328">
        <ele>60</ele>
        <time>2026-06-23T14:06:28+00:00</time>
      </trkpt>
      <trkpt lat="48.31308" lon="-4.57305">
        <ele>60</ele>
        <time>2026-06-23T14:06:31+00:00</time>
      </trkpt>
      <trkpt lat="48.31297" lon="-4.57298">
        <ele>61</ele>
        <time>2026-06-23T14:06:34+00:00</time>
      </trkpt>
      <trkpt lat="48.31279" lon="-4.57303">
        <ele>59</ele>
        <time>2026-06-23T14:06:37+00:00</time>
      </trkpt>
      <trkpt lat="48.31258" lon="-4.57308">
        <ele>59</ele>
        <time>2026-06-23T14:06:40+00:00</time>
      </trkpt>
      <trkpt lat="48.3123" lon="-4.5732">
        <ele>58</ele>
        <time>2026-06-23T14:06:43+00:00</time>
      </trkpt>
      <trkpt lat="48.31221" lon="-4.57317">
        <ele>58</ele>
        <time>2026-06-23T14:06:46+00:00</time>
      </trkpt>
      <trkpt lat="48.31207" lon="-4.57308">
        <ele>57</ele>
        <time>2026-06-23T14:06:49+00:00</time>
      </trkpt>
      <trkpt lat="48.31185" lon="-4.57301">
        <ele>56</ele>
        <time>2026-06-23T14:06:52+00:00</time>
      </trkpt>
      <trkpt lat="48.31174" lon="-4.57304">
        <ele>56</ele>
        <time>2026-06-23T14:06:55+00:00</time>
      </trkpt>
      <trkpt lat="48.31168" lon="-4.5732">
        <ele>55</ele>
        <time>2026-06-23T14:06:58+00:00</time>
      </trkpt>
      <trkpt lat="48.31144" lon="-4.57338">
        <ele>54</ele>
        <time>2026-06-23T14:07:01+00:00</time>
      </trkpt>
      <trkpt lat="48.3111" lon="-4.57364">
        <ele>51</ele>
        <time>2026-06-23T14:07:04+00:00</time>
      </trkpt>
      <trkpt lat="48.31069" lon="-4.57357">
        <ele>49</ele>
        <time>2026-06-23T14:07:07+00:00</time>
      </trkpt>
      <trkpt lat="48.31047" lon="-4.57344">
        <ele>47</ele>
        <time>2026-06-23T14:07:10+00:00</time>
      </trkpt>
      <trkpt lat="48.31022" lon="-4.57329">
        <ele>45</ele>
        <time>2026-06-23T14:07:13+00:00</time>
      </trkpt>
      <trkpt lat="48.30994" lon="-4.57301">
        <ele>41</ele>
        <time>2026-06-23T14:07:16+00:00</time>
      </trkpt>
      <trkpt lat="48.30978" lon="-4.57291">
        <ele>38</ele>
        <time>2026-06-23T14:07:19+00:00</time>
      </trkpt>
      <trkpt lat="48.30954" lon="-4.57294">
        <ele>36</ele>
        <time>2026-06-23T14:07:22+00:00</time>
      </trkpt>
      <trkpt lat="48.30932" lon="-4.5728">
        <ele>33</ele>
        <time>2026-06-23T14:07:25+00:00</time>
      </trkpt>
      <trkpt lat="48.30926" lon="-4.5728">
        <ele>31</ele>
        <time>2026-06-23T14:07:28+00:00</time>
      </trkpt>
      <trkpt lat="48.30909" lon="-4.57294">
        <ele>29</ele>
        <time>2026-06-23T14:07:31+00:00</time>
      </trkpt>
      <trkpt lat="48.30905" lon="-4.57301">
        <ele>26</ele>
        <time>2026-06-23T14:07:34+00:00</time>
      </trkpt>
      <trkpt lat="48.30885" lon="-4.57313">
        <ele>27</ele>
        <time>2026-06-23T14:07:37+00:00</time>
      </trkpt>
      <trkpt lat="48.30858" lon="-4.57321">
        <ele>25</ele>
        <time>2026-06-23T14:07:40+00:00</time>
      </trkpt>
      <trkpt lat="48.30817" lon="-4.57332">
        <ele>25</ele>
        <time>2026-06-23T14:07:43+00:00</time>
      </trkpt>
      <trkpt lat="48.30811" lon="-4.57319">
        <ele>26</ele>
        <time>2026-06-23T14:07:46+00:00</time>
      </trkpt>
      <trkpt lat="48.30806" lon="-4.57293">
        <ele>28</ele>
        <time>2026-06-23T14:07:49+00:00</time>
      </trkpt>
      <trkpt lat="48.30802" lon="-4.57265">
        <ele>28</ele>
        <time>2026-06-23T14:07:52+00:00</time>
      </trkpt>
      <trkpt lat="48.30796" lon="-4.57265">
        <ele>28</ele>
        <time>2026-06-23T14:07:55+00:00</time>
      </trkpt>
      <trkpt lat="48.30789" lon="-4.57252">
        <ele>28</ele>
        <time>2026-06-23T14:07:58+00:00</time>
      </trkpt>
      <trkpt lat="48.30787" lon="-4.57236">
        <ele>26</ele>
        <time>2026-06-23T14:08:01+00:00</time>
      </trkpt>
      <trkpt lat="48.30788" lon="-4.57217">
        <ele>24</ele>
        <time>2026-06-23T14:08:04+00:00</time>
      </trkpt>
      <trkpt lat="48.30782" lon="-4.57189">
        <ele>24</ele>
        <time>2026-06-23T14:08:07+00:00</time>
      </trkpt>
      <trkpt lat="48.30774" lon="-4.57226">
        <ele>17</ele>
        <time>2026-06-23T14:08:10+00:00</time>
      </trkpt>
      <trkpt lat="48.30768" lon="-4.5724">
        <ele>19</ele>
        <time>2026-06-23T14:08:13+00:00</time>
      </trkpt>
      <trkpt lat="48.30761" lon="-4.57228">
        <ele>17</ele>
        <time>2026-06-23T14:08:16+00:00</time>
      </trkpt>
      <trkpt lat="48.30763" lon="-4.57214">
        <ele>16</ele>
        <time>2026-06-23T14:08:19+00:00</time>
      </trkpt>
      <trkpt lat="48.30764" lon="-4.57187">
        <ele>14</ele>
        <time>2026-06-23T14:08:22+00:00</time>
      </trkpt>
      <trkpt lat="48.30759" lon="-4.57188">
        <ele>8</ele>
        <time>2026-06-23T14:08:25+00:00</time>
      </trkpt>
      <trkpt lat="48.30752" lon="-4.57205">
        <ele>12</ele>
        <time>2026-06-23T14:08:28+00:00</time>
      </trkpt>
      <trkpt lat="48.30747" lon="-4.57203">
        <ele>9</ele>
        <time>2026-06-23T14:08:31+00:00</time>
      </trkpt>
      <trkpt lat="48.30729" lon="-4.57179">
        <ele>12</ele>
        <time>2026-06-23T14:08:34+00:00</time>
      </trkpt>
      <trkpt lat="48.30703" lon="-4.57171">
        <ele>12</ele>
        <time>2026-06-23T14:08:37+00:00</time>
      </trkpt>
      <trkpt lat="48.30697" lon="-4.57172">
        <ele>12</ele>
        <time>2026-06-23T14:08:40+00:00</time>
      </trkpt>
      <trkpt lat="48.30682" lon="-4.57137">
        <ele>19</ele>
        <time>2026-06-23T14:08:43+00:00</time>
      </trkpt>
      <trkpt lat="48.3068" lon="-4.57118">
        <ele>28</ele>
        <time>2026-06-23T14:08:46+00:00</time>
      </trkpt>
      <trkpt lat="48.30675" lon="-4.57104">
        <ele>30</ele>
        <time>2026-06-23T14:08:49+00:00</time>
      </trkpt>
      <trkpt lat="48.30655" lon="-4.5712">
        <ele>32</ele>
        <time>2026-06-23T14:08:52+00:00</time>
      </trkpt>
      <trkpt lat="48.30639" lon="-4.5713">
        <ele>34</ele>
        <time>2026-06-23T14:08:55+00:00</time>
      </trkpt>
      <trkpt lat="48.30628" lon="-4.57132">
        <ele>34</ele>
        <time>2026-06-23T14:08:58+00:00</time>
      </trkpt>
      <trkpt lat="48.30625" lon="-4.57122">
        <ele>36</ele>
        <time>2026-06-23T14:09:01+00:00</time>
      </trkpt>
      <trkpt lat="48.30627" lon="-4.57118">
        <ele>36</ele>
        <time>2026-06-23T14:09:04+00:00</time>
      </trkpt>
      <trkpt lat="48.30625" lon="-4.57111">
        <ele>36</ele>
        <time>2026-06-23T14:09:07+00:00</time>
      </trkpt>
      <trkpt lat="48.30616" lon="-4.57097">
        <ele>39</ele>
        <time>2026-06-23T14:09:10+00:00</time>
      </trkpt>
      <trkpt lat="48.30614" lon="-4.5708">
        <ele>40</ele>
        <time>2026-06-23T14:09:13+00:00</time>
      </trkpt>
      <trkpt lat="48.30611" lon="-4.57076">
        <ele>40</ele>
        <time>2026-06-23T14:09:16+00:00</time>
      </trkpt>
      <trkpt lat="48.30594" lon="-4.57059">
        <ele>42</ele>
        <time>2026-06-23T14:09:19+00:00</time>
      </trkpt>
      <trkpt lat="48.30571" lon="-4.57036">
        <ele>43</ele>
        <time>2026-06-23T14:09:22+00:00</time>
      </trkpt>
      <trkpt lat="48.30549" lon="-4.57021">
        <ele>46</ele>
        <time>2026-06-23T14:09:25+00:00</time>
      </trkpt>
      <trkpt lat="48.30525" lon="-4.57003">
        <ele>47</ele>
        <time>2026-06-23T14:09:28+00:00</time>
      </trkpt>
      <trkpt lat="48.30504" lon="-4.56987">
        <ele>48</ele>
        <time>2026-06-23T14:09:31+00:00</time>
      </trkpt>
      <trkpt lat="48.30481" lon="-4.56968">
        <ele>50</ele>
        <time>2026-06-23T14:09:34+00:00</time>
      </trkpt>
      <trkpt lat="48.30472" lon="-4.56963">
        <ele>50</ele>
        <time>2026-06-23T14:09:37+00:00</time>
      </trkpt>
      <trkpt lat="48.30451" lon="-4.56968">
        <ele>51</ele>
        <time>2026-06-23T14:09:40+00:00</time>
      </trkpt>
      <trkpt lat="48.30429" lon="-4.56965">
        <ele>52</ele>
        <time>2026-06-23T14:09:43+00:00</time>
      </trkpt>
      <trkpt lat="48.304" lon="-4.56975">
        <ele>53</ele>
        <time>2026-06-23T14:09:46+00:00</time>
      </trkpt>
      <trkpt lat="48.30384" lon="-4.56984">
        <ele>53</ele>
        <time>2026-06-23T14:09:49+00:00</time>
      </trkpt>
      <trkpt lat="48.30369" lon="-4.56987">
        <ele>53</ele>
        <time>2026-06-23T14:09:52+00:00</time>
      </trkpt>
      <trkpt lat="48.30352" lon="-4.56991">
        <ele>53</ele>
        <time>2026-06-23T14:09:55+00:00</time>
      </trkpt>
      <trkpt lat="48.30337" lon="-4.57005">
        <ele>54</ele>
        <time>2026-06-23T14:09:58+00:00</time>
      </trkpt>
      <trkpt lat="48.30321" lon="-4.5701">
        <ele>53</ele>
        <time>2026-06-23T14:10:01+00:00</time>
      </trkpt>
      <trkpt lat="48.30303" lon="-4.57015">
        <ele>53</ele>
        <time>2026-06-23T14:10:04+00:00</time>
      </trkpt>
      <trkpt lat="48.30283" lon="-4.57015">
        <ele>53</ele>
        <time>2026-06-23T14:10:07+00:00</time>
      </trkpt>
      <trkpt lat="48.30253" lon="-4.5701">
        <ele>54</ele>
        <time>2026-06-23T14:10:10+00:00</time>
      </trkpt>
      <trkpt lat="48.30232" lon="-4.5701">
        <ele>54</ele>
        <time>2026-06-23T14:10:13+00:00</time>
      </trkpt>
      <trkpt lat="48.30207" lon="-4.57015">
        <ele>54</ele>
        <time>2026-06-23T14:10:16+00:00</time>
      </trkpt>
      <trkpt lat="48.30192" lon="-4.57012">
        <ele>55</ele>
        <time>2026-06-23T14:10:19+00:00</time>
      </trkpt>
      <trkpt lat="48.3017" lon="-4.56998">
        <ele>57</ele>
        <time>2026-06-23T14:10:22+00:00</time>
      </trkpt>
      <trkpt lat="48.3015" lon="-4.56996">
        <ele>58</ele>
        <time>2026-06-23T14:10:25+00:00</time>
      </trkpt>
      <trkpt lat="48.30142" lon="-4.56998">
        <ele>58</ele>
        <time>2026-06-23T14:10:28+00:00</time>
      </trkpt>
      <trkpt lat="48.30121" lon="-4.5701">
        <ele>59</ele>
        <time>2026-06-23T14:10:31+00:00</time>
      </trkpt>
      <trkpt lat="48.30098" lon="-4.57012">
        <ele>59</ele>
        <time>2026-06-23T14:10:34+00:00</time>
      </trkpt>
      <trkpt lat="48.30092" lon="-4.57003">
        <ele>57</ele>
        <time>2026-06-23T14:10:37+00:00</time>
      </trkpt>
      <trkpt lat="48.30084" lon="-4.5697">
        <ele>60</ele>
        <time>2026-06-23T14:10:40+00:00</time>
      </trkpt>
      <trkpt lat="48.30073" lon="-4.5692">
        <ele>60</ele>
        <time>2026-06-23T14:10:43+00:00</time>
      </trkpt>
      <trkpt lat="48.30059" lon="-4.56907">
        <ele>61</ele>
        <time>2026-06-23T14:10:46+00:00</time>
      </trkpt>
      <trkpt lat="48.30052" lon="-4.56883">
        <ele>61</ele>
        <time>2026-06-23T14:10:49+00:00</time>
      </trkpt>
      <trkpt lat="48.30044" lon="-4.56853">
        <ele>61</ele>
        <time>2026-06-23T14:10:52+00:00</time>
      </trkpt>
      <trkpt lat="48.3004" lon="-4.5682">
        <ele>62</ele>
        <time>2026-06-23T14:10:55+00:00</time>
      </trkpt>
      <trkpt lat="48.30055" lon="-4.56775">
        <ele>62</ele>
        <time>2026-06-23T14:10:58+00:00</time>
      </trkpt>
      <trkpt lat="48.30062" lon="-4.56717">
        <ele>62</ele>
        <time>2026-06-23T14:11:01+00:00</time>
      </trkpt>
      <trkpt lat="48.30069" lon="-4.56686">
        <ele>62</ele>
        <time>2026-06-23T14:11:04+00:00</time>
      </trkpt>
      <trkpt lat="48.30067" lon="-4.56679">
        <ele>62</ele>
        <time>2026-06-23T14:11:07+00:00</time>
      </trkpt>
      <trkpt lat="48.30058" lon="-4.5667">
        <ele>62</ele>
        <time>2026-06-23T14:11:10+00:00</time>
      </trkpt>
      <trkpt lat="48.30057" lon="-4.56649">
        <ele>62</ele>
        <time>2026-06-23T14:11:13+00:00</time>
      </trkpt>
      <trkpt lat="48.30053" lon="-4.56634">
        <ele>62</ele>
        <time>2026-06-23T14:11:16+00:00</time>
      </trkpt>
      <trkpt lat="48.3004" lon="-4.56618">
        <ele>62</ele>
        <time>2026-06-23T14:11:19+00:00</time>
      </trkpt>
      <trkpt lat="48.30035" lon="-4.56599">
        <ele>62</ele>
        <time>2026-06-23T14:11:22+00:00</time>
      </trkpt>
      <trkpt lat="48.3006" lon="-4.56585">
        <ele>62</ele>
        <time>2026-06-23T14:11:25+00:00</time>
      </trkpt>
      <trkpt lat="48.30068" lon="-4.56571">
        <ele>62</ele>
        <time>2026-06-23T14:11:28+00:00</time>
      </trkpt>
      <trkpt lat="48.3007" lon="-4.5655">
        <ele>62</ele>
        <time>2026-06-23T14:11:31+00:00</time>
      </trkpt>
      <trkpt lat="48.30063" lon="-4.56517">
        <ele>62</ele>
        <time>2026-06-23T14:11:34+00:00</time>
      </trkpt>
      <trkpt lat="48.30056" lon="-4.5648">
        <ele>62</ele>
        <time>2026-06-23T14:11:37+00:00</time>
      </trkpt>
      <trkpt lat="48.30059" lon="-4.56461">
        <ele>62</ele>
        <time>2026-06-23T14:11:40+00:00</time>
      </trkpt>
      <trkpt lat="48.30075" lon="-4.56432">
        <ele>61</ele>
        <time>2026-06-23T14:11:43+00:00</time>
      </trkpt>
      <trkpt lat="48.30107" lon="-4.56374">
        <ele>60</ele>
        <time>2026-06-23T14:11:46+00:00</time>
      </trkpt>
      <trkpt lat="48.30115" lon="-4.56354">
        <ele>58</ele>
        <time>2026-06-23T14:11:49+00:00</time>
      </trkpt>
      <trkpt lat="48.30113" lon="-4.56337">
        <ele>58</ele>
        <time>2026-06-23T14:11:52+00:00</time>
      </trkpt>
      <trkpt lat="48.30108" lon="-4.56325">
        <ele>60</ele>
        <time>2026-06-23T14:11:55+00:00</time>
      </trkpt>
      <trkpt lat="48.30094" lon="-4.56308">
        <ele>58</ele>
        <time>2026-06-23T14:11:58+00:00</time>
      </trkpt>
      <trkpt lat="48.3008" lon="-4.5629">
        <ele>58</ele>
        <time>2026-06-23T14:12:01+00:00</time>
      </trkpt>
      <trkpt lat="48.30055" lon="-4.56263">
        <ele>59</ele>
        <time>2026-06-23T14:12:04+00:00</time>
      </trkpt>
      <trkpt lat="48.30031" lon="-4.56235">
        <ele>59</ele>
        <time>2026-06-23T14:12:07+00:00</time>
      </trkpt>
      <trkpt lat="48.30002" lon="-4.56203">
        <ele>58</ele>
        <time>2026-06-23T14:12:10+00:00</time>
      </trkpt>
      <trkpt lat="48.29972" lon="-4.56179">
        <ele>58</ele>
        <time>2026-06-23T14:12:13+00:00</time>
      </trkpt>
      <trkpt lat="48.29958" lon="-4.56179">
        <ele>57</ele>
        <time>2026-06-23T14:12:16+00:00</time>
      </trkpt>
      <trkpt lat="48.29939" lon="-4.56187">
        <ele>57</ele>
        <time>2026-06-23T14:12:19+00:00</time>
      </trkpt>
      <trkpt lat="48.29914" lon="-4.56197">
        <ele>57</ele>
        <time>2026-06-23T14:12:22+00:00</time>
      </trkpt>
      <trkpt lat="48.29876" lon="-4.56216">
        <ele>57</ele>
        <time>2026-06-23T14:12:25+00:00</time>
      </trkpt>
      <trkpt lat="48.29868" lon="-4.56217">
        <ele>56</ele>
        <time>2026-06-23T14:12:28+00:00</time>
      </trkpt>
      <trkpt lat="48.29858" lon="-4.56217">
        <ele>56</ele>
        <time>2026-06-23T14:12:31+00:00</time>
      </trkpt>
      <trkpt lat="48.29841" lon="-4.56208">
        <ele>56</ele>
        <time>2026-06-23T14:12:34+00:00</time>
      </trkpt>
      <trkpt lat="48.29821" lon="-4.56184">
        <ele>55</ele>
        <time>2026-06-23T14:12:37+00:00</time>
      </trkpt>
      <trkpt lat="48.29793" lon="-4.56151">
        <ele>53</ele>
        <time>2026-06-23T14:12:40+00:00</time>
      </trkpt>
      <trkpt lat="48.29773" lon="-4.56132">
        <ele>53</ele>
        <time>2026-06-23T14:12:43+00:00</time>
      </trkpt>
      <trkpt lat="48.29758" lon="-4.56127">
        <ele>51</ele>
        <time>2026-06-23T14:12:46+00:00</time>
      </trkpt>
      <trkpt lat="48.29744" lon="-4.56128">
        <ele>52</ele>
        <time>2026-06-23T14:12:49+00:00</time>
      </trkpt>
      <trkpt lat="48.29729" lon="-4.56137">
        <ele>50</ele>
        <time>2026-06-23T14:12:52+00:00</time>
      </trkpt>
      <trkpt lat="48.2972" lon="-4.56156">
        <ele>51</ele>
        <time>2026-06-23T14:12:55+00:00</time>
      </trkpt>
      <trkpt lat="48.29708" lon="-4.562">
        <ele>51</ele>
        <time>2026-06-23T14:12:58+00:00</time>
      </trkpt>
      <trkpt lat="48.29697" lon="-4.56245">
        <ele>51</ele>
        <time>2026-06-23T14:13:01+00:00</time>
      </trkpt>
      <trkpt lat="48.29681" lon="-4.56306">
        <ele>49</ele>
        <time>2026-06-23T14:13:04+00:00</time>
      </trkpt>
      <trkpt lat="48.29671" lon="-4.56325">
        <ele>49</ele>
        <time>2026-06-23T14:13:07+00:00</time>
      </trkpt>
      <trkpt lat="48.29652" lon="-4.56341">
        <ele>48</ele>
        <time>2026-06-23T14:13:10+00:00</time>
      </trkpt>
      <trkpt lat="48.29622" lon="-4.56367">
        <ele>48</ele>
        <time>2026-06-23T14:13:13+00:00</time>
      </trkpt>
      <trkpt lat="48.2961" lon="-4.56374">
        <ele>48</ele>
        <time>2026-06-23T14:13:16+00:00</time>
      </trkpt>
      <trkpt lat="48.29598" lon="-4.56378">
        <ele>48</ele>
        <time>2026-06-23T14:13:19+00:00</time>
      </trkpt>
      <trkpt lat="48.29588" lon="-4.56372">
        <ele>50</ele>
        <time>2026-06-23T14:13:22+00:00</time>
      </trkpt>
      <trkpt lat="48.29563" lon="-4.56344">
        <ele>47</ele>
        <time>2026-06-23T14:13:25+00:00</time>
      </trkpt>
      <trkpt lat="48.29555" lon="-4.5634">
        <ele>46</ele>
        <time>2026-06-23T14:13:28+00:00</time>
      </trkpt>
      <trkpt lat="48.29548" lon="-4.56341">
        <ele>46</ele>
        <time>2026-06-23T14:13:31+00:00</time>
      </trkpt>
      <trkpt lat="48.29532" lon="-4.5635">
        <ele>46</ele>
        <time>2026-06-23T14:13:34+00:00</time>
      </trkpt>
      <trkpt lat="48.29515" lon="-4.5636">
        <ele>46</ele>
        <time>2026-06-23T14:13:37+00:00</time>
      </trkpt>
      <trkpt lat="48.29501" lon="-4.56362">
        <ele>44</ele>
        <time>2026-06-23T14:13:40+00:00</time>
      </trkpt>
      <trkpt lat="48.29469" lon="-4.56361">
        <ele>41</ele>
        <time>2026-06-23T14:13:43+00:00</time>
      </trkpt>
      <trkpt lat="48.29438" lon="-4.5636">
        <ele>38</ele>
        <time>2026-06-23T14:13:46+00:00</time>
      </trkpt>
      <trkpt lat="48.29406" lon="-4.56359">
        <ele>35</ele>
        <time>2026-06-23T14:13:49+00:00</time>
      </trkpt>
      <trkpt lat="48.29359" lon="-4.56358">
        <ele>33</ele>
        <time>2026-06-23T14:13:52+00:00</time>
      </trkpt>
      <trkpt lat="48.29344" lon="-4.5636">
        <ele>33</ele>
        <time>2026-06-23T14:13:55+00:00</time>
      </trkpt>
      <trkpt lat="48.29328" lon="-4.56366">
        <ele>31</ele>
        <time>2026-06-23T14:13:58+00:00</time>
      </trkpt>
      <trkpt lat="48.2931" lon="-4.56372">
        <ele>31</ele>
        <time>2026-06-23T14:14:01+00:00</time>
      </trkpt>
      <trkpt lat="48.29289" lon="-4.56386">
        <ele>27</ele>
        <time>2026-06-23T14:14:04+00:00</time>
      </trkpt>
      <trkpt lat="48.29269" lon="-4.56406">
        <ele>26</ele>
        <time>2026-06-23T14:14:07+00:00</time>
      </trkpt>
      <trkpt lat="48.29246" lon="-4.5643">
        <ele>26</ele>
        <time>2026-06-23T14:14:10+00:00</time>
      </trkpt>
      <trkpt lat="48.29215" lon="-4.56452">
        <ele>23</ele>
        <time>2026-06-23T14:14:13+00:00</time>
      </trkpt>
      <trkpt lat="48.29185" lon="-4.56475">
        <ele>22</ele>
        <time>2026-06-23T14:14:16+00:00</time>
      </trkpt>
      <trkpt lat="48.2916" lon="-4.56493">
        <ele>21</ele>
        <time>2026-06-23T14:14:19+00:00</time>
      </trkpt>
      <trkpt lat="48.2912" lon="-4.56522">
        <ele>19</ele>
        <time>2026-06-23T14:14:22+00:00</time>
      </trkpt>
      <trkpt lat="48.29094" lon="-4.56536">
        <ele>17</ele>
        <time>2026-06-23T14:14:25+00:00</time>
      </trkpt>
      <trkpt lat="48.29058" lon="-4.56552">
        <ele>16</ele>
        <time>2026-06-23T14:14:28+00:00</time>
      </trkpt>
      <trkpt lat="48.2903" lon="-4.56563">
        <ele>14</ele>
        <time>2026-06-23T14:14:31+00:00</time>
      </trkpt>
      <trkpt lat="48.29006" lon="-4.56572">
        <ele>13</ele>
        <time>2026-06-23T14:14:34+00:00</time>
      </trkpt>
      <trkpt lat="48.28977" lon="-4.56582">
        <ele>12</ele>
        <time>2026-06-23T14:14:37+00:00</time>
      </trkpt>
      <trkpt lat="48.28935" lon="-4.56589">
        <ele>10</ele>
        <time>2026-06-23T14:14:40+00:00</time>
      </trkpt>
      <trkpt lat="48.2891" lon="-4.56586">
        <ele>10</ele>
        <time>2026-06-23T14:14:43+00:00</time>
      </trkpt>
      <trkpt lat="48.28879" lon="-4.56579">
        <ele>9</ele>
        <time>2026-06-23T14:14:46+00:00</time>
      </trkpt>
      <trkpt lat="48.28849" lon="-4.56571">
        <ele>8</ele>
        <time>2026-06-23T14:14:49+00:00</time>
      </trkpt>
      <trkpt lat="48.2881" lon="-4.56562">
        <ele>8</ele>
        <time>2026-06-23T14:14:52+00:00</time>
      </trkpt>
      <trkpt lat="48.28817" lon="-4.56595">
        <ele>7</ele>
        <time>2026-06-23T14:14:55+00:00</time>
      </trkpt>
      <trkpt lat="48.28782" lon="-4.56597">
        <ele>7</ele>
        <time>2026-06-23T14:14:58+00:00</time>
      </trkpt>
      <trkpt lat="48.28763" lon="-4.56602">
        <ele>5</ele>
        <time>2026-06-23T14:15:01+00:00</time>
      </trkpt>
      <trkpt lat="48.2874" lon="-4.56612">
        <ele>6</ele>
        <time>2026-06-23T14:15:04+00:00</time>
      </trkpt>
      <trkpt lat="48.28715" lon="-4.56623">
        <ele>5</ele>
        <time>2026-06-23T14:15:07+00:00</time>
      </trkpt>
      <trkpt lat="48.28688" lon="-4.56631">
        <ele>5</ele>
        <time>2026-06-23T14:15:10+00:00</time>
      </trkpt>
      <trkpt lat="48.28645" lon="-4.56643">
        <ele>5</ele>
        <time>2026-06-23T14:15:13+00:00</time>
      </trkpt>
      <trkpt lat="48.28622" lon="-4.56658">
        <ele>5</ele>
        <time>2026-06-23T14:15:16+00:00</time>
      </trkpt>
      <trkpt lat="48.28614" lon="-4.5667">
        <ele>6</ele>
        <time>2026-06-23T14:15:19+00:00</time>
      </trkpt>
      <trkpt lat="48.28612" lon="-4.56671">
        <ele>6</ele>
        <time>2026-06-23T14:15:22+00:00</time>
      </trkpt>
      <trkpt lat="48.28596" lon="-4.56691">
        <ele>7</ele>
        <time>2026-06-23T14:15:25+00:00</time>
      </trkpt>
      <trkpt lat="48.28583" lon="-4.56693">
        <ele>7</ele>
        <time>2026-06-23T14:15:28+00:00</time>
      </trkpt>
      <trkpt lat="48.28576" lon="-4.56691">
        <ele>12</ele>
        <time>2026-06-23T14:15:31+00:00</time>
      </trkpt>
      <trkpt lat="48.2856" lon="-4.56693">
        <ele>14</ele>
        <time>2026-06-23T14:15:34+00:00</time>
      </trkpt>
      <trkpt lat="48.28543" lon="-4.56704">
        <ele>16</ele>
        <time>2026-06-23T14:15:37+00:00</time>
      </trkpt>
      <trkpt lat="48.28522" lon="-4.56719">
        <ele>17</ele>
        <time>2026-06-23T14:15:40+00:00</time>
      </trkpt>
      <trkpt lat="48.28479" lon="-4.56723">
        <ele>17</ele>
        <time>2026-06-23T14:15:43+00:00</time>
      </trkpt>
      <trkpt lat="48.2846" lon="-4.56726">
        <ele>17</ele>
        <time>2026-06-23T14:15:46+00:00</time>
      </trkpt>
      <trkpt lat="48.2844" lon="-4.56735">
        <ele>17</ele>
        <time>2026-06-23T14:15:49+00:00</time>
      </trkpt>
      <trkpt lat="48.28436" lon="-4.56736">
        <ele>17</ele>
        <time>2026-06-23T14:15:52+00:00</time>
      </trkpt>
      <trkpt lat="48.28417" lon="-4.56746">
        <ele>17</ele>
        <time>2026-06-23T14:15:55+00:00</time>
      </trkpt>
      <trkpt lat="48.28415" lon="-4.5678">
        <ele>17</ele>
        <time>2026-06-23T14:15:58+00:00</time>
      </trkpt>
      <trkpt lat="48.28416" lon="-4.56799">
        <ele>17</ele>
        <time>2026-06-23T14:16:01+00:00</time>
      </trkpt>
      <trkpt lat="48.28412" lon="-4.56815">
        <ele>16</ele>
        <time>2026-06-23T14:16:04+00:00</time>
      </trkpt>
      <trkpt lat="48.28405" lon="-4.56832">
        <ele>16</ele>
        <time>2026-06-23T14:16:07+00:00</time>
      </trkpt>
      <trkpt lat="48.28396" lon="-4.56843">
        <ele>14</ele>
        <time>2026-06-23T14:16:10+00:00</time>
      </trkpt>
      <trkpt lat="48.28352" lon="-4.56853">
        <ele>13</ele>
        <time>2026-06-23T14:16:13+00:00</time>
      </trkpt>
      <trkpt lat="48.28336" lon="-4.56878">
        <ele>13</ele>
        <time>2026-06-23T14:16:16+00:00</time>
      </trkpt>
      <trkpt lat="48.28326" lon="-4.56897">
        <ele>13</ele>
        <time>2026-06-23T14:16:19+00:00</time>
      </trkpt>
      <trkpt lat="48.28307" lon="-4.56921">
        <ele>11</ele>
        <time>2026-06-23T14:16:22+00:00</time>
      </trkpt>
      <trkpt lat="48.28279" lon="-4.56938">
        <ele>10</ele>
        <time>2026-06-23T14:16:25+00:00</time>
      </trkpt>
      <trkpt lat="48.28251" lon="-4.56955">
        <ele>9</ele>
        <time>2026-06-23T14:16:28+00:00</time>
      </trkpt>
      <trkpt lat="48.28222" lon="-4.56972">
        <ele>6</ele>
        <time>2026-06-23T14:16:31+00:00</time>
      </trkpt>
      <trkpt lat="48.28191" lon="-4.57017">
        <ele>6</ele>
        <time>2026-06-23T14:16:34+00:00</time>
      </trkpt>
      <trkpt lat="48.28177" lon="-4.57054">
        <ele>6</ele>
        <time>2026-06-23T14:16:37+00:00</time>
      </trkpt>
      <trkpt lat="48.28159" lon="-4.57085">
        <ele>5</ele>
        <time>2026-06-23T14:16:40+00:00</time>
      </trkpt>
      <trkpt lat="48.28144" lon="-4.57117">
        <ele>5</ele>
        <time>2026-06-23T14:16:43+00:00</time>
      </trkpt>
      <trkpt lat="48.28132" lon="-4.57132">
        <ele>7</ele>
        <time>2026-06-23T14:16:46+00:00</time>
      </trkpt>
      <trkpt lat="48.28113" lon="-4.57133">
        <ele>8</ele>
        <time>2026-06-23T14:16:49+00:00</time>
      </trkpt>
      <trkpt lat="48.28088" lon="-4.57134">
        <ele>8</ele>
        <time>2026-06-23T14:16:52+00:00</time>
      </trkpt>
      <trkpt lat="48.28083" lon="-4.57139">
        <ele>8</ele>
        <time>2026-06-23T14:16:55+00:00</time>
      </trkpt>
      <trkpt lat="48.28088" lon="-4.57134">
        <ele>8</ele>
        <time>2026-06-23T14:16:58+00:00</time>
      </trkpt>
      <trkpt lat="48.28116" lon="-4.57133">
        <ele>8</ele>
        <time>2026-06-23T14:17:01+00:00</time>
      </trkpt>
      <trkpt lat="48.28115" lon="-4.57146">
        <ele>8</ele>
        <time>2026-06-23T14:17:04+00:00</time>
      </trkpt>
      <trkpt lat="48.28141" lon="-4.57161">
        <ele>11</ele>
        <time>2026-06-23T14:17:07+00:00</time>
      </trkpt>
      <trkpt lat="48.28143" lon="-4.57214">
        <ele>13</ele>
        <time>2026-06-23T14:17:10+00:00</time>
      </trkpt>
      <trkpt lat="48.28142" lon="-4.57251">
        <ele>17</ele>
        <time>2026-06-23T14:17:13+00:00</time>
      </trkpt>
      <trkpt lat="48.28141" lon="-4.57298">
        <ele>19</ele>
        <time>2026-06-23T14:17:16+00:00</time>
      </trkpt>
      <trkpt lat="48.28144" lon="-4.57331">
        <ele>23</ele>
        <time>2026-06-23T14:17:19+00:00</time>
      </trkpt>
      <trkpt lat="48.28153" lon="-4.57336">
        <ele>25</ele>
        <time>2026-06-23T14:17:22+00:00</time>
      </trkpt>
      <trkpt lat="48.28178" lon="-4.57336">
        <ele>25</ele>
        <time>2026-06-23T14:17:25+00:00</time>
      </trkpt>
      <trkpt lat="48.28187" lon="-4.57341">
        <ele>26</ele>
        <time>2026-06-23T14:17:28+00:00</time>
      </trkpt>
      <trkpt lat="48.28194" lon="-4.5737">
        <ele>24</ele>
        <time>2026-06-23T14:17:31+00:00</time>
      </trkpt>
      <trkpt lat="48.28203" lon="-4.57406">
        <ele>24</ele>
        <time>2026-06-23T14:17:34+00:00</time>
      </trkpt>
      <trkpt lat="48.28202" lon="-4.57418">
        <ele>24</ele>
        <time>2026-06-23T14:17:37+00:00</time>
      </trkpt>
      <trkpt lat="48.28186" lon="-4.57437">
        <ele>20</ele>
        <time>2026-06-23T14:17:40+00:00</time>
      </trkpt>
      <trkpt lat="48.28172" lon="-4.57437">
        <ele>26</ele>
        <time>2026-06-23T14:17:43+00:00</time>
      </trkpt>
      <trkpt lat="48.28161" lon="-4.57442">
        <ele>22</ele>
        <time>2026-06-23T14:17:46+00:00</time>
      </trkpt>
      <trkpt lat="48.28133" lon="-4.57449">
        <ele>25</ele>
        <time>2026-06-23T14:17:49+00:00</time>
      </trkpt>
      <trkpt lat="48.28125" lon="-4.57444">
        <ele>25</ele>
        <time>2026-06-23T14:17:52+00:00</time>
      </trkpt>
      <trkpt lat="48.28105" lon="-4.57456">
        <ele>26</ele>
        <time>2026-06-23T14:17:55+00:00</time>
      </trkpt>
      <trkpt lat="48.28099" lon="-4.57463">
        <ele>28</ele>
        <time>2026-06-23T14:17:58+00:00</time>
      </trkpt>
      <trkpt lat="48.28098" lon="-4.57472">
        <ele>28</ele>
        <time>2026-06-23T14:18:01+00:00</time>
      </trkpt>
      <trkpt lat="48.28086" lon="-4.57484">
        <ele>26</ele>
        <time>2026-06-23T14:18:04+00:00</time>
      </trkpt>
      <trkpt lat="48.28076" lon="-4.57497">
        <ele>28</ele>
        <time>2026-06-23T14:18:07+00:00</time>
      </trkpt>
      <trkpt lat="48.28057" lon="-4.57508">
        <ele>24</ele>
        <time>2026-06-23T14:18:10+00:00</time>
      </trkpt>
      <trkpt lat="48.28031" lon="-4.57524">
        <ele>22</ele>
        <time>2026-06-23T14:18:13+00:00</time>
      </trkpt>
      <trkpt lat="48.28026" lon="-4.57533">
        <ele>21</ele>
        <time>2026-06-23T14:18:16+00:00</time>
      </trkpt>
      <trkpt lat="48.2801" lon="-4.57538">
        <ele>19</ele>
        <time>2026-06-23T14:18:19+00:00</time>
      </trkpt>
      <trkpt lat="48.27998" lon="-4.57533">
        <ele>16</ele>
        <time>2026-06-23T14:18:22+00:00</time>
      </trkpt>
      <trkpt lat="48.27978" lon="-4.57552">
        <ele>14</ele>
        <time>2026-06-23T14:18:25+00:00</time>
      </trkpt>
      <trkpt lat="48.27959" lon="-4.57561">
        <ele>12</ele>
        <time>2026-06-23T14:18:28+00:00</time>
      </trkpt>
      <trkpt lat="48.2793" lon="-4.57573">
        <ele>11</ele>
        <time>2026-06-23T14:18:31+00:00</time>
      </trkpt>
      <trkpt lat="48.27921" lon="-4.57582">
        <ele>11</ele>
        <time>2026-06-23T14:18:34+00:00</time>
      </trkpt>
      <trkpt lat="48.27915" lon="-4.57585">
        <ele>11</ele>
        <time>2026-06-23T14:18:37+00:00</time>
      </trkpt>
      <trkpt lat="48.2791" lon="-4.57578">
        <ele>11</ele>
        <time>2026-06-23T14:18:40+00:00</time>
      </trkpt>
      <trkpt lat="48.27895" lon="-4.57603">
        <ele>12</ele>
        <time>2026-06-23T14:18:43+00:00</time>
      </trkpt>
      <trkpt lat="48.27892" lon="-4.57613">
        <ele>12</ele>
        <time>2026-06-23T14:18:46+00:00</time>
      </trkpt>
      <trkpt lat="48.27889" lon="-4.57632">
        <ele>12</ele>
        <time>2026-06-23T14:18:49+00:00</time>
      </trkpt>
      <trkpt lat="48.27869" lon="-4.57676">
        <ele>13</ele>
        <time>2026-06-23T14:18:52+00:00</time>
      </trkpt>
      <trkpt lat="48.27851" lon="-4.5769">
        <ele>13</ele>
        <time>2026-06-23T14:18:55+00:00</time>
      </trkpt>
      <trkpt lat="48.27839" lon="-4.57709">
        <ele>16</ele>
        <time>2026-06-23T14:18:58+00:00</time>
      </trkpt>
      <trkpt lat="48.27822" lon="-4.57728">
        <ele>14</ele>
        <time>2026-06-23T14:19:01+00:00</time>
      </trkpt>
      <trkpt lat="48.27819" lon="-4.57735">
        <ele>16</ele>
        <time>2026-06-23T14:19:04+00:00</time>
      </trkpt>
      <trkpt lat="48.27813" lon="-4.57768">
        <ele>13</ele>
        <time>2026-06-23T14:19:07+00:00</time>
      </trkpt>
      <trkpt lat="48.27808" lon="-4.57782">
        <ele>12</ele>
        <time>2026-06-23T14:19:10+00:00</time>
      </trkpt>
      <trkpt lat="48.27804" lon="-4.57789">
        <ele>12</ele>
        <time>2026-06-23T14:19:13+00:00</time>
      </trkpt>
      <trkpt lat="48.27793" lon="-4.57789">
        <ele>16</ele>
        <time>2026-06-23T14:19:16+00:00</time>
      </trkpt>
      <trkpt lat="48.27782" lon="-4.57801">
        <ele>13</ele>
        <time>2026-06-23T14:19:19+00:00</time>
      </trkpt>
      <trkpt lat="48.27777" lon="-4.57797">
        <ele>17</ele>
        <time>2026-06-23T14:19:22+00:00</time>
      </trkpt>
      <trkpt lat="48.27774" lon="-4.57798">
        <ele>20</ele>
        <time>2026-06-23T14:19:25+00:00</time>
      </trkpt>
      <trkpt lat="48.27756" lon="-4.57822">
        <ele>17</ele>
        <time>2026-06-23T14:19:28+00:00</time>
      </trkpt>
      <trkpt lat="48.27746" lon="-4.57845">
        <ele>17</ele>
        <time>2026-06-23T14:19:31+00:00</time>
      </trkpt>
      <trkpt lat="48.2775" lon="-4.57857">
        <ele>15</ele>
        <time>2026-06-23T14:19:34+00:00</time>
      </trkpt>
      <trkpt lat="48.27747" lon="-4.57869">
        <ele>15</ele>
        <time>2026-06-23T14:19:37+00:00</time>
      </trkpt>
      <trkpt lat="48.27749" lon="-4.57876">
        <ele>12</ele>
        <time>2026-06-23T14:19:40+00:00</time>
      </trkpt>
      <trkpt lat="48.27744" lon="-4.57897">
        <ele>7</ele>
        <time>2026-06-23T14:19:43+00:00</time>
      </trkpt>
      <trkpt lat="48.27725" lon="-4.57913">
        <ele>7</ele>
        <time>2026-06-23T14:19:46+00:00</time>
      </trkpt>
      <trkpt lat="48.27718" lon="-4.57925">
        <ele>7</ele>
        <time>2026-06-23T14:19:49+00:00</time>
      </trkpt>
      <trkpt lat="48.27713" lon="-4.57944">
        <ele>7</ele>
        <time>2026-06-23T14:19:52+00:00</time>
      </trkpt>
      <trkpt lat="48.27688" lon="-4.57995">
        <ele>8</ele>
        <time>2026-06-23T14:19:55+00:00</time>
      </trkpt>
      <trkpt lat="48.27676" lon="-4.57999">
        <ele>8</ele>
        <time>2026-06-23T14:19:58+00:00</time>
      </trkpt>
      <trkpt lat="48.27669" lon="-4.57993">
        <ele>15</ele>
        <time>2026-06-23T14:20:01+00:00</time>
      </trkpt>
      <trkpt lat="48.27666" lon="-4.57998">
        <ele>15</ele>
        <time>2026-06-23T14:20:04+00:00</time>
      </trkpt>
      <trkpt lat="48.27662" lon="-4.5803">
        <ele>19</ele>
        <time>2026-06-23T14:20:07+00:00</time>
      </trkpt>
      <trkpt lat="48.27646" lon="-4.58035">
        <ele>22</ele>
        <time>2026-06-23T14:20:10+00:00</time>
      </trkpt>
      <trkpt lat="48.27628" lon="-4.58034">
        <ele>24</ele>
        <time>2026-06-23T14:20:13+00:00</time>
      </trkpt>
      <trkpt lat="48.27607" lon="-4.58033">
        <ele>26</ele>
        <time>2026-06-23T14:20:16+00:00</time>
      </trkpt>
      <trkpt lat="48.27598" lon="-4.58038">
        <ele>28</ele>
        <time>2026-06-23T14:20:19+00:00</time>
      </trkpt>
      <trkpt lat="48.27597" lon="-4.58065">
        <ele>29</ele>
        <time>2026-06-23T14:20:22+00:00</time>
      </trkpt>
      <trkpt lat="48.27596" lon="-4.58094">
        <ele>29</ele>
        <time>2026-06-23T14:20:25+00:00</time>
      </trkpt>
      <trkpt lat="48.27588" lon="-4.58126">
        <ele>30</ele>
        <time>2026-06-23T14:20:28+00:00</time>
      </trkpt>
      <trkpt lat="48.27581" lon="-4.58158">
        <ele>32</ele>
        <time>2026-06-23T14:20:31+00:00</time>
      </trkpt>
      <trkpt lat="48.27576" lon="-4.58175">
        <ele>33</ele>
        <time>2026-06-23T14:20:34+00:00</time>
      </trkpt>
      <trkpt lat="48.2756" lon="-4.58204">
        <ele>35</ele>
        <time>2026-06-23T14:20:37+00:00</time>
      </trkpt>
      <trkpt lat="48.27529" lon="-4.58259">
        <ele>38</ele>
        <time>2026-06-23T14:20:40+00:00</time>
      </trkpt>
      <trkpt lat="48.27496" lon="-4.5829">
        <ele>41</ele>
        <time>2026-06-23T14:20:43+00:00</time>
      </trkpt>
      <trkpt lat="48.27477" lon="-4.58318">
        <ele>43</ele>
        <time>2026-06-23T14:20:46+00:00</time>
      </trkpt>
      <trkpt lat="48.27451" lon="-4.58358">
        <ele>45</ele>
        <time>2026-06-23T14:20:49+00:00</time>
      </trkpt>
      <trkpt lat="48.27431" lon="-4.58395">
        <ele>46</ele>
        <time>2026-06-23T14:20:52+00:00</time>
      </trkpt>
      <trkpt lat="48.27412" lon="-4.58432">
        <ele>47</ele>
        <time>2026-06-23T14:20:55+00:00</time>
      </trkpt>
      <trkpt lat="48.27385" lon="-4.58481">
        <ele>47</ele>
        <time>2026-06-23T14:20:58+00:00</time>
      </trkpt>
      <trkpt lat="48.27415" lon="-4.5848">
        <ele>47</ele>
        <time>2026-06-23T14:21:01+00:00</time>
      </trkpt>
      <trkpt lat="48.27445" lon="-4.58478">
        <ele>46</ele>
        <time>2026-06-23T14:21:04+00:00</time>
      </trkpt>
      <trkpt lat="48.27476" lon="-4.58477">
        <ele>44</ele>
        <time>2026-06-23T14:21:07+00:00</time>
      </trkpt>
      <trkpt lat="48.27504" lon="-4.58476">
        <ele>40</ele>
        <time>2026-06-23T14:21:10+00:00</time>
      </trkpt>
      <trkpt lat="48.27548" lon="-4.58475">
        <ele>34</ele>
        <time>2026-06-23T14:21:13+00:00</time>
      </trkpt>
      <trkpt lat="48.27539" lon="-4.58517">
        <ele>34</ele>
        <time>2026-06-23T14:21:16+00:00</time>
      </trkpt>
      <trkpt lat="48.27533" lon="-4.58551">
        <ele>35</ele>
        <time>2026-06-23T14:21:19+00:00</time>
      </trkpt>
      <trkpt lat="48.27524" lon="-4.58586">
        <ele>36</ele>
        <time>2026-06-23T14:21:22+00:00</time>
      </trkpt>
      <trkpt lat="48.27512" lon="-4.58629">
        <ele>37</ele>
        <time>2026-06-23T14:21:25+00:00</time>
      </trkpt>
      <trkpt lat="48.27498" lon="-4.58667">
        <ele>37</ele>
        <time>2026-06-23T14:21:28+00:00</time>
      </trkpt>
      <trkpt lat="48.27472" lon="-4.58737">
        <ele>36</ele>
        <time>2026-06-23T14:21:31+00:00</time>
      </trkpt>
      <trkpt lat="48.27452" lon="-4.58781">
        <ele>35</ele>
        <time>2026-06-23T14:21:34+00:00</time>
      </trkpt>
      <trkpt lat="48.27424" lon="-4.58833">
        <ele>35</ele>
        <time>2026-06-23T14:21:37+00:00</time>
      </trkpt>
      <trkpt lat="48.27418" lon="-4.58856">
        <ele>33</ele>
        <time>2026-06-23T14:21:40+00:00</time>
      </trkpt>
      <trkpt lat="48.2742" lon="-4.5888">
        <ele>31</ele>
        <time>2026-06-23T14:21:43+00:00</time>
      </trkpt>
      <trkpt lat="48.27431" lon="-4.5892">
        <ele>28</ele>
        <time>2026-06-23T14:21:46+00:00</time>
      </trkpt>
      <trkpt lat="48.27452" lon="-4.58995">
        <ele>22</ele>
        <time>2026-06-23T14:21:49+00:00</time>
      </trkpt>
      <trkpt lat="48.27455" lon="-4.59037">
        <ele>17</ele>
        <time>2026-06-23T14:21:52+00:00</time>
      </trkpt>
      <trkpt lat="48.2746" lon="-4.59107">
        <ele>14</ele>
        <time>2026-06-23T14:21:55+00:00</time>
      </trkpt>
      <trkpt lat="48.27471" lon="-4.59161">
        <ele>14</ele>
        <time>2026-06-23T14:21:58+00:00</time>
      </trkpt>
      <trkpt lat="48.27468" lon="-4.59185">
        <ele>13</ele>
        <time>2026-06-23T14:22:01+00:00</time>
      </trkpt>
      <trkpt lat="48.27465" lon="-4.5919">
        <ele>14</ele>
        <time>2026-06-23T14:22:04+00:00</time>
      </trkpt>
      <trkpt lat="48.27478" lon="-4.59225">
        <ele>8</ele>
        <time>2026-06-23T14:22:07+00:00</time>
      </trkpt>
      <trkpt lat="48.27498" lon="-4.59276">
        <ele>7</ele>
        <time>2026-06-23T14:22:10+00:00</time>
      </trkpt>
      <trkpt lat="48.2751" lon="-4.59317">
        <ele>4</ele>
        <time>2026-06-23T14:22:13+00:00</time>
      </trkpt>
      <trkpt lat="48.27523" lon="-4.59359">
        <ele>4</ele>
        <time>2026-06-23T14:22:16+00:00</time>
      </trkpt>
      <trkpt lat="48.27536" lon="-4.59402">
        <ele>4</ele>
        <time>2026-06-23T14:22:19+00:00</time>
      </trkpt>
      <trkpt lat="48.27553" lon="-4.59454">
        <ele>4</ele>
        <time>2026-06-23T14:22:22+00:00</time>
      </trkpt>
      <trkpt lat="48.27576" lon="-4.59475">
        <ele>4</ele>
        <time>2026-06-23T14:22:25+00:00</time>
      </trkpt>
      <trkpt lat="48.27599" lon="-4.595">
        <ele>4</ele>
        <time>2026-06-23T14:22:28+00:00</time>
      </trkpt>
      <trkpt lat="48.27637" lon="-4.59541">
        <ele>4</ele>
        <time>2026-06-23T14:22:31+00:00</time>
      </trkpt>
      <trkpt lat="48.27655" lon="-4.59553">
        <ele>4</ele>
        <time>2026-06-23T14:22:34+00:00</time>
      </trkpt>
      <trkpt lat="48.27691" lon="-4.59591">
        <ele>4</ele>
        <time>2026-06-23T14:22:37+00:00</time>
      </trkpt>
      <trkpt lat="48.277" lon="-4.59606">
        <ele>4</ele>
        <time>2026-06-23T14:22:40+00:00</time>
      </trkpt>
      <trkpt lat="48.27714" lon="-4.5962">
        <ele>4</ele>
        <time>2026-06-23T14:22:43+00:00</time>
      </trkpt>
      <trkpt lat="48.2773" lon="-4.59635">
        <ele>4</ele>
        <time>2026-06-23T14:22:46+00:00</time>
      </trkpt>
      <trkpt lat="48.27763" lon="-4.59663">
        <ele>4</ele>
        <time>2026-06-23T14:22:49+00:00</time>
      </trkpt>
      <trkpt lat="48.27792" lon="-4.59685">
        <ele>4</ele>
        <time>2026-06-23T14:22:52+00:00</time>
      </trkpt>
      <trkpt lat="48.27816" lon="-4.59701">
        <ele>4</ele>
        <time>2026-06-23T14:22:55+00:00</time>
      </trkpt>
      <trkpt lat="48.27853" lon="-4.59725">
        <ele>4</ele>
        <time>2026-06-23T14:22:58+00:00</time>
      </trkpt>
      <trkpt lat="48.27876" lon="-4.59741">
        <ele>4</ele>
        <time>2026-06-23T14:23:01+00:00</time>
      </trkpt>
      <trkpt lat="48.27908" lon="-4.59762">
        <ele>5</ele>
        <time>2026-06-23T14:23:04+00:00</time>
      </trkpt>
      <trkpt lat="48.27923" lon="-4.59765">
        <ele>4</ele>
        <time>2026-06-23T14:23:07+00:00</time>
      </trkpt>
      <trkpt lat="48.27923" lon="-4.59771">
        <ele>7</ele>
        <time>2026-06-23T14:23:10+00:00</time>
      </trkpt>
      <trkpt lat="48.27945" lon="-4.59801">
        <ele>7</ele>
        <time>2026-06-23T14:23:13+00:00</time>
      </trkpt>
      <trkpt lat="48.27987" lon="-4.5986">
        <ele>6</ele>
        <time>2026-06-23T14:23:16+00:00</time>
      </trkpt>
      <trkpt lat="48.28022" lon="-4.59894">
        <ele>6</ele>
        <time>2026-06-23T14:23:19+00:00</time>
      </trkpt>
      <trkpt lat="48.28026" lon="-4.59891">
        <ele>6</ele>
        <time>2026-06-23T14:23:22+00:00</time>
      </trkpt>
      <trkpt lat="48.28031" lon="-4.59898">
        <ele>5</ele>
        <time>2026-06-23T14:23:25+00:00</time>
      </trkpt>
      <trkpt lat="48.28057" lon="-4.59898">
        <ele>5</ele>
        <time>2026-06-23T14:23:28+00:00</time>
      </trkpt>
      <trkpt lat="48.28078" lon="-4.59884">
        <ele>4</ele>
        <time>2026-06-23T14:23:31+00:00</time>
      </trkpt>
      <trkpt lat="48.281" lon="-4.59861">
        <ele>4</ele>
        <time>2026-06-23T14:23:34+00:00</time>
      </trkpt>
      <trkpt lat="48.28135" lon="-4.59824">
        <ele>4</ele>
        <time>2026-06-23T14:23:37+00:00</time>
      </trkpt>
      <trkpt lat="48.28143" lon="-4.59823">
        <ele>4</ele>
        <time>2026-06-23T14:23:40+00:00</time>
      </trkpt>
      <trkpt lat="48.28148" lon="-4.5983">
        <ele>4</ele>
        <time>2026-06-23T14:23:43+00:00</time>
      </trkpt>
      <trkpt lat="48.28156" lon="-4.59866">
        <ele>5</ele>
        <time>2026-06-23T14:23:46+00:00</time>
      </trkpt>
      <trkpt lat="48.28165" lon="-4.59901">
        <ele>6</ele>
        <time>2026-06-23T14:23:49+00:00</time>
      </trkpt>
      <trkpt lat="48.28173" lon="-4.59937">
        <ele>7</ele>
        <time>2026-06-23T14:23:52+00:00</time>
      </trkpt>
      <trkpt lat="48.2818" lon="-4.59951">
        <ele>8</ele>
        <time>2026-06-23T14:23:55+00:00</time>
      </trkpt>
      <trkpt lat="48.28188" lon="-4.59989">
        <ele>10</ele>
        <time>2026-06-23T14:23:58+00:00</time>
      </trkpt>
      <trkpt lat="48.28197" lon="-4.60027">
        <ele>11</ele>
        <time>2026-06-23T14:24:01+00:00</time>
      </trkpt>
      <trkpt lat="48.28206" lon="-4.6007">
        <ele>14</ele>
        <time>2026-06-23T14:24:04+00:00</time>
      </trkpt>
      <trkpt lat="48.28215" lon="-4.60093">
        <ele>15</ele>
        <time>2026-06-23T14:24:07+00:00</time>
      </trkpt>
      <trkpt lat="48.28226" lon="-4.60102">
        <ele>17</ele>
        <time>2026-06-23T14:24:10+00:00</time>
      </trkpt>
      <trkpt lat="48.28253" lon="-4.60146">
        <ele>20</ele>
        <time>2026-06-23T14:24:13+00:00</time>
      </trkpt>
      <trkpt lat="48.28252" lon="-4.60184">
        <ele>25</ele>
        <time>2026-06-23T14:24:16+00:00</time>
      </trkpt>
      <trkpt lat="48.2825" lon="-4.60231">
        <ele>28</ele>
        <time>2026-06-23T14:24:19+00:00</time>
      </trkpt>
      <trkpt lat="48.28252" lon="-4.60262">
        <ele>30</ele>
        <time>2026-06-23T14:24:22+00:00</time>
      </trkpt>
      <trkpt lat="48.28278" lon="-4.60261">
        <ele>33</ele>
        <time>2026-06-23T14:24:25+00:00</time>
      </trkpt>
      <trkpt lat="48.28316" lon="-4.60259">
        <ele>32</ele>
        <time>2026-06-23T14:24:28+00:00</time>
      </trkpt>
      <trkpt lat="48.28318" lon="-4.60224">
        <ele>32</ele>
        <time>2026-06-23T14:24:31+00:00</time>
      </trkpt>
      <trkpt lat="48.2833" lon="-4.60203">
        <ele>31</ele>
        <time>2026-06-23T14:24:34+00:00</time>
      </trkpt>
      <trkpt lat="48.28369" lon="-4.60182">
        <ele>30</ele>
        <time>2026-06-23T14:24:37+00:00</time>
      </trkpt>
      <trkpt lat="48.2837" lon="-4.60175">
        <ele>26</ele>
        <time>2026-06-23T14:24:40+00:00</time>
      </trkpt>
      <trkpt lat="48.28377" lon="-4.60179">
        <ele>26</ele>
        <time>2026-06-23T14:24:43+00:00</time>
      </trkpt>
      <trkpt lat="48.28385" lon="-4.60179">
        <ele>29</ele>
        <time>2026-06-23T14:24:46+00:00</time>
      </trkpt>
      <trkpt lat="48.28394" lon="-4.60175">
        <ele>28</ele>
        <time>2026-06-23T14:24:49+00:00</time>
      </trkpt>
      <trkpt lat="48.28405" lon="-4.60175">
        <ele>30</ele>
        <time>2026-06-23T14:24:52+00:00</time>
      </trkpt>
      <trkpt lat="48.2843" lon="-4.60182">
        <ele>32</ele>
        <time>2026-06-23T14:24:55+00:00</time>
      </trkpt>
      <trkpt lat="48.28454" lon="-4.60181">
        <ele>33</ele>
        <time>2026-06-23T14:24:58+00:00</time>
      </trkpt>
      <trkpt lat="48.28483" lon="-4.60179">
        <ele>34</ele>
        <time>2026-06-23T14:25:01+00:00</time>
      </trkpt>
      <trkpt lat="48.28489" lon="-4.60183">
        <ele>37</ele>
        <time>2026-06-23T14:25:04+00:00</time>
      </trkpt>
      <trkpt lat="48.28505" lon="-4.60182">
        <ele>33</ele>
        <time>2026-06-23T14:25:07+00:00</time>
      </trkpt>
      <trkpt lat="48.2853" lon="-4.60166">
        <ele>32</ele>
        <time>2026-06-23T14:25:10+00:00</time>
      </trkpt>
      <trkpt lat="48.2857" lon="-4.60142">
        <ele>32</ele>
        <time>2026-06-23T14:25:13+00:00</time>
      </trkpt>
      <trkpt lat="48.28577" lon="-4.60151">
        <ele>38</ele>
        <time>2026-06-23T14:25:16+00:00</time>
      </trkpt>
      <trkpt lat="48.28592" lon="-4.60161">
        <ele>34</ele>
        <time>2026-06-23T14:25:19+00:00</time>
      </trkpt>
      <trkpt lat="48.28604" lon="-4.60154">
        <ele>39</ele>
        <time>2026-06-23T14:25:22+00:00</time>
      </trkpt>
      <trkpt lat="48.28609" lon="-4.60147">
        <ele>36</ele>
        <time>2026-06-23T14:25:25+00:00</time>
      </trkpt>
      <trkpt lat="48.28623" lon="-4.60142">
        <ele>40</ele>
        <time>2026-06-23T14:25:28+00:00</time>
      </trkpt>
      <trkpt lat="48.28629" lon="-4.60144">
        <ele>40</ele>
        <time>2026-06-23T14:25:31+00:00</time>
      </trkpt>
      <trkpt lat="48.28635" lon="-4.60151">
        <ele>42</ele>
        <time>2026-06-23T14:25:34+00:00</time>
      </trkpt>
      <trkpt lat="48.28638" lon="-4.60161">
        <ele>42</ele>
        <time>2026-06-23T14:25:37+00:00</time>
      </trkpt>
      <trkpt lat="48.28643" lon="-4.60192">
        <ele>41</ele>
        <time>2026-06-23T14:25:40+00:00</time>
      </trkpt>
      <trkpt lat="48.28638" lon="-4.60232">
        <ele>42</ele>
        <time>2026-06-23T14:25:43+00:00</time>
      </trkpt>
      <trkpt lat="48.2863" lon="-4.60292">
        <ele>48</ele>
        <time>2026-06-23T14:25:46+00:00</time>
      </trkpt>
      <trkpt lat="48.28631" lon="-4.60313">
        <ele>48</ele>
        <time>2026-06-23T14:25:49+00:00</time>
      </trkpt>
      <trkpt lat="48.28626" lon="-4.60343">
        <ele>52</ele>
        <time>2026-06-23T14:25:52+00:00</time>
      </trkpt>
      <trkpt lat="48.28629" lon="-4.60386">
        <ele>53</ele>
        <time>2026-06-23T14:25:55+00:00</time>
      </trkpt>
      <trkpt lat="48.28639" lon="-4.60447">
        <ele>55</ele>
        <time>2026-06-23T14:25:58+00:00</time>
      </trkpt>
      <trkpt lat="48.28636" lon="-4.60461">
        <ele>56</ele>
        <time>2026-06-23T14:26:01+00:00</time>
      </trkpt>
      <trkpt lat="48.28637" lon="-4.60468">
        <ele>56</ele>
        <time>2026-06-23T14:26:04+00:00</time>
      </trkpt>
      <trkpt lat="48.28634" lon="-4.60477">
        <ele>56</ele>
        <time>2026-06-23T14:26:07+00:00</time>
      </trkpt>
      <trkpt lat="48.28611" lon="-4.60506">
        <ele>56</ele>
        <time>2026-06-23T14:26:10+00:00</time>
      </trkpt>
      <trkpt lat="48.28587" lon="-4.60551">
        <ele>56</ele>
        <time>2026-06-23T14:26:13+00:00</time>
      </trkpt>
      <trkpt lat="48.28577" lon="-4.60572">
        <ele>57</ele>
        <time>2026-06-23T14:26:16+00:00</time>
      </trkpt>
      <trkpt lat="48.28564" lon="-4.60601">
        <ele>56</ele>
        <time>2026-06-23T14:26:19+00:00</time>
      </trkpt>
      <trkpt lat="48.28577" lon="-4.60639">
        <ele>56</ele>
        <time>2026-06-23T14:26:22+00:00</time>
      </trkpt>
      <trkpt lat="48.28571" lon="-4.60645">
        <ele>55</ele>
        <time>2026-06-23T14:26:25+00:00</time>
      </trkpt>
      <trkpt lat="48.28549" lon="-4.60649">
        <ele>56</ele>
        <time>2026-06-23T14:26:28+00:00</time>
      </trkpt>
      <trkpt lat="48.28538" lon="-4.60649">
        <ele>56</ele>
        <time>2026-06-23T14:26:31+00:00</time>
      </trkpt>
      <trkpt lat="48.28529" lon="-4.60644">
        <ele>56</ele>
        <time>2026-06-23T14:26:34+00:00</time>
      </trkpt>
      <trkpt lat="48.28523" lon="-4.60646">
        <ele>56</ele>
        <time>2026-06-23T14:26:37+00:00</time>
      </trkpt>
      <trkpt lat="48.28514" lon="-4.60653">
        <ele>55</ele>
        <time>2026-06-23T14:26:40+00:00</time>
      </trkpt>
      <trkpt lat="48.28496" lon="-4.6066">
        <ele>55</ele>
        <time>2026-06-23T14:26:43+00:00</time>
      </trkpt>
      <trkpt lat="48.28473" lon="-4.6067">
        <ele>54</ele>
        <time>2026-06-23T14:26:46+00:00</time>
      </trkpt>
      <trkpt lat="48.28442" lon="-4.6069">
        <ele>53</ele>
        <time>2026-06-23T14:26:49+00:00</time>
      </trkpt>
      <trkpt lat="48.28421" lon="-4.60693">
        <ele>53</ele>
        <time>2026-06-23T14:26:52+00:00</time>
      </trkpt>
      <trkpt lat="48.28409" lon="-4.60698">
        <ele>54</ele>
        <time>2026-06-23T14:26:55+00:00</time>
      </trkpt>
      <trkpt lat="48.28393" lon="-4.60708">
        <ele>53</ele>
        <time>2026-06-23T14:26:58+00:00</time>
      </trkpt>
      <trkpt lat="48.28375" lon="-4.60719">
        <ele>53</ele>
        <time>2026-06-23T14:27:01+00:00</time>
      </trkpt>
      <trkpt lat="48.28351" lon="-4.60738">
        <ele>54</ele>
        <time>2026-06-23T14:27:04+00:00</time>
      </trkpt>
      <trkpt lat="48.2833" lon="-4.6075">
        <ele>55</ele>
        <time>2026-06-23T14:27:07+00:00</time>
      </trkpt>
      <trkpt lat="48.28303" lon="-4.60745">
        <ele>55</ele>
        <time>2026-06-23T14:27:10+00:00</time>
      </trkpt>
      <trkpt lat="48.28282" lon="-4.60726">
        <ele>55</ele>
        <time>2026-06-23T14:27:13+00:00</time>
      </trkpt>
      <trkpt lat="48.28258" lon="-4.60719">
        <ele>55</ele>
        <time>2026-06-23T14:27:16+00:00</time>
      </trkpt>
      <trkpt lat="48.2825" lon="-4.60735">
        <ele>55</ele>
        <time>2026-06-23T14:27:19+00:00</time>
      </trkpt>
      <trkpt lat="48.28239" lon="-4.60747">
        <ele>55</ele>
        <time>2026-06-23T14:27:22+00:00</time>
      </trkpt>
      <trkpt lat="48.282" lon="-4.60776">
        <ele>56</ele>
        <time>2026-06-23T14:27:25+00:00</time>
      </trkpt>
      <trkpt lat="48.2817" lon="-4.608">
        <ele>57</ele>
        <time>2026-06-23T14:27:28+00:00</time>
      </trkpt>
      <trkpt lat="48.2814" lon="-4.60823">
        <ele>57</ele>
        <time>2026-06-23T14:27:31+00:00</time>
      </trkpt>
      <trkpt lat="48.2811" lon="-4.60847">
        <ele>57</ele>
        <time>2026-06-23T14:27:34+00:00</time>
      </trkpt>
      <trkpt lat="48.28078" lon="-4.60872">
        <ele>59</ele>
        <time>2026-06-23T14:27:37+00:00</time>
      </trkpt>
      <trkpt lat="48.28041" lon="-4.60895">
        <ele>59</ele>
        <time>2026-06-23T14:27:40+00:00</time>
      </trkpt>
      <trkpt lat="48.28032" lon="-4.60863">
        <ele>58</ele>
        <time>2026-06-23T14:27:43+00:00</time>
      </trkpt>
      <trkpt lat="48.28022" lon="-4.60829">
        <ele>56</ele>
        <time>2026-06-23T14:27:46+00:00</time>
      </trkpt>
      <trkpt lat="48.28013" lon="-4.60794">
        <ele>55</ele>
        <time>2026-06-23T14:27:49+00:00</time>
      </trkpt>
      <trkpt lat="48.28002" lon="-4.60748">
        <ele>52</ele>
        <time>2026-06-23T14:27:52+00:00</time>
      </trkpt>
      <trkpt lat="48.27992" lon="-4.607">
        <ele>50</ele>
        <time>2026-06-23T14:27:55+00:00</time>
      </trkpt>
      <trkpt lat="48.27983" lon="-4.60651">
        <ele>48</ele>
        <time>2026-06-23T14:27:58+00:00</time>
      </trkpt>
      <trkpt lat="48.27975" lon="-4.60613">
        <ele>46</ele>
        <time>2026-06-23T14:28:01+00:00</time>
      </trkpt>
      <trkpt lat="48.27964" lon="-4.60556">
        <ele>44</ele>
        <time>2026-06-23T14:28:04+00:00</time>
      </trkpt>
      <trkpt lat="48.27951" lon="-4.60562">
        <ele>43</ele>
        <time>2026-06-23T14:28:07+00:00</time>
      </trkpt>
      <trkpt lat="48.2792" lon="-4.60566">
        <ele>43</ele>
        <time>2026-06-23T14:28:10+00:00</time>
      </trkpt>
      <trkpt lat="48.27888" lon="-4.60569">
        <ele>42</ele>
        <time>2026-06-23T14:28:13+00:00</time>
      </trkpt>
      <trkpt lat="48.27857" lon="-4.60572">
        <ele>41</ele>
        <time>2026-06-23T14:28:16+00:00</time>
      </trkpt>
      <trkpt lat="48.27814" lon="-4.60577">
        <ele>41</ele>
        <time>2026-06-23T14:28:19+00:00</time>
      </trkpt>
      <trkpt lat="48.27782" lon="-4.60541">
        <ele>41</ele>
        <time>2026-06-23T14:28:22+00:00</time>
      </trkpt>
      <trkpt lat="48.27759" lon="-4.60583">
        <ele>41</ele>
        <time>2026-06-23T14:28:25+00:00</time>
      </trkpt>
      <trkpt lat="48.2777" lon="-4.60624">
        <ele>43</ele>
        <time>2026-06-23T14:28:28+00:00</time>
      </trkpt>
      <trkpt lat="48.2778" lon="-4.60659">
        <ele>45</ele>
        <time>2026-06-23T14:28:31+00:00</time>
      </trkpt>
      <trkpt lat="48.27793" lon="-4.60706">
        <ele>47</ele>
        <time>2026-06-23T14:28:34+00:00</time>
      </trkpt>
      <trkpt lat="48.27816" lon="-4.60749">
        <ele>50</ele>
        <time>2026-06-23T14:28:37+00:00</time>
      </trkpt>
      <trkpt lat="48.2784" lon="-4.60793">
        <ele>53</ele>
        <time>2026-06-23T14:28:40+00:00</time>
      </trkpt>
      <trkpt lat="48.27863" lon="-4.60836">
        <ele>55</ele>
        <time>2026-06-23T14:28:43+00:00</time>
      </trkpt>
      <trkpt lat="48.27887" lon="-4.6088">
        <ele>57</ele>
        <time>2026-06-23T14:28:46+00:00</time>
      </trkpt>
      <trkpt lat="48.27931" lon="-4.60961">
        <ele>57</ele>
        <time>2026-06-23T14:28:49+00:00</time>
      </trkpt>
      <trkpt lat="48.27951" lon="-4.60992">
        <ele>58</ele>
        <time>2026-06-23T14:28:52+00:00</time>
      </trkpt>
      <trkpt lat="48.27967" lon="-4.61018">
        <ele>58</ele>
        <time>2026-06-23T14:28:55+00:00</time>
      </trkpt>
      <trkpt lat="48.27985" lon="-4.61047">
        <ele>55</ele>
        <time>2026-06-23T14:28:58+00:00</time>
      </trkpt>
      <trkpt lat="48.27979" lon="-4.61054">
        <ele>56</ele>
        <time>2026-06-23T14:29:01+00:00</time>
      </trkpt>
      <trkpt lat="48.27988" lon="-4.61062">
        <ele>53</ele>
        <time>2026-06-23T14:29:04+00:00</time>
      </trkpt>
      <trkpt lat="48.2797" lon="-4.61083">
        <ele>52</ele>
        <time>2026-06-23T14:29:07+00:00</time>
      </trkpt>
      <trkpt lat="48.27948" lon="-4.61127">
        <ele>52</ele>
        <time>2026-06-23T14:29:10+00:00</time>
      </trkpt>
      <trkpt lat="48.27938" lon="-4.6116">
        <ele>44</ele>
        <time>2026-06-23T14:29:13+00:00</time>
      </trkpt>
      <trkpt lat="48.27931" lon="-4.61162">
        <ele>44</ele>
        <time>2026-06-23T14:29:16+00:00</time>
      </trkpt>
      <trkpt lat="48.27927" lon="-4.61172">
        <ele>47</ele>
        <time>2026-06-23T14:29:19+00:00</time>
      </trkpt>
      <trkpt lat="48.27923" lon="-4.61193">
        <ele>44</ele>
        <time>2026-06-23T14:29:22+00:00</time>
      </trkpt>
      <trkpt lat="48.27907" lon="-4.61233">
        <ele>37</ele>
        <time>2026-06-23T14:29:25+00:00</time>
      </trkpt>
      <trkpt lat="48.27898" lon="-4.61263">
        <ele>36</ele>
        <time>2026-06-23T14:29:28+00:00</time>
      </trkpt>
      <trkpt lat="48.27896" lon="-4.61311">
        <ele>31</ele>
        <time>2026-06-23T14:29:31+00:00</time>
      </trkpt>
      <trkpt lat="48.27895" lon="-4.61353">
        <ele>26</ele>
        <time>2026-06-23T14:29:34+00:00</time>
      </trkpt>
      <trkpt lat="48.27893" lon="-4.61425">
        <ele>24</ele>
        <time>2026-06-23T14:29:37+00:00</time>
      </trkpt>
      <trkpt lat="48.27898" lon="-4.61472">
        <ele>23</ele>
        <time>2026-06-23T14:29:40+00:00</time>
      </trkpt>
      <trkpt lat="48.27902" lon="-4.61518">
        <ele>21</ele>
        <time>2026-06-23T14:29:43+00:00</time>
      </trkpt>
      <trkpt lat="48.27909" lon="-4.61581">
        <ele>21</ele>
        <time>2026-06-23T14:29:46+00:00</time>
      </trkpt>
      <trkpt lat="48.27908" lon="-4.6159">
        <ele>21</ele>
        <time>2026-06-23T14:29:49+00:00</time>
      </trkpt>
      <trkpt lat="48.27875" lon="-4.61608">
        <ele>21</ele>
        <time>2026-06-23T14:29:52+00:00</time>
      </trkpt>
      <trkpt lat="48.27842" lon="-4.61625">
        <ele>20</ele>
        <time>2026-06-23T14:29:55+00:00</time>
      </trkpt>
      <trkpt lat="48.27809" lon="-4.61643">
        <ele>19</ele>
        <time>2026-06-23T14:29:58+00:00</time>
      </trkpt>
      <trkpt lat="48.27776" lon="-4.61661">
        <ele>16</ele>
        <time>2026-06-23T14:30:01+00:00</time>
      </trkpt>
      <trkpt lat="48.27734" lon="-4.61683">
        <ele>15</ele>
        <time>2026-06-23T14:30:04+00:00</time>
      </trkpt>
      <trkpt lat="48.27719" lon="-4.61693">
        <ele>14</ele>
        <time>2026-06-23T14:30:07+00:00</time>
      </trkpt>
      <trkpt lat="48.27697" lon="-4.61701">
        <ele>13</ele>
        <time>2026-06-23T14:30:10+00:00</time>
      </trkpt>
      <trkpt lat="48.27683" lon="-4.61695">
        <ele>12</ele>
        <time>2026-06-23T14:30:13+00:00</time>
      </trkpt>
      <trkpt lat="48.27666" lon="-4.61679">
        <ele>11</ele>
        <time>2026-06-23T14:30:16+00:00</time>
      </trkpt>
      <trkpt lat="48.27645" lon="-4.61645">
        <ele>11</ele>
        <time>2026-06-23T14:30:19+00:00</time>
      </trkpt>
      <trkpt lat="48.27622" lon="-4.61626">
        <ele>11</ele>
        <time>2026-06-23T14:30:22+00:00</time>
      </trkpt>
      <trkpt lat="48.27589" lon="-4.61599">
        <ele>11</ele>
        <time>2026-06-23T14:30:25+00:00</time>
      </trkpt>
      <trkpt lat="48.27567" lon="-4.61592">
        <ele>11</ele>
        <time>2026-06-23T14:30:28+00:00</time>
      </trkpt>
      <trkpt lat="48.27552" lon="-4.61594">
        <ele>11</ele>
        <time>2026-06-23T14:30:31+00:00</time>
      </trkpt>
      <trkpt lat="48.27532" lon="-4.61587">
        <ele>11</ele>
        <time>2026-06-23T14:30:34+00:00</time>
      </trkpt>
      <trkpt lat="48.27527" lon="-4.61575">
        <ele>11</ele>
        <time>2026-06-23T14:30:37+00:00</time>
      </trkpt>
      <trkpt lat="48.27502" lon="-4.61578">
        <ele>7</ele>
        <time>2026-06-23T14:30:40+00:00</time>
      </trkpt>
      <trkpt lat="48.27486" lon="-4.61573">
        <ele>11</ele>
        <time>2026-06-23T14:30:43+00:00</time>
      </trkpt>
      <trkpt lat="48.27467" lon="-4.61562">
        <ele>6</ele>
        <time>2026-06-23T14:30:46+00:00</time>
      </trkpt>
      <trkpt lat="48.2744" lon="-4.61545">
        <ele>6</ele>
        <time>2026-06-23T14:30:49+00:00</time>
      </trkpt>
      <trkpt lat="48.27411" lon="-4.61524">
        <ele>8</ele>
        <time>2026-06-23T14:30:52+00:00</time>
      </trkpt>
      <trkpt lat="48.27371" lon="-4.61514">
        <ele>13</ele>
        <time>2026-06-23T14:30:55+00:00</time>
      </trkpt>
      <trkpt lat="48.27352" lon="-4.61496">
        <ele>16</ele>
        <time>2026-06-23T14:30:58+00:00</time>
      </trkpt>
      <trkpt lat="48.27326" lon="-4.61491">
        <ele>18</ele>
        <time>2026-06-23T14:31:01+00:00</time>
      </trkpt>
      <trkpt lat="48.27287" lon="-4.61484">
        <ele>23</ele>
        <time>2026-06-23T14:31:04+00:00</time>
      </trkpt>
      <trkpt lat="48.27276" lon="-4.61477">
        <ele>23</ele>
        <time>2026-06-23T14:31:07+00:00</time>
      </trkpt>
      <trkpt lat="48.27252" lon="-4.61474">
        <ele>28</ele>
        <time>2026-06-23T14:31:10+00:00</time>
      </trkpt>
      <trkpt lat="48.27235" lon="-4.61477">
        <ele>33</ele>
        <time>2026-06-23T14:31:13+00:00</time>
      </trkpt>
      <trkpt lat="48.27209" lon="-4.61484">
        <ele>47</ele>
        <time>2026-06-23T14:31:16+00:00</time>
      </trkpt>
      <trkpt lat="48.27183" lon="-4.61493">
        <ele>49</ele>
        <time>2026-06-23T14:31:19+00:00</time>
      </trkpt>
      <trkpt lat="48.27175" lon="-4.61493">
        <ele>49</ele>
        <time>2026-06-23T14:31:22+00:00</time>
      </trkpt>
      <trkpt lat="48.27166" lon="-4.61481">
        <ele>52</ele>
        <time>2026-06-23T14:31:25+00:00</time>
      </trkpt>
      <trkpt lat="48.27144" lon="-4.61484">
        <ele>52</ele>
        <time>2026-06-23T14:31:28+00:00</time>
      </trkpt>
      <trkpt lat="48.27132" lon="-4.61474">
        <ele>55</ele>
        <time>2026-06-23T14:31:31+00:00</time>
      </trkpt>
      <trkpt lat="48.27112" lon="-4.61476">
        <ele>56</ele>
        <time>2026-06-23T14:31:34+00:00</time>
      </trkpt>
      <trkpt lat="48.27096" lon="-4.61475">
        <ele>57</ele>
        <time>2026-06-23T14:31:37+00:00</time>
      </trkpt>
      <trkpt lat="48.27082" lon="-4.61486">
        <ele>56</ele>
        <time>2026-06-23T14:31:40+00:00</time>
      </trkpt>
      <trkpt lat="48.27069" lon="-4.61481">
        <ele>56</ele>
        <time>2026-06-23T14:31:43+00:00</time>
      </trkpt>
      <trkpt lat="48.27057" lon="-4.61486">
        <ele>56</ele>
        <time>2026-06-23T14:31:46+00:00</time>
      </trkpt>
      <trkpt lat="48.2705" lon="-4.61496">
        <ele>56</ele>
        <time>2026-06-23T14:31:49+00:00</time>
      </trkpt>
      <trkpt lat="48.27034" lon="-4.61507">
        <ele>56</ele>
        <time>2026-06-23T14:31:52+00:00</time>
      </trkpt>
      <trkpt lat="48.27007" lon="-4.61538">
        <ele>55</ele>
        <time>2026-06-23T14:31:55+00:00</time>
      </trkpt>
      <trkpt lat="48.26993" lon="-4.61544">
        <ele>52</ele>
        <time>2026-06-23T14:31:58+00:00</time>
      </trkpt>
      <trkpt lat="48.26973" lon="-4.61538">
        <ele>54</ele>
        <time>2026-06-23T14:32:01+00:00</time>
      </trkpt>
      <trkpt lat="48.26957" lon="-4.61545">
        <ele>53</ele>
        <time>2026-06-23T14:32:04+00:00</time>
      </trkpt>
      <trkpt lat="48.26949" lon="-4.61552">
        <ele>54</ele>
        <time>2026-06-23T14:32:07+00:00</time>
      </trkpt>
      <trkpt lat="48.26932" lon="-4.61556">
        <ele>54</ele>
        <time>2026-06-23T14:32:10+00:00</time>
      </trkpt>
      <trkpt lat="48.26908" lon="-4.61565">
        <ele>54</ele>
        <time>2026-06-23T14:32:13+00:00</time>
      </trkpt>
      <trkpt lat="48.26886" lon="-4.61572">
        <ele>54</ele>
        <time>2026-06-23T14:32:16+00:00</time>
      </trkpt>
      <trkpt lat="48.26863" lon="-4.61578">
        <ele>53</ele>
        <time>2026-06-23T14:32:19+00:00</time>
      </trkpt>
      <trkpt lat="48.2686" lon="-4.61578">
        <ele>53</ele>
        <time>2026-06-23T14:32:22+00:00</time>
      </trkpt>
      <trkpt lat="48.26828" lon="-4.61569">
        <ele>51</ele>
        <time>2026-06-23T14:32:25+00:00</time>
      </trkpt>
      <trkpt lat="48.26793" lon="-4.61545">
        <ele>48</ele>
        <time>2026-06-23T14:32:28+00:00</time>
      </trkpt>
      <trkpt lat="48.26784" lon="-4.61549">
        <ele>48</ele>
        <time>2026-06-23T14:32:31+00:00</time>
      </trkpt>
      <trkpt lat="48.26762" lon="-4.6155">
        <ele>48</ele>
        <time>2026-06-23T14:32:34+00:00</time>
      </trkpt>
      <trkpt lat="48.26741" lon="-4.61561">
        <ele>48</ele>
        <time>2026-06-23T14:32:37+00:00</time>
      </trkpt>
      <trkpt lat="48.26719" lon="-4.61571">
        <ele>48</ele>
        <time>2026-06-23T14:32:40+00:00</time>
      </trkpt>
      <trkpt lat="48.26715" lon="-4.61602">
        <ele>49</ele>
        <time>2026-06-23T14:32:43+00:00</time>
      </trkpt>
      <trkpt lat="48.26697" lon="-4.61613">
        <ele>50</ele>
        <time>2026-06-23T14:32:46+00:00</time>
      </trkpt>
      <trkpt lat="48.26674" lon="-4.61634">
        <ele>50</ele>
        <time>2026-06-23T14:32:49+00:00</time>
      </trkpt>
      <trkpt lat="48.26662" lon="-4.61639">
        <ele>50</ele>
        <time>2026-06-23T14:32:52+00:00</time>
      </trkpt>
      <trkpt lat="48.2665" lon="-4.6165">
        <ele>50</ele>
        <time>2026-06-23T14:32:55+00:00</time>
      </trkpt>
      <trkpt lat="48.26633" lon="-4.61667">
        <ele>51</ele>
        <time>2026-06-23T14:32:58+00:00</time>
      </trkpt>
      <trkpt lat="48.26616" lon="-4.61699">
        <ele>51</ele>
        <time>2026-06-23T14:33:01+00:00</time>
      </trkpt>
      <trkpt lat="48.26595" lon="-4.61707">
        <ele>52</ele>
        <time>2026-06-23T14:33:04+00:00</time>
      </trkpt>
      <trkpt lat="48.26576" lon="-4.6173">
        <ele>52</ele>
        <time>2026-06-23T14:33:07+00:00</time>
      </trkpt>
      <trkpt lat="48.26555" lon="-4.61756">
        <ele>54</ele>
        <time>2026-06-23T14:33:10+00:00</time>
      </trkpt>
      <trkpt lat="48.2655" lon="-4.61758">
        <ele>54</ele>
        <time>2026-06-23T14:33:13+00:00</time>
      </trkpt>
      <trkpt lat="48.26546" lon="-4.61765">
        <ele>55</ele>
        <time>2026-06-23T14:33:16+00:00</time>
      </trkpt>
      <trkpt lat="48.2654" lon="-4.61765">
        <ele>55</ele>
        <time>2026-06-23T14:33:19+00:00</time>
      </trkpt>
      <trkpt lat="48.2653" lon="-4.6177">
        <ele>55</ele>
        <time>2026-06-23T14:33:22+00:00</time>
      </trkpt>
      <trkpt lat="48.26523" lon="-4.61768">
        <ele>55</ele>
        <time>2026-06-23T14:33:25+00:00</time>
      </trkpt>
      <trkpt lat="48.26519" lon="-4.61772">
        <ele>55</ele>
        <time>2026-06-23T14:33:28+00:00</time>
      </trkpt>
      <trkpt lat="48.2651" lon="-4.61775">
        <ele>55</ele>
        <time>2026-06-23T14:33:31+00:00</time>
      </trkpt>
      <trkpt lat="48.265" lon="-4.61782">
        <ele>55</ele>
        <time>2026-06-23T14:33:34+00:00</time>
      </trkpt>
      <trkpt lat="48.26483" lon="-4.61803">
        <ele>55</ele>
        <time>2026-06-23T14:33:37+00:00</time>
      </trkpt>
      <trkpt lat="48.26456" lon="-4.6182">
        <ele>54</ele>
        <time>2026-06-23T14:33:40+00:00</time>
      </trkpt>
      <trkpt lat="48.26407" lon="-4.6185">
        <ele>53</ele>
        <time>2026-06-23T14:33:43+00:00</time>
      </trkpt>
      <trkpt lat="48.26385" lon="-4.61859">
        <ele>53</ele>
        <time>2026-06-23T14:33:46+00:00</time>
      </trkpt>
      <trkpt lat="48.26364" lon="-4.61874">
        <ele>51</ele>
        <time>2026-06-23T14:33:49+00:00</time>
      </trkpt>
      <trkpt lat="48.26342" lon="-4.61901">
        <ele>51</ele>
        <time>2026-06-23T14:33:52+00:00</time>
      </trkpt>
      <trkpt lat="48.26321" lon="-4.61917">
        <ele>52</ele>
        <time>2026-06-23T14:33:55+00:00</time>
      </trkpt>
      <trkpt lat="48.26315" lon="-4.61923">
        <ele>53</ele>
        <time>2026-06-23T14:33:58+00:00</time>
      </trkpt>
      <trkpt lat="48.26307" lon="-4.61937">
        <ele>53</ele>
        <time>2026-06-23T14:34:01+00:00</time>
      </trkpt>
      <trkpt lat="48.26305" lon="-4.61958">
        <ele>52</ele>
        <time>2026-06-23T14:34:04+00:00</time>
      </trkpt>
      <trkpt lat="48.26299" lon="-4.61962">
        <ele>53</ele>
        <time>2026-06-23T14:34:07+00:00</time>
      </trkpt>
      <trkpt lat="48.26285" lon="-4.61967">
        <ele>53</ele>
        <time>2026-06-23T14:34:10+00:00</time>
      </trkpt>
      <trkpt lat="48.26273" lon="-4.61984">
        <ele>53</ele>
        <time>2026-06-23T14:34:13+00:00</time>
      </trkpt>
      <trkpt lat="48.2626" lon="-4.61995">
        <ele>55</ele>
        <time>2026-06-23T14:34:16+00:00</time>
      </trkpt>
      <trkpt lat="48.26247" lon="-4.62023">
        <ele>54</ele>
        <time>2026-06-23T14:34:19+00:00</time>
      </trkpt>
      <trkpt lat="48.26239" lon="-4.62054">
        <ele>55</ele>
        <time>2026-06-23T14:34:22+00:00</time>
      </trkpt>
      <trkpt lat="48.26224" lon="-4.62075">
        <ele>57</ele>
        <time>2026-06-23T14:34:25+00:00</time>
      </trkpt>
      <trkpt lat="48.26202" lon="-4.6208">
        <ele>58</ele>
        <time>2026-06-23T14:34:28+00:00</time>
      </trkpt>
      <trkpt lat="48.26176" lon="-4.6211">
        <ele>59</ele>
        <time>2026-06-23T14:34:31+00:00</time>
      </trkpt>
      <trkpt lat="48.26163" lon="-4.6212">
        <ele>58</ele>
        <time>2026-06-23T14:34:34+00:00</time>
      </trkpt>
      <trkpt lat="48.26149" lon="-4.62133">
        <ele>59</ele>
        <time>2026-06-23T14:34:37+00:00</time>
      </trkpt>
      <trkpt lat="48.26134" lon="-4.62148">
        <ele>59</ele>
        <time>2026-06-23T14:34:40+00:00</time>
      </trkpt>
      <trkpt lat="48.26103" lon="-4.62157">
        <ele>59</ele>
        <time>2026-06-23T14:34:43+00:00</time>
      </trkpt>
      <trkpt lat="48.26073" lon="-4.62162">
        <ele>59</ele>
        <time>2026-06-23T14:34:46+00:00</time>
      </trkpt>
      <trkpt lat="48.26048" lon="-4.62169">
        <ele>59</ele>
        <time>2026-06-23T14:34:49+00:00</time>
      </trkpt>
      <trkpt lat="48.26025" lon="-4.6217">
        <ele>59</ele>
        <time>2026-06-23T14:34:52+00:00</time>
      </trkpt>
      <trkpt lat="48.26002" lon="-4.6217">
        <ele>57</ele>
        <time>2026-06-23T14:34:55+00:00</time>
      </trkpt>
      <trkpt lat="48.25976" lon="-4.62197">
        <ele>54</ele>
        <time>2026-06-23T14:34:58+00:00</time>
      </trkpt>
      <trkpt lat="48.2597" lon="-4.62207">
        <ele>54</ele>
        <time>2026-06-23T14:35:01+00:00</time>
      </trkpt>
      <trkpt lat="48.25949" lon="-4.62216">
        <ele>53</ele>
        <time>2026-06-23T14:35:04+00:00</time>
      </trkpt>
      <trkpt lat="48.25937" lon="-4.62223">
        <ele>55</ele>
        <time>2026-06-23T14:35:07+00:00</time>
      </trkpt>
      <trkpt lat="48.25929" lon="-4.62235">
        <ele>53</ele>
        <time>2026-06-23T14:35:10+00:00</time>
      </trkpt>
      <trkpt lat="48.25923" lon="-4.62246">
        <ele>51</ele>
        <time>2026-06-23T14:35:13+00:00</time>
      </trkpt>
      <trkpt lat="48.2591" lon="-4.62289">
        <ele>55</ele>
        <time>2026-06-23T14:35:16+00:00</time>
      </trkpt>
      <trkpt lat="48.25886" lon="-4.62326">
        <ele>58</ele>
        <time>2026-06-23T14:35:19+00:00</time>
      </trkpt>
      <trkpt lat="48.25865" lon="-4.62322">
        <ele>58</ele>
        <time>2026-06-23T14:35:22+00:00</time>
      </trkpt>
      <trkpt lat="48.25851" lon="-4.6231">
        <ele>58</ele>
        <time>2026-06-23T14:35:25+00:00</time>
      </trkpt>
      <trkpt lat="48.25838" lon="-4.62295">
        <ele>56</ele>
        <time>2026-06-23T14:35:28+00:00</time>
      </trkpt>
      <trkpt lat="48.25824" lon="-4.62277">
        <ele>54</ele>
        <time>2026-06-23T14:35:31+00:00</time>
      </trkpt>
      <trkpt lat="48.25789" lon="-4.62249">
        <ele>54</ele>
        <time>2026-06-23T14:35:34+00:00</time>
      </trkpt>
      <trkpt lat="48.25775" lon="-4.62244">
        <ele>51</ele>
        <time>2026-06-23T14:35:37+00:00</time>
      </trkpt>
      <trkpt lat="48.25765" lon="-4.62246">
        <ele>54</ele>
        <time>2026-06-23T14:35:40+00:00</time>
      </trkpt>
      <trkpt lat="48.25751" lon="-4.62253">
        <ele>54</ele>
        <time>2026-06-23T14:35:43+00:00</time>
      </trkpt>
      <trkpt lat="48.25737" lon="-4.62266">
        <ele>57</ele>
        <time>2026-06-23T14:35:46+00:00</time>
      </trkpt>
      <trkpt lat="48.25722" lon="-4.62279">
        <ele>57</ele>
        <time>2026-06-23T14:35:49+00:00</time>
      </trkpt>
      <trkpt lat="48.25709" lon="-4.62289">
        <ele>58</ele>
        <time>2026-06-23T14:35:52+00:00</time>
      </trkpt>
      <trkpt lat="48.25702" lon="-4.62265">
        <ele>55</ele>
        <time>2026-06-23T14:35:55+00:00</time>
      </trkpt>
      <trkpt lat="48.25696" lon="-4.62235">
        <ele>53</ele>
        <time>2026-06-23T14:35:58+00:00</time>
      </trkpt>
      <trkpt lat="48.25689" lon="-4.62214">
        <ele>56</ele>
        <time>2026-06-23T14:36:01+00:00</time>
      </trkpt>
      <trkpt lat="48.2568" lon="-4.62197">
        <ele>53</ele>
        <time>2026-06-23T14:36:04+00:00</time>
      </trkpt>
      <trkpt lat="48.25664" lon="-4.62185">
        <ele>56</ele>
        <time>2026-06-23T14:36:07+00:00</time>
      </trkpt>
      <trkpt lat="48.25646" lon="-4.62181">
        <ele>58</ele>
        <time>2026-06-23T14:36:10+00:00</time>
      </trkpt>
      <trkpt lat="48.25621" lon="-4.62176">
        <ele>62</ele>
        <time>2026-06-23T14:36:13+00:00</time>
      </trkpt>
      <trkpt lat="48.25607" lon="-4.62161">
        <ele>62</ele>
        <time>2026-06-23T14:36:16+00:00</time>
      </trkpt>
      <trkpt lat="48.25617" lon="-4.62144">
        <ele>62</ele>
        <time>2026-06-23T14:36:19+00:00</time>
      </trkpt>
      <trkpt lat="48.25629" lon="-4.62125">
        <ele>61</ele>
        <time>2026-06-23T14:36:22+00:00</time>
      </trkpt>
      <trkpt lat="48.2565" lon="-4.62106">
        <ele>59</ele>
        <time>2026-06-23T14:36:25+00:00</time>
      </trkpt>
      <trkpt lat="48.25676" lon="-4.62084">
        <ele>56</ele>
        <time>2026-06-23T14:36:28+00:00</time>
      </trkpt>
      <trkpt lat="48.25698" lon="-4.62062">
        <ele>53</ele>
        <time>2026-06-23T14:36:31+00:00</time>
      </trkpt>
      <trkpt lat="48.25729" lon="-4.62066">
        <ele>53</ele>
        <time>2026-06-23T14:36:34+00:00</time>
      </trkpt>
      <trkpt lat="48.25751" lon="-4.62056">
        <ele>50</ele>
        <time>2026-06-23T14:36:37+00:00</time>
      </trkpt>
      <trkpt lat="48.25774" lon="-4.62045">
        <ele>50</ele>
        <time>2026-06-23T14:36:40+00:00</time>
      </trkpt>
      <trkpt lat="48.25801" lon="-4.62035">
        <ele>48</ele>
        <time>2026-06-23T14:36:43+00:00</time>
      </trkpt>
      <trkpt lat="48.25845" lon="-4.62019">
        <ele>49</ele>
        <time>2026-06-23T14:36:46+00:00</time>
      </trkpt>
      <trkpt lat="48.25861" lon="-4.62021">
        <ele>52</ele>
        <time>2026-06-23T14:36:49+00:00</time>
      </trkpt>
      <trkpt lat="48.25884" lon="-4.62012">
        <ele>51</ele>
        <time>2026-06-23T14:36:52+00:00</time>
      </trkpt>
      <trkpt lat="48.25914" lon="-4.6201">
        <ele>51</ele>
        <time>2026-06-23T14:36:55+00:00</time>
      </trkpt>
      <trkpt lat="48.25973" lon="-4.62005">
        <ele>48</ele>
        <time>2026-06-23T14:36:58+00:00</time>
      </trkpt>
      <trkpt lat="48.25981" lon="-4.61995">
        <ele>50</ele>
        <time>2026-06-23T14:37:01+00:00</time>
      </trkpt>
      <trkpt lat="48.25997" lon="-4.61986">
        <ele>47</ele>
        <time>2026-06-23T14:37:04+00:00</time>
      </trkpt>
      <trkpt lat="48.26014" lon="-4.61977">
        <ele>46</ele>
        <time>2026-06-23T14:37:07+00:00</time>
      </trkpt>
      <trkpt lat="48.26039" lon="-4.61959">
        <ele>44</ele>
        <time>2026-06-23T14:37:10+00:00</time>
      </trkpt>
      <trkpt lat="48.26078" lon="-4.6193">
        <ele>42</ele>
        <time>2026-06-23T14:37:13+00:00</time>
      </trkpt>
      <trkpt lat="48.26087" lon="-4.61913">
        <ele>40</ele>
        <time>2026-06-23T14:37:16+00:00</time>
      </trkpt>
      <trkpt lat="48.26102" lon="-4.61897">
        <ele>41</ele>
        <time>2026-06-23T14:37:19+00:00</time>
      </trkpt>
      <trkpt lat="48.26115" lon="-4.61865">
        <ele>40</ele>
        <time>2026-06-23T14:37:22+00:00</time>
      </trkpt>
      <trkpt lat="48.26141" lon="-4.61824">
        <ele>40</ele>
        <time>2026-06-23T14:37:25+00:00</time>
      </trkpt>
      <trkpt lat="48.26151" lon="-4.61777">
        <ele>32</ele>
        <time>2026-06-23T14:37:28+00:00</time>
      </trkpt>
      <trkpt lat="48.26151" lon="-4.61765">
        <ele>32</ele>
        <time>2026-06-23T14:37:31+00:00</time>
      </trkpt>
      <trkpt lat="48.2616" lon="-4.61737">
        <ele>29</ele>
        <time>2026-06-23T14:37:34+00:00</time>
      </trkpt>
      <trkpt lat="48.26163" lon="-4.61693">
        <ele>26</ele>
        <time>2026-06-23T14:37:37+00:00</time>
      </trkpt>
      <trkpt lat="48.26177" lon="-4.6166">
        <ele>24</ele>
        <time>2026-06-23T14:37:40+00:00</time>
      </trkpt>
      <trkpt lat="48.26174" lon="-4.61648">
        <ele>22</ele>
        <time>2026-06-23T14:37:43+00:00</time>
      </trkpt>
      <trkpt lat="48.26178" lon="-4.61613">
        <ele>21</ele>
        <time>2026-06-23T14:37:46+00:00</time>
      </trkpt>
      <trkpt lat="48.26181" lon="-4.61547">
        <ele>18</ele>
        <time>2026-06-23T14:37:49+00:00</time>
      </trkpt>
      <trkpt lat="48.26187" lon="-4.61535">
        <ele>17</ele>
        <time>2026-06-23T14:37:52+00:00</time>
      </trkpt>
      <trkpt lat="48.262" lon="-4.61519">
        <ele>17</ele>
        <time>2026-06-23T14:37:55+00:00</time>
      </trkpt>
      <trkpt lat="48.26204" lon="-4.61511">
        <ele>18</ele>
        <time>2026-06-23T14:37:58+00:00</time>
      </trkpt>
      <trkpt lat="48.26197" lon="-4.61496">
        <ele>16</ele>
        <time>2026-06-23T14:38:01+00:00</time>
      </trkpt>
      <trkpt lat="48.26197" lon="-4.61472">
        <ele>15</ele>
        <time>2026-06-23T14:38:04+00:00</time>
      </trkpt>
      <trkpt lat="48.26203" lon="-4.61442">
        <ele>15</ele>
        <time>2026-06-23T14:38:07+00:00</time>
      </trkpt>
      <trkpt lat="48.26213" lon="-4.61412">
        <ele>14</ele>
        <time>2026-06-23T14:38:10+00:00</time>
      </trkpt>
      <trkpt lat="48.26213" lon="-4.61402">
        <ele>14</ele>
        <time>2026-06-23T14:38:13+00:00</time>
      </trkpt>
      <trkpt lat="48.26219" lon="-4.61372">
        <ele>13</ele>
        <time>2026-06-23T14:38:16+00:00</time>
      </trkpt>
      <trkpt lat="48.26226" lon="-4.61336">
        <ele>10</ele>
        <time>2026-06-23T14:38:19+00:00</time>
      </trkpt>
      <trkpt lat="48.26227" lon="-4.6131">
        <ele>5</ele>
        <time>2026-06-23T14:38:22+00:00</time>
      </trkpt>
      <trkpt lat="48.26226" lon="-4.61289">
        <ele>4</ele>
        <time>2026-06-23T14:38:25+00:00</time>
      </trkpt>
      <trkpt lat="48.26225" lon="-4.61268">
        <ele>4</ele>
        <time>2026-06-23T14:38:28+00:00</time>
      </trkpt>
      <trkpt lat="48.26227" lon="-4.61259">
        <ele>4</ele>
        <time>2026-06-23T14:38:31+00:00</time>
      </trkpt>
      <trkpt lat="48.2623" lon="-4.61257">
        <ele>4</ele>
        <time>2026-06-23T14:38:34+00:00</time>
      </trkpt>
      <trkpt lat="48.26227" lon="-4.61245">
        <ele>4</ele>
        <time>2026-06-23T14:38:37+00:00</time>
      </trkpt>
      <trkpt lat="48.26233" lon="-4.61242">
        <ele>7</ele>
        <time>2026-06-23T14:38:40+00:00</time>
      </trkpt>
      <trkpt lat="48.26233" lon="-4.61228">
        <ele>8</ele>
        <time>2026-06-23T14:38:43+00:00</time>
      </trkpt>
      <trkpt lat="48.2623" lon="-4.61221">
        <ele>5</ele>
        <time>2026-06-23T14:38:46+00:00</time>
      </trkpt>
      <trkpt lat="48.2622" lon="-4.61188">
        <ele>9</ele>
        <time>2026-06-23T14:38:49+00:00</time>
      </trkpt>
      <trkpt lat="48.26208" lon="-4.61148">
        <ele>13</ele>
        <time>2026-06-23T14:38:52+00:00</time>
      </trkpt>
      <trkpt lat="48.26209" lon="-4.61107">
        <ele>12</ele>
        <time>2026-06-23T14:38:55+00:00</time>
      </trkpt>
      <trkpt lat="48.26203" lon="-4.61071">
        <ele>12</ele>
        <time>2026-06-23T14:38:58+00:00</time>
      </trkpt>
      <trkpt lat="48.26197" lon="-4.61059">
        <ele>10</ele>
        <time>2026-06-23T14:39:01+00:00</time>
      </trkpt>
      <trkpt lat="48.2618" lon="-4.61043">
        <ele>11</ele>
        <time>2026-06-23T14:39:04+00:00</time>
      </trkpt>
      <trkpt lat="48.26173" lon="-4.61019">
        <ele>15</ele>
        <time>2026-06-23T14:39:07+00:00</time>
      </trkpt>
      <trkpt lat="48.26172" lon="-4.61008">
        <ele>11</ele>
        <time>2026-06-23T14:39:10+00:00</time>
      </trkpt>
      <trkpt lat="48.26179" lon="-4.60996">
        <ele>11</ele>
        <time>2026-06-23T14:39:13+00:00</time>
      </trkpt>
      <trkpt lat="48.26183" lon="-4.60982">
        <ele>22</ele>
        <time>2026-06-23T14:39:16+00:00</time>
      </trkpt>
      <trkpt lat="48.26182" lon="-4.60965">
        <ele>21</ele>
        <time>2026-06-23T14:39:19+00:00</time>
      </trkpt>
      <trkpt lat="48.26176" lon="-4.60938">
        <ele>23</ele>
        <time>2026-06-23T14:39:22+00:00</time>
      </trkpt>
      <trkpt lat="48.2617" lon="-4.60907">
        <ele>30</ele>
        <time>2026-06-23T14:39:25+00:00</time>
      </trkpt>
      <trkpt lat="48.26166" lon="-4.60872">
        <ele>33</ele>
        <time>2026-06-23T14:39:28+00:00</time>
      </trkpt>
      <trkpt lat="48.26161" lon="-4.60832">
        <ele>35</ele>
        <time>2026-06-23T14:39:31+00:00</time>
      </trkpt>
      <trkpt lat="48.26165" lon="-4.60799">
        <ele>35</ele>
        <time>2026-06-23T14:39:34+00:00</time>
      </trkpt>
      <trkpt lat="48.26155" lon="-4.60771">
        <ele>35</ele>
        <time>2026-06-23T14:39:37+00:00</time>
      </trkpt>
      <trkpt lat="48.26156" lon="-4.60752">
        <ele>36</ele>
        <time>2026-06-23T14:39:40+00:00</time>
      </trkpt>
      <trkpt lat="48.26152" lon="-4.60726">
        <ele>37</ele>
        <time>2026-06-23T14:39:43+00:00</time>
      </trkpt>
      <trkpt lat="48.26145" lon="-4.60691">
        <ele>39</ele>
        <time>2026-06-23T14:39:46+00:00</time>
      </trkpt>
      <trkpt lat="48.26136" lon="-4.60649">
        <ele>39</ele>
        <time>2026-06-23T14:39:49+00:00</time>
      </trkpt>
      <trkpt lat="48.26136" lon="-4.60593">
        <ele>39</ele>
        <time>2026-06-23T14:39:52+00:00</time>
      </trkpt>
      <trkpt lat="48.26137" lon="-4.60536">
        <ele>37</ele>
        <time>2026-06-23T14:39:55+00:00</time>
      </trkpt>
      <trkpt lat="48.26137" lon="-4.6048">
        <ele>37</ele>
        <time>2026-06-23T14:39:58+00:00</time>
      </trkpt>
      <trkpt lat="48.26138" lon="-4.60423">
        <ele>35</ele>
        <time>2026-06-23T14:40:01+00:00</time>
      </trkpt>
      <trkpt lat="48.26138" lon="-4.60367">
        <ele>33</ele>
        <time>2026-06-23T14:40:04+00:00</time>
      </trkpt>
      <trkpt lat="48.26138" lon="-4.60333">
        <ele>31</ele>
        <time>2026-06-23T14:40:07+00:00</time>
      </trkpt>
      <trkpt lat="48.26139" lon="-4.60298">
        <ele>31</ele>
        <time>2026-06-23T14:40:10+00:00</time>
      </trkpt>
      <trkpt lat="48.26145" lon="-4.6029">
        <ele>31</ele>
        <time>2026-06-23T14:40:13+00:00</time>
      </trkpt>
      <trkpt lat="48.26148" lon="-4.60271">
        <ele>31</ele>
        <time>2026-06-23T14:40:16+00:00</time>
      </trkpt>
      <trkpt lat="48.26154" lon="-4.60268">
        <ele>31</ele>
        <time>2026-06-23T14:40:19+00:00</time>
      </trkpt>
      <trkpt lat="48.26152" lon="-4.60231">
        <ele>30</ele>
        <time>2026-06-23T14:40:22+00:00</time>
      </trkpt>
      <trkpt lat="48.26132" lon="-4.60182">
        <ele>28</ele>
        <time>2026-06-23T14:40:25+00:00</time>
      </trkpt>
      <trkpt lat="48.26126" lon="-4.60177">
        <ele>29</ele>
        <time>2026-06-23T14:40:28+00:00</time>
      </trkpt>
      <trkpt lat="48.26119" lon="-4.60177">
        <ele>29</ele>
        <time>2026-06-23T14:40:31+00:00</time>
      </trkpt>
      <trkpt lat="48.261" lon="-4.60188">
        <ele>29</ele>
        <time>2026-06-23T14:40:34+00:00</time>
      </trkpt>
      <trkpt lat="48.26074" lon="-4.60203">
        <ele>31</ele>
        <time>2026-06-23T14:40:37+00:00</time>
      </trkpt>
      <trkpt lat="48.26044" lon="-4.60212">
        <ele>36</ele>
        <time>2026-06-23T14:40:40+00:00</time>
      </trkpt>
      <trkpt lat="48.26037" lon="-4.60212">
        <ele>37</ele>
        <time>2026-06-23T14:40:43+00:00</time>
      </trkpt>
      <trkpt lat="48.26019" lon="-4.60192">
        <ele>39</ele>
        <time>2026-06-23T14:40:46+00:00</time>
      </trkpt>
      <trkpt lat="48.25997" lon="-4.60177">
        <ele>42</ele>
        <time>2026-06-23T14:40:49+00:00</time>
      </trkpt>
      <trkpt lat="48.25984" lon="-4.60175">
        <ele>42</ele>
        <time>2026-06-23T14:40:52+00:00</time>
      </trkpt>
      <trkpt lat="48.25956" lon="-4.60161">
        <ele>44</ele>
        <time>2026-06-23T14:40:55+00:00</time>
      </trkpt>
      <trkpt lat="48.25938" lon="-4.60135">
        <ele>45</ele>
        <time>2026-06-23T14:40:58+00:00</time>
      </trkpt>
      <trkpt lat="48.25926" lon="-4.60123">
        <ele>47</ele>
        <time>2026-06-23T14:41:01+00:00</time>
      </trkpt>
      <trkpt lat="48.25897" lon="-4.60111">
        <ele>54</ele>
        <time>2026-06-23T14:41:04+00:00</time>
      </trkpt>
      <trkpt lat="48.25885" lon="-4.60102">
        <ele>56</ele>
        <time>2026-06-23T14:41:07+00:00</time>
      </trkpt>
      <trkpt lat="48.2587" lon="-4.60076">
        <ele>55</ele>
        <time>2026-06-23T14:41:10+00:00</time>
      </trkpt>
      <trkpt lat="48.25844" lon="-4.60032">
        <ele>54</ele>
        <time>2026-06-23T14:41:13+00:00</time>
      </trkpt>
      <trkpt lat="48.25825" lon="-4.60012">
        <ele>57</ele>
        <time>2026-06-23T14:41:16+00:00</time>
      </trkpt>
      <trkpt lat="48.25804" lon="-4.59991">
        <ele>61</ele>
        <time>2026-06-23T14:41:19+00:00</time>
      </trkpt>
      <trkpt lat="48.25798" lon="-4.59987">
        <ele>60</ele>
        <time>2026-06-23T14:41:22+00:00</time>
      </trkpt>
      <trkpt lat="48.25793" lon="-4.59985">
        <ele>60</ele>
        <time>2026-06-23T14:41:25+00:00</time>
      </trkpt>
      <trkpt lat="48.25777" lon="-4.59953">
        <ele>62</ele>
        <time>2026-06-23T14:41:28+00:00</time>
      </trkpt>
      <trkpt lat="48.25761" lon="-4.59921">
        <ele>62</ele>
        <time>2026-06-23T14:41:31+00:00</time>
      </trkpt>
      <trkpt lat="48.25743" lon="-4.59884">
        <ele>62</ele>
        <time>2026-06-23T14:41:34+00:00</time>
      </trkpt>
      <trkpt lat="48.25732" lon="-4.59846">
        <ele>62</ele>
        <time>2026-06-23T14:41:37+00:00</time>
      </trkpt>
      <trkpt lat="48.25714" lon="-4.59782">
        <ele>61</ele>
        <time>2026-06-23T14:41:40+00:00</time>
      </trkpt>
      <trkpt lat="48.25703" lon="-4.59727">
        <ele>60</ele>
        <time>2026-06-23T14:41:43+00:00</time>
      </trkpt>
      <trkpt lat="48.25689" lon="-4.59677">
        <ele>58</ele>
        <time>2026-06-23T14:41:46+00:00</time>
      </trkpt>
      <trkpt lat="48.25665" lon="-4.59621">
        <ele>58</ele>
        <time>2026-06-23T14:41:49+00:00</time>
      </trkpt>
      <trkpt lat="48.2564" lon="-4.59579">
        <ele>57</ele>
        <time>2026-06-23T14:41:52+00:00</time>
      </trkpt>
      <trkpt lat="48.25614" lon="-4.5956">
        <ele>57</ele>
        <time>2026-06-23T14:41:55+00:00</time>
      </trkpt>
      <trkpt lat="48.25566" lon="-4.59525">
        <ele>57</ele>
        <time>2026-06-23T14:41:58+00:00</time>
      </trkpt>
      <trkpt lat="48.25553" lon="-4.59513">
        <ele>56</ele>
        <time>2026-06-23T14:42:01+00:00</time>
      </trkpt>
      <trkpt lat="48.2554" lon="-4.59497">
        <ele>56</ele>
        <time>2026-06-23T14:42:04+00:00</time>
      </trkpt>
      <trkpt lat="48.25526" lon="-4.59478">
        <ele>56</ele>
        <time>2026-06-23T14:42:07+00:00</time>
      </trkpt>
      <trkpt lat="48.25512" lon="-4.59466">
        <ele>56</ele>
        <time>2026-06-23T14:42:10+00:00</time>
      </trkpt>
      <trkpt lat="48.25489" lon="-4.59466">
        <ele>59</ele>
        <time>2026-06-23T14:42:13+00:00</time>
      </trkpt>
      <trkpt lat="48.25466" lon="-4.59469">
        <ele>59</ele>
        <time>2026-06-23T14:42:16+00:00</time>
      </trkpt>
      <trkpt lat="48.2544" lon="-4.59473">
        <ele>60</ele>
        <time>2026-06-23T14:42:19+00:00</time>
      </trkpt>
      <trkpt lat="48.25397" lon="-4.59471">
        <ele>61</ele>
        <time>2026-06-23T14:42:22+00:00</time>
      </trkpt>
      <trkpt lat="48.25372" lon="-4.59476">
        <ele>62</ele>
        <time>2026-06-23T14:42:25+00:00</time>
      </trkpt>
      <trkpt lat="48.25339" lon="-4.59483">
        <ele>63</ele>
        <time>2026-06-23T14:42:28+00:00</time>
      </trkpt>
      <trkpt lat="48.2532" lon="-4.59478">
        <ele>63</ele>
        <time>2026-06-23T14:42:31+00:00</time>
      </trkpt>
      <trkpt lat="48.25307" lon="-4.59464">
        <ele>63</ele>
        <time>2026-06-23T14:42:34+00:00</time>
      </trkpt>
      <trkpt lat="48.253" lon="-4.59443">
        <ele>63</ele>
        <time>2026-06-23T14:42:37+00:00</time>
      </trkpt>
      <trkpt lat="48.25299" lon="-4.59431">
        <ele>63</ele>
        <time>2026-06-23T14:42:40+00:00</time>
      </trkpt>
      <trkpt lat="48.25304" lon="-4.59403">
        <ele>63</ele>
        <time>2026-06-23T14:42:43+00:00</time>
      </trkpt>
      <trkpt lat="48.2532" lon="-4.59368">
        <ele>61</ele>
        <time>2026-06-23T14:42:46+00:00</time>
      </trkpt>
      <trkpt lat="48.25334" lon="-4.59339">
        <ele>60</ele>
        <time>2026-06-23T14:42:49+00:00</time>
      </trkpt>
      <trkpt lat="48.25349" lon="-4.59307">
        <ele>58</ele>
        <time>2026-06-23T14:42:52+00:00</time>
      </trkpt>
      <trkpt lat="48.25362" lon="-4.59276">
        <ele>57</ele>
        <time>2026-06-23T14:42:55+00:00</time>
      </trkpt>
      <trkpt lat="48.25379" lon="-4.59236">
        <ele>56</ele>
        <time>2026-06-23T14:42:58+00:00</time>
      </trkpt>
      <trkpt lat="48.25388" lon="-4.59206">
        <ele>55</ele>
        <time>2026-06-23T14:43:01+00:00</time>
      </trkpt>
      <trkpt lat="48.25395" lon="-4.59166">
        <ele>55</ele>
        <time>2026-06-23T14:43:04+00:00</time>
      </trkpt>
      <trkpt lat="48.25396" lon="-4.59152">
        <ele>55</ele>
        <time>2026-06-23T14:43:07+00:00</time>
      </trkpt>
      <trkpt lat="48.25396" lon="-4.59114">
        <ele>54</ele>
        <time>2026-06-23T14:43:10+00:00</time>
      </trkpt>
      <trkpt lat="48.25395" lon="-4.5908">
        <ele>54</ele>
        <time>2026-06-23T14:43:13+00:00</time>
      </trkpt>
      <trkpt lat="48.25395" lon="-4.59046">
        <ele>54</ele>
        <time>2026-06-23T14:43:16+00:00</time>
      </trkpt>
      <trkpt lat="48.25397" lon="-4.59004">
        <ele>54</ele>
        <time>2026-06-23T14:43:19+00:00</time>
      </trkpt>
      <trkpt lat="48.25402" lon="-4.58976">
        <ele>53</ele>
        <time>2026-06-23T14:43:22+00:00</time>
      </trkpt>
      <trkpt lat="48.25419" lon="-4.58916">
        <ele>53</ele>
        <time>2026-06-23T14:43:25+00:00</time>
      </trkpt>
      <trkpt lat="48.25423" lon="-4.58894">
        <ele>53</ele>
        <time>2026-06-23T14:43:28+00:00</time>
      </trkpt>
      <trkpt lat="48.25424" lon="-4.58868">
        <ele>53</ele>
        <time>2026-06-23T14:43:31+00:00</time>
      </trkpt>
      <trkpt lat="48.25421" lon="-4.58821">
        <ele>54</ele>
        <time>2026-06-23T14:43:34+00:00</time>
      </trkpt>
      <trkpt lat="48.25421" lon="-4.58785">
        <ele>54</ele>
        <time>2026-06-23T14:43:37+00:00</time>
      </trkpt>
      <trkpt lat="48.2542" lon="-4.58744">
        <ele>54</ele>
        <time>2026-06-23T14:43:40+00:00</time>
      </trkpt>
      <trkpt lat="48.25409" lon="-4.5871">
        <ele>50</ele>
        <time>2026-06-23T14:43:43+00:00</time>
      </trkpt>
      <trkpt lat="48.25394" lon="-4.58667">
        <ele>50</ele>
        <time>2026-06-23T14:43:46+00:00</time>
      </trkpt>
      <trkpt lat="48.25392" lon="-4.58652">
        <ele>49</ele>
        <time>2026-06-23T14:43:49+00:00</time>
      </trkpt>
      <trkpt lat="48.25391" lon="-4.58626">
        <ele>50</ele>
        <time>2026-06-23T14:43:52+00:00</time>
      </trkpt>
      <trkpt lat="48.25393" lon="-4.58603">
        <ele>52</ele>
        <time>2026-06-23T14:43:55+00:00</time>
      </trkpt>
      <trkpt lat="48.25388" lon="-4.58561">
        <ele>53</ele>
        <time>2026-06-23T14:43:58+00:00</time>
      </trkpt>
      <trkpt lat="48.25383" lon="-4.58519">
        <ele>55</ele>
        <time>2026-06-23T14:44:01+00:00</time>
      </trkpt>
      <trkpt lat="48.25375" lon="-4.58448">
        <ele>57</ele>
        <time>2026-06-23T14:44:04+00:00</time>
      </trkpt>
      <trkpt lat="48.25367" lon="-4.5841">
        <ele>57</ele>
        <time>2026-06-23T14:44:07+00:00</time>
      </trkpt>
      <trkpt lat="48.25356" lon="-4.58356">
        <ele>57</ele>
        <time>2026-06-23T14:44:10+00:00</time>
      </trkpt>
      <trkpt lat="48.25349" lon="-4.58335">
        <ele>57</ele>
        <time>2026-06-23T14:44:13+00:00</time>
      </trkpt>
      <trkpt lat="48.25335" lon="-4.58313">
        <ele>59</ele>
        <time>2026-06-23T14:44:16+00:00</time>
      </trkpt>
      <trkpt lat="48.25315" lon="-4.5828">
        <ele>59</ele>
        <time>2026-06-23T14:44:19+00:00</time>
      </trkpt>
      <trkpt lat="48.25294" lon="-4.58257">
        <ele>59</ele>
        <time>2026-06-23T14:44:22+00:00</time>
      </trkpt>
      <trkpt lat="48.25263" lon="-4.58223">
        <ele>59</ele>
        <time>2026-06-23T14:44:25+00:00</time>
      </trkpt>
      <trkpt lat="48.25246" lon="-4.58192">
        <ele>58</ele>
        <time>2026-06-23T14:44:28+00:00</time>
      </trkpt>
      <trkpt lat="48.25244" lon="-4.58181">
        <ele>58</ele>
        <time>2026-06-23T14:44:31+00:00</time>
      </trkpt>
      <trkpt lat="48.25248" lon="-4.58148">
        <ele>57</ele>
        <time>2026-06-23T14:44:34+00:00</time>
      </trkpt>
      <trkpt lat="48.2525" lon="-4.5811">
        <ele>55</ele>
        <time>2026-06-23T14:44:37+00:00</time>
      </trkpt>
      <trkpt lat="48.25256" lon="-4.58091">
        <ele>55</ele>
        <time>2026-06-23T14:44:40+00:00</time>
      </trkpt>
      <trkpt lat="48.25276" lon="-4.58061">
        <ele>54</ele>
        <time>2026-06-23T14:44:43+00:00</time>
      </trkpt>
      <trkpt lat="48.25296" lon="-4.58032">
        <ele>54</ele>
        <time>2026-06-23T14:44:46+00:00</time>
      </trkpt>
      <trkpt lat="48.25327" lon="-4.57986">
        <ele>53</ele>
        <time>2026-06-23T14:44:49+00:00</time>
      </trkpt>
      <trkpt lat="48.25344" lon="-4.57957">
        <ele>53</ele>
        <time>2026-06-23T14:44:52+00:00</time>
      </trkpt>
      <trkpt lat="48.25366" lon="-4.57918">
        <ele>51</ele>
        <time>2026-06-23T14:44:55+00:00</time>
      </trkpt>
      <trkpt lat="48.25388" lon="-4.57893">
        <ele>51</ele>
        <time>2026-06-23T14:44:58+00:00</time>
      </trkpt>
      <trkpt lat="48.25423" lon="-4.57854">
        <ele>52</ele>
        <time>2026-06-23T14:45:01+00:00</time>
      </trkpt>
      <trkpt lat="48.25446" lon="-4.57824">
        <ele>52</ele>
        <time>2026-06-23T14:45:04+00:00</time>
      </trkpt>
      <trkpt lat="48.2548" lon="-4.57786">
        <ele>52</ele>
        <time>2026-06-23T14:45:07+00:00</time>
      </trkpt>
      <trkpt lat="48.25501" lon="-4.57756">
        <ele>52</ele>
        <time>2026-06-23T14:45:10+00:00</time>
      </trkpt>
      <trkpt lat="48.25523" lon="-4.57718">
        <ele>49</ele>
        <time>2026-06-23T14:45:13+00:00</time>
      </trkpt>
      <trkpt lat="48.25536" lon="-4.57686">
        <ele>46</ele>
        <time>2026-06-23T14:45:16+00:00</time>
      </trkpt>
      <trkpt lat="48.25554" lon="-4.57643">
        <ele>46</ele>
        <time>2026-06-23T14:45:19+00:00</time>
      </trkpt>
      <trkpt lat="48.25565" lon="-4.5761">
        <ele>45</ele>
        <time>2026-06-23T14:45:22+00:00</time>
      </trkpt>
      <trkpt lat="48.25571" lon="-4.57573">
        <ele>45</ele>
        <time>2026-06-23T14:45:25+00:00</time>
      </trkpt>
      <trkpt lat="48.25577" lon="-4.57514">
        <ele>44</ele>
        <time>2026-06-23T14:45:28+00:00</time>
      </trkpt>
      <trkpt lat="48.25583" lon="-4.57499">
        <ele>46</ele>
        <time>2026-06-23T14:45:31+00:00</time>
      </trkpt>
      <trkpt lat="48.25568" lon="-4.57481">
        <ele>44</ele>
        <time>2026-06-23T14:45:34+00:00</time>
      </trkpt>
      <trkpt lat="48.25552" lon="-4.57457">
        <ele>44</ele>
        <time>2026-06-23T14:45:37+00:00</time>
      </trkpt>
      <trkpt lat="48.25537" lon="-4.57432">
        <ele>41</ele>
        <time>2026-06-23T14:45:40+00:00</time>
      </trkpt>
      <trkpt lat="48.25524" lon="-4.5739">
        <ele>41</ele>
        <time>2026-06-23T14:45:43+00:00</time>
      </trkpt>
      <trkpt lat="48.255" lon="-4.57343">
        <ele>41</ele>
        <time>2026-06-23T14:45:46+00:00</time>
      </trkpt>
      <trkpt lat="48.2549" lon="-4.57306">
        <ele>41</ele>
        <time>2026-06-23T14:45:49+00:00</time>
      </trkpt>
      <trkpt lat="48.25477" lon="-4.57253">
        <ele>42</ele>
        <time>2026-06-23T14:45:52+00:00</time>
      </trkpt>
      <trkpt lat="48.25472" lon="-4.57212">
        <ele>42</ele>
        <time>2026-06-23T14:45:55+00:00</time>
      </trkpt>
      <trkpt lat="48.25465" lon="-4.57146">
        <ele>42</ele>
        <time>2026-06-23T14:45:58+00:00</time>
      </trkpt>
      <trkpt lat="48.2547" lon="-4.57108">
        <ele>43</ele>
        <time>2026-06-23T14:46:01+00:00</time>
      </trkpt>
      <trkpt lat="48.25478" lon="-4.57075">
        <ele>45</ele>
        <time>2026-06-23T14:46:04+00:00</time>
      </trkpt>
      <trkpt lat="48.25486" lon="-4.5704">
        <ele>45</ele>
        <time>2026-06-23T14:46:07+00:00</time>
      </trkpt>
      <trkpt lat="48.25498" lon="-4.57003">
        <ele>46</ele>
        <time>2026-06-23T14:46:10+00:00</time>
      </trkpt>
      <trkpt lat="48.25512" lon="-4.56972">
        <ele>46</ele>
        <time>2026-06-23T14:46:13+00:00</time>
      </trkpt>
      <trkpt lat="48.2553" lon="-4.56932">
        <ele>46</ele>
        <time>2026-06-23T14:46:16+00:00</time>
      </trkpt>
      <trkpt lat="48.2555" lon="-4.569">
        <ele>46</ele>
        <time>2026-06-23T14:46:19+00:00</time>
      </trkpt>
      <trkpt lat="48.25568" lon="-4.56846">
        <ele>46</ele>
        <time>2026-06-23T14:46:22+00:00</time>
      </trkpt>
      <trkpt lat="48.25576" lon="-4.56815">
        <ele>44</ele>
        <time>2026-06-23T14:46:25+00:00</time>
      </trkpt>
      <trkpt lat="48.25579" lon="-4.56796">
        <ele>43</ele>
        <time>2026-06-23T14:46:28+00:00</time>
      </trkpt>
      <trkpt lat="48.2558" lon="-4.56768">
        <ele>42</ele>
        <time>2026-06-23T14:46:31+00:00</time>
      </trkpt>
      <trkpt lat="48.25581" lon="-4.56733">
        <ele>42</ele>
        <time>2026-06-23T14:46:34+00:00</time>
      </trkpt>
      <trkpt lat="48.25579" lon="-4.567">
        <ele>39</ele>
        <time>2026-06-23T14:46:37+00:00</time>
      </trkpt>
      <trkpt lat="48.25572" lon="-4.56658">
        <ele>37</ele>
        <time>2026-06-23T14:46:40+00:00</time>
      </trkpt>
      <trkpt lat="48.25575" lon="-4.56602">
        <ele>35</ele>
        <time>2026-06-23T14:46:43+00:00</time>
      </trkpt>
      <trkpt lat="48.25573" lon="-4.56573">
        <ele>33</ele>
        <time>2026-06-23T14:46:46+00:00</time>
      </trkpt>
      <trkpt lat="48.25582" lon="-4.56541">
        <ele>32</ele>
        <time>2026-06-23T14:46:49+00:00</time>
      </trkpt>
      <trkpt lat="48.25597" lon="-4.56515">
        <ele>31</ele>
        <time>2026-06-23T14:46:52+00:00</time>
      </trkpt>
      <trkpt lat="48.25607" lon="-4.56476">
        <ele>28</ele>
        <time>2026-06-23T14:46:55+00:00</time>
      </trkpt>
      <trkpt lat="48.25624" lon="-4.56414">
        <ele>26</ele>
        <time>2026-06-23T14:46:58+00:00</time>
      </trkpt>
      <trkpt lat="48.25624" lon="-4.56381">
        <ele>23</ele>
        <time>2026-06-23T14:47:01+00:00</time>
      </trkpt>
      <trkpt lat="48.25634" lon="-4.56327">
        <ele>19</ele>
        <time>2026-06-23T14:47:04+00:00</time>
      </trkpt>
      <trkpt lat="48.25648" lon="-4.56304">
        <ele>17</ele>
        <time>2026-06-23T14:47:07+00:00</time>
      </trkpt>
      <trkpt lat="48.25653" lon="-4.5629">
        <ele>17</ele>
        <time>2026-06-23T14:47:10+00:00</time>
      </trkpt>
      <trkpt lat="48.25675" lon="-4.56261">
        <ele>15</ele>
        <time>2026-06-23T14:47:13+00:00</time>
      </trkpt>
      <trkpt lat="48.25686" lon="-4.56196">
        <ele>12</ele>
        <time>2026-06-23T14:47:16+00:00</time>
      </trkpt>
      <trkpt lat="48.25689" lon="-4.56186">
        <ele>10</ele>
        <time>2026-06-23T14:47:19+00:00</time>
      </trkpt>
      <trkpt lat="48.25707" lon="-4.56155">
        <ele>10</ele>
        <time>2026-06-23T14:47:22+00:00</time>
      </trkpt>
      <trkpt lat="48.25742" lon="-4.56093">
        <ele>8</ele>
        <time>2026-06-23T14:47:25+00:00</time>
      </trkpt>
      <trkpt lat="48.25751" lon="-4.56095">
        <ele>8</ele>
        <time>2026-06-23T14:47:28+00:00</time>
      </trkpt>
      <trkpt lat="48.25757" lon="-4.56093">
        <ele>8</ele>
        <time>2026-06-23T14:47:31+00:00</time>
      </trkpt>
      <trkpt lat="48.25772" lon="-4.56081">
        <ele>8</ele>
        <time>2026-06-23T14:47:34+00:00</time>
      </trkpt>
      <trkpt lat="48.25809" lon="-4.56097">
        <ele>8</ele>
        <time>2026-06-23T14:47:37+00:00</time>
      </trkpt>
      <trkpt lat="48.25832" lon="-4.56105">
        <ele>8</ele>
        <time>2026-06-23T14:47:40+00:00</time>
      </trkpt>
      <trkpt lat="48.2586" lon="-4.56115">
        <ele>6</ele>
        <time>2026-06-23T14:47:43+00:00</time>
      </trkpt>
      <trkpt lat="48.25867" lon="-4.56093">
        <ele>3</ele>
        <time>2026-06-23T14:47:46+00:00</time>
      </trkpt>
      <trkpt lat="48.2588" lon="-4.56082">
        <ele>4</ele>
        <time>2026-06-23T14:47:49+00:00</time>
      </trkpt>
      <trkpt lat="48.25898" lon="-4.5605">
        <ele>4</ele>
        <time>2026-06-23T14:47:52+00:00</time>
      </trkpt>
      <trkpt lat="48.25925" lon="-4.56008">
        <ele>4</ele>
        <time>2026-06-23T14:47:55+00:00</time>
      </trkpt>
      <trkpt lat="48.25926" lon="-4.55955">
        <ele>5</ele>
        <time>2026-06-23T14:47:58+00:00</time>
      </trkpt>
      <trkpt lat="48.25927" lon="-4.55912">
        <ele>6</ele>
        <time>2026-06-23T14:48:01+00:00</time>
      </trkpt>
      <trkpt lat="48.25923" lon="-4.55905">
        <ele>6</ele>
        <time>2026-06-23T14:48:04+00:00</time>
      </trkpt>
      <trkpt lat="48.25921" lon="-4.55879">
        <ele>6</ele>
        <time>2026-06-23T14:48:07+00:00</time>
      </trkpt>
      <trkpt lat="48.25918" lon="-4.55849">
        <ele>6</ele>
        <time>2026-06-23T14:48:10+00:00</time>
      </trkpt>
      <trkpt lat="48.25907" lon="-4.55785">
        <ele>6</ele>
        <time>2026-06-23T14:48:13+00:00</time>
      </trkpt>
      <trkpt lat="48.25899" lon="-4.55755">
        <ele>5</ele>
        <time>2026-06-23T14:48:16+00:00</time>
      </trkpt>
      <trkpt lat="48.25885" lon="-4.55717">
        <ele>5</ele>
        <time>2026-06-23T14:48:19+00:00</time>
      </trkpt>
      <trkpt lat="48.25874" lon="-4.55685">
        <ele>5</ele>
        <time>2026-06-23T14:48:22+00:00</time>
      </trkpt>
      <trkpt lat="48.25861" lon="-4.55647">
        <ele>5</ele>
        <time>2026-06-23T14:48:25+00:00</time>
      </trkpt>
      <trkpt lat="48.25849" lon="-4.55617">
        <ele>5</ele>
        <time>2026-06-23T14:48:28+00:00</time>
      </trkpt>
      <trkpt lat="48.25835" lon="-4.55582">
        <ele>5</ele>
        <time>2026-06-23T14:48:31+00:00</time>
      </trkpt>
      <trkpt lat="48.25819" lon="-4.55567">
        <ele>5</ele>
        <time>2026-06-23T14:48:34+00:00</time>
      </trkpt>
      <trkpt lat="48.2581" lon="-4.55553">
        <ele>5</ele>
        <time>2026-06-23T14:48:37+00:00</time>
      </trkpt>
      <trkpt lat="48.258" lon="-4.55527">
        <ele>6</ele>
        <time>2026-06-23T14:48:40+00:00</time>
      </trkpt>
      <trkpt lat="48.25797" lon="-4.55513">
        <ele>10</ele>
        <time>2026-06-23T14:48:43+00:00</time>
      </trkpt>
      <trkpt lat="48.25797" lon="-4.55499">
        <ele>19</ele>
        <time>2026-06-23T14:48:46+00:00</time>
      </trkpt>
      <trkpt lat="48.25791" lon="-4.55494">
        <ele>19</ele>
        <time>2026-06-23T14:48:49+00:00</time>
      </trkpt>
      <trkpt lat="48.25766" lon="-4.5548">
        <ele>25</ele>
        <time>2026-06-23T14:48:52+00:00</time>
      </trkpt>
      <trkpt lat="48.25747" lon="-4.55459">
        <ele>30</ele>
        <time>2026-06-23T14:48:55+00:00</time>
      </trkpt>
      <trkpt lat="48.25723" lon="-4.55422">
        <ele>21</ele>
        <time>2026-06-23T14:48:58+00:00</time>
      </trkpt>
      <trkpt lat="48.25714" lon="-4.55393">
        <ele>19</ele>
        <time>2026-06-23T14:49:01+00:00</time>
      </trkpt>
      <trkpt lat="48.25699" lon="-4.55356">
        <ele>28</ele>
        <time>2026-06-23T14:49:04+00:00</time>
      </trkpt>
      <trkpt lat="48.25686" lon="-4.55328">
        <ele>30</ele>
        <time>2026-06-23T14:49:07+00:00</time>
      </trkpt>
      <trkpt lat="48.25677" lon="-4.55316">
        <ele>21</ele>
        <time>2026-06-23T14:49:10+00:00</time>
      </trkpt>
      <trkpt lat="48.25668" lon="-4.55297">
        <ele>29</ele>
        <time>2026-06-23T14:49:13+00:00</time>
      </trkpt>
      <trkpt lat="48.25657" lon="-4.55283">
        <ele>28</ele>
        <time>2026-06-23T14:49:16+00:00</time>
      </trkpt>
      <trkpt lat="48.25642" lon="-4.5527">
        <ele>29</ele>
        <time>2026-06-23T14:49:19+00:00</time>
      </trkpt>
      <trkpt lat="48.25626" lon="-4.55255">
        <ele>30</ele>
        <time>2026-06-23T14:49:22+00:00</time>
      </trkpt>
      <trkpt lat="48.25611" lon="-4.55236">
        <ele>28</ele>
        <time>2026-06-23T14:49:25+00:00</time>
      </trkpt>
      <trkpt lat="48.25605" lon="-4.55227">
        <ele>19</ele>
        <time>2026-06-23T14:49:28+00:00</time>
      </trkpt>
      <trkpt lat="48.25602" lon="-4.55213">
        <ele>29</ele>
        <time>2026-06-23T14:49:31+00:00</time>
      </trkpt>
      <trkpt lat="48.25583" lon="-4.5518">
        <ele>26</ele>
        <time>2026-06-23T14:49:34+00:00</time>
      </trkpt>
      <trkpt lat="48.2558" lon="-4.55166">
        <ele>17</ele>
        <time>2026-06-23T14:49:37+00:00</time>
      </trkpt>
      <trkpt lat="48.25575" lon="-4.55124">
        <ele>30</ele>
        <time>2026-06-23T14:49:40+00:00</time>
      </trkpt>
      <trkpt lat="48.2557" lon="-4.55083">
        <ele>34</ele>
        <time>2026-06-23T14:49:43+00:00</time>
      </trkpt>
      <trkpt lat="48.25564" lon="-4.5503">
        <ele>29</ele>
        <time>2026-06-23T14:49:46+00:00</time>
      </trkpt>
      <trkpt lat="48.25565" lon="-4.55004">
        <ele>35</ele>
        <time>2026-06-23T14:49:49+00:00</time>
      </trkpt>
      <trkpt lat="48.25558" lon="-4.54976">
        <ele>28</ele>
        <time>2026-06-23T14:49:52+00:00</time>
      </trkpt>
      <trkpt lat="48.25548" lon="-4.54934">
        <ele>28</ele>
        <time>2026-06-23T14:49:55+00:00</time>
      </trkpt>
      <trkpt lat="48.25543" lon="-4.54927">
        <ele>30</ele>
        <time>2026-06-23T14:49:58+00:00</time>
      </trkpt>
      <trkpt lat="48.25542" lon="-4.54917">
        <ele>30</ele>
        <time>2026-06-23T14:50:01+00:00</time>
      </trkpt>
      <trkpt lat="48.25551" lon="-4.54894">
        <ele>27</ele>
        <time>2026-06-23T14:50:04+00:00</time>
      </trkpt>
      <trkpt lat="48.25554" lon="-4.54861">
        <ele>27</ele>
        <time>2026-06-23T14:50:07+00:00</time>
      </trkpt>
      <trkpt lat="48.25541" lon="-4.54814">
        <ele>24</ele>
        <time>2026-06-23T14:50:10+00:00</time>
      </trkpt>
      <trkpt lat="48.25535" lon="-4.54781">
        <ele>22</ele>
        <time>2026-06-23T14:50:13+00:00</time>
      </trkpt>
      <trkpt lat="48.25529" lon="-4.54745">
        <ele>21</ele>
        <time>2026-06-23T14:50:16+00:00</time>
      </trkpt>
      <trkpt lat="48.25526" lon="-4.54739">
        <ele>18</ele>
        <time>2026-06-23T14:50:19+00:00</time>
      </trkpt>
      <trkpt lat="48.25515" lon="-4.54726">
        <ele>21</ele>
        <time>2026-06-23T14:50:22+00:00</time>
      </trkpt>
      <trkpt lat="48.255" lon="-4.5472">
        <ele>19</ele>
        <time>2026-06-23T14:50:25+00:00</time>
      </trkpt>
      <trkpt lat="48.25485" lon="-4.54729">
        <ele>16</ele>
        <time>2026-06-23T14:50:28+00:00</time>
      </trkpt>
      <trkpt lat="48.2547" lon="-4.54739">
        <ele>13</ele>
        <time>2026-06-23T14:50:31+00:00</time>
      </trkpt>
      <trkpt lat="48.25462" lon="-4.54751">
        <ele>11</ele>
        <time>2026-06-23T14:50:34+00:00</time>
      </trkpt>
      <trkpt lat="48.25455" lon="-4.54755">
        <ele>10</ele>
        <time>2026-06-23T14:50:37+00:00</time>
      </trkpt>
      <trkpt lat="48.25427" lon="-4.54767">
        <ele>8</ele>
        <time>2026-06-23T14:50:40+00:00</time>
      </trkpt>
      <trkpt lat="48.25422" lon="-4.54767">
        <ele>8</ele>
        <time>2026-06-23T14:50:43+00:00</time>
      </trkpt>
      <trkpt lat="48.25415" lon="-4.54765">
        <ele>7</ele>
        <time>2026-06-23T14:50:46+00:00</time>
      </trkpt>
      <trkpt lat="48.25402" lon="-4.54755">
        <ele>8</ele>
        <time>2026-06-23T14:50:49+00:00</time>
      </trkpt>
      <trkpt lat="48.2538" lon="-4.54741">
        <ele>8</ele>
        <time>2026-06-23T14:50:52+00:00</time>
      </trkpt>
      <trkpt lat="48.25355" lon="-4.54725">
        <ele>8</ele>
        <time>2026-06-23T14:50:55+00:00</time>
      </trkpt>
      <trkpt lat="48.25319" lon="-4.54697">
        <ele>8</ele>
        <time>2026-06-23T14:50:58+00:00</time>
      </trkpt>
      <trkpt lat="48.25301" lon="-4.54672">
        <ele>8</ele>
        <time>2026-06-23T14:51:01+00:00</time>
      </trkpt>
      <trkpt lat="48.25271" lon="-4.54636">
        <ele>8</ele>
        <time>2026-06-23T14:51:04+00:00</time>
      </trkpt>
      <trkpt lat="48.25254" lon="-4.54624">
        <ele>9</ele>
        <time>2026-06-23T14:51:07+00:00</time>
      </trkpt>
      <trkpt lat="48.25235" lon="-4.54605">
        <ele>9</ele>
        <time>2026-06-23T14:51:10+00:00</time>
      </trkpt>
      <trkpt lat="48.25217" lon="-4.54593">
        <ele>9</ele>
        <time>2026-06-23T14:51:13+00:00</time>
      </trkpt>
      <trkpt lat="48.25191" lon="-4.54572">
        <ele>9</ele>
        <time>2026-06-23T14:51:16+00:00</time>
      </trkpt>
      <trkpt lat="48.25177" lon="-4.54557">
        <ele>10</ele>
        <time>2026-06-23T14:51:19+00:00</time>
      </trkpt>
      <trkpt lat="48.2516" lon="-4.54545">
        <ele>9</ele>
        <time>2026-06-23T14:51:22+00:00</time>
      </trkpt>
      <trkpt lat="48.25136" lon="-4.54528">
        <ele>9</ele>
        <time>2026-06-23T14:51:25+00:00</time>
      </trkpt>
      <trkpt lat="48.25113" lon="-4.54515">
        <ele>9</ele>
        <time>2026-06-23T14:51:28+00:00</time>
      </trkpt>
      <trkpt lat="48.25085" lon="-4.545">
        <ele>9</ele>
        <time>2026-06-23T14:51:31+00:00</time>
      </trkpt>
      <trkpt lat="48.25056" lon="-4.54479">
        <ele>9</ele>
        <time>2026-06-23T14:51:34+00:00</time>
      </trkpt>
      <trkpt lat="48.25036" lon="-4.54457">
        <ele>9</ele>
        <time>2026-06-23T14:51:37+00:00</time>
      </trkpt>
      <trkpt lat="48.25005" lon="-4.54429">
        <ele>9</ele>
        <time>2026-06-23T14:51:40+00:00</time>
      </trkpt>
      <trkpt lat="48.25" lon="-4.54419">
        <ele>9</ele>
        <time>2026-06-23T14:51:43+00:00</time>
      </trkpt>
      <trkpt lat="48.24998" lon="-4.54401">
        <ele>9</ele>
        <time>2026-06-23T14:51:46+00:00</time>
      </trkpt>
      <trkpt lat="48.25001" lon="-4.54394">
        <ele>8</ele>
        <time>2026-06-23T14:51:49+00:00</time>
      </trkpt>
      <trkpt lat="48.25" lon="-4.5438">
        <ele>8</ele>
        <time>2026-06-23T14:51:52+00:00</time>
      </trkpt>
      <trkpt lat="48.24993" lon="-4.54368">
        <ele>8</ele>
        <time>2026-06-23T14:51:55+00:00</time>
      </trkpt>
      <trkpt lat="48.24981" lon="-4.54356">
        <ele>6</ele>
        <time>2026-06-23T14:51:58+00:00</time>
      </trkpt>
      <trkpt lat="48.24966" lon="-4.54326">
        <ele>6</ele>
        <time>2026-06-23T14:52:01+00:00</time>
      </trkpt>
      <trkpt lat="48.24965" lon="-4.54325">
        <ele>6</ele>
        <time>2026-06-23T14:52:04+00:00</time>
      </trkpt>
      <trkpt lat="48.24961" lon="-4.54341">
        <ele>6</ele>
        <time>2026-06-23T14:52:07+00:00</time>
      </trkpt>
      <trkpt lat="48.24953" lon="-4.54347">
        <ele>5</ele>
        <time>2026-06-23T14:52:10+00:00</time>
      </trkpt>
      <trkpt lat="48.24944" lon="-4.54347">
        <ele>5</ele>
        <time>2026-06-23T14:52:13+00:00</time>
      </trkpt>
      <trkpt lat="48.24934" lon="-4.54336">
        <ele>5</ele>
        <time>2026-06-23T14:52:16+00:00</time>
      </trkpt>
      <trkpt lat="48.24911" lon="-4.54328">
        <ele>5</ele>
        <time>2026-06-23T14:52:19+00:00</time>
      </trkpt>
      <trkpt lat="48.24887" lon="-4.54319">
        <ele>5</ele>
        <time>2026-06-23T14:52:22+00:00</time>
      </trkpt>
      <trkpt lat="48.24878" lon="-4.54313">
        <ele>5</ele>
        <time>2026-06-23T14:52:25+00:00</time>
      </trkpt>
      <trkpt lat="48.24861" lon="-4.54309">
        <ele>5</ele>
        <time>2026-06-23T14:52:28+00:00</time>
      </trkpt>
      <trkpt lat="48.24837" lon="-4.54316">
        <ele>6</ele>
        <time>2026-06-23T14:52:31+00:00</time>
      </trkpt>
      <trkpt lat="48.24809" lon="-4.54324">
        <ele>6</ele>
        <time>2026-06-23T14:52:34+00:00</time>
      </trkpt>
      <trkpt lat="48.2477" lon="-4.54331">
        <ele>6</ele>
        <time>2026-06-23T14:52:37+00:00</time>
      </trkpt>
      <trkpt lat="48.24755" lon="-4.54328">
        <ele>6</ele>
        <time>2026-06-23T14:52:40+00:00</time>
      </trkpt>
      <trkpt lat="48.24736" lon="-4.54314">
        <ele>6</ele>
        <time>2026-06-23T14:52:43+00:00</time>
      </trkpt>
      <trkpt lat="48.24709" lon="-4.54293">
        <ele>6</ele>
        <time>2026-06-23T14:52:46+00:00</time>
      </trkpt>
      <trkpt lat="48.2468" lon="-4.54286">
        <ele>6</ele>
        <time>2026-06-23T14:52:49+00:00</time>
      </trkpt>
      <trkpt lat="48.24625" lon="-4.54272">
        <ele>6</ele>
        <time>2026-06-23T14:52:52+00:00</time>
      </trkpt>
      <trkpt lat="48.24605" lon="-4.54277">
        <ele>6</ele>
        <time>2026-06-23T14:52:55+00:00</time>
      </trkpt>
      <trkpt lat="48.24577" lon="-4.54291">
        <ele>7</ele>
        <time>2026-06-23T14:52:58+00:00</time>
      </trkpt>
      <trkpt lat="48.24555" lon="-4.543">
        <ele>7</ele>
        <time>2026-06-23T14:53:01+00:00</time>
      </trkpt>
      <trkpt lat="48.2453" lon="-4.54302">
        <ele>7</ele>
        <time>2026-06-23T14:53:04+00:00</time>
      </trkpt>
      <trkpt lat="48.24505" lon="-4.54308">
        <ele>7</ele>
        <time>2026-06-23T14:53:07+00:00</time>
      </trkpt>
      <trkpt lat="48.24471" lon="-4.54317">
        <ele>7</ele>
        <time>2026-06-23T14:53:10+00:00</time>
      </trkpt>
      <trkpt lat="48.24442" lon="-4.54341">
        <ele>7</ele>
        <time>2026-06-23T14:53:13+00:00</time>
      </trkpt>
      <trkpt lat="48.24418" lon="-4.54344">
        <ele>7</ele>
        <time>2026-06-23T14:53:16+00:00</time>
      </trkpt>
      <trkpt lat="48.24389" lon="-4.54347">
        <ele>7</ele>
        <time>2026-06-23T14:53:19+00:00</time>
      </trkpt>
      <trkpt lat="48.24377" lon="-4.54352">
        <ele>7</ele>
        <time>2026-06-23T14:53:22+00:00</time>
      </trkpt>
      <trkpt lat="48.24353" lon="-4.54353">
        <ele>8</ele>
        <time>2026-06-23T14:53:25+00:00</time>
      </trkpt>
      <trkpt lat="48.24339" lon="-4.54347">
        <ele>9</ele>
        <time>2026-06-23T14:53:28+00:00</time>
      </trkpt>
      <trkpt lat="48.24325" lon="-4.54331">
        <ele>9</ele>
        <time>2026-06-23T14:53:31+00:00</time>
      </trkpt>
      <trkpt lat="48.2431" lon="-4.54321">
        <ele>9</ele>
        <time>2026-06-23T14:53:34+00:00</time>
      </trkpt>
      <trkpt lat="48.24295" lon="-4.54317">
        <ele>9</ele>
        <time>2026-06-23T14:53:37+00:00</time>
      </trkpt>
      <trkpt lat="48.24278" lon="-4.54312">
        <ele>9</ele>
        <time>2026-06-23T14:53:40+00:00</time>
      </trkpt>
      <trkpt lat="48.24249" lon="-4.54307">
        <ele>8</ele>
        <time>2026-06-23T14:53:43+00:00</time>
      </trkpt>
      <trkpt lat="48.24241" lon="-4.54303">
        <ele>8</ele>
        <time>2026-06-23T14:53:46+00:00</time>
      </trkpt>
      <trkpt lat="48.24219" lon="-4.54331">
        <ele>7</ele>
        <time>2026-06-23T14:53:49+00:00</time>
      </trkpt>
      <trkpt lat="48.24195" lon="-4.54349">
        <ele>7</ele>
        <time>2026-06-23T14:53:52+00:00</time>
      </trkpt>
      <trkpt lat="48.24168" lon="-4.54381">
        <ele>6</ele>
        <time>2026-06-23T14:53:55+00:00</time>
      </trkpt>
      <trkpt lat="48.24157" lon="-4.54403">
        <ele>6</ele>
        <time>2026-06-23T14:53:58+00:00</time>
      </trkpt>
      <trkpt lat="48.2415" lon="-4.5441">
        <ele>7</ele>
        <time>2026-06-23T14:54:01+00:00</time>
      </trkpt>
      <trkpt lat="48.24141" lon="-4.54413">
        <ele>7</ele>
        <time>2026-06-23T14:54:04+00:00</time>
      </trkpt>
      <trkpt lat="48.24127" lon="-4.54422">
        <ele>6</ele>
        <time>2026-06-23T14:54:07+00:00</time>
      </trkpt>
      <trkpt lat="48.24096" lon="-4.54458">
        <ele>6</ele>
        <time>2026-06-23T14:54:10+00:00</time>
      </trkpt>
      <trkpt lat="48.24077" lon="-4.54485">
        <ele>4</ele>
        <time>2026-06-23T14:54:13+00:00</time>
      </trkpt>
      <trkpt lat="48.24051" lon="-4.54521">
        <ele>4</ele>
        <time>2026-06-23T14:54:16+00:00</time>
      </trkpt>
      <trkpt lat="48.24041" lon="-4.5453">
        <ele>5</ele>
        <time>2026-06-23T14:54:19+00:00</time>
      </trkpt>
      <trkpt lat="48.24036" lon="-4.54544">
        <ele>4</ele>
        <time>2026-06-23T14:54:22+00:00</time>
      </trkpt>
      <trkpt lat="48.24034" lon="-4.54557">
        <ele>4</ele>
        <time>2026-06-23T14:54:25+00:00</time>
      </trkpt>
      <trkpt lat="48.24032" lon="-4.54565">
        <ele>4</ele>
        <time>2026-06-23T14:54:28+00:00</time>
      </trkpt>
      <trkpt lat="48.24028" lon="-4.5457">
        <ele>9</ele>
        <time>2026-06-23T14:54:31+00:00</time>
      </trkpt>
      <trkpt lat="48.24019" lon="-4.54565">
        <ele>12</ele>
        <time>2026-06-23T14:54:34+00:00</time>
      </trkpt>
      <trkpt lat="48.24018" lon="-4.5457">
        <ele>14</ele>
        <time>2026-06-23T14:54:37+00:00</time>
      </trkpt>
      <trkpt lat="48.2402" lon="-4.54575">
        <ele>14</ele>
        <time>2026-06-23T14:54:40+00:00</time>
      </trkpt>
      <trkpt lat="48.24012" lon="-4.54586">
        <ele>14</ele>
        <time>2026-06-23T14:54:43+00:00</time>
      </trkpt>
      <trkpt lat="48.24011" lon="-4.54593">
        <ele>14</ele>
        <time>2026-06-23T14:54:46+00:00</time>
      </trkpt>
      <trkpt lat="48.24016" lon="-4.546">
        <ele>14</ele>
        <time>2026-06-23T14:54:49+00:00</time>
      </trkpt>
      <trkpt lat="48.24017" lon="-4.5461">
        <ele>15</ele>
        <time>2026-06-23T14:54:52+00:00</time>
      </trkpt>
      <trkpt lat="48.24009" lon="-4.54636">
        <ele>15</ele>
        <time>2026-06-23T14:54:55+00:00</time>
      </trkpt>
      <trkpt lat="48.23998" lon="-4.54652">
        <ele>17</ele>
        <time>2026-06-23T14:54:58+00:00</time>
      </trkpt>
      <trkpt lat="48.23998" lon="-4.54677">
        <ele>18</ele>
        <time>2026-06-23T14:55:01+00:00</time>
      </trkpt>
      <trkpt lat="48.23997" lon="-4.54706">
        <ele>18</ele>
        <time>2026-06-23T14:55:04+00:00</time>
      </trkpt>
      <trkpt lat="48.24007" lon="-4.5474">
        <ele>19</ele>
        <time>2026-06-23T14:55:07+00:00</time>
      </trkpt>
      <trkpt lat="48.24018" lon="-4.54779">
        <ele>19</ele>
        <time>2026-06-23T14:55:10+00:00</time>
      </trkpt>
      <trkpt lat="48.2402" lon="-4.54793">
        <ele>19</ele>
        <time>2026-06-23T14:55:13+00:00</time>
      </trkpt>
      <trkpt lat="48.2402" lon="-4.54809">
        <ele>19</ele>
        <time>2026-06-23T14:55:16+00:00</time>
      </trkpt>
      <trkpt lat="48.24018" lon="-4.54821">
        <ele>19</ele>
        <time>2026-06-23T14:55:19+00:00</time>
      </trkpt>
      <trkpt lat="48.24006" lon="-4.54845">
        <ele>19</ele>
        <time>2026-06-23T14:55:22+00:00</time>
      </trkpt>
      <trkpt lat="48.23994" lon="-4.5487">
        <ele>20</ele>
        <time>2026-06-23T14:55:25+00:00</time>
      </trkpt>
      <trkpt lat="48.23983" lon="-4.54898">
        <ele>22</ele>
        <time>2026-06-23T14:55:28+00:00</time>
      </trkpt>
      <trkpt lat="48.23967" lon="-4.54882">
        <ele>29</ele>
        <time>2026-06-23T14:55:31+00:00</time>
      </trkpt>
      <trkpt lat="48.23958" lon="-4.54877">
        <ele>33</ele>
        <time>2026-06-23T14:55:34+00:00</time>
      </trkpt>
      <trkpt lat="48.23942" lon="-4.54898">
        <ele>37</ele>
        <time>2026-06-23T14:55:37+00:00</time>
      </trkpt>
      <trkpt lat="48.23935" lon="-4.54941">
        <ele>38</ele>
        <time>2026-06-23T14:55:40+00:00</time>
      </trkpt>
      <trkpt lat="48.23938" lon="-4.54981">
        <ele>38</ele>
        <time>2026-06-23T14:55:43+00:00</time>
      </trkpt>
      <trkpt lat="48.23942" lon="-4.5504">
        <ele>36</ele>
        <time>2026-06-23T14:55:46+00:00</time>
      </trkpt>
      <trkpt lat="48.23938" lon="-4.55044">
        <ele>39</ele>
        <time>2026-06-23T14:55:49+00:00</time>
      </trkpt>
      <trkpt lat="48.2394" lon="-4.55051">
        <ele>39</ele>
        <time>2026-06-23T14:55:52+00:00</time>
      </trkpt>
      <trkpt lat="48.23946" lon="-4.55058">
        <ele>39</ele>
        <time>2026-06-23T14:55:55+00:00</time>
      </trkpt>
      <trkpt lat="48.23952" lon="-4.55084">
        <ele>36</ele>
        <time>2026-06-23T14:55:58+00:00</time>
      </trkpt>
      <trkpt lat="48.23951" lon="-4.55101">
        <ele>36</ele>
        <time>2026-06-23T14:56:01+00:00</time>
      </trkpt>
      <trkpt lat="48.23957" lon="-4.55131">
        <ele>37</ele>
        <time>2026-06-23T14:56:04+00:00</time>
      </trkpt>
      <trkpt lat="48.23959" lon="-4.55189">
        <ele>37</ele>
        <time>2026-06-23T14:56:07+00:00</time>
      </trkpt>
      <trkpt lat="48.23956" lon="-4.55217">
        <ele>37</ele>
        <time>2026-06-23T14:56:10+00:00</time>
      </trkpt>
      <trkpt lat="48.23946" lon="-4.55255">
        <ele>41</ele>
        <time>2026-06-23T14:56:13+00:00</time>
      </trkpt>
      <trkpt lat="48.23927" lon="-4.55295">
        <ele>40</ele>
        <time>2026-06-23T14:56:16+00:00</time>
      </trkpt>
      <trkpt lat="48.23918" lon="-4.55351">
        <ele>40</ele>
        <time>2026-06-23T14:56:19+00:00</time>
      </trkpt>
      <trkpt lat="48.23908" lon="-4.55389">
        <ele>43</ele>
        <time>2026-06-23T14:56:22+00:00</time>
      </trkpt>
      <trkpt lat="48.23895" lon="-4.55419">
        <ele>43</ele>
        <time>2026-06-23T14:56:25+00:00</time>
      </trkpt>
      <trkpt lat="48.23871" lon="-4.55457">
        <ele>43</ele>
        <time>2026-06-23T14:56:28+00:00</time>
      </trkpt>
      <trkpt lat="48.23845" lon="-4.55511">
        <ele>46</ele>
        <time>2026-06-23T14:56:31+00:00</time>
      </trkpt>
      <trkpt lat="48.23827" lon="-4.55544">
        <ele>46</ele>
        <time>2026-06-23T14:56:34+00:00</time>
      </trkpt>
      <trkpt lat="48.23798" lon="-4.55599">
        <ele>43</ele>
        <time>2026-06-23T14:56:37+00:00</time>
      </trkpt>
      <trkpt lat="48.23791" lon="-4.55602">
        <ele>45</ele>
        <time>2026-06-23T14:56:40+00:00</time>
      </trkpt>
      <trkpt lat="48.23787" lon="-4.556">
        <ele>42</ele>
        <time>2026-06-23T14:56:43+00:00</time>
      </trkpt>
      <trkpt lat="48.23782" lon="-4.55605">
        <ele>42</ele>
        <time>2026-06-23T14:56:46+00:00</time>
      </trkpt>
      <trkpt lat="48.23779" lon="-4.55614">
        <ele>40</ele>
        <time>2026-06-23T14:56:49+00:00</time>
      </trkpt>
      <trkpt lat="48.23774" lon="-4.55616">
        <ele>40</ele>
        <time>2026-06-23T14:56:52+00:00</time>
      </trkpt>
      <trkpt lat="48.23768" lon="-4.55623">
        <ele>37</ele>
        <time>2026-06-23T14:56:55+00:00</time>
      </trkpt>
      <trkpt lat="48.23748" lon="-4.55654">
        <ele>31</ele>
        <time>2026-06-23T14:56:58+00:00</time>
      </trkpt>
      <trkpt lat="48.23732" lon="-4.55684">
        <ele>30</ele>
        <time>2026-06-23T14:57:01+00:00</time>
      </trkpt>
      <trkpt lat="48.2371" lon="-4.55724">
        <ele>25</ele>
        <time>2026-06-23T14:57:04+00:00</time>
      </trkpt>
      <trkpt lat="48.23688" lon="-4.55752">
        <ele>24</ele>
        <time>2026-06-23T14:57:07+00:00</time>
      </trkpt>
      <trkpt lat="48.23683" lon="-4.55769">
        <ele>23</ele>
        <time>2026-06-23T14:57:10+00:00</time>
      </trkpt>
      <trkpt lat="48.23675" lon="-4.55811">
        <ele>18</ele>
        <time>2026-06-23T14:57:13+00:00</time>
      </trkpt>
      <trkpt lat="48.23662" lon="-4.55856">
        <ele>17</ele>
        <time>2026-06-23T14:57:16+00:00</time>
      </trkpt>
      <trkpt lat="48.23651" lon="-4.55884">
        <ele>15</ele>
        <time>2026-06-23T14:57:19+00:00</time>
      </trkpt>
      <trkpt lat="48.23636" lon="-4.5591">
        <ele>12</ele>
        <time>2026-06-23T14:57:22+00:00</time>
      </trkpt>
      <trkpt lat="48.23635" lon="-4.55917">
        <ele>12</ele>
        <time>2026-06-23T14:57:25+00:00</time>
      </trkpt>
      <trkpt lat="48.23638" lon="-4.55924">
        <ele>12</ele>
        <time>2026-06-23T14:57:28+00:00</time>
      </trkpt>
      <trkpt lat="48.23634" lon="-4.55928">
        <ele>12</ele>
        <time>2026-06-23T14:57:31+00:00</time>
      </trkpt>
      <trkpt lat="48.23623" lon="-4.55926">
        <ele>12</ele>
        <time>2026-06-23T14:57:34+00:00</time>
      </trkpt>
      <trkpt lat="48.2362" lon="-4.55938">
        <ele>12</ele>
        <time>2026-06-23T14:57:37+00:00</time>
      </trkpt>
      <trkpt lat="48.236" lon="-4.55959">
        <ele>15</ele>
        <time>2026-06-23T14:57:40+00:00</time>
      </trkpt>
      <trkpt lat="48.23592" lon="-4.55978">
        <ele>15</ele>
        <time>2026-06-23T14:57:43+00:00</time>
      </trkpt>
      <trkpt lat="48.23583" lon="-4.56017">
        <ele>15</ele>
        <time>2026-06-23T14:57:46+00:00</time>
      </trkpt>
      <trkpt lat="48.23573" lon="-4.56039">
        <ele>14</ele>
        <time>2026-06-23T14:57:49+00:00</time>
      </trkpt>
      <trkpt lat="48.23565" lon="-4.56064">
        <ele>14</ele>
        <time>2026-06-23T14:57:52+00:00</time>
      </trkpt>
      <trkpt lat="48.23565" lon="-4.56097">
        <ele>15</ele>
        <time>2026-06-23T14:57:55+00:00</time>
      </trkpt>
      <trkpt lat="48.23554" lon="-4.56114">
        <ele>14</ele>
        <time>2026-06-23T14:57:58+00:00</time>
      </trkpt>
      <trkpt lat="48.23551" lon="-4.56132">
        <ele>16</ele>
        <time>2026-06-23T14:58:01+00:00</time>
      </trkpt>
      <trkpt lat="48.23557" lon="-4.56179">
        <ele>17</ele>
        <time>2026-06-23T14:58:04+00:00</time>
      </trkpt>
      <trkpt lat="48.23567" lon="-4.56189">
        <ele>20</ele>
        <time>2026-06-23T14:58:07+00:00</time>
      </trkpt>
      <trkpt lat="48.23571" lon="-4.56205">
        <ele>19</ele>
        <time>2026-06-23T14:58:10+00:00</time>
      </trkpt>
      <trkpt lat="48.23571" lon="-4.56231">
        <ele>20</ele>
        <time>2026-06-23T14:58:13+00:00</time>
      </trkpt>
      <trkpt lat="48.23568" lon="-4.56253">
        <ele>22</ele>
        <time>2026-06-23T14:58:16+00:00</time>
      </trkpt>
      <trkpt lat="48.23564" lon="-4.56275">
        <ele>22</ele>
        <time>2026-06-23T14:58:19+00:00</time>
      </trkpt>
      <trkpt lat="48.23558" lon="-4.56304">
        <ele>22</ele>
        <time>2026-06-23T14:58:22+00:00</time>
      </trkpt>
      <trkpt lat="48.2356" lon="-4.56341">
        <ele>22</ele>
        <time>2026-06-23T14:58:25+00:00</time>
      </trkpt>
      <trkpt lat="48.23568" lon="-4.56355">
        <ele>24</ele>
        <time>2026-06-23T14:58:28+00:00</time>
      </trkpt>
      <trkpt lat="48.23577" lon="-4.56379">
        <ele>22</ele>
        <time>2026-06-23T14:58:31+00:00</time>
      </trkpt>
      <trkpt lat="48.23567" lon="-4.56433">
        <ele>24</ele>
        <time>2026-06-23T14:58:34+00:00</time>
      </trkpt>
      <trkpt lat="48.23572" lon="-4.56449">
        <ele>26</ele>
        <time>2026-06-23T14:58:37+00:00</time>
      </trkpt>
      <trkpt lat="48.23593" lon="-4.5647">
        <ele>24</ele>
        <time>2026-06-23T14:58:40+00:00</time>
      </trkpt>
      <trkpt lat="48.236" lon="-4.56473">
        <ele>26</ele>
        <time>2026-06-23T14:58:43+00:00</time>
      </trkpt>
      <trkpt lat="48.2363" lon="-4.56489">
        <ele>25</ele>
        <time>2026-06-23T14:58:46+00:00</time>
      </trkpt>
      <trkpt lat="48.23635" lon="-4.56498">
        <ele>28</ele>
        <time>2026-06-23T14:58:49+00:00</time>
      </trkpt>
      <trkpt lat="48.23641" lon="-4.56517">
        <ele>28</ele>
        <time>2026-06-23T14:58:52+00:00</time>
      </trkpt>
      <trkpt lat="48.23659" lon="-4.56539">
        <ele>32</ele>
        <time>2026-06-23T14:58:55+00:00</time>
      </trkpt>
      <trkpt lat="48.23678" lon="-4.56562">
        <ele>36</ele>
        <time>2026-06-23T14:58:58+00:00</time>
      </trkpt>
      <trkpt lat="48.23675" lon="-4.56582">
        <ele>35</ele>
        <time>2026-06-23T14:59:01+00:00</time>
      </trkpt>
      <trkpt lat="48.23672" lon="-4.56584">
        <ele>35</ele>
        <time>2026-06-23T14:59:04+00:00</time>
      </trkpt>
      <trkpt lat="48.23658" lon="-4.56583">
        <ele>41</ele>
        <time>2026-06-23T14:59:07+00:00</time>
      </trkpt>
      <trkpt lat="48.23635" lon="-4.56599">
        <ele>41</ele>
        <time>2026-06-23T14:59:10+00:00</time>
      </trkpt>
      <trkpt lat="48.23621" lon="-4.56602">
        <ele>43</ele>
        <time>2026-06-23T14:59:13+00:00</time>
      </trkpt>
      <trkpt lat="48.23598" lon="-4.56593">
        <ele>38</ele>
        <time>2026-06-23T14:59:16+00:00</time>
      </trkpt>
      <trkpt lat="48.23558" lon="-4.56578">
        <ele>34</ele>
        <time>2026-06-23T14:59:19+00:00</time>
      </trkpt>
      <trkpt lat="48.23546" lon="-4.56578">
        <ele>34</ele>
        <time>2026-06-23T14:59:22+00:00</time>
      </trkpt>
      <trkpt lat="48.23531" lon="-4.56581">
        <ele>34</ele>
        <time>2026-06-23T14:59:25+00:00</time>
      </trkpt>
      <trkpt lat="48.23511" lon="-4.56597">
        <ele>36</ele>
        <time>2026-06-23T14:59:28+00:00</time>
      </trkpt>
      <trkpt lat="48.23487" lon="-4.5661">
        <ele>37</ele>
        <time>2026-06-23T14:59:31+00:00</time>
      </trkpt>
      <trkpt lat="48.2348" lon="-4.5666">
        <ele>38</ele>
        <time>2026-06-23T14:59:34+00:00</time>
      </trkpt>
      <trkpt lat="48.23471" lon="-4.56704">
        <ele>39</ele>
        <time>2026-06-23T14:59:37+00:00</time>
      </trkpt>
      <trkpt lat="48.23468" lon="-4.56745">
        <ele>43</ele>
        <time>2026-06-23T14:59:40+00:00</time>
      </trkpt>
      <trkpt lat="48.23469" lon="-4.56773">
        <ele>45</ele>
        <time>2026-06-23T14:59:43+00:00</time>
      </trkpt>
      <trkpt lat="48.2346" lon="-4.56813">
        <ele>46</ele>
        <time>2026-06-23T14:59:46+00:00</time>
      </trkpt>
      <trkpt lat="48.23453" lon="-4.56857">
        <ele>47</ele>
        <time>2026-06-23T14:59:49+00:00</time>
      </trkpt>
      <trkpt lat="48.23464" lon="-4.56893">
        <ele>49</ele>
        <time>2026-06-23T14:59:52+00:00</time>
      </trkpt>
      <trkpt lat="48.23479" lon="-4.56942">
        <ele>49</ele>
        <time>2026-06-23T14:59:55+00:00</time>
      </trkpt>
      <trkpt lat="48.23482" lon="-4.56972">
        <ele>45</ele>
        <time>2026-06-23T14:59:58+00:00</time>
      </trkpt>
      <trkpt lat="48.23482" lon="-4.56991">
        <ele>41</ele>
        <time>2026-06-23T15:00:01+00:00</time>
      </trkpt>
      <trkpt lat="48.23473" lon="-4.57015">
        <ele>45</ele>
        <time>2026-06-23T15:00:04+00:00</time>
      </trkpt>
      <trkpt lat="48.23472" lon="-4.57013">
        <ele>45</ele>
        <time>2026-06-23T15:00:07+00:00</time>
      </trkpt>
      <trkpt lat="48.23472" lon="-4.57014">
        <ele>45</ele>
        <time>2026-06-23T15:00:10+00:00</time>
      </trkpt>
      <trkpt lat="48.23468" lon="-4.57003">
        <ele>48</ele>
        <time>2026-06-23T15:00:13+00:00</time>
      </trkpt>
      <trkpt lat="48.23439" lon="-4.56998">
        <ele>49</ele>
        <time>2026-06-23T15:00:16+00:00</time>
      </trkpt>
      <trkpt lat="48.23415" lon="-4.57003">
        <ele>53</ele>
        <time>2026-06-23T15:00:19+00:00</time>
      </trkpt>
      <trkpt lat="48.23389" lon="-4.57009">
        <ele>53</ele>
        <time>2026-06-23T15:00:22+00:00</time>
      </trkpt>
      <trkpt lat="48.23375" lon="-4.57022">
        <ele>54</ele>
        <time>2026-06-23T15:00:25+00:00</time>
      </trkpt>
      <trkpt lat="48.2337" lon="-4.57022">
        <ele>54</ele>
        <time>2026-06-23T15:00:28+00:00</time>
      </trkpt>
      <trkpt lat="48.23362" lon="-4.57015">
        <ele>54</ele>
        <time>2026-06-23T15:00:31+00:00</time>
      </trkpt>
      <trkpt lat="48.23357" lon="-4.57022">
        <ele>57</ele>
        <time>2026-06-23T15:00:34+00:00</time>
      </trkpt>
      <trkpt lat="48.23349" lon="-4.57026">
        <ele>59</ele>
        <time>2026-06-23T15:00:37+00:00</time>
      </trkpt>
      <trkpt lat="48.23341" lon="-4.57026">
        <ele>59</ele>
        <time>2026-06-23T15:00:40+00:00</time>
      </trkpt>
      <trkpt lat="48.23331" lon="-4.57019">
        <ele>59</ele>
        <time>2026-06-23T15:00:43+00:00</time>
      </trkpt>
      <trkpt lat="48.23302" lon="-4.57017">
        <ele>60</ele>
        <time>2026-06-23T15:00:46+00:00</time>
      </trkpt>
      <trkpt lat="48.2329" lon="-4.57022">
        <ele>61</ele>
        <time>2026-06-23T15:00:49+00:00</time>
      </trkpt>
      <trkpt lat="48.23284" lon="-4.57021">
        <ele>59</ele>
        <time>2026-06-23T15:00:52+00:00</time>
      </trkpt>
      <trkpt lat="48.23269" lon="-4.57033">
        <ele>59</ele>
        <time>2026-06-23T15:00:55+00:00</time>
      </trkpt>
      <trkpt lat="48.23264" lon="-4.57036">
        <ele>59</ele>
        <time>2026-06-23T15:00:58+00:00</time>
      </trkpt>
      <trkpt lat="48.2326" lon="-4.57033">
        <ele>60</ele>
        <time>2026-06-23T15:01:01+00:00</time>
      </trkpt>
      <trkpt lat="48.23255" lon="-4.57019">
        <ele>61</ele>
        <time>2026-06-23T15:01:04+00:00</time>
      </trkpt>
      <trkpt lat="48.23252" lon="-4.5699">
        <ele>62</ele>
        <time>2026-06-23T15:01:07+00:00</time>
      </trkpt>
      <trkpt lat="48.23247" lon="-4.56949">
        <ele>61</ele>
        <time>2026-06-23T15:01:10+00:00</time>
      </trkpt>
      <trkpt lat="48.2325" lon="-4.56886">
        <ele>61</ele>
        <time>2026-06-23T15:01:13+00:00</time>
      </trkpt>
      <trkpt lat="48.23272" lon="-4.56855">
        <ele>59</ele>
        <time>2026-06-23T15:01:16+00:00</time>
      </trkpt>
      <trkpt lat="48.2329" lon="-4.56825">
        <ele>56</ele>
        <time>2026-06-23T15:01:19+00:00</time>
      </trkpt>
      <trkpt lat="48.23298" lon="-4.56785">
        <ele>54</ele>
        <time>2026-06-23T15:01:22+00:00</time>
      </trkpt>
      <trkpt lat="48.23299" lon="-4.56745">
        <ele>52</ele>
        <time>2026-06-23T15:01:25+00:00</time>
      </trkpt>
      <trkpt lat="48.23304" lon="-4.56714">
        <ele>50</ele>
        <time>2026-06-23T15:01:28+00:00</time>
      </trkpt>
      <trkpt lat="48.23305" lon="-4.56695">
        <ele>49</ele>
        <time>2026-06-23T15:01:31+00:00</time>
      </trkpt>
      <trkpt lat="48.23302" lon="-4.5666">
        <ele>48</ele>
        <time>2026-06-23T15:01:34+00:00</time>
      </trkpt>
      <trkpt lat="48.23322" lon="-4.56616">
        <ele>48</ele>
        <time>2026-06-23T15:01:37+00:00</time>
      </trkpt>
      <trkpt lat="48.23327" lon="-4.56562">
        <ele>47</ele>
        <time>2026-06-23T15:01:40+00:00</time>
      </trkpt>
      <trkpt lat="48.23333" lon="-4.56534">
        <ele>46</ele>
        <time>2026-06-23T15:01:43+00:00</time>
      </trkpt>
      <trkpt lat="48.23337" lon="-4.56522">
        <ele>44</ele>
        <time>2026-06-23T15:01:46+00:00</time>
      </trkpt>
      <trkpt lat="48.23352" lon="-4.56503">
        <ele>44</ele>
        <time>2026-06-23T15:01:49+00:00</time>
      </trkpt>
      <trkpt lat="48.23351" lon="-4.5647">
        <ele>41</ele>
        <time>2026-06-23T15:01:52+00:00</time>
      </trkpt>
      <trkpt lat="48.23354" lon="-4.56441">
        <ele>39</ele>
        <time>2026-06-23T15:01:55+00:00</time>
      </trkpt>
      <trkpt lat="48.23354" lon="-4.56426">
        <ele>37</ele>
        <time>2026-06-23T15:01:58+00:00</time>
      </trkpt>
      <trkpt lat="48.23359" lon="-4.56406">
        <ele>35</ele>
        <time>2026-06-23T15:02:01+00:00</time>
      </trkpt>
      <trkpt lat="48.23345" lon="-4.56376">
        <ele>33</ele>
        <time>2026-06-23T15:02:04+00:00</time>
      </trkpt>
      <trkpt lat="48.23327" lon="-4.56339">
        <ele>32</ele>
        <time>2026-06-23T15:02:07+00:00</time>
      </trkpt>
      <trkpt lat="48.23313" lon="-4.56335">
        <ele>32</ele>
        <time>2026-06-23T15:02:10+00:00</time>
      </trkpt>
      <trkpt lat="48.23305" lon="-4.56329">
        <ele>32</ele>
        <time>2026-06-23T15:02:13+00:00</time>
      </trkpt>
      <trkpt lat="48.23287" lon="-4.56327">
        <ele>32</ele>
        <time>2026-06-23T15:02:16+00:00</time>
      </trkpt>
      <trkpt lat="48.23263" lon="-4.5632">
        <ele>32</ele>
        <time>2026-06-23T15:02:19+00:00</time>
      </trkpt>
      <trkpt lat="48.23227" lon="-4.56299">
        <ele>32</ele>
        <time>2026-06-23T15:02:22+00:00</time>
      </trkpt>
      <trkpt lat="48.23213" lon="-4.56289">
        <ele>33</ele>
        <time>2026-06-23T15:02:25+00:00</time>
      </trkpt>
      <trkpt lat="48.23195" lon="-4.56278">
        <ele>32</ele>
        <time>2026-06-23T15:02:28+00:00</time>
      </trkpt>
      <trkpt lat="48.23189" lon="-4.56278">
        <ele>29</ele>
        <time>2026-06-23T15:02:31+00:00</time>
      </trkpt>
      <trkpt lat="48.2317" lon="-4.5628">
        <ele>23</ele>
        <time>2026-06-23T15:02:34+00:00</time>
      </trkpt>
      <trkpt lat="48.23152" lon="-4.56277">
        <ele>18</ele>
        <time>2026-06-23T15:02:37+00:00</time>
      </trkpt>
      <trkpt lat="48.23137" lon="-4.5625">
        <ele>20</ele>
        <time>2026-06-23T15:02:40+00:00</time>
      </trkpt>
      <trkpt lat="48.23123" lon="-4.56243">
        <ele>21</ele>
        <time>2026-06-23T15:02:43+00:00</time>
      </trkpt>
      <trkpt lat="48.23107" lon="-4.56231">
        <ele>16</ele>
        <time>2026-06-23T15:02:46+00:00</time>
      </trkpt>
      <trkpt lat="48.23083" lon="-4.56203">
        <ele>24</ele>
        <time>2026-06-23T15:02:49+00:00</time>
      </trkpt>
      <trkpt lat="48.23075" lon="-4.56186">
        <ele>32</ele>
        <time>2026-06-23T15:02:52+00:00</time>
      </trkpt>
      <trkpt lat="48.23071" lon="-4.56182">
        <ele>32</ele>
        <time>2026-06-23T15:02:55+00:00</time>
      </trkpt>
      <trkpt lat="48.23065" lon="-4.56151">
        <ele>32</ele>
        <time>2026-06-23T15:02:58+00:00</time>
      </trkpt>
      <trkpt lat="48.23066" lon="-4.56135">
        <ele>32</ele>
        <time>2026-06-23T15:03:01+00:00</time>
      </trkpt>
      <trkpt lat="48.23072" lon="-4.56115">
        <ele>39</ele>
        <time>2026-06-23T15:03:04+00:00</time>
      </trkpt>
      <trkpt lat="48.23073" lon="-4.56084">
        <ele>38</ele>
        <time>2026-06-23T15:03:07+00:00</time>
      </trkpt>
      <trkpt lat="48.23066" lon="-4.56076">
        <ele>39</ele>
        <time>2026-06-23T15:03:10+00:00</time>
      </trkpt>
      <trkpt lat="48.23048" lon="-4.56065">
        <ele>40</ele>
        <time>2026-06-23T15:03:13+00:00</time>
      </trkpt>
      <trkpt lat="48.23029" lon="-4.56053">
        <ele>42</ele>
        <time>2026-06-23T15:03:16+00:00</time>
      </trkpt>
      <trkpt lat="48.23004" lon="-4.56046">
        <ele>44</ele>
        <time>2026-06-23T15:03:19+00:00</time>
      </trkpt>
      <trkpt lat="48.22991" lon="-4.56053">
        <ele>47</ele>
        <time>2026-06-23T15:03:22+00:00</time>
      </trkpt>
      <trkpt lat="48.22984" lon="-4.5605">
        <ele>46</ele>
        <time>2026-06-23T15:03:25+00:00</time>
      </trkpt>
      <trkpt lat="48.22977" lon="-4.56046">
        <ele>48</ele>
        <time>2026-06-23T15:03:28+00:00</time>
      </trkpt>
      <trkpt lat="48.22973" lon="-4.56034">
        <ele>48</ele>
        <time>2026-06-23T15:03:31+00:00</time>
      </trkpt>
      <trkpt lat="48.22961" lon="-4.56015">
        <ele>46</ele>
        <time>2026-06-23T15:03:34+00:00</time>
      </trkpt>
      <trkpt lat="48.22953" lon="-4.56012">
        <ele>46</ele>
        <time>2026-06-23T15:03:37+00:00</time>
      </trkpt>
      <trkpt lat="48.2294" lon="-4.55992">
        <ele>51</ele>
        <time>2026-06-23T15:03:40+00:00</time>
      </trkpt>
      <trkpt lat="48.22935" lon="-4.55978">
        <ele>53</ele>
        <time>2026-06-23T15:03:43+00:00</time>
      </trkpt>
      <trkpt lat="48.22923" lon="-4.55961">
        <ele>55</ele>
        <time>2026-06-23T15:03:46+00:00</time>
      </trkpt>
      <trkpt lat="48.22906" lon="-4.55945">
        <ele>57</ele>
        <time>2026-06-23T15:03:49+00:00</time>
      </trkpt>
      <trkpt lat="48.22893" lon="-4.5593">
        <ele>58</ele>
        <time>2026-06-23T15:03:52+00:00</time>
      </trkpt>
      <trkpt lat="48.22876" lon="-4.55927">
        <ele>58</ele>
        <time>2026-06-23T15:03:55+00:00</time>
      </trkpt>
      <trkpt lat="48.22857" lon="-4.55924">
        <ele>58</ele>
        <time>2026-06-23T15:03:58+00:00</time>
      </trkpt>
      <trkpt lat="48.22846" lon="-4.55924">
        <ele>59</ele>
        <time>2026-06-23T15:04:01+00:00</time>
      </trkpt>
      <trkpt lat="48.22832" lon="-4.55928">
        <ele>59</ele>
        <time>2026-06-23T15:04:04+00:00</time>
      </trkpt>
      <trkpt lat="48.22803" lon="-4.55931">
        <ele>59</ele>
        <time>2026-06-23T15:04:07+00:00</time>
      </trkpt>
      <trkpt lat="48.22782" lon="-4.55938">
        <ele>59</ele>
        <time>2026-06-23T15:04:10+00:00</time>
      </trkpt>
      <trkpt lat="48.2275" lon="-4.55956">
        <ele>57</ele>
        <time>2026-06-23T15:04:13+00:00</time>
      </trkpt>
      <trkpt lat="48.22724" lon="-4.55957">
        <ele>56</ele>
        <time>2026-06-23T15:04:16+00:00</time>
      </trkpt>
      <trkpt lat="48.22691" lon="-4.55959">
        <ele>56</ele>
        <time>2026-06-23T15:04:19+00:00</time>
      </trkpt>
      <trkpt lat="48.22667" lon="-4.55956">
        <ele>53</ele>
        <time>2026-06-23T15:04:22+00:00</time>
      </trkpt>
      <trkpt lat="48.22637" lon="-4.55952">
        <ele>44</ele>
        <time>2026-06-23T15:04:25+00:00</time>
      </trkpt>
      <trkpt lat="48.22631" lon="-4.55949">
        <ele>44</ele>
        <time>2026-06-23T15:04:28+00:00</time>
      </trkpt>
      <trkpt lat="48.22612" lon="-4.55936">
        <ele>42</ele>
        <time>2026-06-23T15:04:31+00:00</time>
      </trkpt>
      <trkpt lat="48.22591" lon="-4.5592">
        <ele>39</ele>
        <time>2026-06-23T15:04:34+00:00</time>
      </trkpt>
      <trkpt lat="48.22564" lon="-4.55888">
        <ele>27</ele>
        <time>2026-06-23T15:04:37+00:00</time>
      </trkpt>
      <trkpt lat="48.22547" lon="-4.55865">
        <ele>21</ele>
        <time>2026-06-23T15:04:40+00:00</time>
      </trkpt>
      <trkpt lat="48.22528" lon="-4.55839">
        <ele>13</ele>
        <time>2026-06-23T15:04:43+00:00</time>
      </trkpt>
      <trkpt lat="48.22514" lon="-4.55849">
        <ele>8</ele>
        <time>2026-06-23T15:04:46+00:00</time>
      </trkpt>
      <trkpt lat="48.22508" lon="-4.55856">
        <ele>11</ele>
        <time>2026-06-23T15:04:49+00:00</time>
      </trkpt>
      <trkpt lat="48.22502" lon="-4.55849">
        <ele>7</ele>
        <time>2026-06-23T15:04:52+00:00</time>
      </trkpt>
      <trkpt lat="48.22495" lon="-4.55849">
        <ele>7</ele>
        <time>2026-06-23T15:04:55+00:00</time>
      </trkpt>
      <trkpt lat="48.22494" lon="-4.55837">
        <ele>12</ele>
        <time>2026-06-23T15:04:58+00:00</time>
      </trkpt>
      <trkpt lat="48.22496" lon="-4.55825">
        <ele>10</ele>
        <time>2026-06-23T15:05:01+00:00</time>
      </trkpt>
      <trkpt lat="48.22506" lon="-4.55799">
        <ele>14</ele>
        <time>2026-06-23T15:05:04+00:00</time>
      </trkpt>
      <trkpt lat="48.22504" lon="-4.55792">
        <ele>14</ele>
        <time>2026-06-23T15:05:07+00:00</time>
      </trkpt>
      <trkpt lat="48.22492" lon="-4.55799">
        <ele>14</ele>
        <time>2026-06-23T15:05:10+00:00</time>
      </trkpt>
      <trkpt lat="48.22477" lon="-4.55813">
        <ele>13</ele>
        <time>2026-06-23T15:05:13+00:00</time>
      </trkpt>
      <trkpt lat="48.22457" lon="-4.5583">
        <ele>13</ele>
        <time>2026-06-23T15:05:16+00:00</time>
      </trkpt>
      <trkpt lat="48.22452" lon="-4.55827">
        <ele>13</ele>
        <time>2026-06-23T15:05:19+00:00</time>
      </trkpt>
      <trkpt lat="48.2246" lon="-4.55795">
        <ele>20</ele>
        <time>2026-06-23T15:05:22+00:00</time>
      </trkpt>
      <trkpt lat="48.2247" lon="-4.55753">
        <ele>27</ele>
        <time>2026-06-23T15:05:25+00:00</time>
      </trkpt>
      <trkpt lat="48.22474" lon="-4.55688">
        <ele>28</ele>
        <time>2026-06-23T15:05:28+00:00</time>
      </trkpt>
      <trkpt lat="48.22472" lon="-4.55642">
        <ele>30</ele>
        <time>2026-06-23T15:05:31+00:00</time>
      </trkpt>
      <trkpt lat="48.22465" lon="-4.55619">
        <ele>35</ele>
        <time>2026-06-23T15:05:34+00:00</time>
      </trkpt>
      <trkpt lat="48.22458" lon="-4.55639">
        <ele>35</ele>
        <time>2026-06-23T15:05:37+00:00</time>
      </trkpt>
      <trkpt lat="48.22451" lon="-4.5566">
        <ele>35</ele>
        <time>2026-06-23T15:05:40+00:00</time>
      </trkpt>
      <trkpt lat="48.22433" lon="-4.55685">
        <ele>39</ele>
        <time>2026-06-23T15:05:43+00:00</time>
      </trkpt>
      <trkpt lat="48.2241" lon="-4.55717">
        <ele>41</ele>
        <time>2026-06-23T15:05:46+00:00</time>
      </trkpt>
      <trkpt lat="48.22383" lon="-4.55716">
        <ele>43</ele>
        <time>2026-06-23T15:05:49+00:00</time>
      </trkpt>
      <trkpt lat="48.2236" lon="-4.55719">
        <ele>44</ele>
        <time>2026-06-23T15:05:52+00:00</time>
      </trkpt>
      <trkpt lat="48.22337" lon="-4.55713">
        <ele>44</ele>
        <time>2026-06-23T15:05:55+00:00</time>
      </trkpt>
      <trkpt lat="48.22324" lon="-4.5569">
        <ele>45</ele>
        <time>2026-06-23T15:05:58+00:00</time>
      </trkpt>
      <trkpt lat="48.22299" lon="-4.55674">
        <ele>45</ele>
        <time>2026-06-23T15:06:01+00:00</time>
      </trkpt>
      <trkpt lat="48.2226" lon="-4.55649">
        <ele>46</ele>
        <time>2026-06-23T15:06:04+00:00</time>
      </trkpt>
      <trkpt lat="48.22249" lon="-4.55683">
        <ele>46</ele>
        <time>2026-06-23T15:06:07+00:00</time>
      </trkpt>
      <trkpt lat="48.22236" lon="-4.55724">
        <ele>44</ele>
        <time>2026-06-23T15:06:10+00:00</time>
      </trkpt>
      <trkpt lat="48.22231" lon="-4.55727">
        <ele>42</ele>
        <time>2026-06-23T15:06:13+00:00</time>
      </trkpt>
      <trkpt lat="48.22223" lon="-4.55712">
        <ele>46</ele>
        <time>2026-06-23T15:06:16+00:00</time>
      </trkpt>
      <trkpt lat="48.22201" lon="-4.55698">
        <ele>48</ele>
        <time>2026-06-23T15:06:19+00:00</time>
      </trkpt>
      <trkpt lat="48.22163" lon="-4.55721">
        <ele>51</ele>
        <time>2026-06-23T15:06:22+00:00</time>
      </trkpt>
      <trkpt lat="48.2214" lon="-4.55748">
        <ele>55</ele>
        <time>2026-06-23T15:06:25+00:00</time>
      </trkpt>
      <trkpt lat="48.22114" lon="-4.55766">
        <ele>56</ele>
        <time>2026-06-23T15:06:28+00:00</time>
      </trkpt>
      <trkpt lat="48.22098" lon="-4.55785">
        <ele>57</ele>
        <time>2026-06-23T15:06:31+00:00</time>
      </trkpt>
      <trkpt lat="48.22087" lon="-4.55804">
        <ele>60</ele>
        <time>2026-06-23T15:06:34+00:00</time>
      </trkpt>
      <trkpt lat="48.22085" lon="-4.55837">
        <ele>57</ele>
        <time>2026-06-23T15:06:37+00:00</time>
      </trkpt>
      <trkpt lat="48.22087" lon="-4.55846">
        <ele>56</ele>
        <time>2026-06-23T15:06:40+00:00</time>
      </trkpt>
      <trkpt lat="48.22081" lon="-4.55853">
        <ele>56</ele>
        <time>2026-06-23T15:06:43+00:00</time>
      </trkpt>
      <trkpt lat="48.22065" lon="-4.55853">
        <ele>57</ele>
        <time>2026-06-23T15:06:46+00:00</time>
      </trkpt>
      <trkpt lat="48.22056" lon="-4.55856">
        <ele>58</ele>
        <time>2026-06-23T15:06:49+00:00</time>
      </trkpt>
      <trkpt lat="48.22048" lon="-4.55853">
        <ele>58</ele>
        <time>2026-06-23T15:06:52+00:00</time>
      </trkpt>
      <trkpt lat="48.22038" lon="-4.55858">
        <ele>58</ele>
        <time>2026-06-23T15:06:55+00:00</time>
      </trkpt>
      <trkpt lat="48.22028" lon="-4.55856">
        <ele>58</ele>
        <time>2026-06-23T15:06:58+00:00</time>
      </trkpt>
      <trkpt lat="48.22018" lon="-4.55858">
        <ele>58</ele>
        <time>2026-06-23T15:07:01+00:00</time>
      </trkpt>
      <trkpt lat="48.21989" lon="-4.55874">
        <ele>59</ele>
        <time>2026-06-23T15:07:04+00:00</time>
      </trkpt>
      <trkpt lat="48.21977" lon="-4.55865">
        <ele>59</ele>
        <time>2026-06-23T15:07:07+00:00</time>
      </trkpt>
      <trkpt lat="48.21964" lon="-4.55865">
        <ele>59</ele>
        <time>2026-06-23T15:07:10+00:00</time>
      </trkpt>
      <trkpt lat="48.21944" lon="-4.55853">
        <ele>59</ele>
        <time>2026-06-23T15:07:13+00:00</time>
      </trkpt>
      <trkpt lat="48.2193" lon="-4.55851">
        <ele>55</ele>
        <time>2026-06-23T15:07:16+00:00</time>
      </trkpt>
      <trkpt lat="48.21922" lon="-4.55844">
        <ele>55</ele>
        <time>2026-06-23T15:07:19+00:00</time>
      </trkpt>
      <trkpt lat="48.21912" lon="-4.55844">
        <ele>53</ele>
        <time>2026-06-23T15:07:22+00:00</time>
      </trkpt>
      <trkpt lat="48.21895" lon="-4.55846">
        <ele>52</ele>
        <time>2026-06-23T15:07:25+00:00</time>
      </trkpt>
      <trkpt lat="48.2188" lon="-4.55842">
        <ele>49</ele>
        <time>2026-06-23T15:07:28+00:00</time>
      </trkpt>
      <trkpt lat="48.21868" lon="-4.55827">
        <ele>50</ele>
        <time>2026-06-23T15:07:31+00:00</time>
      </trkpt>
      <trkpt lat="48.21855" lon="-4.55832">
        <ele>50</ele>
        <time>2026-06-23T15:07:34+00:00</time>
      </trkpt>
      <trkpt lat="48.21841" lon="-4.55823">
        <ele>47</ele>
        <time>2026-06-23T15:07:37+00:00</time>
      </trkpt>
      <trkpt lat="48.21826" lon="-4.5583">
        <ele>51</ele>
        <time>2026-06-23T15:07:40+00:00</time>
      </trkpt>
      <trkpt lat="48.21815" lon="-4.55823">
        <ele>51</ele>
        <time>2026-06-23T15:07:43+00:00</time>
      </trkpt>
      <trkpt lat="48.21802" lon="-4.55818">
        <ele>53</ele>
        <time>2026-06-23T15:07:46+00:00</time>
      </trkpt>
      <trkpt lat="48.21777" lon="-4.55797">
        <ele>55</ele>
        <time>2026-06-23T15:07:49+00:00</time>
      </trkpt>
      <trkpt lat="48.21773" lon="-4.55792">
        <ele>55</ele>
        <time>2026-06-23T15:07:52+00:00</time>
      </trkpt>
      <trkpt lat="48.21766" lon="-4.5579">
        <ele>51</ele>
        <time>2026-06-23T15:07:55+00:00</time>
      </trkpt>
      <trkpt lat="48.21755" lon="-4.55783">
        <ele>55</ele>
        <time>2026-06-23T15:07:58+00:00</time>
      </trkpt>
      <trkpt lat="48.21745" lon="-4.55757">
        <ele>53</ele>
        <time>2026-06-23T15:08:01+00:00</time>
      </trkpt>
      <trkpt lat="48.2174" lon="-4.55738">
        <ele>52</ele>
        <time>2026-06-23T15:08:04+00:00</time>
      </trkpt>
      <trkpt lat="48.21739" lon="-4.55727">
        <ele>53</ele>
        <time>2026-06-23T15:08:07+00:00</time>
      </trkpt>
      <trkpt lat="48.21735" lon="-4.55715">
        <ele>54</ele>
        <time>2026-06-23T15:08:10+00:00</time>
      </trkpt>
      <trkpt lat="48.21728" lon="-4.55668">
        <ele>53</ele>
        <time>2026-06-23T15:08:13+00:00</time>
      </trkpt>
      <trkpt lat="48.21716" lon="-4.55637">
        <ele>52</ele>
        <time>2026-06-23T15:08:16+00:00</time>
      </trkpt>
      <trkpt lat="48.21702" lon="-4.55602">
        <ele>52</ele>
        <time>2026-06-23T15:08:19+00:00</time>
      </trkpt>
      <trkpt lat="48.21667" lon="-4.55562">
        <ele>54</ele>
        <time>2026-06-23T15:08:22+00:00</time>
      </trkpt>
      <trkpt lat="48.2166" lon="-4.5556">
        <ele>54</ele>
        <time>2026-06-23T15:08:25+00:00</time>
      </trkpt>
      <trkpt lat="48.21638" lon="-4.55565">
        <ele>54</ele>
        <time>2026-06-23T15:08:28+00:00</time>
      </trkpt>
      <trkpt lat="48.2161" lon="-4.55572">
        <ele>54</ele>
        <time>2026-06-23T15:08:31+00:00</time>
      </trkpt>
      <trkpt lat="48.21601" lon="-4.55575">
        <ele>54</ele>
        <time>2026-06-23T15:08:34+00:00</time>
      </trkpt>
      <trkpt lat="48.21591" lon="-4.55586">
        <ele>54</ele>
        <time>2026-06-23T15:08:37+00:00</time>
      </trkpt>
      <trkpt lat="48.21569" lon="-4.55616">
        <ele>53</ele>
        <time>2026-06-23T15:08:40+00:00</time>
      </trkpt>
      <trkpt lat="48.21533" lon="-4.55644">
        <ele>53</ele>
        <time>2026-06-23T15:08:43+00:00</time>
      </trkpt>
      <trkpt lat="48.21516" lon="-4.55637">
        <ele>52</ele>
        <time>2026-06-23T15:08:46+00:00</time>
      </trkpt>
      <trkpt lat="48.21503" lon="-4.55639">
        <ele>50</ele>
        <time>2026-06-23T15:08:49+00:00</time>
      </trkpt>
      <trkpt lat="48.21489" lon="-4.55647">
        <ele>45</ele>
        <time>2026-06-23T15:08:52+00:00</time>
      </trkpt>
      <trkpt lat="48.21473" lon="-4.55642">
        <ele>41</ele>
        <time>2026-06-23T15:08:55+00:00</time>
      </trkpt>
      <trkpt lat="48.21445" lon="-4.55616">
        <ele>36</ele>
        <time>2026-06-23T15:08:58+00:00</time>
      </trkpt>
      <trkpt lat="48.21427" lon="-4.55609">
        <ele>32</ele>
        <time>2026-06-23T15:09:01+00:00</time>
      </trkpt>
      <trkpt lat="48.21408" lon="-4.55605">
        <ele>30</ele>
        <time>2026-06-23T15:09:04+00:00</time>
      </trkpt>
      <trkpt lat="48.21391" lon="-4.55604">
        <ele>25</ele>
        <time>2026-06-23T15:09:07+00:00</time>
      </trkpt>
      <trkpt lat="48.21379" lon="-4.55581">
        <ele>28</ele>
        <time>2026-06-23T15:09:10+00:00</time>
      </trkpt>
      <trkpt lat="48.21362" lon="-4.55548">
        <ele>28</ele>
        <time>2026-06-23T15:09:13+00:00</time>
      </trkpt>
      <trkpt lat="48.21349" lon="-4.5552">
        <ele>25</ele>
        <time>2026-06-23T15:09:16+00:00</time>
      </trkpt>
      <trkpt lat="48.2133" lon="-4.55477">
        <ele>21</ele>
        <time>2026-06-23T15:09:19+00:00</time>
      </trkpt>
      <trkpt lat="48.21318" lon="-4.55446">
        <ele>21</ele>
        <time>2026-06-23T15:09:22+00:00</time>
      </trkpt>
      <trkpt lat="48.21304" lon="-4.55412">
        <ele>19</ele>
        <time>2026-06-23T15:09:25+00:00</time>
      </trkpt>
      <trkpt lat="48.21298" lon="-4.55405">
        <ele>19</ele>
        <time>2026-06-23T15:09:28+00:00</time>
      </trkpt>
      <trkpt lat="48.21283" lon="-4.55377">
        <ele>17</ele>
        <time>2026-06-23T15:09:31+00:00</time>
      </trkpt>
      <trkpt lat="48.21265" lon="-4.55333">
        <ele>15</ele>
        <time>2026-06-23T15:09:34+00:00</time>
      </trkpt>
      <trkpt lat="48.21262" lon="-4.55328">
        <ele>16</ele>
        <time>2026-06-23T15:09:37+00:00</time>
      </trkpt>
      <trkpt lat="48.21248" lon="-4.55297">
        <ele>14</ele>
        <time>2026-06-23T15:09:40+00:00</time>
      </trkpt>
      <trkpt lat="48.2124" lon="-4.5529">
        <ele>12</ele>
        <time>2026-06-23T15:09:43+00:00</time>
      </trkpt>
      <trkpt lat="48.21233" lon="-4.55288">
        <ele>14</ele>
        <time>2026-06-23T15:09:46+00:00</time>
      </trkpt>
      <trkpt lat="48.21223" lon="-4.55276">
        <ele>14</ele>
        <time>2026-06-23T15:09:49+00:00</time>
      </trkpt>
      <trkpt lat="48.2121" lon="-4.55271">
        <ele>13</ele>
        <time>2026-06-23T15:09:52+00:00</time>
      </trkpt>
      <trkpt lat="48.21201" lon="-4.55262">
        <ele>13</ele>
        <time>2026-06-23T15:09:55+00:00</time>
      </trkpt>
      <trkpt lat="48.21176" lon="-4.55255">
        <ele>9</ele>
        <time>2026-06-23T15:09:58+00:00</time>
      </trkpt>
      <trkpt lat="48.2117" lon="-4.5525">
        <ele>9</ele>
        <time>2026-06-23T15:10:01+00:00</time>
      </trkpt>
      <trkpt lat="48.21158" lon="-4.55231">
        <ele>8</ele>
        <time>2026-06-23T15:10:04+00:00</time>
      </trkpt>
      <trkpt lat="48.21155" lon="-4.55233">
        <ele>8</ele>
        <time>2026-06-23T15:10:07+00:00</time>
      </trkpt>
      <trkpt lat="48.21149" lon="-4.55224">
        <ele>6</ele>
        <time>2026-06-23T15:10:10+00:00</time>
      </trkpt>
      <trkpt lat="48.21136" lon="-4.55222">
        <ele>7</ele>
        <time>2026-06-23T15:10:13+00:00</time>
      </trkpt>
      <trkpt lat="48.21128" lon="-4.55213">
        <ele>6</ele>
        <time>2026-06-23T15:10:16+00:00</time>
      </trkpt>
      <trkpt lat="48.21125" lon="-4.55206">
        <ele>7</ele>
        <time>2026-06-23T15:10:19+00:00</time>
      </trkpt>
      <trkpt lat="48.21121" lon="-4.55205">
        <ele>7</ele>
        <time>2026-06-23T15:10:22+00:00</time>
      </trkpt>
      <trkpt lat="48.2112" lon="-4.55208">
        <ele>7</ele>
        <time>2026-06-23T15:10:25+00:00</time>
      </trkpt>
      <trkpt lat="48.21107" lon="-4.55189">
        <ele>7</ele>
        <time>2026-06-23T15:10:28+00:00</time>
      </trkpt>
      <trkpt lat="48.21094" lon="-4.55182">
        <ele>10</ele>
        <time>2026-06-23T15:10:31+00:00</time>
      </trkpt>
      <trkpt lat="48.21074" lon="-4.55163">
        <ele>7</ele>
        <time>2026-06-23T15:10:34+00:00</time>
      </trkpt>
      <trkpt lat="48.21049" lon="-4.55152">
        <ele>8</ele>
        <time>2026-06-23T15:10:37+00:00</time>
      </trkpt>
      <trkpt lat="48.2103" lon="-4.55152">
        <ele>8</ele>
        <time>2026-06-23T15:10:40+00:00</time>
      </trkpt>
      <trkpt lat="48.21007" lon="-4.55157">
        <ele>9</ele>
        <time>2026-06-23T15:10:43+00:00</time>
      </trkpt>
      <trkpt lat="48.20981" lon="-4.55163">
        <ele>10</ele>
        <time>2026-06-23T15:10:46+00:00</time>
      </trkpt>
      <trkpt lat="48.20958" lon="-4.55166">
        <ele>11</ele>
        <time>2026-06-23T15:10:49+00:00</time>
      </trkpt>
      <trkpt lat="48.20946" lon="-4.55166">
        <ele>11</ele>
        <time>2026-06-23T15:10:52+00:00</time>
      </trkpt>
      <trkpt lat="48.20926" lon="-4.55152">
        <ele>13</ele>
        <time>2026-06-23T15:10:55+00:00</time>
      </trkpt>
      <trkpt lat="48.20918" lon="-4.55149">
        <ele>13</ele>
        <time>2026-06-23T15:10:58+00:00</time>
      </trkpt>
      <trkpt lat="48.20907" lon="-4.55156">
        <ele>14</ele>
        <time>2026-06-23T15:11:01+00:00</time>
      </trkpt>
      <trkpt lat="48.20895" lon="-4.55149">
        <ele>14</ele>
        <time>2026-06-23T15:11:04+00:00</time>
      </trkpt>
      <trkpt lat="48.20878" lon="-4.55145">
        <ele>16</ele>
        <time>2026-06-23T15:11:07+00:00</time>
      </trkpt>
      <trkpt lat="48.20862" lon="-4.55159">
        <ele>21</ele>
        <time>2026-06-23T15:11:10+00:00</time>
      </trkpt>
      <trkpt lat="48.20861" lon="-4.55166">
        <ele>19</ele>
        <time>2026-06-23T15:11:13+00:00</time>
      </trkpt>
      <trkpt lat="48.20858" lon="-4.55168">
        <ele>21</ele>
        <time>2026-06-23T15:11:16+00:00</time>
      </trkpt>
      <trkpt lat="48.20835" lon="-4.55168">
        <ele>20</ele>
        <time>2026-06-23T15:11:19+00:00</time>
      </trkpt>
      <trkpt lat="48.20821" lon="-4.55194">
        <ele>22</ele>
        <time>2026-06-23T15:11:22+00:00</time>
      </trkpt>
      <trkpt lat="48.20817" lon="-4.55206">
        <ele>23</ele>
        <time>2026-06-23T15:11:25+00:00</time>
      </trkpt>
      <trkpt lat="48.20809" lon="-4.55213">
        <ele>22</ele>
        <time>2026-06-23T15:11:28+00:00</time>
      </trkpt>
      <trkpt lat="48.20789" lon="-4.55222">
        <ele>22</ele>
        <time>2026-06-23T15:11:31+00:00</time>
      </trkpt>
      <trkpt lat="48.20775" lon="-4.55233">
        <ele>22</ele>
        <time>2026-06-23T15:11:34+00:00</time>
      </trkpt>
      <trkpt lat="48.2077" lon="-4.55246">
        <ele>22</ele>
        <time>2026-06-23T15:11:37+00:00</time>
      </trkpt>
      <trkpt lat="48.20764" lon="-4.55253">
        <ele>22</ele>
        <time>2026-06-23T15:11:40+00:00</time>
      </trkpt>
      <trkpt lat="48.20756" lon="-4.5526">
        <ele>19</ele>
        <time>2026-06-23T15:11:43+00:00</time>
      </trkpt>
      <trkpt lat="48.20744" lon="-4.55275">
        <ele>22</ele>
        <time>2026-06-23T15:11:46+00:00</time>
      </trkpt>
      <trkpt lat="48.2073" lon="-4.55291">
        <ele>18</ele>
        <time>2026-06-23T15:11:49+00:00</time>
      </trkpt>
      <trkpt lat="48.20724" lon="-4.55307">
        <ele>18</ele>
        <time>2026-06-23T15:11:52+00:00</time>
      </trkpt>
      <trkpt lat="48.20716" lon="-4.55318">
        <ele>17</ele>
        <time>2026-06-23T15:11:55+00:00</time>
      </trkpt>
      <trkpt lat="48.20709" lon="-4.55321">
        <ele>17</ele>
        <time>2026-06-23T15:11:58+00:00</time>
      </trkpt>
      <trkpt lat="48.20675" lon="-4.55318">
        <ele>17</ele>
        <time>2026-06-23T15:12:01+00:00</time>
      </trkpt>
      <trkpt lat="48.20665" lon="-4.55316">
        <ele>10</ele>
        <time>2026-06-23T15:12:04+00:00</time>
      </trkpt>
      <trkpt lat="48.20664" lon="-4.55307">
        <ele>9</ele>
        <time>2026-06-23T15:12:07+00:00</time>
      </trkpt>
      <trkpt lat="48.20669" lon="-4.55295">
        <ele>15</ele>
        <time>2026-06-23T15:12:10+00:00</time>
      </trkpt>
      <trkpt lat="48.20666" lon="-4.55286">
        <ele>11</ele>
        <time>2026-06-23T15:12:13+00:00</time>
      </trkpt>
      <trkpt lat="48.20661" lon="-4.55281">
        <ele>11</ele>
        <time>2026-06-23T15:12:16+00:00</time>
      </trkpt>
      <trkpt lat="48.20658" lon="-4.55264">
        <ele>13</ele>
        <time>2026-06-23T15:12:19+00:00</time>
      </trkpt>
      <trkpt lat="48.20647" lon="-4.55246">
        <ele>12</ele>
        <time>2026-06-23T15:12:22+00:00</time>
      </trkpt>
      <trkpt lat="48.20628" lon="-4.55234">
        <ele>12</ele>
        <time>2026-06-23T15:12:25+00:00</time>
      </trkpt>
      <trkpt lat="48.20612" lon="-4.55232">
        <ele>9</ele>
        <time>2026-06-23T15:12:28+00:00</time>
      </trkpt>
      <trkpt lat="48.20607" lon="-4.55227">
        <ele>11</ele>
        <time>2026-06-23T15:12:31+00:00</time>
      </trkpt>
      <trkpt lat="48.20584" lon="-4.55218">
        <ele>11</ele>
        <time>2026-06-23T15:12:34+00:00</time>
      </trkpt>
      <trkpt lat="48.20571" lon="-4.55203">
        <ele>14</ele>
        <time>2026-06-23T15:12:37+00:00</time>
      </trkpt>
      <trkpt lat="48.20569" lon="-4.55206">
        <ele>11</ele>
        <time>2026-06-23T15:12:40+00:00</time>
      </trkpt>
      <trkpt lat="48.20566" lon="-4.55201">
        <ele>13</ele>
        <time>2026-06-23T15:12:43+00:00</time>
      </trkpt>
      <trkpt lat="48.20548" lon="-4.55206">
        <ele>11</ele>
        <time>2026-06-23T15:12:46+00:00</time>
      </trkpt>
      <trkpt lat="48.20536" lon="-4.55203">
        <ele>12</ele>
        <time>2026-06-23T15:12:49+00:00</time>
      </trkpt>
      <trkpt lat="48.2053" lon="-4.5521">
        <ele>11</ele>
        <time>2026-06-23T15:12:52+00:00</time>
      </trkpt>
      <trkpt lat="48.20523" lon="-4.55212">
        <ele>11</ele>
        <time>2026-06-23T15:12:55+00:00</time>
      </trkpt>
      <trkpt lat="48.20517" lon="-4.55215">
        <ele>11</ele>
        <time>2026-06-23T15:12:58+00:00</time>
      </trkpt>
      <trkpt lat="48.20513" lon="-4.55215">
        <ele>11</ele>
        <time>2026-06-23T15:13:01+00:00</time>
      </trkpt>
      <trkpt lat="48.20497" lon="-4.55203">
        <ele>15</ele>
        <time>2026-06-23T15:13:04+00:00</time>
      </trkpt>
      <trkpt lat="48.20486" lon="-4.55201">
        <ele>15</ele>
        <time>2026-06-23T15:13:07+00:00</time>
      </trkpt>
      <trkpt lat="48.20471" lon="-4.55192">
        <ele>15</ele>
        <time>2026-06-23T15:13:10+00:00</time>
      </trkpt>
      <trkpt lat="48.20457" lon="-4.55189">
        <ele>18</ele>
        <time>2026-06-23T15:13:13+00:00</time>
      </trkpt>
      <trkpt lat="48.20429" lon="-4.55171">
        <ele>17</ele>
        <time>2026-06-23T15:13:16+00:00</time>
      </trkpt>
      <trkpt lat="48.20423" lon="-4.55154">
        <ele>20</ele>
        <time>2026-06-23T15:13:19+00:00</time>
      </trkpt>
      <trkpt lat="48.20423" lon="-4.5514">
        <ele>20</ele>
        <time>2026-06-23T15:13:22+00:00</time>
      </trkpt>
      <trkpt lat="48.20396" lon="-4.55124">
        <ele>21</ele>
        <time>2026-06-23T15:13:25+00:00</time>
      </trkpt>
      <trkpt lat="48.20364" lon="-4.55116">
        <ele>22</ele>
        <time>2026-06-23T15:13:28+00:00</time>
      </trkpt>
      <trkpt lat="48.20345" lon="-4.55105">
        <ele>22</ele>
        <time>2026-06-23T15:13:31+00:00</time>
      </trkpt>
      <trkpt lat="48.2033" lon="-4.55091">
        <ele>22</ele>
        <time>2026-06-23T15:13:34+00:00</time>
      </trkpt>
      <trkpt lat="48.20321" lon="-4.5508">
        <ele>20</ele>
        <time>2026-06-23T15:13:37+00:00</time>
      </trkpt>
      <trkpt lat="48.20315" lon="-4.55129">
        <ele>19</ele>
        <time>2026-06-23T15:13:40+00:00</time>
      </trkpt>
      <trkpt lat="48.20315" lon="-4.55159">
        <ele>15</ele>
        <time>2026-06-23T15:13:43+00:00</time>
      </trkpt>
      <trkpt lat="48.20296" lon="-4.55161">
        <ele>14</ele>
        <time>2026-06-23T15:13:46+00:00</time>
      </trkpt>
      <trkpt lat="48.20267" lon="-4.55142">
        <ele>13</ele>
        <time>2026-06-23T15:13:49+00:00</time>
      </trkpt>
      <trkpt lat="48.20262" lon="-4.55145">
        <ele>13</ele>
        <time>2026-06-23T15:13:52+00:00</time>
      </trkpt>
      <trkpt lat="48.20254" lon="-4.55137">
        <ele>15</ele>
        <time>2026-06-23T15:13:55+00:00</time>
      </trkpt>
      <trkpt lat="48.20239" lon="-4.55142">
        <ele>11</ele>
        <time>2026-06-23T15:13:58+00:00</time>
      </trkpt>
      <trkpt lat="48.20234" lon="-4.55145">
        <ele>11</ele>
        <time>2026-06-23T15:14:01+00:00</time>
      </trkpt>
      <trkpt lat="48.2022" lon="-4.55145">
        <ele>10</ele>
        <time>2026-06-23T15:14:04+00:00</time>
      </trkpt>
      <trkpt lat="48.20213" lon="-4.55146">
        <ele>10</ele>
        <time>2026-06-23T15:14:07+00:00</time>
      </trkpt>
      <trkpt lat="48.20193" lon="-4.55138">
        <ele>10</ele>
        <time>2026-06-23T15:14:10+00:00</time>
      </trkpt>
      <trkpt lat="48.20178" lon="-4.55128">
        <ele>10</ele>
        <time>2026-06-23T15:14:13+00:00</time>
      </trkpt>
      <trkpt lat="48.20163" lon="-4.55123">
        <ele>9</ele>
        <time>2026-06-23T15:14:16+00:00</time>
      </trkpt>
      <trkpt lat="48.20148" lon="-4.55117">
        <ele>10</ele>
        <time>2026-06-23T15:14:19+00:00</time>
      </trkpt>
      <trkpt lat="48.20136" lon="-4.55117">
        <ele>9</ele>
        <time>2026-06-23T15:14:22+00:00</time>
      </trkpt>
      <trkpt lat="48.20115" lon="-4.55114">
        <ele>9</ele>
        <time>2026-06-23T15:14:25+00:00</time>
      </trkpt>
      <trkpt lat="48.20097" lon="-4.55102">
        <ele>9</ele>
        <time>2026-06-23T15:14:28+00:00</time>
      </trkpt>
      <trkpt lat="48.20089" lon="-4.551">
        <ele>10</ele>
        <time>2026-06-23T15:14:31+00:00</time>
      </trkpt>
      <trkpt lat="48.20082" lon="-4.55095">
        <ele>9</ele>
        <time>2026-06-23T15:14:34+00:00</time>
      </trkpt>
      <trkpt lat="48.20071" lon="-4.55081">
        <ele>9</ele>
        <time>2026-06-23T15:14:37+00:00</time>
      </trkpt>
      <trkpt lat="48.20064" lon="-4.55086">
        <ele>8</ele>
        <time>2026-06-23T15:14:40+00:00</time>
      </trkpt>
      <trkpt lat="48.20044" lon="-4.55091">
        <ele>8</ele>
        <time>2026-06-23T15:14:43+00:00</time>
      </trkpt>
      <trkpt lat="48.20048" lon="-4.55071">
        <ele>8</ele>
        <time>2026-06-23T15:14:46+00:00</time>
      </trkpt>
      <trkpt lat="48.20042" lon="-4.55068">
        <ele>8</ele>
        <time>2026-06-23T15:14:49+00:00</time>
      </trkpt>
      <trkpt lat="48.20034" lon="-4.55067">
        <ele>7</ele>
        <time>2026-06-23T15:14:52+00:00</time>
      </trkpt>
      <trkpt lat="48.20026" lon="-4.55058">
        <ele>8</ele>
        <time>2026-06-23T15:14:55+00:00</time>
      </trkpt>
      <trkpt lat="48.20015" lon="-4.5505">
        <ele>8</ele>
        <time>2026-06-23T15:14:58+00:00</time>
      </trkpt>
      <trkpt lat="48.20009" lon="-4.55047">
        <ele>8</ele>
        <time>2026-06-23T15:15:01+00:00</time>
      </trkpt>
      <trkpt lat="48.19988" lon="-4.55044">
        <ele>8</ele>
        <time>2026-06-23T15:15:04+00:00</time>
      </trkpt>
      <trkpt lat="48.1997" lon="-4.55044">
        <ele>8</ele>
        <time>2026-06-23T15:15:07+00:00</time>
      </trkpt>
      <trkpt lat="48.19948" lon="-4.55035">
        <ele>10</ele>
        <time>2026-06-23T15:15:10+00:00</time>
      </trkpt>
      <trkpt lat="48.19925" lon="-4.55027">
        <ele>10</ele>
        <time>2026-06-23T15:15:13+00:00</time>
      </trkpt>
      <trkpt lat="48.19898" lon="-4.55018">
        <ele>12</ele>
        <time>2026-06-23T15:15:16+00:00</time>
      </trkpt>
      <trkpt lat="48.19864" lon="-4.55027">
        <ele>13</ele>
        <time>2026-06-23T15:15:19+00:00</time>
      </trkpt>
      <trkpt lat="48.19824" lon="-4.55032">
        <ele>14</ele>
        <time>2026-06-23T15:15:22+00:00</time>
      </trkpt>
      <trkpt lat="48.19812" lon="-4.5503">
        <ele>14</ele>
        <time>2026-06-23T15:15:25+00:00</time>
      </trkpt>
      <trkpt lat="48.1978" lon="-4.5502">
        <ele>17</ele>
        <time>2026-06-23T15:15:28+00:00</time>
      </trkpt>
      <trkpt lat="48.1976" lon="-4.55018">
        <ele>17</ele>
        <time>2026-06-23T15:15:31+00:00</time>
      </trkpt>
      <trkpt lat="48.19737" lon="-4.55004">
        <ele>18</ele>
        <time>2026-06-23T15:15:34+00:00</time>
      </trkpt>
      <trkpt lat="48.1972" lon="-4.54999">
        <ele>18</ele>
        <time>2026-06-23T15:15:37+00:00</time>
      </trkpt>
      <trkpt lat="48.19707" lon="-4.54991">
        <ele>18</ele>
        <time>2026-06-23T15:15:40+00:00</time>
      </trkpt>
      <trkpt lat="48.19694" lon="-4.54983">
        <ele>18</ele>
        <time>2026-06-23T15:15:43+00:00</time>
      </trkpt>
      <trkpt lat="48.19686" lon="-4.54983">
        <ele>20</ele>
        <time>2026-06-23T15:15:46+00:00</time>
      </trkpt>
      <trkpt lat="48.19668" lon="-4.54974">
        <ele>19</ele>
        <time>2026-06-23T15:15:49+00:00</time>
      </trkpt>
      <trkpt lat="48.1965" lon="-4.54964">
        <ele>19</ele>
        <time>2026-06-23T15:15:52+00:00</time>
      </trkpt>
      <trkpt lat="48.19628" lon="-4.54945">
        <ele>20</ele>
        <time>2026-06-23T15:15:55+00:00</time>
      </trkpt>
      <trkpt lat="48.19617" lon="-4.54941">
        <ele>21</ele>
        <time>2026-06-23T15:15:58+00:00</time>
      </trkpt>
      <trkpt lat="48.19593" lon="-4.54938">
        <ele>24</ele>
        <time>2026-06-23T15:16:01+00:00</time>
      </trkpt>
      <trkpt lat="48.19577" lon="-4.54943">
        <ele>26</ele>
        <time>2026-06-23T15:16:04+00:00</time>
      </trkpt>
      <trkpt lat="48.19561" lon="-4.54941">
        <ele>27</ele>
        <time>2026-06-23T15:16:07+00:00</time>
      </trkpt>
      <trkpt lat="48.19549" lon="-4.54929">
        <ele>29</ele>
        <time>2026-06-23T15:16:10+00:00</time>
      </trkpt>
      <trkpt lat="48.19537" lon="-4.54924">
        <ele>30</ele>
        <time>2026-06-23T15:16:13+00:00</time>
      </trkpt>
      <trkpt lat="48.19515" lon="-4.54927">
        <ele>30</ele>
        <time>2026-06-23T15:16:16+00:00</time>
      </trkpt>
      <trkpt lat="48.19492" lon="-4.54929">
        <ele>30</ele>
        <time>2026-06-23T15:16:19+00:00</time>
      </trkpt>
      <trkpt lat="48.19481" lon="-4.54929">
        <ele>30</ele>
        <time>2026-06-23T15:16:22+00:00</time>
      </trkpt>
      <trkpt lat="48.19477" lon="-4.54924">
        <ele>30</ele>
        <time>2026-06-23T15:16:25+00:00</time>
      </trkpt>
      <trkpt lat="48.19462" lon="-4.54922">
        <ele>30</ele>
        <time>2026-06-23T15:16:28+00:00</time>
      </trkpt>
      <trkpt lat="48.1944" lon="-4.54908">
        <ele>31</ele>
        <time>2026-06-23T15:16:31+00:00</time>
      </trkpt>
      <trkpt lat="48.19429" lon="-4.54905">
        <ele>36</ele>
        <time>2026-06-23T15:16:34+00:00</time>
      </trkpt>
      <trkpt lat="48.19421" lon="-4.5491">
        <ele>32</ele>
        <time>2026-06-23T15:16:37+00:00</time>
      </trkpt>
      <trkpt lat="48.19403" lon="-4.54905">
        <ele>39</ele>
        <time>2026-06-23T15:16:40+00:00</time>
      </trkpt>
      <trkpt lat="48.1939" lon="-4.54896">
        <ele>42</ele>
        <time>2026-06-23T15:16:43+00:00</time>
      </trkpt>
      <trkpt lat="48.19386" lon="-4.54891">
        <ele>42</ele>
        <time>2026-06-23T15:16:46+00:00</time>
      </trkpt>
      <trkpt lat="48.19383" lon="-4.54884">
        <ele>42</ele>
        <time>2026-06-23T15:16:49+00:00</time>
      </trkpt>
      <trkpt lat="48.19385" lon="-4.54868">
        <ele>43</ele>
        <time>2026-06-23T15:16:52+00:00</time>
      </trkpt>
      <trkpt lat="48.19383" lon="-4.54861">
        <ele>42</ele>
        <time>2026-06-23T15:16:55+00:00</time>
      </trkpt>
      <trkpt lat="48.19379" lon="-4.54858">
        <ele>44</ele>
        <time>2026-06-23T15:16:58+00:00</time>
      </trkpt>
      <trkpt lat="48.1936" lon="-4.54873">
        <ele>42</ele>
        <time>2026-06-23T15:17:01+00:00</time>
      </trkpt>
      <trkpt lat="48.19323" lon="-4.54887">
        <ele>39</ele>
        <time>2026-06-23T15:17:04+00:00</time>
      </trkpt>
      <trkpt lat="48.19301" lon="-4.54882">
        <ele>38</ele>
        <time>2026-06-23T15:17:07+00:00</time>
      </trkpt>
      <trkpt lat="48.19276" lon="-4.5487">
        <ele>38</ele>
        <time>2026-06-23T15:17:10+00:00</time>
      </trkpt>
      <trkpt lat="48.19242" lon="-4.54854">
        <ele>40</ele>
        <time>2026-06-23T15:17:13+00:00</time>
      </trkpt>
      <trkpt lat="48.19233" lon="-4.54854">
        <ele>41</ele>
        <time>2026-06-23T15:17:16+00:00</time>
      </trkpt>
      <trkpt lat="48.19224" lon="-4.54865">
        <ele>46</ele>
        <time>2026-06-23T15:17:19+00:00</time>
      </trkpt>
      <trkpt lat="48.19223" lon="-4.549">
        <ele>46</ele>
        <time>2026-06-23T15:17:22+00:00</time>
      </trkpt>
      <trkpt lat="48.19221" lon="-4.54938">
        <ele>45</ele>
        <time>2026-06-23T15:17:25+00:00</time>
      </trkpt>
      <trkpt lat="48.19219" lon="-4.54955">
        <ele>44</ele>
        <time>2026-06-23T15:17:28+00:00</time>
      </trkpt>
      <trkpt lat="48.1921" lon="-4.54976">
        <ele>44</ele>
        <time>2026-06-23T15:17:31+00:00</time>
      </trkpt>
      <trkpt lat="48.1919" lon="-4.54994">
        <ele>45</ele>
        <time>2026-06-23T15:17:34+00:00</time>
      </trkpt>
      <trkpt lat="48.19169" lon="-4.55013">
        <ele>46</ele>
        <time>2026-06-23T15:17:37+00:00</time>
      </trkpt>
      <trkpt lat="48.19159" lon="-4.5502">
        <ele>45</ele>
        <time>2026-06-23T15:17:40+00:00</time>
      </trkpt>
      <trkpt lat="48.19142" lon="-4.55027">
        <ele>47</ele>
        <time>2026-06-23T15:17:43+00:00</time>
      </trkpt>
      <trkpt lat="48.1913" lon="-4.55037">
        <ele>48</ele>
        <time>2026-06-23T15:17:46+00:00</time>
      </trkpt>
      <trkpt lat="48.19117" lon="-4.55056">
        <ele>49</ele>
        <time>2026-06-23T15:17:49+00:00</time>
      </trkpt>
      <trkpt lat="48.19104" lon="-4.55098">
        <ele>49</ele>
        <time>2026-06-23T15:17:52+00:00</time>
      </trkpt>
      <trkpt lat="48.19102" lon="-4.55126">
        <ele>47</ele>
        <time>2026-06-23T15:17:55+00:00</time>
      </trkpt>
      <trkpt lat="48.19096" lon="-4.55154">
        <ele>47</ele>
        <time>2026-06-23T15:17:58+00:00</time>
      </trkpt>
      <trkpt lat="48.19087" lon="-4.5518">
        <ele>45</ele>
        <time>2026-06-23T15:18:01+00:00</time>
      </trkpt>
      <trkpt lat="48.19075" lon="-4.55196">
        <ele>45</ele>
        <time>2026-06-23T15:18:04+00:00</time>
      </trkpt>
      <trkpt lat="48.19058" lon="-4.55205">
        <ele>45</ele>
        <time>2026-06-23T15:18:07+00:00</time>
      </trkpt>
      <trkpt lat="48.19038" lon="-4.55217">
        <ele>44</ele>
        <time>2026-06-23T15:18:10+00:00</time>
      </trkpt>
      <trkpt lat="48.19021" lon="-4.55217">
        <ele>43</ele>
        <time>2026-06-23T15:18:13+00:00</time>
      </trkpt>
      <trkpt lat="48.19003" lon="-4.55213">
        <ele>43</ele>
        <time>2026-06-23T15:18:16+00:00</time>
      </trkpt>
      <trkpt lat="48.18995" lon="-4.55199">
        <ele>42</ele>
        <time>2026-06-23T15:18:19+00:00</time>
      </trkpt>
      <trkpt lat="48.18992" lon="-4.55174">
        <ele>42</ele>
        <time>2026-06-23T15:18:22+00:00</time>
      </trkpt>
      <trkpt lat="48.1899" lon="-4.55149">
        <ele>35</ele>
        <time>2026-06-23T15:18:25+00:00</time>
      </trkpt>
      <trkpt lat="48.18984" lon="-4.55124">
        <ele>40</ele>
        <time>2026-06-23T15:18:28+00:00</time>
      </trkpt>
      <trkpt lat="48.18978" lon="-4.55084">
        <ele>40</ele>
        <time>2026-06-23T15:18:31+00:00</time>
      </trkpt>
      <trkpt lat="48.18973" lon="-4.55063">
        <ele>42</ele>
        <time>2026-06-23T15:18:34+00:00</time>
      </trkpt>
      <trkpt lat="48.18965" lon="-4.55046">
        <ele>41</ele>
        <time>2026-06-23T15:18:37+00:00</time>
      </trkpt>
      <trkpt lat="48.18954" lon="-4.55015">
        <ele>47</ele>
        <time>2026-06-23T15:18:40+00:00</time>
      </trkpt>
      <trkpt lat="48.18943" lon="-4.5498">
        <ele>50</ele>
        <time>2026-06-23T15:18:43+00:00</time>
      </trkpt>
      <trkpt lat="48.18929" lon="-4.54953">
        <ele>51</ele>
        <time>2026-06-23T15:18:46+00:00</time>
      </trkpt>
      <trkpt lat="48.18915" lon="-4.54924">
        <ele>55</ele>
        <time>2026-06-23T15:18:49+00:00</time>
      </trkpt>
      <trkpt lat="48.18893" lon="-4.54889">
        <ele>63</ele>
        <time>2026-06-23T15:18:52+00:00</time>
      </trkpt>
      <trkpt lat="48.18889" lon="-4.54875">
        <ele>65</ele>
        <time>2026-06-23T15:18:55+00:00</time>
      </trkpt>
      <trkpt lat="48.18881" lon="-4.54866">
        <ele>67</ele>
        <time>2026-06-23T15:18:58+00:00</time>
      </trkpt>
      <trkpt lat="48.18879" lon="-4.54848">
        <ele>73</ele>
        <time>2026-06-23T15:19:01+00:00</time>
      </trkpt>
      <trkpt lat="48.18872" lon="-4.54851">
        <ele>71</ele>
        <time>2026-06-23T15:19:04+00:00</time>
      </trkpt>
      <trkpt lat="48.18861" lon="-4.54882">
        <ele>73</ele>
        <time>2026-06-23T15:19:07+00:00</time>
      </trkpt>
      <trkpt lat="48.18844" lon="-4.54908">
        <ele>73</ele>
        <time>2026-06-23T15:19:10+00:00</time>
      </trkpt>
      <trkpt lat="48.18826" lon="-4.54936">
        <ele>71</ele>
        <time>2026-06-23T15:19:13+00:00</time>
      </trkpt>
      <trkpt lat="48.18803" lon="-4.54941">
        <ele>72</ele>
        <time>2026-06-23T15:19:16+00:00</time>
      </trkpt>
      <trkpt lat="48.18794" lon="-4.54934">
        <ele>73</ele>
        <time>2026-06-23T15:19:19+00:00</time>
      </trkpt>
      <trkpt lat="48.18785" lon="-4.54941">
        <ele>72</ele>
        <time>2026-06-23T15:19:22+00:00</time>
      </trkpt>
      <trkpt lat="48.18767" lon="-4.5495">
        <ele>72</ele>
        <time>2026-06-23T15:19:25+00:00</time>
      </trkpt>
      <trkpt lat="48.18762" lon="-4.5495">
        <ele>72</ele>
        <time>2026-06-23T15:19:28+00:00</time>
      </trkpt>
      <trkpt lat="48.18737" lon="-4.54941">
        <ele>72</ele>
        <time>2026-06-23T15:19:31+00:00</time>
      </trkpt>
      <trkpt lat="48.18707" lon="-4.54943">
        <ele>77</ele>
        <time>2026-06-23T15:19:34+00:00</time>
      </trkpt>
      <trkpt lat="48.18689" lon="-4.54962">
        <ele>77</ele>
        <time>2026-06-23T15:19:37+00:00</time>
      </trkpt>
      <trkpt lat="48.1866" lon="-4.54999">
        <ele>76</ele>
        <time>2026-06-23T15:19:40+00:00</time>
      </trkpt>
      <trkpt lat="48.18637" lon="-4.55018">
        <ele>77</ele>
        <time>2026-06-23T15:19:43+00:00</time>
      </trkpt>
      <trkpt lat="48.18628" lon="-4.55023">
        <ele>78</ele>
        <time>2026-06-23T15:19:46+00:00</time>
      </trkpt>
      <trkpt lat="48.18622" lon="-4.5503">
        <ele>74</ele>
        <time>2026-06-23T15:19:49+00:00</time>
      </trkpt>
      <trkpt lat="48.18607" lon="-4.55037">
        <ele>79</ele>
        <time>2026-06-23T15:19:52+00:00</time>
      </trkpt>
      <trkpt lat="48.1859" lon="-4.55058">
        <ele>78</ele>
        <time>2026-06-23T15:19:55+00:00</time>
      </trkpt>
      <trkpt lat="48.18582" lon="-4.55072">
        <ele>79</ele>
        <time>2026-06-23T15:19:58+00:00</time>
      </trkpt>
      <trkpt lat="48.18573" lon="-4.551">
        <ele>78</ele>
        <time>2026-06-23T15:20:01+00:00</time>
      </trkpt>
      <trkpt lat="48.1856" lon="-4.55131">
        <ele>78</ele>
        <time>2026-06-23T15:20:04+00:00</time>
      </trkpt>
      <trkpt lat="48.18556" lon="-4.55144">
        <ele>79</ele>
        <time>2026-06-23T15:20:07+00:00</time>
      </trkpt>
      <trkpt lat="48.18536" lon="-4.55168">
        <ele>78</ele>
        <time>2026-06-23T15:20:10+00:00</time>
      </trkpt>
      <trkpt lat="48.18511" lon="-4.55186">
        <ele>72</ele>
        <time>2026-06-23T15:20:13+00:00</time>
      </trkpt>
      <trkpt lat="48.18489" lon="-4.5517">
        <ele>73</ele>
        <time>2026-06-23T15:20:16+00:00</time>
      </trkpt>
      <trkpt lat="48.18465" lon="-4.55152">
        <ele>74</ele>
        <time>2026-06-23T15:20:19+00:00</time>
      </trkpt>
      <trkpt lat="48.18433" lon="-4.55138">
        <ele>76</ele>
        <time>2026-06-23T15:20:22+00:00</time>
      </trkpt>
      <trkpt lat="48.18425" lon="-4.55133">
        <ele>75</ele>
        <time>2026-06-23T15:20:25+00:00</time>
      </trkpt>
      <trkpt lat="48.18414" lon="-4.55119">
        <ele>79</ele>
        <time>2026-06-23T15:20:28+00:00</time>
      </trkpt>
      <trkpt lat="48.1841" lon="-4.55117">
        <ele>79</ele>
        <time>2026-06-23T15:20:31+00:00</time>
      </trkpt>
      <trkpt lat="48.18392" lon="-4.55116">
        <ele>79</ele>
        <time>2026-06-23T15:20:34+00:00</time>
      </trkpt>
      <trkpt lat="48.18387" lon="-4.55105">
        <ele>81</ele>
        <time>2026-06-23T15:20:37+00:00</time>
      </trkpt>
      <trkpt lat="48.18373" lon="-4.55091">
        <ele>83</ele>
        <time>2026-06-23T15:20:40+00:00</time>
      </trkpt>
      <trkpt lat="48.18361" lon="-4.55068">
        <ele>84</ele>
        <time>2026-06-23T15:20:43+00:00</time>
      </trkpt>
      <trkpt lat="48.18354" lon="-4.55056">
        <ele>83</ele>
        <time>2026-06-23T15:20:46+00:00</time>
      </trkpt>
      <trkpt lat="48.18343" lon="-4.5502">
        <ele>84</ele>
        <time>2026-06-23T15:20:49+00:00</time>
      </trkpt>
      <trkpt lat="48.18327" lon="-4.54984">
        <ele>84</ele>
        <time>2026-06-23T15:20:52+00:00</time>
      </trkpt>
      <trkpt lat="48.18298" lon="-4.54917">
        <ele>84</ele>
        <time>2026-06-23T15:20:55+00:00</time>
      </trkpt>
      <trkpt lat="48.18289" lon="-4.54886">
        <ele>85</ele>
        <time>2026-06-23T15:20:58+00:00</time>
      </trkpt>
      <trkpt lat="48.18273" lon="-4.54863">
        <ele>85</ele>
        <time>2026-06-23T15:21:01+00:00</time>
      </trkpt>
      <trkpt lat="48.18256" lon="-4.54839">
        <ele>85</ele>
        <time>2026-06-23T15:21:04+00:00</time>
      </trkpt>
      <trkpt lat="48.18232" lon="-4.54807">
        <ele>85</ele>
        <time>2026-06-23T15:21:07+00:00</time>
      </trkpt>
      <trkpt lat="48.18229" lon="-4.54793">
        <ele>84</ele>
        <time>2026-06-23T15:21:10+00:00</time>
      </trkpt>
      <trkpt lat="48.18216" lon="-4.54762">
        <ele>85</ele>
        <time>2026-06-23T15:21:13+00:00</time>
      </trkpt>
      <trkpt lat="48.18209" lon="-4.54776">
        <ele>84</ele>
        <time>2026-06-23T15:21:16+00:00</time>
      </trkpt>
      <trkpt lat="48.18193" lon="-4.54793">
        <ele>80</ele>
        <time>2026-06-23T15:21:19+00:00</time>
      </trkpt>
      <trkpt lat="48.18192" lon="-4.548">
        <ele>79</ele>
        <time>2026-06-23T15:21:22+00:00</time>
      </trkpt>
      <trkpt lat="48.18176" lon="-4.54833">
        <ele>73</ele>
        <time>2026-06-23T15:21:25+00:00</time>
      </trkpt>
      <trkpt lat="48.18169" lon="-4.54851">
        <ele>68</ele>
        <time>2026-06-23T15:21:28+00:00</time>
      </trkpt>
      <trkpt lat="48.18145" lon="-4.54861">
        <ele>73</ele>
        <time>2026-06-23T15:21:31+00:00</time>
      </trkpt>
      <trkpt lat="48.1814" lon="-4.54856">
        <ele>74</ele>
        <time>2026-06-23T15:21:34+00:00</time>
      </trkpt>
      <trkpt lat="48.18127" lon="-4.54863">
        <ele>71</ele>
        <time>2026-06-23T15:21:37+00:00</time>
      </trkpt>
      <trkpt lat="48.18125" lon="-4.5487">
        <ele>72</ele>
        <time>2026-06-23T15:21:40+00:00</time>
      </trkpt>
      <trkpt lat="48.18124" lon="-4.54884">
        <ele>71</ele>
        <time>2026-06-23T15:21:43+00:00</time>
      </trkpt>
      <trkpt lat="48.18108" lon="-4.54912">
        <ele>69</ele>
        <time>2026-06-23T15:21:46+00:00</time>
      </trkpt>
      <trkpt lat="48.18102" lon="-4.54934">
        <ele>66</ele>
        <time>2026-06-23T15:21:49+00:00</time>
      </trkpt>
      <trkpt lat="48.18083" lon="-4.54966">
        <ele>63</ele>
        <time>2026-06-23T15:21:52+00:00</time>
      </trkpt>
      <trkpt lat="48.18072" lon="-4.55011">
        <ele>59</ele>
        <time>2026-06-23T15:21:55+00:00</time>
      </trkpt>
      <trkpt lat="48.18057" lon="-4.5503">
        <ele>53</ele>
        <time>2026-06-23T15:21:58+00:00</time>
      </trkpt>
      <trkpt lat="48.18053" lon="-4.55044">
        <ele>52</ele>
        <time>2026-06-23T15:22:01+00:00</time>
      </trkpt>
      <trkpt lat="48.18043" lon="-4.55058">
        <ele>53</ele>
        <time>2026-06-23T15:22:04+00:00</time>
      </trkpt>
      <trkpt lat="48.18037" lon="-4.55063">
        <ele>55</ele>
        <time>2026-06-23T15:22:07+00:00</time>
      </trkpt>
      <trkpt lat="48.18029" lon="-4.55114">
        <ele>62</ele>
        <time>2026-06-23T15:22:10+00:00</time>
      </trkpt>
      <trkpt lat="48.18024" lon="-4.55117">
        <ele>62</ele>
        <time>2026-06-23T15:22:13+00:00</time>
      </trkpt>
      <trkpt lat="48.18007" lon="-4.55114">
        <ele>71</ele>
        <time>2026-06-23T15:22:16+00:00</time>
      </trkpt>
      <trkpt lat="48.17995" lon="-4.55124">
        <ele>73</ele>
        <time>2026-06-23T15:22:19+00:00</time>
      </trkpt>
      <trkpt lat="48.1798" lon="-4.55144">
        <ele>74</ele>
        <time>2026-06-23T15:22:22+00:00</time>
      </trkpt>
      <trkpt lat="48.17967" lon="-4.55154">
        <ele>75</ele>
        <time>2026-06-23T15:22:25+00:00</time>
      </trkpt>
      <trkpt lat="48.17944" lon="-4.55163">
        <ele>76</ele>
        <time>2026-06-23T15:22:28+00:00</time>
      </trkpt>
      <trkpt lat="48.17931" lon="-4.55173">
        <ele>76</ele>
        <time>2026-06-23T15:22:31+00:00</time>
      </trkpt>
      <trkpt lat="48.17914" lon="-4.55176">
        <ele>78</ele>
        <time>2026-06-23T15:22:34+00:00</time>
      </trkpt>
      <trkpt lat="48.17895" lon="-4.55179">
        <ele>81</ele>
        <time>2026-06-23T15:22:37+00:00</time>
      </trkpt>
      <trkpt lat="48.17886" lon="-4.55187">
        <ele>82</ele>
        <time>2026-06-23T15:22:40+00:00</time>
      </trkpt>
      <trkpt lat="48.17868" lon="-4.55213">
        <ele>83</ele>
        <time>2026-06-23T15:22:43+00:00</time>
      </trkpt>
      <trkpt lat="48.17857" lon="-4.55232">
        <ele>83</ele>
        <time>2026-06-23T15:22:46+00:00</time>
      </trkpt>
      <trkpt lat="48.17848" lon="-4.55267">
        <ele>84</ele>
        <time>2026-06-23T15:22:49+00:00</time>
      </trkpt>
      <trkpt lat="48.17839" lon="-4.55281">
        <ele>85</ele>
        <time>2026-06-23T15:22:52+00:00</time>
      </trkpt>
      <trkpt lat="48.17832" lon="-4.55283">
        <ele>85</ele>
        <time>2026-06-23T15:22:55+00:00</time>
      </trkpt>
      <trkpt lat="48.17814" lon="-4.55316">
        <ele>87</ele>
        <time>2026-06-23T15:22:58+00:00</time>
      </trkpt>
      <trkpt lat="48.178" lon="-4.55343">
        <ele>88</ele>
        <time>2026-06-23T15:23:01+00:00</time>
      </trkpt>
      <trkpt lat="48.17785" lon="-4.55372">
        <ele>89</ele>
        <time>2026-06-23T15:23:04+00:00</time>
      </trkpt>
      <trkpt lat="48.1778" lon="-4.55386">
        <ele>91</ele>
        <time>2026-06-23T15:23:07+00:00</time>
      </trkpt>
      <trkpt lat="48.1777" lon="-4.55398">
        <ele>92</ele>
        <time>2026-06-23T15:23:10+00:00</time>
      </trkpt>
      <trkpt lat="48.17758" lon="-4.5541">
        <ele>93</ele>
        <time>2026-06-23T15:23:13+00:00</time>
      </trkpt>
      <trkpt lat="48.17749" lon="-4.55422">
        <ele>93</ele>
        <time>2026-06-23T15:23:16+00:00</time>
      </trkpt>
      <trkpt lat="48.1774" lon="-4.55431">
        <ele>93</ele>
        <time>2026-06-23T15:23:19+00:00</time>
      </trkpt>
      <trkpt lat="48.1774" lon="-4.5545">
        <ele>93</ele>
        <time>2026-06-23T15:23:22+00:00</time>
      </trkpt>
      <trkpt lat="48.17748" lon="-4.55487">
        <ele>92</ele>
        <time>2026-06-23T15:23:25+00:00</time>
      </trkpt>
      <trkpt lat="48.17747" lon="-4.55504">
        <ele>92</ele>
        <time>2026-06-23T15:23:28+00:00</time>
      </trkpt>
      <trkpt lat="48.1774" lon="-4.5553">
        <ele>92</ele>
        <time>2026-06-23T15:23:31+00:00</time>
      </trkpt>
      <trkpt lat="48.17732" lon="-4.5556">
        <ele>91</ele>
        <time>2026-06-23T15:23:34+00:00</time>
      </trkpt>
      <trkpt lat="48.17717" lon="-4.55592">
        <ele>91</ele>
        <time>2026-06-23T15:23:37+00:00</time>
      </trkpt>
      <trkpt lat="48.17696" lon="-4.55635">
        <ele>90</ele>
        <time>2026-06-23T15:23:40+00:00</time>
      </trkpt>
      <trkpt lat="48.17683" lon="-4.5567">
        <ele>90</ele>
        <time>2026-06-23T15:23:43+00:00</time>
      </trkpt>
      <trkpt lat="48.17664" lon="-4.55696">
        <ele>91</ele>
        <time>2026-06-23T15:23:46+00:00</time>
      </trkpt>
      <trkpt lat="48.17651" lon="-4.55722">
        <ele>91</ele>
        <time>2026-06-23T15:23:49+00:00</time>
      </trkpt>
      <trkpt lat="48.17639" lon="-4.55736">
        <ele>92</ele>
        <time>2026-06-23T15:23:52+00:00</time>
      </trkpt>
      <trkpt lat="48.17633" lon="-4.5574">
        <ele>91</ele>
        <time>2026-06-23T15:23:55+00:00</time>
      </trkpt>
      <trkpt lat="48.1763" lon="-4.55745">
        <ele>92</ele>
        <time>2026-06-23T15:23:58+00:00</time>
      </trkpt>
      <trkpt lat="48.17625" lon="-4.55764">
        <ele>91</ele>
        <time>2026-06-23T15:24:01+00:00</time>
      </trkpt>
      <trkpt lat="48.17626" lon="-4.55766">
        <ele>91</ele>
        <time>2026-06-23T15:24:04+00:00</time>
      </trkpt>
      <trkpt lat="48.17619" lon="-4.55773">
        <ele>90</ele>
        <time>2026-06-23T15:24:07+00:00</time>
      </trkpt>
      <trkpt lat="48.1761" lon="-4.5579">
        <ele>90</ele>
        <time>2026-06-23T15:24:10+00:00</time>
      </trkpt>
      <trkpt lat="48.17606" lon="-4.55788">
        <ele>89</ele>
        <time>2026-06-23T15:24:13+00:00</time>
      </trkpt>
      <trkpt lat="48.17593" lon="-4.55775">
        <ele>90</ele>
        <time>2026-06-23T15:24:16+00:00</time>
      </trkpt>
      <trkpt lat="48.17586" lon="-4.55769">
        <ele>88</ele>
        <time>2026-06-23T15:24:19+00:00</time>
      </trkpt>
      <trkpt lat="48.17578" lon="-4.55736">
        <ele>90</ele>
        <time>2026-06-23T15:24:22+00:00</time>
      </trkpt>
      <trkpt lat="48.17572" lon="-4.55722">
        <ele>89</ele>
        <time>2026-06-23T15:24:25+00:00</time>
      </trkpt>
      <trkpt lat="48.17572" lon="-4.55708">
        <ele>90</ele>
        <time>2026-06-23T15:24:28+00:00</time>
      </trkpt>
      <trkpt lat="48.17561" lon="-4.55687">
        <ele>86</ele>
        <time>2026-06-23T15:24:31+00:00</time>
      </trkpt>
      <trkpt lat="48.17553" lon="-4.55668">
        <ele>84</ele>
        <time>2026-06-23T15:24:34+00:00</time>
      </trkpt>
      <trkpt lat="48.17546" lon="-4.55661">
        <ele>82</ele>
        <time>2026-06-23T15:24:37+00:00</time>
      </trkpt>
      <trkpt lat="48.17543" lon="-4.55654">
        <ele>83</ele>
        <time>2026-06-23T15:24:40+00:00</time>
      </trkpt>
      <trkpt lat="48.17519" lon="-4.55633">
        <ele>83</ele>
        <time>2026-06-23T15:24:43+00:00</time>
      </trkpt>
      <trkpt lat="48.1751" lon="-4.55628">
        <ele>83</ele>
        <time>2026-06-23T15:24:46+00:00</time>
      </trkpt>
      <trkpt lat="48.17498" lon="-4.55613">
        <ele>83</ele>
        <time>2026-06-23T15:24:49+00:00</time>
      </trkpt>
      <trkpt lat="48.1749" lon="-4.55605">
        <ele>83</ele>
        <time>2026-06-23T15:24:52+00:00</time>
      </trkpt>
      <trkpt lat="48.17463" lon="-4.5559">
        <ele>79</ele>
        <time>2026-06-23T15:24:55+00:00</time>
      </trkpt>
      <trkpt lat="48.1745" lon="-4.55588">
        <ele>76</ele>
        <time>2026-06-23T15:24:58+00:00</time>
      </trkpt>
      <trkpt lat="48.17448" lon="-4.55583">
        <ele>76</ele>
        <time>2026-06-23T15:25:01+00:00</time>
      </trkpt>
      <trkpt lat="48.17439" lon="-4.55581">
        <ele>74</ele>
        <time>2026-06-23T15:25:04+00:00</time>
      </trkpt>
      <trkpt lat="48.17426" lon="-4.55583">
        <ele>71</ele>
        <time>2026-06-23T15:25:07+00:00</time>
      </trkpt>
      <trkpt lat="48.17414" lon="-4.55572">
        <ele>67</ele>
        <time>2026-06-23T15:25:10+00:00</time>
      </trkpt>
      <trkpt lat="48.17392" lon="-4.55565">
        <ele>63</ele>
        <time>2026-06-23T15:25:13+00:00</time>
      </trkpt>
      <trkpt lat="48.17378" lon="-4.55567">
        <ele>62</ele>
        <time>2026-06-23T15:25:16+00:00</time>
      </trkpt>
      <trkpt lat="48.17369" lon="-4.55572">
        <ele>65</ele>
        <time>2026-06-23T15:25:19+00:00</time>
      </trkpt>
      <trkpt lat="48.17356" lon="-4.55576">
        <ele>69</ele>
        <time>2026-06-23T15:25:22+00:00</time>
      </trkpt>
      <trkpt lat="48.17347" lon="-4.55583">
        <ele>68</ele>
        <time>2026-06-23T15:25:25+00:00</time>
      </trkpt>
      <trkpt lat="48.17316" lon="-4.55593">
        <ele>74</ele>
        <time>2026-06-23T15:25:28+00:00</time>
      </trkpt>
      <trkpt lat="48.17312" lon="-4.55588">
        <ele>75</ele>
        <time>2026-06-23T15:25:31+00:00</time>
      </trkpt>
      <trkpt lat="48.17298" lon="-4.55582">
        <ele>85</ele>
        <time>2026-06-23T15:25:34+00:00</time>
      </trkpt>
      <trkpt lat="48.17292" lon="-4.55588">
        <ele>85</ele>
        <time>2026-06-23T15:25:37+00:00</time>
      </trkpt>
      <trkpt lat="48.17285" lon="-4.55614">
        <ele>86</ele>
        <time>2026-06-23T15:25:40+00:00</time>
      </trkpt>
      <trkpt lat="48.17282" lon="-4.55635">
        <ele>85</ele>
        <time>2026-06-23T15:25:43+00:00</time>
      </trkpt>
      <trkpt lat="48.17266" lon="-4.55647">
        <ele>86</ele>
        <time>2026-06-23T15:25:46+00:00</time>
      </trkpt>
      <trkpt lat="48.17243" lon="-4.55649">
        <ele>86</ele>
        <time>2026-06-23T15:25:49+00:00</time>
      </trkpt>
      <trkpt lat="48.17217" lon="-4.55647">
        <ele>84</ele>
        <time>2026-06-23T15:25:52+00:00</time>
      </trkpt>
      <trkpt lat="48.17187" lon="-4.55642">
        <ele>85</ele>
        <time>2026-06-23T15:25:55+00:00</time>
      </trkpt>
      <trkpt lat="48.17176" lon="-4.55647">
        <ele>85</ele>
        <time>2026-06-23T15:25:58+00:00</time>
      </trkpt>
      <trkpt lat="48.17157" lon="-4.55647">
        <ele>86</ele>
        <time>2026-06-23T15:26:01+00:00</time>
      </trkpt>
      <trkpt lat="48.17132" lon="-4.55636">
        <ele>88</ele>
        <time>2026-06-23T15:26:04+00:00</time>
      </trkpt>
      <trkpt lat="48.17097" lon="-4.55621">
        <ele>88</ele>
        <time>2026-06-23T15:26:07+00:00</time>
      </trkpt>
      <trkpt lat="48.17063" lon="-4.55609">
        <ele>85</ele>
        <time>2026-06-23T15:26:10+00:00</time>
      </trkpt>
      <trkpt lat="48.17059" lon="-4.55599">
        <ele>89</ele>
        <time>2026-06-23T15:26:13+00:00</time>
      </trkpt>
      <trkpt lat="48.17052" lon="-4.55593">
        <ele>89</ele>
        <time>2026-06-23T15:26:16+00:00</time>
      </trkpt>
      <trkpt lat="48.17038" lon="-4.55562">
        <ele>87</ele>
        <time>2026-06-23T15:26:19+00:00</time>
      </trkpt>
      <trkpt lat="48.17036" lon="-4.55534">
        <ele>90</ele>
        <time>2026-06-23T15:26:22+00:00</time>
      </trkpt>
      <trkpt lat="48.1702" lon="-4.55503">
        <ele>91</ele>
        <time>2026-06-23T15:26:25+00:00</time>
      </trkpt>
      <trkpt lat="48.16997" lon="-4.55459">
        <ele>91</ele>
        <time>2026-06-23T15:26:28+00:00</time>
      </trkpt>
      <trkpt lat="48.1699" lon="-4.55424">
        <ele>92</ele>
        <time>2026-06-23T15:26:31+00:00</time>
      </trkpt>
      <trkpt lat="48.16981" lon="-4.55383">
        <ele>90</ele>
        <time>2026-06-23T15:26:34+00:00</time>
      </trkpt>
      <trkpt lat="48.16954" lon="-4.55375">
        <ele>89</ele>
        <time>2026-06-23T15:26:37+00:00</time>
      </trkpt>
      <trkpt lat="48.16912" lon="-4.55363">
        <ele>87</ele>
        <time>2026-06-23T15:26:40+00:00</time>
      </trkpt>
      <trkpt lat="48.16904" lon="-4.55329">
        <ele>85</ele>
        <time>2026-06-23T15:26:43+00:00</time>
      </trkpt>
      <trkpt lat="48.16896" lon="-4.55291">
        <ele>86</ele>
        <time>2026-06-23T15:26:46+00:00</time>
      </trkpt>
      <trkpt lat="48.16901" lon="-4.55249">
        <ele>87</ele>
        <time>2026-06-23T15:26:49+00:00</time>
      </trkpt>
      <trkpt lat="48.16909" lon="-4.55179">
        <ele>90</ele>
        <time>2026-06-23T15:26:52+00:00</time>
      </trkpt>
      <trkpt lat="48.16911" lon="-4.55145">
        <ele>92</ele>
        <time>2026-06-23T15:26:55+00:00</time>
      </trkpt>
      <trkpt lat="48.16912" lon="-4.55111">
        <ele>92</ele>
        <time>2026-06-23T15:26:58+00:00</time>
      </trkpt>
      <trkpt lat="48.16919" lon="-4.55072">
        <ele>91</ele>
        <time>2026-06-23T15:27:01+00:00</time>
      </trkpt>
      <trkpt lat="48.16928" lon="-4.55017">
        <ele>91</ele>
        <time>2026-06-23T15:27:04+00:00</time>
      </trkpt>
      <trkpt lat="48.16927" lon="-4.54952">
        <ele>91</ele>
        <time>2026-06-23T15:27:07+00:00</time>
      </trkpt>
      <trkpt lat="48.16923" lon="-4.54919">
        <ele>90</ele>
        <time>2026-06-23T15:27:10+00:00</time>
      </trkpt>
      <trkpt lat="48.16919" lon="-4.54884">
        <ele>89</ele>
        <time>2026-06-23T15:27:13+00:00</time>
      </trkpt>
      <trkpt lat="48.16933" lon="-4.54828">
        <ele>88</ele>
        <time>2026-06-23T15:27:16+00:00</time>
      </trkpt>
      <trkpt lat="48.16944" lon="-4.54767">
        <ele>88</ele>
        <time>2026-06-23T15:27:19+00:00</time>
      </trkpt>
      <trkpt lat="48.16946" lon="-4.54731">
        <ele>86</ele>
        <time>2026-06-23T15:27:22+00:00</time>
      </trkpt>
      <trkpt lat="48.16949" lon="-4.54687">
        <ele>85</ele>
        <time>2026-06-23T15:27:25+00:00</time>
      </trkpt>
      <trkpt lat="48.16955" lon="-4.5465">
        <ele>85</ele>
        <time>2026-06-23T15:27:28+00:00</time>
      </trkpt>
      <trkpt lat="48.16965" lon="-4.54615">
        <ele>85</ele>
        <time>2026-06-23T15:27:31+00:00</time>
      </trkpt>
      <trkpt lat="48.16969" lon="-4.54605">
        <ele>83</ele>
        <time>2026-06-23T15:27:34+00:00</time>
      </trkpt>
      <trkpt lat="48.16976" lon="-4.54599">
        <ele>85</ele>
        <time>2026-06-23T15:27:37+00:00</time>
      </trkpt>
      <trkpt lat="48.16992" lon="-4.54596">
        <ele>88</ele>
        <time>2026-06-23T15:27:40+00:00</time>
      </trkpt>
      <trkpt lat="48.17004" lon="-4.54599">
        <ele>90</ele>
        <time>2026-06-23T15:27:43+00:00</time>
      </trkpt>
      <trkpt lat="48.17012" lon="-4.54565">
        <ele>89</ele>
        <time>2026-06-23T15:27:46+00:00</time>
      </trkpt>
      <trkpt lat="48.17014" lon="-4.5453">
        <ele>90</ele>
        <time>2026-06-23T15:27:49+00:00</time>
      </trkpt>
      <trkpt lat="48.17008" lon="-4.54496">
        <ele>90</ele>
        <time>2026-06-23T15:27:52+00:00</time>
      </trkpt>
      <trkpt lat="48.17008" lon="-4.54458">
        <ele>90</ele>
        <time>2026-06-23T15:27:55+00:00</time>
      </trkpt>
      <trkpt lat="48.17009" lon="-4.5441">
        <ele>89</ele>
        <time>2026-06-23T15:27:58+00:00</time>
      </trkpt>
      <trkpt lat="48.17003" lon="-4.54378">
        <ele>88</ele>
        <time>2026-06-23T15:28:01+00:00</time>
      </trkpt>
      <trkpt lat="48.1699" lon="-4.54352">
        <ele>86</ele>
        <time>2026-06-23T15:28:04+00:00</time>
      </trkpt>
      <trkpt lat="48.16978" lon="-4.54319">
        <ele>84</ele>
        <time>2026-06-23T15:28:07+00:00</time>
      </trkpt>
      <trkpt lat="48.16977" lon="-4.54311">
        <ele>84</ele>
        <time>2026-06-23T15:28:10+00:00</time>
      </trkpt>
      <trkpt lat="48.16979" lon="-4.54301">
        <ele>82</ele>
        <time>2026-06-23T15:28:13+00:00</time>
      </trkpt>
      <trkpt lat="48.16992" lon="-4.54286">
        <ele>83</ele>
        <time>2026-06-23T15:28:16+00:00</time>
      </trkpt>
      <trkpt lat="48.17005" lon="-4.5427">
        <ele>83</ele>
        <time>2026-06-23T15:28:19+00:00</time>
      </trkpt>
      <trkpt lat="48.17014" lon="-4.54263">
        <ele>83</ele>
        <time>2026-06-23T15:28:22+00:00</time>
      </trkpt>
      <trkpt lat="48.17038" lon="-4.5423">
        <ele>83</ele>
        <time>2026-06-23T15:28:25+00:00</time>
      </trkpt>
      <trkpt lat="48.17041" lon="-4.54192">
        <ele>82</ele>
        <time>2026-06-23T15:28:28+00:00</time>
      </trkpt>
      <trkpt lat="48.17045" lon="-4.54141">
        <ele>80</ele>
        <time>2026-06-23T15:28:31+00:00</time>
      </trkpt>
      <trkpt lat="48.17049" lon="-4.54119">
        <ele>73</ele>
        <time>2026-06-23T15:28:34+00:00</time>
      </trkpt>
      <trkpt lat="48.17055" lon="-4.54101">
        <ele>79</ele>
        <time>2026-06-23T15:28:37+00:00</time>
      </trkpt>
      <trkpt lat="48.17057" lon="-4.54087">
        <ele>77</ele>
        <time>2026-06-23T15:28:40+00:00</time>
      </trkpt>
      <trkpt lat="48.17064" lon="-4.5408">
        <ele>79</ele>
        <time>2026-06-23T15:28:43+00:00</time>
      </trkpt>
      <trkpt lat="48.17066" lon="-4.54073">
        <ele>77</ele>
        <time>2026-06-23T15:28:46+00:00</time>
      </trkpt>
      <trkpt lat="48.17075" lon="-4.54059">
        <ele>76</ele>
        <time>2026-06-23T15:28:49+00:00</time>
      </trkpt>
      <trkpt lat="48.17086" lon="-4.54052">
        <ele>71</ele>
        <time>2026-06-23T15:28:52+00:00</time>
      </trkpt>
      <trkpt lat="48.17102" lon="-4.5407">
        <ele>74</ele>
        <time>2026-06-23T15:28:55+00:00</time>
      </trkpt>
      <trkpt lat="48.17122" lon="-4.54101">
        <ele>71</ele>
        <time>2026-06-23T15:28:58+00:00</time>
      </trkpt>
      <trkpt lat="48.17147" lon="-4.54124">
        <ele>71</ele>
        <time>2026-06-23T15:29:01+00:00</time>
      </trkpt>
      <trkpt lat="48.17152" lon="-4.54134">
        <ele>71</ele>
        <time>2026-06-23T15:29:04+00:00</time>
      </trkpt>
      <trkpt lat="48.17162" lon="-4.54143">
        <ele>71</ele>
        <time>2026-06-23T15:29:07+00:00</time>
      </trkpt>
      <trkpt lat="48.17184" lon="-4.54183">
        <ele>67</ele>
        <time>2026-06-23T15:29:10+00:00</time>
      </trkpt>
      <trkpt lat="48.17196" lon="-4.54216">
        <ele>65</ele>
        <time>2026-06-23T15:29:13+00:00</time>
      </trkpt>
      <trkpt lat="48.17205" lon="-4.54234">
        <ele>63</ele>
        <time>2026-06-23T15:29:16+00:00</time>
      </trkpt>
      <trkpt lat="48.17207" lon="-4.54237">
        <ele>63</ele>
        <time>2026-06-23T15:29:19+00:00</time>
      </trkpt>
      <trkpt lat="48.17209" lon="-4.54234">
        <ele>63</ele>
        <time>2026-06-23T15:29:22+00:00</time>
      </trkpt>
      <trkpt lat="48.17206" lon="-4.5422">
        <ele>62</ele>
        <time>2026-06-23T15:29:25+00:00</time>
      </trkpt>
      <trkpt lat="48.17208" lon="-4.54216">
        <ele>61</ele>
        <time>2026-06-23T15:29:28+00:00</time>
      </trkpt>
      <trkpt lat="48.1721" lon="-4.54218">
        <ele>61</ele>
        <time>2026-06-23T15:29:31+00:00</time>
      </trkpt>
      <trkpt lat="48.17223" lon="-4.54256">
        <ele>58</ele>
        <time>2026-06-23T15:29:34+00:00</time>
      </trkpt>
      <trkpt lat="48.17247" lon="-4.54293">
        <ele>55</ele>
        <time>2026-06-23T15:29:37+00:00</time>
      </trkpt>
      <trkpt lat="48.17276" lon="-4.54319">
        <ele>54</ele>
        <time>2026-06-23T15:29:40+00:00</time>
      </trkpt>
      <trkpt lat="48.17285" lon="-4.54324">
        <ele>54</ele>
        <time>2026-06-23T15:29:43+00:00</time>
      </trkpt>
      <trkpt lat="48.17295" lon="-4.54326">
        <ele>54</ele>
        <time>2026-06-23T15:29:46+00:00</time>
      </trkpt>
      <trkpt lat="48.17326" lon="-4.54317">
        <ele>55</ele>
        <time>2026-06-23T15:29:49+00:00</time>
      </trkpt>
      <trkpt lat="48.17337" lon="-4.54305">
        <ele>54</ele>
        <time>2026-06-23T15:29:52+00:00</time>
      </trkpt>
      <trkpt lat="48.17346" lon="-4.54298">
        <ele>55</ele>
        <time>2026-06-23T15:29:55+00:00</time>
      </trkpt>
      <trkpt lat="48.17364" lon="-4.5429">
        <ele>63</ele>
        <time>2026-06-23T15:29:58+00:00</time>
      </trkpt>
      <trkpt lat="48.17395" lon="-4.54281">
        <ele>67</ele>
        <time>2026-06-23T15:30:01+00:00</time>
      </trkpt>
      <trkpt lat="48.17422" lon="-4.54278">
        <ele>71</ele>
        <time>2026-06-23T15:30:04+00:00</time>
      </trkpt>
      <trkpt lat="48.17465" lon="-4.54273">
        <ele>73</ele>
        <time>2026-06-23T15:30:07+00:00</time>
      </trkpt>
      <trkpt lat="48.17471" lon="-4.5427">
        <ele>78</ele>
        <time>2026-06-23T15:30:10+00:00</time>
      </trkpt>
      <trkpt lat="48.17479" lon="-4.54253">
        <ele>70</ele>
        <time>2026-06-23T15:30:13+00:00</time>
      </trkpt>
      <trkpt lat="48.1748" lon="-4.54237">
        <ele>67</ele>
        <time>2026-06-23T15:30:16+00:00</time>
      </trkpt>
      <trkpt lat="48.17483" lon="-4.54223">
        <ele>68</ele>
        <time>2026-06-23T15:30:19+00:00</time>
      </trkpt>
      <trkpt lat="48.17509" lon="-4.5419">
        <ele>66</ele>
        <time>2026-06-23T15:30:22+00:00</time>
      </trkpt>
      <trkpt lat="48.17532" lon="-4.54175">
        <ele>66</ele>
        <time>2026-06-23T15:30:25+00:00</time>
      </trkpt>
      <trkpt lat="48.1756" lon="-4.54157">
        <ele>66</ele>
        <time>2026-06-23T15:30:28+00:00</time>
      </trkpt>
      <trkpt lat="48.17579" lon="-4.54143">
        <ele>65</ele>
        <time>2026-06-23T15:30:31+00:00</time>
      </trkpt>
      <trkpt lat="48.17587" lon="-4.54129">
        <ele>61</ele>
        <time>2026-06-23T15:30:34+00:00</time>
      </trkpt>
      <trkpt lat="48.17609" lon="-4.54105">
        <ele>65</ele>
        <time>2026-06-23T15:30:37+00:00</time>
      </trkpt>
      <trkpt lat="48.17616" lon="-4.54091">
        <ele>65</ele>
        <time>2026-06-23T15:30:40+00:00</time>
      </trkpt>
      <trkpt lat="48.17641" lon="-4.54061">
        <ele>65</ele>
        <time>2026-06-23T15:30:43+00:00</time>
      </trkpt>
      <trkpt lat="48.17659" lon="-4.5403">
        <ele>64</ele>
        <time>2026-06-23T15:30:46+00:00</time>
      </trkpt>
      <trkpt lat="48.17661" lon="-4.54007">
        <ele>64</ele>
        <time>2026-06-23T15:30:49+00:00</time>
      </trkpt>
      <trkpt lat="48.1767" lon="-4.53993">
        <ele>64</ele>
        <time>2026-06-23T15:30:52+00:00</time>
      </trkpt>
      <trkpt lat="48.17669" lon="-4.53983">
        <ele>62</ele>
        <time>2026-06-23T15:30:55+00:00</time>
      </trkpt>
      <trkpt lat="48.17677" lon="-4.53986">
        <ele>65</ele>
        <time>2026-06-23T15:30:58+00:00</time>
      </trkpt>
      <trkpt lat="48.17692" lon="-4.53995">
        <ele>62</ele>
        <time>2026-06-23T15:31:01+00:00</time>
      </trkpt>
      <trkpt lat="48.17714" lon="-4.54002">
        <ele>61</ele>
        <time>2026-06-23T15:31:04+00:00</time>
      </trkpt>
      <trkpt lat="48.17733" lon="-4.54016">
        <ele>56</ele>
        <time>2026-06-23T15:31:07+00:00</time>
      </trkpt>
      <trkpt lat="48.17755" lon="-4.54028">
        <ele>51</ele>
        <time>2026-06-23T15:31:10+00:00</time>
      </trkpt>
      <trkpt lat="48.17769" lon="-4.54049">
        <ele>51</ele>
        <time>2026-06-23T15:31:13+00:00</time>
      </trkpt>
      <trkpt lat="48.17772" lon="-4.54049">
        <ele>47</ele>
        <time>2026-06-23T15:31:16+00:00</time>
      </trkpt>
      <trkpt lat="48.17796" lon="-4.54087">
        <ele>49</ele>
        <time>2026-06-23T15:31:19+00:00</time>
      </trkpt>
      <trkpt lat="48.17815" lon="-4.54098">
        <ele>48</ele>
        <time>2026-06-23T15:31:22+00:00</time>
      </trkpt>
      <trkpt lat="48.17823" lon="-4.54094">
        <ele>46</ele>
        <time>2026-06-23T15:31:25+00:00</time>
      </trkpt>
      <trkpt lat="48.17836" lon="-4.54115">
        <ele>48</ele>
        <time>2026-06-23T15:31:28+00:00</time>
      </trkpt>
      <trkpt lat="48.17839" lon="-4.54138">
        <ele>51</ele>
        <time>2026-06-23T15:31:31+00:00</time>
      </trkpt>
      <trkpt lat="48.17845" lon="-4.54141">
        <ele>47</ele>
        <time>2026-06-23T15:31:34+00:00</time>
      </trkpt>
      <trkpt lat="48.1785" lon="-4.5415">
        <ele>48</ele>
        <time>2026-06-23T15:31:37+00:00</time>
      </trkpt>
      <trkpt lat="48.17855" lon="-4.54155">
        <ele>47</ele>
        <time>2026-06-23T15:31:40+00:00</time>
      </trkpt>
      <trkpt lat="48.17859" lon="-4.54152">
        <ele>47</ele>
        <time>2026-06-23T15:31:43+00:00</time>
      </trkpt>
      <trkpt lat="48.17865" lon="-4.54143">
        <ele>44</ele>
        <time>2026-06-23T15:31:46+00:00</time>
      </trkpt>
      <trkpt lat="48.17886" lon="-4.54138">
        <ele>46</ele>
        <time>2026-06-23T15:31:49+00:00</time>
      </trkpt>
      <trkpt lat="48.17911" lon="-4.54136">
        <ele>46</ele>
        <time>2026-06-23T15:31:52+00:00</time>
      </trkpt>
      <trkpt lat="48.17924" lon="-4.54143">
        <ele>46</ele>
        <time>2026-06-23T15:31:55+00:00</time>
      </trkpt>
      <trkpt lat="48.17948" lon="-4.54145">
        <ele>46</ele>
        <time>2026-06-23T15:31:58+00:00</time>
      </trkpt>
      <trkpt lat="48.17969" lon="-4.54141">
        <ele>49</ele>
        <time>2026-06-23T15:32:01+00:00</time>
      </trkpt>
      <trkpt lat="48.17981" lon="-4.54145">
        <ele>52</ele>
        <time>2026-06-23T15:32:04+00:00</time>
      </trkpt>
      <trkpt lat="48.17991" lon="-4.54145">
        <ele>53</ele>
        <time>2026-06-23T15:32:07+00:00</time>
      </trkpt>
      <trkpt lat="48.17998" lon="-4.54141">
        <ele>53</ele>
        <time>2026-06-23T15:32:10+00:00</time>
      </trkpt>
      <trkpt lat="48.18006" lon="-4.54148">
        <ele>54</ele>
        <time>2026-06-23T15:32:13+00:00</time>
      </trkpt>
      <trkpt lat="48.1802" lon="-4.54138">
        <ele>54</ele>
        <time>2026-06-23T15:32:16+00:00</time>
      </trkpt>
      <trkpt lat="48.1804" lon="-4.54134">
        <ele>56</ele>
        <time>2026-06-23T15:32:19+00:00</time>
      </trkpt>
      <trkpt lat="48.18055" lon="-4.54136">
        <ele>57</ele>
        <time>2026-06-23T15:32:22+00:00</time>
      </trkpt>
      <trkpt lat="48.18074" lon="-4.54136">
        <ele>59</ele>
        <time>2026-06-23T15:32:25+00:00</time>
      </trkpt>
      <trkpt lat="48.18082" lon="-4.54134">
        <ele>63</ele>
        <time>2026-06-23T15:32:28+00:00</time>
      </trkpt>
      <trkpt lat="48.18105" lon="-4.5411">
        <ele>58</ele>
        <time>2026-06-23T15:32:31+00:00</time>
      </trkpt>
      <trkpt lat="48.1813" lon="-4.54073">
        <ele>57</ele>
        <time>2026-06-23T15:32:34+00:00</time>
      </trkpt>
      <trkpt lat="48.18138" lon="-4.54049">
        <ele>49</ele>
        <time>2026-06-23T15:32:37+00:00</time>
      </trkpt>
      <trkpt lat="48.18138" lon="-4.54026">
        <ele>50</ele>
        <time>2026-06-23T15:32:40+00:00</time>
      </trkpt>
      <trkpt lat="48.18139" lon="-4.54">
        <ele>39</ele>
        <time>2026-06-23T15:32:43+00:00</time>
      </trkpt>
      <trkpt lat="48.18144" lon="-4.53981">
        <ele>43</ele>
        <time>2026-06-23T15:32:46+00:00</time>
      </trkpt>
      <trkpt lat="48.1815" lon="-4.53962">
        <ele>45</ele>
        <time>2026-06-23T15:32:49+00:00</time>
      </trkpt>
      <trkpt lat="48.18157" lon="-4.53951">
        <ele>46</ele>
        <time>2026-06-23T15:32:52+00:00</time>
      </trkpt>
      <trkpt lat="48.18179" lon="-4.5392">
        <ele>44</ele>
        <time>2026-06-23T15:32:55+00:00</time>
      </trkpt>
      <trkpt lat="48.18188" lon="-4.53873">
        <ele>44</ele>
        <time>2026-06-23T15:32:58+00:00</time>
      </trkpt>
      <trkpt lat="48.18196" lon="-4.53852">
        <ele>44</ele>
        <time>2026-06-23T15:33:01+00:00</time>
      </trkpt>
      <trkpt lat="48.18202" lon="-4.53843">
        <ele>45</ele>
        <time>2026-06-23T15:33:04+00:00</time>
      </trkpt>
      <trkpt lat="48.18232" lon="-4.53823">
        <ele>49</ele>
        <time>2026-06-23T15:33:07+00:00</time>
      </trkpt>
      <trkpt lat="48.18247" lon="-4.53817">
        <ele>52</ele>
        <time>2026-06-23T15:33:10+00:00</time>
      </trkpt>
      <trkpt lat="48.1826" lon="-4.53819">
        <ele>54</ele>
        <time>2026-06-23T15:33:13+00:00</time>
      </trkpt>
      <trkpt lat="48.18273" lon="-4.53824">
        <ele>65</ele>
        <time>2026-06-23T15:33:16+00:00</time>
      </trkpt>
      <trkpt lat="48.18288" lon="-4.53824">
        <ele>55</ele>
        <time>2026-06-23T15:33:19+00:00</time>
      </trkpt>
      <trkpt lat="48.18294" lon="-4.53823">
        <ele>67</ele>
        <time>2026-06-23T15:33:22+00:00</time>
      </trkpt>
      <trkpt lat="48.18306" lon="-4.53803">
        <ele>57</ele>
        <time>2026-06-23T15:33:25+00:00</time>
      </trkpt>
      <trkpt lat="48.18322" lon="-4.53786">
        <ele>59</ele>
        <time>2026-06-23T15:33:28+00:00</time>
      </trkpt>
      <trkpt lat="48.18344" lon="-4.53749">
        <ele>61</ele>
        <time>2026-06-23T15:33:31+00:00</time>
      </trkpt>
      <trkpt lat="48.18353" lon="-4.53746">
        <ele>65</ele>
        <time>2026-06-23T15:33:34+00:00</time>
      </trkpt>
      <trkpt lat="48.18357" lon="-4.53749">
        <ele>65</ele>
        <time>2026-06-23T15:33:37+00:00</time>
      </trkpt>
      <trkpt lat="48.18364" lon="-4.53737">
        <ele>67</ele>
        <time>2026-06-23T15:33:40+00:00</time>
      </trkpt>
      <trkpt lat="48.18374" lon="-4.53728">
        <ele>69</ele>
        <time>2026-06-23T15:33:43+00:00</time>
      </trkpt>
      <trkpt lat="48.18385" lon="-4.53721">
        <ele>72</ele>
        <time>2026-06-23T15:33:46+00:00</time>
      </trkpt>
      <trkpt lat="48.18393" lon="-4.53718">
        <ele>76</ele>
        <time>2026-06-23T15:33:49+00:00</time>
      </trkpt>
      <trkpt lat="48.18401" lon="-4.53711">
        <ele>80</ele>
        <time>2026-06-23T15:33:52+00:00</time>
      </trkpt>
      <trkpt lat="48.18403" lon="-4.53702">
        <ele>75</ele>
        <time>2026-06-23T15:33:55+00:00</time>
      </trkpt>
      <trkpt lat="48.184" lon="-4.53676">
        <ele>70</ele>
        <time>2026-06-23T15:33:58+00:00</time>
      </trkpt>
      <trkpt lat="48.18401" lon="-4.53667">
        <ele>76</ele>
        <time>2026-06-23T15:34:01+00:00</time>
      </trkpt>
      <trkpt lat="48.18397" lon="-4.5362">
        <ele>72</ele>
        <time>2026-06-23T15:34:04+00:00</time>
      </trkpt>
      <trkpt lat="48.18392" lon="-4.5361">
        <ele>77</ele>
        <time>2026-06-23T15:34:07+00:00</time>
      </trkpt>
      <trkpt lat="48.18387" lon="-4.53606">
        <ele>71</ele>
        <time>2026-06-23T15:34:10+00:00</time>
      </trkpt>
      <trkpt lat="48.1838" lon="-4.53582">
        <ele>73</ele>
        <time>2026-06-23T15:34:13+00:00</time>
      </trkpt>
      <trkpt lat="48.18376" lon="-4.53561">
        <ele>72</ele>
        <time>2026-06-23T15:34:16+00:00</time>
      </trkpt>
      <trkpt lat="48.18379" lon="-4.53545">
        <ele>75</ele>
        <time>2026-06-23T15:34:19+00:00</time>
      </trkpt>
      <trkpt lat="48.18394" lon="-4.53519">
        <ele>79</ele>
        <time>2026-06-23T15:34:22+00:00</time>
      </trkpt>
      <trkpt lat="48.18409" lon="-4.53491">
        <ele>80</ele>
        <time>2026-06-23T15:34:25+00:00</time>
      </trkpt>
      <trkpt lat="48.1843" lon="-4.53441">
        <ele>79</ele>
        <time>2026-06-23T15:34:28+00:00</time>
      </trkpt>
      <trkpt lat="48.18439" lon="-4.53409">
        <ele>79</ele>
        <time>2026-06-23T15:34:31+00:00</time>
      </trkpt>
      <trkpt lat="48.18449" lon="-4.53373">
        <ele>79</ele>
        <time>2026-06-23T15:34:34+00:00</time>
      </trkpt>
      <trkpt lat="48.18462" lon="-4.53346">
        <ele>82</ele>
        <time>2026-06-23T15:34:37+00:00</time>
      </trkpt>
      <trkpt lat="48.18476" lon="-4.53319">
        <ele>85</ele>
        <time>2026-06-23T15:34:40+00:00</time>
      </trkpt>
      <trkpt lat="48.18499" lon="-4.53285">
        <ele>86</ele>
        <time>2026-06-23T15:34:43+00:00</time>
      </trkpt>
      <trkpt lat="48.18522" lon="-4.53251">
        <ele>89</ele>
        <time>2026-06-23T15:34:46+00:00</time>
      </trkpt>
      <trkpt lat="48.18556" lon="-4.532">
        <ele>89</ele>
        <time>2026-06-23T15:34:49+00:00</time>
      </trkpt>
      <trkpt lat="48.1856" lon="-4.53164">
        <ele>85</ele>
        <time>2026-06-23T15:34:52+00:00</time>
      </trkpt>
      <trkpt lat="48.18564" lon="-4.53122">
        <ele>86</ele>
        <time>2026-06-23T15:34:55+00:00</time>
      </trkpt>
      <trkpt lat="48.18581" lon="-4.53122">
        <ele>88</ele>
        <time>2026-06-23T15:34:58+00:00</time>
      </trkpt>
      <trkpt lat="48.18599" lon="-4.53104">
        <ele>88</ele>
        <time>2026-06-23T15:35:01+00:00</time>
      </trkpt>
      <trkpt lat="48.18612" lon="-4.53086">
        <ele>89</ele>
        <time>2026-06-23T15:35:04+00:00</time>
      </trkpt>
      <trkpt lat="48.18615" lon="-4.53073">
        <ele>88</ele>
        <time>2026-06-23T15:35:07+00:00</time>
      </trkpt>
      <trkpt lat="48.18621" lon="-4.53068">
        <ele>89</ele>
        <time>2026-06-23T15:35:10+00:00</time>
      </trkpt>
      <trkpt lat="48.18629" lon="-4.5307">
        <ele>90</ele>
        <time>2026-06-23T15:35:13+00:00</time>
      </trkpt>
      <trkpt lat="48.18638" lon="-4.53052">
        <ele>92</ele>
        <time>2026-06-23T15:35:16+00:00</time>
      </trkpt>
      <trkpt lat="48.18647" lon="-4.53033">
        <ele>92</ele>
        <time>2026-06-23T15:35:19+00:00</time>
      </trkpt>
      <trkpt lat="48.18674" lon="-4.52986">
        <ele>92</ele>
        <time>2026-06-23T15:35:22+00:00</time>
      </trkpt>
      <trkpt lat="48.18676" lon="-4.52951">
        <ele>92</ele>
        <time>2026-06-23T15:35:25+00:00</time>
      </trkpt>
      <trkpt lat="48.18679" lon="-4.52911">
        <ele>93</ele>
        <time>2026-06-23T15:35:28+00:00</time>
      </trkpt>
      <trkpt lat="48.18689" lon="-4.52895">
        <ele>91</ele>
        <time>2026-06-23T15:35:31+00:00</time>
      </trkpt>
      <trkpt lat="48.18701" lon="-4.52885">
        <ele>92</ele>
        <time>2026-06-23T15:35:34+00:00</time>
      </trkpt>
      <trkpt lat="48.18701" lon="-4.5286">
        <ele>93</ele>
        <time>2026-06-23T15:35:37+00:00</time>
      </trkpt>
      <trkpt lat="48.18714" lon="-4.52838">
        <ele>92</ele>
        <time>2026-06-23T15:35:40+00:00</time>
      </trkpt>
      <trkpt lat="48.18732" lon="-4.52806">
        <ele>91</ele>
        <time>2026-06-23T15:35:43+00:00</time>
      </trkpt>
      <trkpt lat="48.18739" lon="-4.52782">
        <ele>87</ele>
        <time>2026-06-23T15:35:46+00:00</time>
      </trkpt>
      <trkpt lat="48.18753" lon="-4.52764">
        <ele>88</ele>
        <time>2026-06-23T15:35:49+00:00</time>
      </trkpt>
      <trkpt lat="48.18773" lon="-4.52738">
        <ele>85</ele>
        <time>2026-06-23T15:35:52+00:00</time>
      </trkpt>
      <trkpt lat="48.18794" lon="-4.52721">
        <ele>82</ele>
        <time>2026-06-23T15:35:55+00:00</time>
      </trkpt>
      <trkpt lat="48.18794" lon="-4.52714">
        <ele>79</ele>
        <time>2026-06-23T15:35:58+00:00</time>
      </trkpt>
      <trkpt lat="48.18806" lon="-4.52693">
        <ele>73</ele>
        <time>2026-06-23T15:36:01+00:00</time>
      </trkpt>
      <trkpt lat="48.18816" lon="-4.52686">
        <ele>72</ele>
        <time>2026-06-23T15:36:04+00:00</time>
      </trkpt>
      <trkpt lat="48.18825" lon="-4.52684">
        <ele>72</ele>
        <time>2026-06-23T15:36:07+00:00</time>
      </trkpt>
      <trkpt lat="48.18832" lon="-4.52677">
        <ele>67</ele>
        <time>2026-06-23T15:36:10+00:00</time>
      </trkpt>
      <trkpt lat="48.18842" lon="-4.52674">
        <ele>70</ele>
        <time>2026-06-23T15:36:13+00:00</time>
      </trkpt>
      <trkpt lat="48.18856" lon="-4.52677">
        <ele>66</ele>
        <time>2026-06-23T15:36:16+00:00</time>
      </trkpt>
      <trkpt lat="48.18865" lon="-4.52684">
        <ele>70</ele>
        <time>2026-06-23T15:36:19+00:00</time>
      </trkpt>
      <trkpt lat="48.1888" lon="-4.52707">
        <ele>70</ele>
        <time>2026-06-23T15:36:22+00:00</time>
      </trkpt>
      <trkpt lat="48.18885" lon="-4.52709">
        <ele>71</ele>
        <time>2026-06-23T15:36:25+00:00</time>
      </trkpt>
      <trkpt lat="48.18896" lon="-4.52705">
        <ele>70</ele>
        <time>2026-06-23T15:36:28+00:00</time>
      </trkpt>
      <trkpt lat="48.18896" lon="-4.52702">
        <ele>70</ele>
        <time>2026-06-23T15:36:31+00:00</time>
      </trkpt>
      <trkpt lat="48.18894" lon="-4.527">
        <ele>70</ele>
        <time>2026-06-23T15:36:34+00:00</time>
      </trkpt>
      <trkpt lat="48.18897" lon="-4.52698">
        <ele>68</ele>
        <time>2026-06-23T15:36:37+00:00</time>
      </trkpt>
      <trkpt lat="48.18892" lon="-4.52698">
        <ele>68</ele>
        <time>2026-06-23T15:36:40+00:00</time>
      </trkpt>
      <trkpt lat="48.18899" lon="-4.52681">
        <ele>72</ele>
        <time>2026-06-23T15:36:43+00:00</time>
      </trkpt>
      <trkpt lat="48.18922" lon="-4.52681">
        <ele>75</ele>
        <time>2026-06-23T15:36:46+00:00</time>
      </trkpt>
      <trkpt lat="48.18936" lon="-4.52672">
        <ele>83</ele>
        <time>2026-06-23T15:36:49+00:00</time>
      </trkpt>
      <trkpt lat="48.18953" lon="-4.52656">
        <ele>92</ele>
        <time>2026-06-23T15:36:52+00:00</time>
      </trkpt>
      <trkpt lat="48.18976" lon="-4.52634">
        <ele>95</ele>
        <time>2026-06-23T15:36:55+00:00</time>
      </trkpt>
      <trkpt lat="48.18988" lon="-4.52611">
        <ele>97</ele>
        <time>2026-06-23T15:36:58+00:00</time>
      </trkpt>
      <trkpt lat="48.19004" lon="-4.52562">
        <ele>97</ele>
        <time>2026-06-23T15:37:01+00:00</time>
      </trkpt>
      <trkpt lat="48.19011" lon="-4.52545">
        <ele>99</ele>
        <time>2026-06-23T15:37:04+00:00</time>
      </trkpt>
      <trkpt lat="48.19018" lon="-4.52522">
        <ele>96</ele>
        <time>2026-06-23T15:37:07+00:00</time>
      </trkpt>
      <trkpt lat="48.19019" lon="-4.5251">
        <ele>98</ele>
        <time>2026-06-23T15:37:10+00:00</time>
      </trkpt>
      <trkpt lat="48.19035" lon="-4.52483">
        <ele>96</ele>
        <time>2026-06-23T15:37:13+00:00</time>
      </trkpt>
      <trkpt lat="48.19059" lon="-4.5244">
        <ele>94</ele>
        <time>2026-06-23T15:37:16+00:00</time>
      </trkpt>
      <trkpt lat="48.19065" lon="-4.5244">
        <ele>94</ele>
        <time>2026-06-23T15:37:19+00:00</time>
      </trkpt>
      <trkpt lat="48.19072" lon="-4.52447">
        <ele>93</ele>
        <time>2026-06-23T15:37:22+00:00</time>
      </trkpt>
      <trkpt lat="48.19075" lon="-4.52444">
        <ele>93</ele>
        <time>2026-06-23T15:37:25+00:00</time>
      </trkpt>
      <trkpt lat="48.19092" lon="-4.52442">
        <ele>93</ele>
        <time>2026-06-23T15:37:28+00:00</time>
      </trkpt>
      <trkpt lat="48.19116" lon="-4.52435">
        <ele>92</ele>
        <time>2026-06-23T15:37:31+00:00</time>
      </trkpt>
      <trkpt lat="48.19141" lon="-4.52427">
        <ele>90</ele>
        <time>2026-06-23T15:37:34+00:00</time>
      </trkpt>
      <trkpt lat="48.19168" lon="-4.52419">
        <ele>90</ele>
        <time>2026-06-23T15:37:37+00:00</time>
      </trkpt>
      <trkpt lat="48.19189" lon="-4.52397">
        <ele>91</ele>
        <time>2026-06-23T15:37:40+00:00</time>
      </trkpt>
      <trkpt lat="48.19203" lon="-4.52388">
        <ele>93</ele>
        <time>2026-06-23T15:37:43+00:00</time>
      </trkpt>
      <trkpt lat="48.19219" lon="-4.52372">
        <ele>93</ele>
        <time>2026-06-23T15:37:46+00:00</time>
      </trkpt>
      <trkpt lat="48.19251" lon="-4.52332">
        <ele>93</ele>
        <time>2026-06-23T15:37:49+00:00</time>
      </trkpt>
      <trkpt lat="48.19263" lon="-4.52322">
        <ele>94</ele>
        <time>2026-06-23T15:37:52+00:00</time>
      </trkpt>
      <trkpt lat="48.19268" lon="-4.52322">
        <ele>94</ele>
        <time>2026-06-23T15:37:55+00:00</time>
      </trkpt>
      <trkpt lat="48.19272" lon="-4.52318">
        <ele>93</ele>
        <time>2026-06-23T15:37:58+00:00</time>
      </trkpt>
      <trkpt lat="48.19279" lon="-4.5232">
        <ele>94</ele>
        <time>2026-06-23T15:38:01+00:00</time>
      </trkpt>
      <trkpt lat="48.19297" lon="-4.52338">
        <ele>94</ele>
        <time>2026-06-23T15:38:04+00:00</time>
      </trkpt>
      <trkpt lat="48.19321" lon="-4.52362">
        <ele>94</ele>
        <time>2026-06-23T15:38:07+00:00</time>
      </trkpt>
      <trkpt lat="48.19365" lon="-4.52367">
        <ele>91</ele>
        <time>2026-06-23T15:38:10+00:00</time>
      </trkpt>
      <trkpt lat="48.19405" lon="-4.52367">
        <ele>91</ele>
        <time>2026-06-23T15:38:13+00:00</time>
      </trkpt>
      <trkpt lat="48.19411" lon="-4.52365">
        <ele>91</ele>
        <time>2026-06-23T15:38:16+00:00</time>
      </trkpt>
      <trkpt lat="48.19431" lon="-4.52367">
        <ele>91</ele>
        <time>2026-06-23T15:38:19+00:00</time>
      </trkpt>
      <trkpt lat="48.19452" lon="-4.52369">
        <ele>93</ele>
        <time>2026-06-23T15:38:22+00:00</time>
      </trkpt>
      <trkpt lat="48.19463" lon="-4.52369">
        <ele>93</ele>
        <time>2026-06-23T15:38:25+00:00</time>
      </trkpt>
      <trkpt lat="48.19473" lon="-4.52365">
        <ele>94</ele>
        <time>2026-06-23T15:38:28+00:00</time>
      </trkpt>
      <trkpt lat="48.19496" lon="-4.52365">
        <ele>95</ele>
        <time>2026-06-23T15:38:31+00:00</time>
      </trkpt>
      <trkpt lat="48.19503" lon="-4.52358">
        <ele>94</ele>
        <time>2026-06-23T15:38:34+00:00</time>
      </trkpt>
      <trkpt lat="48.19517" lon="-4.52358">
        <ele>95</ele>
        <time>2026-06-23T15:38:37+00:00</time>
      </trkpt>
      <trkpt lat="48.19561" lon="-4.52346">
        <ele>95</ele>
        <time>2026-06-23T15:38:40+00:00</time>
      </trkpt>
      <trkpt lat="48.1958" lon="-4.52313">
        <ele>94</ele>
        <time>2026-06-23T15:38:43+00:00</time>
      </trkpt>
      <trkpt lat="48.19595" lon="-4.52292">
        <ele>93</ele>
        <time>2026-06-23T15:38:46+00:00</time>
      </trkpt>
      <trkpt lat="48.19613" lon="-4.52252">
        <ele>91</ele>
        <time>2026-06-23T15:38:49+00:00</time>
      </trkpt>
      <trkpt lat="48.19636" lon="-4.52224">
        <ele>87</ele>
        <time>2026-06-23T15:38:52+00:00</time>
      </trkpt>
      <trkpt lat="48.19651" lon="-4.52184">
        <ele>86</ele>
        <time>2026-06-23T15:38:55+00:00</time>
      </trkpt>
      <trkpt lat="48.19657" lon="-4.52179">
        <ele>81</ele>
        <time>2026-06-23T15:38:58+00:00</time>
      </trkpt>
      <trkpt lat="48.19673" lon="-4.5215">
        <ele>85</ele>
        <time>2026-06-23T15:39:01+00:00</time>
      </trkpt>
      <trkpt lat="48.19698" lon="-4.52102">
        <ele>84</ele>
        <time>2026-06-23T15:39:04+00:00</time>
      </trkpt>
      <trkpt lat="48.197" lon="-4.52092">
        <ele>81</ele>
        <time>2026-06-23T15:39:07+00:00</time>
      </trkpt>
      <trkpt lat="48.19707" lon="-4.52088">
        <ele>84</ele>
        <time>2026-06-23T15:39:10+00:00</time>
      </trkpt>
      <trkpt lat="48.19714" lon="-4.52064">
        <ele>84</ele>
        <time>2026-06-23T15:39:13+00:00</time>
      </trkpt>
      <trkpt lat="48.19723" lon="-4.52037">
        <ele>87</ele>
        <time>2026-06-23T15:39:16+00:00</time>
      </trkpt>
      <trkpt lat="48.19731" lon="-4.52038">
        <ele>88</ele>
        <time>2026-06-23T15:39:19+00:00</time>
      </trkpt>
      <trkpt lat="48.19742" lon="-4.52053">
        <ele>87</ele>
        <time>2026-06-23T15:39:22+00:00</time>
      </trkpt>
      <trkpt lat="48.19758" lon="-4.52062">
        <ele>89</ele>
        <time>2026-06-23T15:39:25+00:00</time>
      </trkpt>
      <trkpt lat="48.19765" lon="-4.52064">
        <ele>88</ele>
        <time>2026-06-23T15:39:28+00:00</time>
      </trkpt>
      <trkpt lat="48.19771" lon="-4.52064">
        <ele>87</ele>
        <time>2026-06-23T15:39:31+00:00</time>
      </trkpt>
      <trkpt lat="48.19791" lon="-4.52055">
        <ele>88</ele>
        <time>2026-06-23T15:39:34+00:00</time>
      </trkpt>
      <trkpt lat="48.19808" lon="-4.52034">
        <ele>88</ele>
        <time>2026-06-23T15:39:37+00:00</time>
      </trkpt>
      <trkpt lat="48.19819" lon="-4.52034">
        <ele>88</ele>
        <time>2026-06-23T15:39:40+00:00</time>
      </trkpt>
      <trkpt lat="48.1984" lon="-4.52029">
        <ele>88</ele>
        <time>2026-06-23T15:39:43+00:00</time>
      </trkpt>
      <trkpt lat="48.19864" lon="-4.52015">
        <ele>90</ele>
        <time>2026-06-23T15:39:46+00:00</time>
      </trkpt>
      <trkpt lat="48.19879" lon="-4.52015">
        <ele>91</ele>
        <time>2026-06-23T15:39:49+00:00</time>
      </trkpt>
      <trkpt lat="48.19886" lon="-4.52013">
        <ele>90</ele>
        <time>2026-06-23T15:39:52+00:00</time>
      </trkpt>
      <trkpt lat="48.1991" lon="-4.51999">
        <ele>90</ele>
        <time>2026-06-23T15:39:55+00:00</time>
      </trkpt>
      <trkpt lat="48.19937" lon="-4.51974">
        <ele>88</ele>
        <time>2026-06-23T15:39:58+00:00</time>
      </trkpt>
      <trkpt lat="48.19949" lon="-4.51942">
        <ele>90</ele>
        <time>2026-06-23T15:40:01+00:00</time>
      </trkpt>
      <trkpt lat="48.19953" lon="-4.51935">
        <ele>89</ele>
        <time>2026-06-23T15:40:04+00:00</time>
      </trkpt>
      <trkpt lat="48.19961" lon="-4.51909">
        <ele>89</ele>
        <time>2026-06-23T15:40:07+00:00</time>
      </trkpt>
      <trkpt lat="48.19968" lon="-4.51869">
        <ele>89</ele>
        <time>2026-06-23T15:40:10+00:00</time>
      </trkpt>
      <trkpt lat="48.1998" lon="-4.51802">
        <ele>89</ele>
        <time>2026-06-23T15:40:13+00:00</time>
      </trkpt>
      <trkpt lat="48.19977" lon="-4.51766">
        <ele>87</ele>
        <time>2026-06-23T15:40:16+00:00</time>
      </trkpt>
      <trkpt lat="48.19979" lon="-4.51759">
        <ele>84</ele>
        <time>2026-06-23T15:40:19+00:00</time>
      </trkpt>
      <trkpt lat="48.20006" lon="-4.51729">
        <ele>87</ele>
        <time>2026-06-23T15:40:22+00:00</time>
      </trkpt>
      <trkpt lat="48.2001" lon="-4.51726">
        <ele>87</ele>
        <time>2026-06-23T15:40:25+00:00</time>
      </trkpt>
      <trkpt lat="48.20017" lon="-4.51729">
        <ele>89</ele>
        <time>2026-06-23T15:40:28+00:00</time>
      </trkpt>
      <trkpt lat="48.20023" lon="-4.51726">
        <ele>81</ele>
        <time>2026-06-23T15:40:31+00:00</time>
      </trkpt>
      <trkpt lat="48.20032" lon="-4.51679">
        <ele>75</ele>
        <time>2026-06-23T15:40:34+00:00</time>
      </trkpt>
      <trkpt lat="48.20042" lon="-4.51648">
        <ele>68</ele>
        <time>2026-06-23T15:40:37+00:00</time>
      </trkpt>
      <trkpt lat="48.20054" lon="-4.51613">
        <ele>64</ele>
        <time>2026-06-23T15:40:40+00:00</time>
      </trkpt>
      <trkpt lat="48.20075" lon="-4.51592">
        <ele>65</ele>
        <time>2026-06-23T15:40:43+00:00</time>
      </trkpt>
      <trkpt lat="48.20102" lon="-4.51565">
        <ele>67</ele>
        <time>2026-06-23T15:40:46+00:00</time>
      </trkpt>
      <trkpt lat="48.20136" lon="-4.51538">
        <ele>64</ele>
        <time>2026-06-23T15:40:49+00:00</time>
      </trkpt>
      <trkpt lat="48.20142" lon="-4.51497">
        <ele>62</ele>
        <time>2026-06-23T15:40:52+00:00</time>
      </trkpt>
      <trkpt lat="48.20151" lon="-4.51427">
        <ele>53</ele>
        <time>2026-06-23T15:40:55+00:00</time>
      </trkpt>
      <trkpt lat="48.20182" lon="-4.51458">
        <ele>49</ele>
        <time>2026-06-23T15:40:58+00:00</time>
      </trkpt>
      <trkpt lat="48.20211" lon="-4.51475">
        <ele>47</ele>
        <time>2026-06-23T15:41:01+00:00</time>
      </trkpt>
      <trkpt lat="48.2024" lon="-4.51492">
        <ele>46</ele>
        <time>2026-06-23T15:41:04+00:00</time>
      </trkpt>
      <trkpt lat="48.20275" lon="-4.51512">
        <ele>45</ele>
        <time>2026-06-23T15:41:07+00:00</time>
      </trkpt>
      <trkpt lat="48.20303" lon="-4.51528">
        <ele>46</ele>
        <time>2026-06-23T15:41:10+00:00</time>
      </trkpt>
      <trkpt lat="48.20358" lon="-4.51557">
        <ele>48</ele>
        <time>2026-06-23T15:41:13+00:00</time>
      </trkpt>
      <trkpt lat="48.20375" lon="-4.51582">
        <ele>52</ele>
        <time>2026-06-23T15:41:16+00:00</time>
      </trkpt>
      <trkpt lat="48.204" lon="-4.51592">
        <ele>57</ele>
        <time>2026-06-23T15:41:19+00:00</time>
      </trkpt>
      <trkpt lat="48.20434" lon="-4.51605">
        <ele>60</ele>
        <time>2026-06-23T15:41:22+00:00</time>
      </trkpt>
      <trkpt lat="48.20454" lon="-4.51614">
        <ele>64</ele>
        <time>2026-06-23T15:41:25+00:00</time>
      </trkpt>
      <trkpt lat="48.20471" lon="-4.51629">
        <ele>70</ele>
        <time>2026-06-23T15:41:28+00:00</time>
      </trkpt>
      <trkpt lat="48.20475" lon="-4.51675">
        <ele>75</ele>
        <time>2026-06-23T15:41:31+00:00</time>
      </trkpt>
      <trkpt lat="48.20478" lon="-4.51713">
        <ele>76</ele>
        <time>2026-06-23T15:41:34+00:00</time>
      </trkpt>
      <trkpt lat="48.20482" lon="-4.5176">
        <ele>76</ele>
        <time>2026-06-23T15:41:37+00:00</time>
      </trkpt>
      <trkpt lat="48.20486" lon="-4.51821">
        <ele>75</ele>
        <time>2026-06-23T15:41:40+00:00</time>
      </trkpt>
      <trkpt lat="48.20486" lon="-4.51841">
        <ele>75</ele>
        <time>2026-06-23T15:41:43+00:00</time>
      </trkpt>
      <trkpt lat="48.2049" lon="-4.51865">
        <ele>75</ele>
        <time>2026-06-23T15:41:46+00:00</time>
      </trkpt>
      <trkpt lat="48.20461" lon="-4.51875">
        <ele>75</ele>
        <time>2026-06-23T15:41:49+00:00</time>
      </trkpt>
      <trkpt lat="48.20408" lon="-4.51894">
        <ele>78</ele>
        <time>2026-06-23T15:41:52+00:00</time>
      </trkpt>
      <trkpt lat="48.2038" lon="-4.51907">
        <ele>81</ele>
        <time>2026-06-23T15:41:55+00:00</time>
      </trkpt>
      <trkpt lat="48.20323" lon="-4.51932">
        <ele>84</ele>
        <time>2026-06-23T15:41:58+00:00</time>
      </trkpt>
      <trkpt lat="48.20307" lon="-4.51956">
        <ele>84</ele>
        <time>2026-06-23T15:42:01+00:00</time>
      </trkpt>
      <trkpt lat="48.20312" lon="-4.52003">
        <ele>83</ele>
        <time>2026-06-23T15:42:04+00:00</time>
      </trkpt>
      <trkpt lat="48.20317" lon="-4.52051">
        <ele>80</ele>
        <time>2026-06-23T15:42:07+00:00</time>
      </trkpt>
      <trkpt lat="48.20325" lon="-4.52119">
        <ele>78</ele>
        <time>2026-06-23T15:42:10+00:00</time>
      </trkpt>
      <trkpt lat="48.2033" lon="-4.52172">
        <ele>74</ele>
        <time>2026-06-23T15:42:13+00:00</time>
      </trkpt>
      <trkpt lat="48.20334" lon="-4.52225">
        <ele>73</ele>
        <time>2026-06-23T15:42:16+00:00</time>
      </trkpt>
      <trkpt lat="48.20339" lon="-4.52278">
        <ele>72</ele>
        <time>2026-06-23T15:42:19+00:00</time>
      </trkpt>
      <trkpt lat="48.20348" lon="-4.5238">
        <ele>69</ele>
        <time>2026-06-23T15:42:22+00:00</time>
      </trkpt>
      <trkpt lat="48.20352" lon="-4.52422">
        <ele>68</ele>
        <time>2026-06-23T15:42:25+00:00</time>
      </trkpt>
      <trkpt lat="48.20358" lon="-4.52494">
        <ele>67</ele>
        <time>2026-06-23T15:42:28+00:00</time>
      </trkpt>
      <trkpt lat="48.20362" lon="-4.52533">
        <ele>65</ele>
        <time>2026-06-23T15:42:31+00:00</time>
      </trkpt>
      <trkpt lat="48.20368" lon="-4.52585">
        <ele>63</ele>
        <time>2026-06-23T15:42:34+00:00</time>
      </trkpt>
      <trkpt lat="48.2037" lon="-4.52645">
        <ele>61</ele>
        <time>2026-06-23T15:42:37+00:00</time>
      </trkpt>
      <trkpt lat="48.20375" lon="-4.52698">
        <ele>60</ele>
        <time>2026-06-23T15:42:40+00:00</time>
      </trkpt>
      <trkpt lat="48.20373" lon="-4.52712">
        <ele>60</ele>
        <time>2026-06-23T15:42:43+00:00</time>
      </trkpt>
      <trkpt lat="48.20381" lon="-4.5273">
        <ele>59</ele>
        <time>2026-06-23T15:42:46+00:00</time>
      </trkpt>
      <trkpt lat="48.20382" lon="-4.52748">
        <ele>58</ele>
        <time>2026-06-23T15:42:49+00:00</time>
      </trkpt>
      <trkpt lat="48.20397" lon="-4.52766">
        <ele>57</ele>
        <time>2026-06-23T15:42:52+00:00</time>
      </trkpt>
      <trkpt lat="48.20415" lon="-4.52789">
        <ele>56</ele>
        <time>2026-06-23T15:42:55+00:00</time>
      </trkpt>
      <trkpt lat="48.204" lon="-4.5282">
        <ele>56</ele>
        <time>2026-06-23T15:42:58+00:00</time>
      </trkpt>
      <trkpt lat="48.20372" lon="-4.52849">
        <ele>56</ele>
        <time>2026-06-23T15:43:01+00:00</time>
      </trkpt>
      <trkpt lat="48.20364" lon="-4.52838">
        <ele>57</ele>
        <time>2026-06-23T15:43:04+00:00</time>
      </trkpt>
      <trkpt lat="48.20358" lon="-4.52824">
        <ele>56</ele>
        <time>2026-06-23T15:43:07+00:00</time>
      </trkpt>
      <trkpt lat="48.20364" lon="-4.52838">
        <ele>57</ele>
        <time>2026-06-23T15:43:10+00:00</time>
      </trkpt>
      <trkpt lat="48.20372" lon="-4.52849">
        <ele>56</ele>
        <time>2026-06-23T15:43:13+00:00</time>
      </trkpt>
      <trkpt lat="48.204" lon="-4.5282">
        <ele>56</ele>
        <time>2026-06-23T15:43:16+00:00</time>
      </trkpt>
      <trkpt lat="48.20415" lon="-4.52789">
        <ele>56</ele>
        <time>2026-06-23T15:43:19+00:00</time>
      </trkpt>
      <trkpt lat="48.20405" lon="-4.52774">
        <ele>57</ele>
        <time>2026-06-23T15:43:22+00:00</time>
      </trkpt>
      <trkpt lat="48.20382" lon="-4.52748">
        <ele>58</ele>
        <time>2026-06-23T15:43:25+00:00</time>
      </trkpt>
      <trkpt lat="48.20381" lon="-4.5273">
        <ele>59</ele>
        <time>2026-06-23T15:43:28+00:00</time>
      </trkpt>
      <trkpt lat="48.20376" lon="-4.52676">
        <ele>60</ele>
        <time>2026-06-23T15:43:31+00:00</time>
      </trkpt>
      <trkpt lat="48.20371" lon="-4.52623">
        <ele>62</ele>
        <time>2026-06-23T15:43:34+00:00</time>
      </trkpt>
      <trkpt lat="48.20366" lon="-4.52569">
        <ele>64</ele>
        <time>2026-06-23T15:43:37+00:00</time>
      </trkpt>
      <trkpt lat="48.20361" lon="-4.52515">
        <ele>66</ele>
        <time>2026-06-23T15:43:40+00:00</time>
      </trkpt>
      <trkpt lat="48.20356" lon="-4.52461">
        <ele>67</ele>
        <time>2026-06-23T15:43:43+00:00</time>
      </trkpt>
      <trkpt lat="48.20348" lon="-4.5238">
        <ele>69</ele>
        <time>2026-06-23T15:43:46+00:00</time>
      </trkpt>
      <trkpt lat="48.20343" lon="-4.52322">
        <ele>70</ele>
        <time>2026-06-23T15:43:49+00:00</time>
      </trkpt>
      <trkpt lat="48.20337" lon="-4.52264">
        <ele>72</ele>
        <time>2026-06-23T15:43:52+00:00</time>
      </trkpt>
      <trkpt lat="48.20332" lon="-4.52207">
        <ele>73</ele>
        <time>2026-06-23T15:43:55+00:00</time>
      </trkpt>
      <trkpt lat="48.20326" lon="-4.52149">
        <ele>76</ele>
        <time>2026-06-23T15:43:58+00:00</time>
      </trkpt>
      <trkpt lat="48.20321" lon="-4.52092">
        <ele>79</ele>
        <time>2026-06-23T15:44:01+00:00</time>
      </trkpt>
      <trkpt lat="48.20315" lon="-4.52034">
        <ele>81</ele>
        <time>2026-06-23T15:44:04+00:00</time>
      </trkpt>
      <trkpt lat="48.20307" lon="-4.51956">
        <ele>82</ele>
        <time>2026-06-23T15:44:07+00:00</time>
      </trkpt>
      <trkpt lat="48.20337" lon="-4.51938">
        <ele>81</ele>
        <time>2026-06-23T15:44:10+00:00</time>
      </trkpt>
      <trkpt lat="48.20366" lon="-4.5192">
        <ele>81</ele>
        <time>2026-06-23T15:44:13+00:00</time>
      </trkpt>
      <trkpt lat="48.20408" lon="-4.51894">
        <ele>78</ele>
        <time>2026-06-23T15:44:16+00:00</time>
      </trkpt>
      <trkpt lat="48.20445" lon="-4.51885">
        <ele>76</ele>
        <time>2026-06-23T15:44:19+00:00</time>
      </trkpt>
      <trkpt lat="48.20482" lon="-4.51876">
        <ele>74</ele>
        <time>2026-06-23T15:44:22+00:00</time>
      </trkpt>
      <trkpt lat="48.20519" lon="-4.51867">
        <ele>72</ele>
        <time>2026-06-23T15:44:25+00:00</time>
      </trkpt>
      <trkpt lat="48.20556" lon="-4.51858">
        <ele>70</ele>
        <time>2026-06-23T15:44:28+00:00</time>
      </trkpt>
      <trkpt lat="48.20625" lon="-4.5184">
        <ele>69</ele>
        <time>2026-06-23T15:44:31+00:00</time>
      </trkpt>
      <trkpt lat="48.20651" lon="-4.51826">
        <ele>68</ele>
        <time>2026-06-23T15:44:34+00:00</time>
      </trkpt>
      <trkpt lat="48.20689" lon="-4.51803">
        <ele>68</ele>
        <time>2026-06-23T15:44:37+00:00</time>
      </trkpt>
      <trkpt lat="48.20721" lon="-4.51802">
        <ele>67</ele>
        <time>2026-06-23T15:44:40+00:00</time>
      </trkpt>
      <trkpt lat="48.20753" lon="-4.51801">
        <ele>67</ele>
        <time>2026-06-23T15:44:43+00:00</time>
      </trkpt>
      <trkpt lat="48.20796" lon="-4.51799">
        <ele>67</ele>
        <time>2026-06-23T15:44:46+00:00</time>
      </trkpt>
      <trkpt lat="48.208" lon="-4.51774">
        <ele>67</ele>
        <time>2026-06-23T15:44:49+00:00</time>
      </trkpt>
      <trkpt lat="48.2079" lon="-4.51748">
        <ele>67</ele>
        <time>2026-06-23T15:44:52+00:00</time>
      </trkpt>
      <trkpt lat="48.20777" lon="-4.5171">
        <ele>67</ele>
        <time>2026-06-23T15:44:55+00:00</time>
      </trkpt>
      <trkpt lat="48.2076" lon="-4.5168">
        <ele>66</ele>
        <time>2026-06-23T15:44:58+00:00</time>
      </trkpt>
      <trkpt lat="48.20754" lon="-4.51645">
        <ele>65</ele>
        <time>2026-06-23T15:45:01+00:00</time>
      </trkpt>
      <trkpt lat="48.20747" lon="-4.51602">
        <ele>64</ele>
        <time>2026-06-23T15:45:04+00:00</time>
      </trkpt>
      <trkpt lat="48.20735" lon="-4.51519">
        <ele>53</ele>
        <time>2026-06-23T15:45:07+00:00</time>
      </trkpt>
      <trkpt lat="48.20733" lon="-4.51476">
        <ele>46</ele>
        <time>2026-06-23T15:45:10+00:00</time>
      </trkpt>
      <trkpt lat="48.20728" lon="-4.51403">
        <ele>47</ele>
        <time>2026-06-23T15:45:13+00:00</time>
      </trkpt>
      <trkpt lat="48.20737" lon="-4.51398">
        <ele>33</ele>
        <time>2026-06-23T15:45:16+00:00</time>
      </trkpt>
      <trkpt lat="48.20745" lon="-4.514">
        <ele>36</ele>
        <time>2026-06-23T15:45:19+00:00</time>
      </trkpt>
      <trkpt lat="48.20753" lon="-4.51386">
        <ele>48</ele>
        <time>2026-06-23T15:45:22+00:00</time>
      </trkpt>
      <trkpt lat="48.20764" lon="-4.51375">
        <ele>53</ele>
        <time>2026-06-23T15:45:25+00:00</time>
      </trkpt>
      <trkpt lat="48.20777" lon="-4.51375">
        <ele>57</ele>
        <time>2026-06-23T15:45:28+00:00</time>
      </trkpt>
      <trkpt lat="48.20782" lon="-4.51379">
        <ele>59</ele>
        <time>2026-06-23T15:45:31+00:00</time>
      </trkpt>
      <trkpt lat="48.20788" lon="-4.51377">
        <ele>59</ele>
        <time>2026-06-23T15:45:34+00:00</time>
      </trkpt>
      <trkpt lat="48.20808" lon="-4.51379">
        <ele>62</ele>
        <time>2026-06-23T15:45:37+00:00</time>
      </trkpt>
      <trkpt lat="48.20832" lon="-4.51382">
        <ele>68</ele>
        <time>2026-06-23T15:45:40+00:00</time>
      </trkpt>
      <trkpt lat="48.20845" lon="-4.51378">
        <ele>68</ele>
        <time>2026-06-23T15:45:43+00:00</time>
      </trkpt>
      <trkpt lat="48.20852" lon="-4.5137">
        <ele>68</ele>
        <time>2026-06-23T15:45:46+00:00</time>
      </trkpt>
      <trkpt lat="48.20862" lon="-4.51363">
        <ele>70</ele>
        <time>2026-06-23T15:45:49+00:00</time>
      </trkpt>
      <trkpt lat="48.2087" lon="-4.51349">
        <ele>68</ele>
        <time>2026-06-23T15:45:52+00:00</time>
      </trkpt>
      <trkpt lat="48.20875" lon="-4.51335">
        <ele>72</ele>
        <time>2026-06-23T15:45:55+00:00</time>
      </trkpt>
      <trkpt lat="48.2089" lon="-4.51316">
        <ele>71</ele>
        <time>2026-06-23T15:45:58+00:00</time>
      </trkpt>
      <trkpt lat="48.20909" lon="-4.51288">
        <ele>74</ele>
        <time>2026-06-23T15:46:01+00:00</time>
      </trkpt>
      <trkpt lat="48.20914" lon="-4.51272">
        <ele>76</ele>
        <time>2026-06-23T15:46:04+00:00</time>
      </trkpt>
      <trkpt lat="48.20919" lon="-4.51269">
        <ele>76</ele>
        <time>2026-06-23T15:46:07+00:00</time>
      </trkpt>
      <trkpt lat="48.20928" lon="-4.51257">
        <ele>78</ele>
        <time>2026-06-23T15:46:10+00:00</time>
      </trkpt>
      <trkpt lat="48.20951" lon="-4.51253">
        <ele>82</ele>
        <time>2026-06-23T15:46:13+00:00</time>
      </trkpt>
      <trkpt lat="48.20974" lon="-4.51248">
        <ele>83</ele>
        <time>2026-06-23T15:46:16+00:00</time>
      </trkpt>
      <trkpt lat="48.20997" lon="-4.51241">
        <ele>83</ele>
        <time>2026-06-23T15:46:19+00:00</time>
      </trkpt>
      <trkpt lat="48.21041" lon="-4.51236">
        <ele>85</ele>
        <time>2026-06-23T15:46:22+00:00</time>
      </trkpt>
      <trkpt lat="48.21071" lon="-4.51222">
        <ele>85</ele>
        <time>2026-06-23T15:46:25+00:00</time>
      </trkpt>
      <trkpt lat="48.21084" lon="-4.51213">
        <ele>85</ele>
        <time>2026-06-23T15:46:28+00:00</time>
      </trkpt>
      <trkpt lat="48.21103" lon="-4.51206">
        <ele>85</ele>
        <time>2026-06-23T15:46:31+00:00</time>
      </trkpt>
      <trkpt lat="48.21109" lon="-4.51199">
        <ele>84</ele>
        <time>2026-06-23T15:46:34+00:00</time>
      </trkpt>
      <trkpt lat="48.2113" lon="-4.51188">
        <ele>85</ele>
        <time>2026-06-23T15:46:37+00:00</time>
      </trkpt>
      <trkpt lat="48.21157" lon="-4.51173">
        <ele>85</ele>
        <time>2026-06-23T15:46:40+00:00</time>
      </trkpt>
      <trkpt lat="48.21179" lon="-4.51152">
        <ele>83</ele>
        <time>2026-06-23T15:46:43+00:00</time>
      </trkpt>
      <trkpt lat="48.21199" lon="-4.51138">
        <ele>82</ele>
        <time>2026-06-23T15:46:46+00:00</time>
      </trkpt>
      <trkpt lat="48.21225" lon="-4.5111">
        <ele>81</ele>
        <time>2026-06-23T15:46:49+00:00</time>
      </trkpt>
      <trkpt lat="48.21249" lon="-4.51085">
        <ele>81</ele>
        <time>2026-06-23T15:46:52+00:00</time>
      </trkpt>
      <trkpt lat="48.21291" lon="-4.51041">
        <ele>81</ele>
        <time>2026-06-23T15:46:55+00:00</time>
      </trkpt>
      <trkpt lat="48.21315" lon="-4.51006">
        <ele>83</ele>
        <time>2026-06-23T15:46:58+00:00</time>
      </trkpt>
      <trkpt lat="48.2132" lon="-4.5099">
        <ele>83</ele>
        <time>2026-06-23T15:47:01+00:00</time>
      </trkpt>
      <trkpt lat="48.21332" lon="-4.50965">
        <ele>84</ele>
        <time>2026-06-23T15:47:04+00:00</time>
      </trkpt>
      <trkpt lat="48.21347" lon="-4.50933">
        <ele>84</ele>
        <time>2026-06-23T15:47:07+00:00</time>
      </trkpt>
      <trkpt lat="48.21361" lon="-4.5091">
        <ele>88</ele>
        <time>2026-06-23T15:47:10+00:00</time>
      </trkpt>
      <trkpt lat="48.21376" lon="-4.50865">
        <ele>90</ele>
        <time>2026-06-23T15:47:13+00:00</time>
      </trkpt>
      <trkpt lat="48.21381" lon="-4.5084">
        <ele>92</ele>
        <time>2026-06-23T15:47:16+00:00</time>
      </trkpt>
      <trkpt lat="48.21388" lon="-4.50837">
        <ele>91</ele>
        <time>2026-06-23T15:47:19+00:00</time>
      </trkpt>
      <trkpt lat="48.21391" lon="-4.50844">
        <ele>92</ele>
        <time>2026-06-23T15:47:22+00:00</time>
      </trkpt>
      <trkpt lat="48.21397" lon="-4.5084">
        <ele>92</ele>
        <time>2026-06-23T15:47:25+00:00</time>
      </trkpt>
      <trkpt lat="48.21413" lon="-4.50811">
        <ele>91</ele>
        <time>2026-06-23T15:47:28+00:00</time>
      </trkpt>
      <trkpt lat="48.21432" lon="-4.50804">
        <ele>91</ele>
        <time>2026-06-23T15:47:31+00:00</time>
      </trkpt>
      <trkpt lat="48.21442" lon="-4.50788">
        <ele>92</ele>
        <time>2026-06-23T15:47:34+00:00</time>
      </trkpt>
      <trkpt lat="48.21447" lon="-4.50767">
        <ele>89</ele>
        <time>2026-06-23T15:47:37+00:00</time>
      </trkpt>
      <trkpt lat="48.21459" lon="-4.50746">
        <ele>90</ele>
        <time>2026-06-23T15:47:40+00:00</time>
      </trkpt>
      <trkpt lat="48.21471" lon="-4.50732">
        <ele>91</ele>
        <time>2026-06-23T15:47:43+00:00</time>
      </trkpt>
      <trkpt lat="48.21487" lon="-4.5072">
        <ele>90</ele>
        <time>2026-06-23T15:47:46+00:00</time>
      </trkpt>
      <trkpt lat="48.215" lon="-4.50698">
        <ele>90</ele>
        <time>2026-06-23T15:47:49+00:00</time>
      </trkpt>
      <trkpt lat="48.21509" lon="-4.50689">
        <ele>88</ele>
        <time>2026-06-23T15:47:52+00:00</time>
      </trkpt>
      <trkpt lat="48.21515" lon="-4.50678">
        <ele>87</ele>
        <time>2026-06-23T15:47:55+00:00</time>
      </trkpt>
      <trkpt lat="48.21519" lon="-4.50664">
        <ele>81</ele>
        <time>2026-06-23T15:47:58+00:00</time>
      </trkpt>
      <trkpt lat="48.21531" lon="-4.50638">
        <ele>86</ele>
        <time>2026-06-23T15:48:01+00:00</time>
      </trkpt>
      <trkpt lat="48.21532" lon="-4.5063">
        <ele>86</ele>
        <time>2026-06-23T15:48:04+00:00</time>
      </trkpt>
      <trkpt lat="48.21528" lon="-4.50631">
        <ele>84</ele>
        <time>2026-06-23T15:48:07+00:00</time>
      </trkpt>
      <trkpt lat="48.2155" lon="-4.50614">
        <ele>86</ele>
        <time>2026-06-23T15:48:10+00:00</time>
      </trkpt>
      <trkpt lat="48.21562" lon="-4.50597">
        <ele>84</ele>
        <time>2026-06-23T15:48:13+00:00</time>
      </trkpt>
      <trkpt lat="48.21573" lon="-4.50575">
        <ele>85</ele>
        <time>2026-06-23T15:48:16+00:00</time>
      </trkpt>
      <trkpt lat="48.21601" lon="-4.50585">
        <ele>85</ele>
        <time>2026-06-23T15:48:19+00:00</time>
      </trkpt>
      <trkpt lat="48.21625" lon="-4.5062">
        <ele>85</ele>
        <time>2026-06-23T15:48:22+00:00</time>
      </trkpt>
      <trkpt lat="48.2164" lon="-4.50582">
        <ele>85</ele>
        <time>2026-06-23T15:48:25+00:00</time>
      </trkpt>
      <trkpt lat="48.21666" lon="-4.50511">
        <ele>85</ele>
        <time>2026-06-23T15:48:28+00:00</time>
      </trkpt>
      <trkpt lat="48.21682" lon="-4.5047">
        <ele>86</ele>
        <time>2026-06-23T15:48:31+00:00</time>
      </trkpt>
      <trkpt lat="48.21698" lon="-4.50429">
        <ele>86</ele>
        <time>2026-06-23T15:48:34+00:00</time>
      </trkpt>
      <trkpt lat="48.2172" lon="-4.50373">
        <ele>86</ele>
        <time>2026-06-23T15:48:37+00:00</time>
      </trkpt>
      <trkpt lat="48.21699" lon="-4.50351">
        <ele>85</ele>
        <time>2026-06-23T15:48:40+00:00</time>
      </trkpt>
      <trkpt lat="48.21669" lon="-4.5032">
        <ele>79</ele>
        <time>2026-06-23T15:48:43+00:00</time>
      </trkpt>
      <trkpt lat="48.21687" lon="-4.50299">
        <ele>81</ele>
        <time>2026-06-23T15:48:46+00:00</time>
      </trkpt>
      <trkpt lat="48.21693" lon="-4.50274">
        <ele>76</ele>
        <time>2026-06-23T15:48:49+00:00</time>
      </trkpt>
      <trkpt lat="48.21711" lon="-4.50249">
        <ele>81</ele>
        <time>2026-06-23T15:48:52+00:00</time>
      </trkpt>
      <trkpt lat="48.21712" lon="-4.50205">
        <ele>81</ele>
        <time>2026-06-23T15:48:55+00:00</time>
      </trkpt>
      <trkpt lat="48.21713" lon="-4.50118">
        <ele>81</ele>
        <time>2026-06-23T15:48:58+00:00</time>
      </trkpt>
      <trkpt lat="48.21729" lon="-4.50088">
        <ele>81</ele>
        <time>2026-06-23T15:49:01+00:00</time>
      </trkpt>
      <trkpt lat="48.21737" lon="-4.50053">
        <ele>81</ele>
        <time>2026-06-23T15:49:04+00:00</time>
      </trkpt>
      <trkpt lat="48.21748" lon="-4.50008">
        <ele>81</ele>
        <time>2026-06-23T15:49:07+00:00</time>
      </trkpt>
      <trkpt lat="48.21764" lon="-4.50009">
        <ele>81</ele>
        <time>2026-06-23T15:49:10+00:00</time>
      </trkpt>
      <trkpt lat="48.21772" lon="-4.49969">
        <ele>81</ele>
        <time>2026-06-23T15:49:13+00:00</time>
      </trkpt>
      <trkpt lat="48.21788" lon="-4.49967">
        <ele>81</ele>
        <time>2026-06-23T15:49:16+00:00</time>
      </trkpt>
      <trkpt lat="48.21794" lon="-4.49939">
        <ele>80</ele>
        <time>2026-06-23T15:49:19+00:00</time>
      </trkpt>
      <trkpt lat="48.21814" lon="-4.49929">
        <ele>80</ele>
        <time>2026-06-23T15:49:22+00:00</time>
      </trkpt>
      <trkpt lat="48.21819" lon="-4.49918">
        <ele>80</ele>
        <time>2026-06-23T15:49:25+00:00</time>
      </trkpt>
      <trkpt lat="48.21835" lon="-4.49929">
        <ele>80</ele>
        <time>2026-06-23T15:49:28+00:00</time>
      </trkpt>
      <trkpt lat="48.21851" lon="-4.49905">
        <ele>79</ele>
        <time>2026-06-23T15:49:31+00:00</time>
      </trkpt>
      <trkpt lat="48.21847" lon="-4.49876">
        <ele>79</ele>
        <time>2026-06-23T15:49:34+00:00</time>
      </trkpt>
      <trkpt lat="48.21872" lon="-4.49881">
        <ele>78</ele>
        <time>2026-06-23T15:49:37+00:00</time>
      </trkpt>
      <trkpt lat="48.21907" lon="-4.49887">
        <ele>77</ele>
        <time>2026-06-23T15:49:40+00:00</time>
      </trkpt>
      <trkpt lat="48.21925" lon="-4.4984">
        <ele>76</ele>
        <time>2026-06-23T15:49:43+00:00</time>
      </trkpt>
      <trkpt lat="48.21942" lon="-4.49792">
        <ele>74</ele>
        <time>2026-06-23T15:49:46+00:00</time>
      </trkpt>
      <trkpt lat="48.2196" lon="-4.49745">
        <ele>71</ele>
        <time>2026-06-23T15:49:49+00:00</time>
      </trkpt>
      <trkpt lat="48.21977" lon="-4.49698">
        <ele>69</ele>
        <time>2026-06-23T15:49:52+00:00</time>
      </trkpt>
      <trkpt lat="48.21997" lon="-4.49645">
        <ele>67</ele>
        <time>2026-06-23T15:49:55+00:00</time>
      </trkpt>
      <trkpt lat="48.2198" lon="-4.49626">
        <ele>66</ele>
        <time>2026-06-23T15:49:58+00:00</time>
      </trkpt>
      <trkpt lat="48.2198" lon="-4.49605">
        <ele>62</ele>
        <time>2026-06-23T15:50:01+00:00</time>
      </trkpt>
      <trkpt lat="48.21965" lon="-4.49608">
        <ele>58</ele>
        <time>2026-06-23T15:50:04+00:00</time>
      </trkpt>
      <trkpt lat="48.21962" lon="-4.49606">
        <ele>58</ele>
        <time>2026-06-23T15:50:07+00:00</time>
      </trkpt>
      <trkpt lat="48.21961" lon="-4.49599">
        <ele>56</ele>
        <time>2026-06-23T15:50:10+00:00</time>
      </trkpt>
      <trkpt lat="48.21965" lon="-4.49594">
        <ele>56</ele>
        <time>2026-06-23T15:50:13+00:00</time>
      </trkpt>
      <trkpt lat="48.21965" lon="-4.49589">
        <ele>54</ele>
        <time>2026-06-23T15:50:16+00:00</time>
      </trkpt>
      <trkpt lat="48.21963" lon="-4.49587">
        <ele>54</ele>
        <time>2026-06-23T15:50:19+00:00</time>
      </trkpt>
      <trkpt lat="48.21956" lon="-4.49587">
        <ele>47</ele>
        <time>2026-06-23T15:50:22+00:00</time>
      </trkpt>
      <trkpt lat="48.21954" lon="-4.4958">
        <ele>47</ele>
        <time>2026-06-23T15:50:25+00:00</time>
      </trkpt>
      <trkpt lat="48.21957" lon="-4.49566">
        <ele>49</ele>
        <time>2026-06-23T15:50:28+00:00</time>
      </trkpt>
      <trkpt lat="48.21962" lon="-4.49559">
        <ele>42</ele>
        <time>2026-06-23T15:50:31+00:00</time>
      </trkpt>
      <trkpt lat="48.21991" lon="-4.49542">
        <ele>45</ele>
        <time>2026-06-23T15:50:34+00:00</time>
      </trkpt>
      <trkpt lat="48.2201" lon="-4.49509">
        <ele>41</ele>
        <time>2026-06-23T15:50:37+00:00</time>
      </trkpt>
      <trkpt lat="48.2202" lon="-4.49498">
        <ele>30</ele>
        <time>2026-06-23T15:50:40+00:00</time>
      </trkpt>
      <trkpt lat="48.22029" lon="-4.49502">
        <ele>38</ele>
        <time>2026-06-23T15:50:43+00:00</time>
      </trkpt>
      <trkpt lat="48.22036" lon="-4.49495">
        <ele>37</ele>
        <time>2026-06-23T15:50:46+00:00</time>
      </trkpt>
      <trkpt lat="48.22042" lon="-4.49484">
        <ele>36</ele>
        <time>2026-06-23T15:50:49+00:00</time>
      </trkpt>
      <trkpt lat="48.22051" lon="-4.49474">
        <ele>36</ele>
        <time>2026-06-23T15:50:52+00:00</time>
      </trkpt>
      <trkpt lat="48.22065" lon="-4.49472">
        <ele>33</ele>
        <time>2026-06-23T15:50:55+00:00</time>
      </trkpt>
      <trkpt lat="48.22079" lon="-4.49477">
        <ele>34</ele>
        <time>2026-06-23T15:50:58+00:00</time>
      </trkpt>
      <trkpt lat="48.22093" lon="-4.49486">
        <ele>33</ele>
        <time>2026-06-23T15:51:01+00:00</time>
      </trkpt>
      <trkpt lat="48.22105" lon="-4.49488">
        <ele>34</ele>
        <time>2026-06-23T15:51:04+00:00</time>
      </trkpt>
      <trkpt lat="48.22113" lon="-4.49495">
        <ele>35</ele>
        <time>2026-06-23T15:51:07+00:00</time>
      </trkpt>
      <trkpt lat="48.22124" lon="-4.49491">
        <ele>34</ele>
        <time>2026-06-23T15:51:10+00:00</time>
      </trkpt>
      <trkpt lat="48.22145" lon="-4.49509">
        <ele>34</ele>
        <time>2026-06-23T15:51:13+00:00</time>
      </trkpt>
      <trkpt lat="48.22157" lon="-4.49549">
        <ele>38</ele>
        <time>2026-06-23T15:51:16+00:00</time>
      </trkpt>
      <trkpt lat="48.22165" lon="-4.49586">
        <ele>40</ele>
        <time>2026-06-23T15:51:19+00:00</time>
      </trkpt>
      <trkpt lat="48.22177" lon="-4.49636">
        <ele>39</ele>
        <time>2026-06-23T15:51:22+00:00</time>
      </trkpt>
      <trkpt lat="48.22186" lon="-4.49656">
        <ele>42</ele>
        <time>2026-06-23T15:51:25+00:00</time>
      </trkpt>
      <trkpt lat="48.22203" lon="-4.49672">
        <ele>39</ele>
        <time>2026-06-23T15:51:28+00:00</time>
      </trkpt>
      <trkpt lat="48.22228" lon="-4.49695">
        <ele>34</ele>
        <time>2026-06-23T15:51:31+00:00</time>
      </trkpt>
      <trkpt lat="48.2225" lon="-4.49721">
        <ele>34</ele>
        <time>2026-06-23T15:51:34+00:00</time>
      </trkpt>
      <trkpt lat="48.22263" lon="-4.49744">
        <ele>28</ele>
        <time>2026-06-23T15:51:37+00:00</time>
      </trkpt>
      <trkpt lat="48.22273" lon="-4.49776">
        <ele>26</ele>
        <time>2026-06-23T15:51:40+00:00</time>
      </trkpt>
      <trkpt lat="48.22285" lon="-4.4981">
        <ele>23</ele>
        <time>2026-06-23T15:51:43+00:00</time>
      </trkpt>
      <trkpt lat="48.22289" lon="-4.49848">
        <ele>22</ele>
        <time>2026-06-23T15:51:46+00:00</time>
      </trkpt>
      <trkpt lat="48.22294" lon="-4.49898">
        <ele>20</ele>
        <time>2026-06-23T15:51:49+00:00</time>
      </trkpt>
      <trkpt lat="48.22313" lon="-4.49927">
        <ele>17</ele>
        <time>2026-06-23T15:51:52+00:00</time>
      </trkpt>
      <trkpt lat="48.22327" lon="-4.49942">
        <ele>14</ele>
        <time>2026-06-23T15:51:55+00:00</time>
      </trkpt>
      <trkpt lat="48.22331" lon="-4.49962">
        <ele>14</ele>
        <time>2026-06-23T15:51:58+00:00</time>
      </trkpt>
      <trkpt lat="48.22336" lon="-4.49983">
        <ele>14</ele>
        <time>2026-06-23T15:52:01+00:00</time>
      </trkpt>
      <trkpt lat="48.22342" lon="-4.49988">
        <ele>12</ele>
        <time>2026-06-23T15:52:04+00:00</time>
      </trkpt>
      <trkpt lat="48.22352" lon="-4.50011">
        <ele>9</ele>
        <time>2026-06-23T15:52:07+00:00</time>
      </trkpt>
      <trkpt lat="48.22357" lon="-4.50009">
        <ele>6</ele>
        <time>2026-06-23T15:52:10+00:00</time>
      </trkpt>
      <trkpt lat="48.22361" lon="-4.5004">
        <ele>5</ele>
        <time>2026-06-23T15:52:13+00:00</time>
      </trkpt>
      <trkpt lat="48.22366" lon="-4.50072">
        <ele>5</ele>
        <time>2026-06-23T15:52:16+00:00</time>
      </trkpt>
      <trkpt lat="48.22372" lon="-4.50109">
        <ele>7</ele>
        <time>2026-06-23T15:52:19+00:00</time>
      </trkpt>
      <trkpt lat="48.2238" lon="-4.50155">
        <ele>5</ele>
        <time>2026-06-23T15:52:22+00:00</time>
      </trkpt>
      <trkpt lat="48.22396" lon="-4.50189">
        <ele>4</ele>
        <time>2026-06-23T15:52:25+00:00</time>
      </trkpt>
      <trkpt lat="48.22422" lon="-4.50242">
        <ele>4</ele>
        <time>2026-06-23T15:52:28+00:00</time>
      </trkpt>
      <trkpt lat="48.22446" lon="-4.50281">
        <ele>5</ele>
        <time>2026-06-23T15:52:31+00:00</time>
      </trkpt>
      <trkpt lat="48.22456" lon="-4.50315">
        <ele>5</ele>
        <time>2026-06-23T15:52:34+00:00</time>
      </trkpt>
      <trkpt lat="48.22467" lon="-4.50354">
        <ele>5</ele>
        <time>2026-06-23T15:52:37+00:00</time>
      </trkpt>
      <trkpt lat="48.22486" lon="-4.5038">
        <ele>4</ele>
        <time>2026-06-23T15:52:40+00:00</time>
      </trkpt>
      <trkpt lat="48.22511" lon="-4.50414">
        <ele>4</ele>
        <time>2026-06-23T15:52:43+00:00</time>
      </trkpt>
      <trkpt lat="48.22541" lon="-4.50421">
        <ele>4</ele>
        <time>2026-06-23T15:52:46+00:00</time>
      </trkpt>
      <trkpt lat="48.22577" lon="-4.50425">
        <ele>5</ele>
        <time>2026-06-23T15:52:49+00:00</time>
      </trkpt>
      <trkpt lat="48.22603" lon="-4.504">
        <ele>5</ele>
        <time>2026-06-23T15:52:52+00:00</time>
      </trkpt>
      <trkpt lat="48.2263" lon="-4.50375">
        <ele>4</ele>
        <time>2026-06-23T15:52:55+00:00</time>
      </trkpt>
      <trkpt lat="48.22662" lon="-4.50344">
        <ele>4</ele>
        <time>2026-06-23T15:52:58+00:00</time>
      </trkpt>
      <trkpt lat="48.22689" lon="-4.5033">
        <ele>4</ele>
        <time>2026-06-23T15:53:01+00:00</time>
      </trkpt>
      <trkpt lat="48.22739" lon="-4.50303">
        <ele>4</ele>
        <time>2026-06-23T15:53:04+00:00</time>
      </trkpt>
      <trkpt lat="48.22761" lon="-4.50296">
        <ele>4</ele>
        <time>2026-06-23T15:53:07+00:00</time>
      </trkpt>
      <trkpt lat="48.22785" lon="-4.50288">
        <ele>4</ele>
        <time>2026-06-23T15:53:10+00:00</time>
      </trkpt>
      <trkpt lat="48.22821" lon="-4.50272">
        <ele>4</ele>
        <time>2026-06-23T15:53:13+00:00</time>
      </trkpt>
      <trkpt lat="48.22847" lon="-4.50261">
        <ele>4</ele>
        <time>2026-06-23T15:53:16+00:00</time>
      </trkpt>
      <trkpt lat="48.22887" lon="-4.50244">
        <ele>4</ele>
        <time>2026-06-23T15:53:19+00:00</time>
      </trkpt>
      <trkpt lat="48.2291" lon="-4.50228">
        <ele>4</ele>
        <time>2026-06-23T15:53:22+00:00</time>
      </trkpt>
      <trkpt lat="48.2294" lon="-4.50208">
        <ele>4</ele>
        <time>2026-06-23T15:53:25+00:00</time>
      </trkpt>
      <trkpt lat="48.22974" lon="-4.50187">
        <ele>4</ele>
        <time>2026-06-23T15:53:28+00:00</time>
      </trkpt>
      <trkpt lat="48.23013" lon="-4.50161">
        <ele>5</ele>
        <time>2026-06-23T15:53:31+00:00</time>
      </trkpt>
      <trkpt lat="48.23045" lon="-4.50146">
        <ele>5</ele>
        <time>2026-06-23T15:53:34+00:00</time>
      </trkpt>
      <trkpt lat="48.23071" lon="-4.50122">
        <ele>5</ele>
        <time>2026-06-23T15:53:37+00:00</time>
      </trkpt>
      <trkpt lat="48.23104" lon="-4.50109">
        <ele>6</ele>
        <time>2026-06-23T15:53:40+00:00</time>
      </trkpt>
      <trkpt lat="48.23125" lon="-4.50083">
        <ele>6</ele>
        <time>2026-06-23T15:53:43+00:00</time>
      </trkpt>
      <trkpt lat="48.2314" lon="-4.50068">
        <ele>5</ele>
        <time>2026-06-23T15:53:46+00:00</time>
      </trkpt>
      <trkpt lat="48.23167" lon="-4.50033">
        <ele>5</ele>
        <time>2026-06-23T15:53:49+00:00</time>
      </trkpt>
      <trkpt lat="48.23193" lon="-4.49997">
        <ele>5</ele>
        <time>2026-06-23T15:53:52+00:00</time>
      </trkpt>
      <trkpt lat="48.2322" lon="-4.49962">
        <ele>6</ele>
        <time>2026-06-23T15:53:55+00:00</time>
      </trkpt>
      <trkpt lat="48.2327" lon="-4.49896">
        <ele>6</ele>
        <time>2026-06-23T15:53:58+00:00</time>
      </trkpt>
      <trkpt lat="48.23276" lon="-4.49902">
        <ele>7</ele>
        <time>2026-06-23T15:54:01+00:00</time>
      </trkpt>
      <trkpt lat="48.23299" lon="-4.49868">
        <ele>6</ele>
        <time>2026-06-23T15:54:04+00:00</time>
      </trkpt>
      <trkpt lat="48.23304" lon="-4.49861">
        <ele>6</ele>
        <time>2026-06-23T15:54:07+00:00</time>
      </trkpt>
      <trkpt lat="48.23324" lon="-4.49844">
        <ele>6</ele>
        <time>2026-06-23T15:54:10+00:00</time>
      </trkpt>
      <trkpt lat="48.23327" lon="-4.49838">
        <ele>6</ele>
        <time>2026-06-23T15:54:13+00:00</time>
      </trkpt>
      <trkpt lat="48.23333" lon="-4.49834">
        <ele>6</ele>
        <time>2026-06-23T15:54:16+00:00</time>
      </trkpt>
      <trkpt lat="48.23335" lon="-4.49821">
        <ele>6</ele>
        <time>2026-06-23T15:54:19+00:00</time>
      </trkpt>
      <trkpt lat="48.23351" lon="-4.49784">
        <ele>5</ele>
        <time>2026-06-23T15:54:22+00:00</time>
      </trkpt>
      <trkpt lat="48.23374" lon="-4.49744">
        <ele>4</ele>
        <time>2026-06-23T15:54:25+00:00</time>
      </trkpt>
      <trkpt lat="48.23385" lon="-4.49746">
        <ele>4</ele>
        <time>2026-06-23T15:54:28+00:00</time>
      </trkpt>
      <trkpt lat="48.23398" lon="-4.4974">
        <ele>4</ele>
        <time>2026-06-23T15:54:31+00:00</time>
      </trkpt>
      <trkpt lat="48.23412" lon="-4.4973">
        <ele>4</ele>
        <time>2026-06-23T15:54:34+00:00</time>
      </trkpt>
      <trkpt lat="48.23419" lon="-4.49715">
        <ele>4</ele>
        <time>2026-06-23T15:54:37+00:00</time>
      </trkpt>
      <trkpt lat="48.2344" lon="-4.49685">
        <ele>4</ele>
        <time>2026-06-23T15:54:40+00:00</time>
      </trkpt>
      <trkpt lat="48.2346" lon="-4.49664">
        <ele>5</ele>
        <time>2026-06-23T15:54:43+00:00</time>
      </trkpt>
      <trkpt lat="48.23466" lon="-4.4966">
        <ele>5</ele>
        <time>2026-06-23T15:54:46+00:00</time>
      </trkpt>
      <trkpt lat="48.23491" lon="-4.49667">
        <ele>8</ele>
        <time>2026-06-23T15:54:49+00:00</time>
      </trkpt>
      <trkpt lat="48.23506" lon="-4.49667">
        <ele>9</ele>
        <time>2026-06-23T15:54:52+00:00</time>
      </trkpt>
      <trkpt lat="48.23524" lon="-4.49655">
        <ele>11</ele>
        <time>2026-06-23T15:54:55+00:00</time>
      </trkpt>
      <trkpt lat="48.2354" lon="-4.49634">
        <ele>14</ele>
        <time>2026-06-23T15:54:58+00:00</time>
      </trkpt>
      <trkpt lat="48.23546" lon="-4.49617">
        <ele>16</ele>
        <time>2026-06-23T15:55:01+00:00</time>
      </trkpt>
      <trkpt lat="48.23559" lon="-4.49572">
        <ele>19</ele>
        <time>2026-06-23T15:55:04+00:00</time>
      </trkpt>
      <trkpt lat="48.23572" lon="-4.49528">
        <ele>21</ele>
        <time>2026-06-23T15:55:07+00:00</time>
      </trkpt>
      <trkpt lat="48.23585" lon="-4.49483">
        <ele>23</ele>
        <time>2026-06-23T15:55:10+00:00</time>
      </trkpt>
      <trkpt lat="48.23606" lon="-4.49409">
        <ele>25</ele>
        <time>2026-06-23T15:55:13+00:00</time>
      </trkpt>
      <trkpt lat="48.23622" lon="-4.49357">
        <ele>25</ele>
        <time>2026-06-23T15:55:16+00:00</time>
      </trkpt>
      <trkpt lat="48.23635" lon="-4.49312">
        <ele>25</ele>
        <time>2026-06-23T15:55:19+00:00</time>
      </trkpt>
      <trkpt lat="48.23648" lon="-4.49267">
        <ele>23</ele>
        <time>2026-06-23T15:55:22+00:00</time>
      </trkpt>
      <trkpt lat="48.23669" lon="-4.49194">
        <ele>21</ele>
        <time>2026-06-23T15:55:25+00:00</time>
      </trkpt>
      <trkpt lat="48.23684" lon="-4.49145">
        <ele>20</ele>
        <time>2026-06-23T15:55:28+00:00</time>
      </trkpt>
      <trkpt lat="48.23698" lon="-4.49096">
        <ele>20</ele>
        <time>2026-06-23T15:55:31+00:00</time>
      </trkpt>
      <trkpt lat="48.23713" lon="-4.49048">
        <ele>20</ele>
        <time>2026-06-23T15:55:34+00:00</time>
      </trkpt>
      <trkpt lat="48.23741" lon="-4.48955">
        <ele>24</ele>
        <time>2026-06-23T15:55:37+00:00</time>
      </trkpt>
      <trkpt lat="48.23755" lon="-4.48906">
        <ele>27</ele>
        <time>2026-06-23T15:55:40+00:00</time>
      </trkpt>
      <trkpt lat="48.23769" lon="-4.48857">
        <ele>30</ele>
        <time>2026-06-23T15:55:43+00:00</time>
      </trkpt>
      <trkpt lat="48.23783" lon="-4.48808">
        <ele>34</ele>
        <time>2026-06-23T15:55:46+00:00</time>
      </trkpt>
      <trkpt lat="48.2381" lon="-4.48715">
        <ele>41</ele>
        <time>2026-06-23T15:55:49+00:00</time>
      </trkpt>
      <trkpt lat="48.2381" lon="-4.48714">
        <ele>41</ele>
        <time>2026-06-23T15:55:52+00:00</time>
      </trkpt>
      <trkpt lat="48.23788" lon="-4.48686">
        <ele>42</ele>
        <time>2026-06-23T15:55:55+00:00</time>
      </trkpt>
      <trkpt lat="48.23745" lon="-4.48632">
        <ele>44</ele>
        <time>2026-06-23T15:55:58+00:00</time>
      </trkpt>
      <trkpt lat="48.23731" lon="-4.48618">
        <ele>45</ele>
        <time>2026-06-23T15:56:01+00:00</time>
      </trkpt>
      <trkpt lat="48.2371" lon="-4.48608">
        <ele>47</ele>
        <time>2026-06-23T15:56:04+00:00</time>
      </trkpt>
      <trkpt lat="48.23717" lon="-4.4857">
        <ele>49</ele>
        <time>2026-06-23T15:56:07+00:00</time>
      </trkpt>
      <trkpt lat="48.23728" lon="-4.48515">
        <ele>53</ele>
        <time>2026-06-23T15:56:10+00:00</time>
      </trkpt>
      <trkpt lat="48.23735" lon="-4.48469">
        <ele>55</ele>
        <time>2026-06-23T15:56:13+00:00</time>
      </trkpt>
      <trkpt lat="48.23742" lon="-4.48422">
        <ele>57</ele>
        <time>2026-06-23T15:56:16+00:00</time>
      </trkpt>
      <trkpt lat="48.23752" lon="-4.48356">
        <ele>57</ele>
        <time>2026-06-23T15:56:19+00:00</time>
      </trkpt>
      <trkpt lat="48.23732" lon="-4.48367">
        <ele>56</ele>
        <time>2026-06-23T15:56:22+00:00</time>
      </trkpt>
      <trkpt lat="48.23714" lon="-4.48363">
        <ele>56</ele>
        <time>2026-06-23T15:56:25+00:00</time>
      </trkpt>
      <trkpt lat="48.23699" lon="-4.48336">
        <ele>56</ele>
        <time>2026-06-23T15:56:28+00:00</time>
      </trkpt>
      <trkpt lat="48.23689" lon="-4.48325">
        <ele>56</ele>
        <time>2026-06-23T15:56:31+00:00</time>
      </trkpt>
      <trkpt lat="48.23678" lon="-4.48296">
        <ele>57</ele>
        <time>2026-06-23T15:56:34+00:00</time>
      </trkpt>
      <trkpt lat="48.23674" lon="-4.48273">
        <ele>58</ele>
        <time>2026-06-23T15:56:37+00:00</time>
      </trkpt>
      <trkpt lat="48.23677" lon="-4.4824">
        <ele>60</ele>
        <time>2026-06-23T15:56:40+00:00</time>
      </trkpt>
      <trkpt lat="48.23675" lon="-4.48228">
        <ele>66</ele>
        <time>2026-06-23T15:56:43+00:00</time>
      </trkpt>
      <trkpt lat="48.23668" lon="-4.48205">
        <ele>63</ele>
        <time>2026-06-23T15:56:46+00:00</time>
      </trkpt>
      <trkpt lat="48.23668" lon="-4.48186">
        <ele>65</ele>
        <time>2026-06-23T15:56:49+00:00</time>
      </trkpt>
      <trkpt lat="48.23673" lon="-4.48155">
        <ele>66</ele>
        <time>2026-06-23T15:56:52+00:00</time>
      </trkpt>
      <trkpt lat="48.23681" lon="-4.48111">
        <ele>64</ele>
        <time>2026-06-23T15:56:55+00:00</time>
      </trkpt>
      <trkpt lat="48.23681" lon="-4.48088">
        <ele>67</ele>
        <time>2026-06-23T15:56:58+00:00</time>
      </trkpt>
      <trkpt lat="48.23678" lon="-4.48064">
        <ele>64</ele>
        <time>2026-06-23T15:57:01+00:00</time>
      </trkpt>
      <trkpt lat="48.23674" lon="-4.48038">
        <ele>66</ele>
        <time>2026-06-23T15:57:04+00:00</time>
      </trkpt>
      <trkpt lat="48.23664" lon="-4.48005">
        <ele>64</ele>
        <time>2026-06-23T15:57:07+00:00</time>
      </trkpt>
      <trkpt lat="48.23653" lon="-4.47966">
        <ele>66</ele>
        <time>2026-06-23T15:57:10+00:00</time>
      </trkpt>
      <trkpt lat="48.23656" lon="-4.47954">
        <ele>60</ele>
        <time>2026-06-23T15:57:13+00:00</time>
      </trkpt>
      <trkpt lat="48.23662" lon="-4.47949">
        <ele>67</ele>
        <time>2026-06-23T15:57:16+00:00</time>
      </trkpt>
      <trkpt lat="48.23672" lon="-4.47928">
        <ele>69</ele>
        <time>2026-06-23T15:57:19+00:00</time>
      </trkpt>
      <trkpt lat="48.23684" lon="-4.47903">
        <ele>72</ele>
        <time>2026-06-23T15:57:22+00:00</time>
      </trkpt>
      <trkpt lat="48.23698" lon="-4.47891">
        <ele>75</ele>
        <time>2026-06-23T15:57:25+00:00</time>
      </trkpt>
      <trkpt lat="48.23701" lon="-4.47885">
        <ele>74</ele>
        <time>2026-06-23T15:57:28+00:00</time>
      </trkpt>
      <trkpt lat="48.23699" lon="-4.47851">
        <ele>76</ele>
        <time>2026-06-23T15:57:31+00:00</time>
      </trkpt>
      <trkpt lat="48.23697" lon="-4.47817">
        <ele>76</ele>
        <time>2026-06-23T15:57:34+00:00</time>
      </trkpt>
      <trkpt lat="48.23679" lon="-4.47785">
        <ele>76</ele>
        <time>2026-06-23T15:57:37+00:00</time>
      </trkpt>
      <trkpt lat="48.23672" lon="-4.47769">
        <ele>77</ele>
        <time>2026-06-23T15:57:40+00:00</time>
      </trkpt>
      <trkpt lat="48.23669" lon="-4.47754">
        <ele>76</ele>
        <time>2026-06-23T15:57:43+00:00</time>
      </trkpt>
      <trkpt lat="48.23671" lon="-4.47733">
        <ele>78</ele>
        <time>2026-06-23T15:57:46+00:00</time>
      </trkpt>
      <trkpt lat="48.2368" lon="-4.47706">
        <ele>78</ele>
        <time>2026-06-23T15:57:49+00:00</time>
      </trkpt>
      <trkpt lat="48.23683" lon="-4.47691">
        <ele>79</ele>
        <time>2026-06-23T15:57:52+00:00</time>
      </trkpt>
      <trkpt lat="48.23681" lon="-4.47677">
        <ele>78</ele>
        <time>2026-06-23T15:57:55+00:00</time>
      </trkpt>
      <trkpt lat="48.23675" lon="-4.47651">
        <ele>77</ele>
        <time>2026-06-23T15:57:58+00:00</time>
      </trkpt>
      <trkpt lat="48.23675" lon="-4.47644">
        <ele>76</ele>
        <time>2026-06-23T15:58:01+00:00</time>
      </trkpt>
      <trkpt lat="48.23672" lon="-4.47642">
        <ele>76</ele>
        <time>2026-06-23T15:58:04+00:00</time>
      </trkpt>
      <trkpt lat="48.23678" lon="-4.47601">
        <ele>71</ele>
        <time>2026-06-23T15:58:07+00:00</time>
      </trkpt>
      <trkpt lat="48.23687" lon="-4.47562">
        <ele>66</ele>
        <time>2026-06-23T15:58:10+00:00</time>
      </trkpt>
      <trkpt lat="48.23695" lon="-4.4755">
        <ele>66</ele>
        <time>2026-06-23T15:58:13+00:00</time>
      </trkpt>
      <trkpt lat="48.23699" lon="-4.47536">
        <ele>60</ele>
        <time>2026-06-23T15:58:16+00:00</time>
      </trkpt>
      <trkpt lat="48.23709" lon="-4.47487">
        <ele>52</ele>
        <time>2026-06-23T15:58:19+00:00</time>
      </trkpt>
      <trkpt lat="48.23711" lon="-4.47464">
        <ele>54</ele>
        <time>2026-06-23T15:58:22+00:00</time>
      </trkpt>
      <trkpt lat="48.23707" lon="-4.4745">
        <ele>49</ele>
        <time>2026-06-23T15:58:25+00:00</time>
      </trkpt>
      <trkpt lat="48.23687" lon="-4.47412">
        <ele>41</ele>
        <time>2026-06-23T15:58:28+00:00</time>
      </trkpt>
      <trkpt lat="48.23689" lon="-4.47405">
        <ele>30</ele>
        <time>2026-06-23T15:58:31+00:00</time>
      </trkpt>
      <trkpt lat="48.23695" lon="-4.47396">
        <ele>39</ele>
        <time>2026-06-23T15:58:34+00:00</time>
      </trkpt>
      <trkpt lat="48.23701" lon="-4.47379">
        <ele>33</ele>
        <time>2026-06-23T15:58:37+00:00</time>
      </trkpt>
      <trkpt lat="48.23715" lon="-4.47352">
        <ele>31</ele>
        <time>2026-06-23T15:58:40+00:00</time>
      </trkpt>
      <trkpt lat="48.2373" lon="-4.47325">
        <ele>29</ele>
        <time>2026-06-23T15:58:43+00:00</time>
      </trkpt>
      <trkpt lat="48.23746" lon="-4.47299">
        <ele>29</ele>
        <time>2026-06-23T15:58:46+00:00</time>
      </trkpt>
      <trkpt lat="48.23756" lon="-4.47288">
        <ele>28</ele>
        <time>2026-06-23T15:58:49+00:00</time>
      </trkpt>
      <trkpt lat="48.23778" lon="-4.47271">
        <ele>29</ele>
        <time>2026-06-23T15:58:52+00:00</time>
      </trkpt>
      <trkpt lat="48.23784" lon="-4.47264">
        <ele>33</ele>
        <time>2026-06-23T15:58:55+00:00</time>
      </trkpt>
      <trkpt lat="48.23791" lon="-4.4725">
        <ele>28</ele>
        <time>2026-06-23T15:58:58+00:00</time>
      </trkpt>
      <trkpt lat="48.23794" lon="-4.47241">
        <ele>32</ele>
        <time>2026-06-23T15:59:01+00:00</time>
      </trkpt>
      <trkpt lat="48.238" lon="-4.47231">
        <ele>31</ele>
        <time>2026-06-23T15:59:04+00:00</time>
      </trkpt>
      <trkpt lat="48.23808" lon="-4.4721">
        <ele>27</ele>
        <time>2026-06-23T15:59:07+00:00</time>
      </trkpt>
      <trkpt lat="48.23818" lon="-4.47187">
        <ele>26</ele>
        <time>2026-06-23T15:59:10+00:00</time>
      </trkpt>
      <trkpt lat="48.23817" lon="-4.47159">
        <ele>22</ele>
        <time>2026-06-23T15:59:13+00:00</time>
      </trkpt>
      <trkpt lat="48.23808" lon="-4.47145">
        <ele>10</ele>
        <time>2026-06-23T15:59:16+00:00</time>
      </trkpt>
      <trkpt lat="48.23791" lon="-4.47138">
        <ele>18</ele>
        <time>2026-06-23T15:59:19+00:00</time>
      </trkpt>
      <trkpt lat="48.23798" lon="-4.47084">
        <ele>18</ele>
        <time>2026-06-23T15:59:22+00:00</time>
      </trkpt>
      <trkpt lat="48.23802" lon="-4.47072">
        <ele>18</ele>
        <time>2026-06-23T15:59:25+00:00</time>
      </trkpt>
      <trkpt lat="48.23827" lon="-4.47059">
        <ele>14</ele>
        <time>2026-06-23T15:59:28+00:00</time>
      </trkpt>
      <trkpt lat="48.23826" lon="-4.47051">
        <ele>14</ele>
        <time>2026-06-23T15:59:31+00:00</time>
      </trkpt>
      <trkpt lat="48.23818" lon="-4.47046">
        <ele>12</ele>
        <time>2026-06-23T15:59:34+00:00</time>
      </trkpt>
      <trkpt lat="48.23818" lon="-4.47037">
        <ele>9</ele>
        <time>2026-06-23T15:59:37+00:00</time>
      </trkpt>
      <trkpt lat="48.23812" lon="-4.47031">
        <ele>9</ele>
        <time>2026-06-23T15:59:40+00:00</time>
      </trkpt>
      <trkpt lat="48.23814" lon="-4.46999">
        <ele>9</ele>
        <time>2026-06-23T15:59:43+00:00</time>
      </trkpt>
      <trkpt lat="48.23812" lon="-4.46976">
        <ele>13</ele>
        <time>2026-06-23T15:59:46+00:00</time>
      </trkpt>
      <trkpt lat="48.23819" lon="-4.46945">
        <ele>15</ele>
        <time>2026-06-23T15:59:49+00:00</time>
      </trkpt>
      <trkpt lat="48.23831" lon="-4.46922">
        <ele>17</ele>
        <time>2026-06-23T15:59:52+00:00</time>
      </trkpt>
      <trkpt lat="48.23839" lon="-4.46893">
        <ele>19</ele>
        <time>2026-06-23T15:59:55+00:00</time>
      </trkpt>
      <trkpt lat="48.23837" lon="-4.46882">
        <ele>15</ele>
        <time>2026-06-23T15:59:58+00:00</time>
      </trkpt>
      <trkpt lat="48.23846" lon="-4.46865">
        <ele>22</ele>
        <time>2026-06-23T16:00:01+00:00</time>
      </trkpt>
      <trkpt lat="48.23858" lon="-4.46828">
        <ele>13</ele>
        <time>2026-06-23T16:00:04+00:00</time>
      </trkpt>
      <trkpt lat="48.23855" lon="-4.46809">
        <ele>21</ele>
        <time>2026-06-23T16:00:07+00:00</time>
      </trkpt>
      <trkpt lat="48.2385" lon="-4.46802">
        <ele>17</ele>
        <time>2026-06-23T16:00:10+00:00</time>
      </trkpt>
      <trkpt lat="48.23856" lon="-4.46764">
        <ele>21</ele>
        <time>2026-06-23T16:00:13+00:00</time>
      </trkpt>
      <trkpt lat="48.23861" lon="-4.46746">
        <ele>22</ele>
        <time>2026-06-23T16:00:16+00:00</time>
      </trkpt>
      <trkpt lat="48.23879" lon="-4.46712">
        <ele>21</ele>
        <time>2026-06-23T16:00:19+00:00</time>
      </trkpt>
      <trkpt lat="48.2388" lon="-4.46699">
        <ele>13</ele>
        <time>2026-06-23T16:00:22+00:00</time>
      </trkpt>
      <trkpt lat="48.23872" lon="-4.46675">
        <ele>19</ele>
        <time>2026-06-23T16:00:25+00:00</time>
      </trkpt>
      <trkpt lat="48.23885" lon="-4.46647">
        <ele>19</ele>
        <time>2026-06-23T16:00:28+00:00</time>
      </trkpt>
      <trkpt lat="48.23885" lon="-4.46628">
        <ele>11</ele>
        <time>2026-06-23T16:00:31+00:00</time>
      </trkpt>
      <trkpt lat="48.23887" lon="-4.46614">
        <ele>16</ele>
        <time>2026-06-23T16:00:34+00:00</time>
      </trkpt>
      <trkpt lat="48.23894" lon="-4.46605">
        <ele>19</ele>
        <time>2026-06-23T16:00:37+00:00</time>
      </trkpt>
      <trkpt lat="48.23896" lon="-4.46598">
        <ele>17</ele>
        <time>2026-06-23T16:00:40+00:00</time>
      </trkpt>
      <trkpt lat="48.23895" lon="-4.46584">
        <ele>15</ele>
        <time>2026-06-23T16:00:43+00:00</time>
      </trkpt>
      <trkpt lat="48.23909" lon="-4.46537">
        <ele>15</ele>
        <time>2026-06-23T16:00:46+00:00</time>
      </trkpt>
      <trkpt lat="48.23917" lon="-4.46523">
        <ele>12</ele>
        <time>2026-06-23T16:00:49+00:00</time>
      </trkpt>
      <trkpt lat="48.23931" lon="-4.46509">
        <ele>9</ele>
        <time>2026-06-23T16:00:52+00:00</time>
      </trkpt>
      <trkpt lat="48.23946" lon="-4.46495">
        <ele>7</ele>
        <time>2026-06-23T16:00:55+00:00</time>
      </trkpt>
      <trkpt lat="48.23951" lon="-4.46445">
        <ele>6</ele>
        <time>2026-06-23T16:00:58+00:00</time>
      </trkpt>
      <trkpt lat="48.23955" lon="-4.46445">
        <ele>3</ele>
        <time>2026-06-23T16:01:01+00:00</time>
      </trkpt>
      <trkpt lat="48.23954" lon="-4.46387">
        <ele>6</ele>
        <time>2026-06-23T16:01:04+00:00</time>
      </trkpt>
      <trkpt lat="48.23938" lon="-4.46327">
        <ele>4</ele>
        <time>2026-06-23T16:01:07+00:00</time>
      </trkpt>
      <trkpt lat="48.23924" lon="-4.4629">
        <ele>4</ele>
        <time>2026-06-23T16:01:10+00:00</time>
      </trkpt>
      <trkpt lat="48.23899" lon="-4.46223">
        <ele>5</ele>
        <time>2026-06-23T16:01:13+00:00</time>
      </trkpt>
      <trkpt lat="48.23896" lon="-4.46221">
        <ele>5</ele>
        <time>2026-06-23T16:01:16+00:00</time>
      </trkpt>
      <trkpt lat="48.23887" lon="-4.46211">
        <ele>7</ele>
        <time>2026-06-23T16:01:19+00:00</time>
      </trkpt>
      <trkpt lat="48.23871" lon="-4.46206">
        <ele>7</ele>
        <time>2026-06-23T16:01:22+00:00</time>
      </trkpt>
      <trkpt lat="48.23867" lon="-4.46206">
        <ele>10</ele>
        <time>2026-06-23T16:01:25+00:00</time>
      </trkpt>
      <trkpt lat="48.23849" lon="-4.46218">
        <ele>13</ele>
        <time>2026-06-23T16:01:28+00:00</time>
      </trkpt>
      <trkpt lat="48.23843" lon="-4.4623">
        <ele>3</ele>
        <time>2026-06-23T16:01:31+00:00</time>
      </trkpt>
      <trkpt lat="48.23832" lon="-4.46237">
        <ele>13</ele>
        <time>2026-06-23T16:01:34+00:00</time>
      </trkpt>
      <trkpt lat="48.23809" lon="-4.46213">
        <ele>14</ele>
        <time>2026-06-23T16:01:37+00:00</time>
      </trkpt>
      <trkpt lat="48.2377" lon="-4.46173">
        <ele>13</ele>
        <time>2026-06-23T16:01:40+00:00</time>
      </trkpt>
      <trkpt lat="48.23765" lon="-4.46167">
        <ele>19</ele>
        <time>2026-06-23T16:01:43+00:00</time>
      </trkpt>
      <trkpt lat="48.23748" lon="-4.46167">
        <ele>15</ele>
        <time>2026-06-23T16:01:46+00:00</time>
      </trkpt>
      <trkpt lat="48.23746" lon="-4.46125">
        <ele>18</ele>
        <time>2026-06-23T16:01:49+00:00</time>
      </trkpt>
      <trkpt lat="48.23743" lon="-4.46089">
        <ele>23</ele>
        <time>2026-06-23T16:01:52+00:00</time>
      </trkpt>
      <trkpt lat="48.23741" lon="-4.46048">
        <ele>27</ele>
        <time>2026-06-23T16:01:55+00:00</time>
      </trkpt>
      <trkpt lat="48.23711" lon="-4.46005">
        <ele>30</ele>
        <time>2026-06-23T16:01:58+00:00</time>
      </trkpt>
      <trkpt lat="48.23691" lon="-4.45982">
        <ele>34</ele>
        <time>2026-06-23T16:02:01+00:00</time>
      </trkpt>
      <trkpt lat="48.23666" lon="-4.45952">
        <ele>44</ele>
        <time>2026-06-23T16:02:04+00:00</time>
      </trkpt>
      <trkpt lat="48.23638" lon="-4.45928">
        <ele>48</ele>
        <time>2026-06-23T16:02:07+00:00</time>
      </trkpt>
      <trkpt lat="48.23633" lon="-4.45886">
        <ele>50</ele>
        <time>2026-06-23T16:02:10+00:00</time>
      </trkpt>
      <trkpt lat="48.23639" lon="-4.4585">
        <ele>52</ele>
        <time>2026-06-23T16:02:13+00:00</time>
      </trkpt>
      <trkpt lat="48.23647" lon="-4.45806">
        <ele>56</ele>
        <time>2026-06-23T16:02:16+00:00</time>
      </trkpt>
      <trkpt lat="48.2365" lon="-4.4577">
        <ele>58</ele>
        <time>2026-06-23T16:02:19+00:00</time>
      </trkpt>
      <trkpt lat="48.23654" lon="-4.45727">
        <ele>58</ele>
        <time>2026-06-23T16:02:22+00:00</time>
      </trkpt>
      <trkpt lat="48.23657" lon="-4.45688">
        <ele>58</ele>
        <time>2026-06-23T16:02:25+00:00</time>
      </trkpt>
      <trkpt lat="48.23661" lon="-4.45636">
        <ele>57</ele>
        <time>2026-06-23T16:02:28+00:00</time>
      </trkpt>
      <trkpt lat="48.23663" lon="-4.45597">
        <ele>57</ele>
        <time>2026-06-23T16:02:31+00:00</time>
      </trkpt>
      <trkpt lat="48.23667" lon="-4.45544">
        <ele>55</ele>
        <time>2026-06-23T16:02:34+00:00</time>
      </trkpt>
      <trkpt lat="48.23675" lon="-4.45482">
        <ele>55</ele>
        <time>2026-06-23T16:02:37+00:00</time>
      </trkpt>
      <trkpt lat="48.23678" lon="-4.45442">
        <ele>55</ele>
        <time>2026-06-23T16:02:40+00:00</time>
      </trkpt>
      <trkpt lat="48.23683" lon="-4.45381">
        <ele>55</ele>
        <time>2026-06-23T16:02:43+00:00</time>
      </trkpt>
      <trkpt lat="48.23681" lon="-4.45346">
        <ele>54</ele>
        <time>2026-06-23T16:02:46+00:00</time>
      </trkpt>
      <trkpt lat="48.23679" lon="-4.45307">
        <ele>54</ele>
        <time>2026-06-23T16:02:49+00:00</time>
      </trkpt>
      <trkpt lat="48.23686" lon="-4.45274">
        <ele>54</ele>
        <time>2026-06-23T16:02:52+00:00</time>
      </trkpt>
      <trkpt lat="48.23693" lon="-4.45242">
        <ele>52</ele>
        <time>2026-06-23T16:02:55+00:00</time>
      </trkpt>
      <trkpt lat="48.23677" lon="-4.45196">
        <ele>52</ele>
        <time>2026-06-23T16:02:58+00:00</time>
      </trkpt>
      <trkpt lat="48.23689" lon="-4.45186">
        <ele>53</ele>
        <time>2026-06-23T16:03:01+00:00</time>
      </trkpt>
      <trkpt lat="48.2369" lon="-4.45179">
        <ele>53</ele>
        <time>2026-06-23T16:03:04+00:00</time>
      </trkpt>
      <trkpt lat="48.23707" lon="-4.45143">
        <ele>56</ele>
        <time>2026-06-23T16:03:07+00:00</time>
      </trkpt>
      <trkpt lat="48.2372" lon="-4.45129">
        <ele>57</ele>
        <time>2026-06-23T16:03:10+00:00</time>
      </trkpt>
      <trkpt lat="48.23735" lon="-4.45116">
        <ele>59</ele>
        <time>2026-06-23T16:03:13+00:00</time>
      </trkpt>
      <trkpt lat="48.23754" lon="-4.45101">
        <ele>61</ele>
        <time>2026-06-23T16:03:16+00:00</time>
      </trkpt>
      <trkpt lat="48.2379" lon="-4.45092">
        <ele>61</ele>
        <time>2026-06-23T16:03:19+00:00</time>
      </trkpt>
      <trkpt lat="48.2379" lon="-4.4508">
        <ele>61</ele>
        <time>2026-06-23T16:03:22+00:00</time>
      </trkpt>
      <trkpt lat="48.23796" lon="-4.45067">
        <ele>60</ele>
        <time>2026-06-23T16:03:25+00:00</time>
      </trkpt>
      <trkpt lat="48.238" lon="-4.45028">
        <ele>60</ele>
        <time>2026-06-23T16:03:28+00:00</time>
      </trkpt>
      <trkpt lat="48.23806" lon="-4.44974">
        <ele>61</ele>
        <time>2026-06-23T16:03:31+00:00</time>
      </trkpt>
      <trkpt lat="48.23805" lon="-4.4496">
        <ele>61</ele>
        <time>2026-06-23T16:03:34+00:00</time>
      </trkpt>
      <trkpt lat="48.23798" lon="-4.44932">
        <ele>61</ele>
        <time>2026-06-23T16:03:37+00:00</time>
      </trkpt>
      <trkpt lat="48.2379" lon="-4.44885">
        <ele>60</ele>
        <time>2026-06-23T16:03:40+00:00</time>
      </trkpt>
      <trkpt lat="48.23792" lon="-4.44827">
        <ele>59</ele>
        <time>2026-06-23T16:03:43+00:00</time>
      </trkpt>
      <trkpt lat="48.23796" lon="-4.44777">
        <ele>58</ele>
        <time>2026-06-23T16:03:46+00:00</time>
      </trkpt>
      <trkpt lat="48.23803" lon="-4.44743">
        <ele>58</ele>
        <time>2026-06-23T16:03:49+00:00</time>
      </trkpt>
      <trkpt lat="48.2381" lon="-4.44705">
        <ele>57</ele>
        <time>2026-06-23T16:03:52+00:00</time>
      </trkpt>
      <trkpt lat="48.23809" lon="-4.44686">
        <ele>57</ele>
        <time>2026-06-23T16:03:55+00:00</time>
      </trkpt>
      <trkpt lat="48.23812" lon="-4.44679">
        <ele>57</ele>
        <time>2026-06-23T16:03:58+00:00</time>
      </trkpt>
      <trkpt lat="48.23815" lon="-4.44634">
        <ele>57</ele>
        <time>2026-06-23T16:04:01+00:00</time>
      </trkpt>
      <trkpt lat="48.23811" lon="-4.4463">
        <ele>57</ele>
        <time>2026-06-23T16:04:04+00:00</time>
      </trkpt>
      <trkpt lat="48.23807" lon="-4.44614">
        <ele>56</ele>
        <time>2026-06-23T16:04:07+00:00</time>
      </trkpt>
      <trkpt lat="48.23809" lon="-4.44601">
        <ele>55</ele>
        <time>2026-06-23T16:04:10+00:00</time>
      </trkpt>
      <trkpt lat="48.23829" lon="-4.44545">
        <ele>55</ele>
        <time>2026-06-23T16:04:13+00:00</time>
      </trkpt>
      <trkpt lat="48.23839" lon="-4.4451">
        <ele>55</ele>
        <time>2026-06-23T16:04:16+00:00</time>
      </trkpt>
      <trkpt lat="48.23845" lon="-4.44462">
        <ele>54</ele>
        <time>2026-06-23T16:04:19+00:00</time>
      </trkpt>
      <trkpt lat="48.23851" lon="-4.44415">
        <ele>50</ele>
        <time>2026-06-23T16:04:22+00:00</time>
      </trkpt>
      <trkpt lat="48.23861" lon="-4.44339">
        <ele>46</ele>
        <time>2026-06-23T16:04:25+00:00</time>
      </trkpt>
      <trkpt lat="48.2387" lon="-4.44286">
        <ele>41</ele>
        <time>2026-06-23T16:04:28+00:00</time>
      </trkpt>
      <trkpt lat="48.23876" lon="-4.44275">
        <ele>40</ele>
        <time>2026-06-23T16:04:31+00:00</time>
      </trkpt>
      <trkpt lat="48.23885" lon="-4.44249">
        <ele>40</ele>
        <time>2026-06-23T16:04:34+00:00</time>
      </trkpt>
      <trkpt lat="48.23885" lon="-4.44208">
        <ele>40</ele>
        <time>2026-06-23T16:04:37+00:00</time>
      </trkpt>
      <trkpt lat="48.23884" lon="-4.44142">
        <ele>42</ele>
        <time>2026-06-23T16:04:40+00:00</time>
      </trkpt>
      <trkpt lat="48.23887" lon="-4.44083">
        <ele>42</ele>
        <time>2026-06-23T16:04:43+00:00</time>
      </trkpt>
      <trkpt lat="48.23894" lon="-4.4403">
        <ele>42</ele>
        <time>2026-06-23T16:04:46+00:00</time>
      </trkpt>
      <trkpt lat="48.23902" lon="-4.43977">
        <ele>41</ele>
        <time>2026-06-23T16:04:49+00:00</time>
      </trkpt>
      <trkpt lat="48.23907" lon="-4.43936">
        <ele>37</ele>
        <time>2026-06-23T16:04:52+00:00</time>
      </trkpt>
      <trkpt lat="48.23916" lon="-4.4387">
        <ele>35</ele>
        <time>2026-06-23T16:04:55+00:00</time>
      </trkpt>
      <trkpt lat="48.23925" lon="-4.43806">
        <ele>34</ele>
        <time>2026-06-23T16:04:58+00:00</time>
      </trkpt>
      <trkpt lat="48.23934" lon="-4.43765">
        <ele>34</ele>
        <time>2026-06-23T16:05:01+00:00</time>
      </trkpt>
      <trkpt lat="48.2395" lon="-4.43689">
        <ele>34</ele>
        <time>2026-06-23T16:05:04+00:00</time>
      </trkpt>
      <trkpt lat="48.23963" lon="-4.43643">
        <ele>34</ele>
        <time>2026-06-23T16:05:07+00:00</time>
      </trkpt>
      <trkpt lat="48.23976" lon="-4.43597">
        <ele>34</ele>
        <time>2026-06-23T16:05:10+00:00</time>
      </trkpt>
      <trkpt lat="48.24" lon="-4.4351">
        <ele>33</ele>
        <time>2026-06-23T16:05:13+00:00</time>
      </trkpt>
      <trkpt lat="48.24009" lon="-4.43471">
        <ele>33</ele>
        <time>2026-06-23T16:05:16+00:00</time>
      </trkpt>
      <trkpt lat="48.24015" lon="-4.43433">
        <ele>32</ele>
        <time>2026-06-23T16:05:19+00:00</time>
      </trkpt>
      <trkpt lat="48.24015" lon="-4.43386">
        <ele>31</ele>
        <time>2026-06-23T16:05:22+00:00</time>
      </trkpt>
      <trkpt lat="48.24016" lon="-4.43339">
        <ele>29</ele>
        <time>2026-06-23T16:05:25+00:00</time>
      </trkpt>
      <trkpt lat="48.24016" lon="-4.43277">
        <ele>28</ele>
        <time>2026-06-23T16:05:28+00:00</time>
      </trkpt>
      <trkpt lat="48.24006" lon="-4.43283">
        <ele>28</ele>
        <time>2026-06-23T16:05:31+00:00</time>
      </trkpt>
      <trkpt lat="48.23987" lon="-4.43284">
        <ele>26</ele>
        <time>2026-06-23T16:05:34+00:00</time>
      </trkpt>
      <trkpt lat="48.23965" lon="-4.43285">
        <ele>24</ele>
        <time>2026-06-23T16:05:37+00:00</time>
      </trkpt>
      <trkpt lat="48.23925" lon="-4.43278">
        <ele>19</ele>
        <time>2026-06-23T16:05:40+00:00</time>
      </trkpt>
      <trkpt lat="48.23896" lon="-4.43266">
        <ele>15</ele>
        <time>2026-06-23T16:05:43+00:00</time>
      </trkpt>
      <trkpt lat="48.23867" lon="-4.43254">
        <ele>12</ele>
        <time>2026-06-23T16:05:46+00:00</time>
      </trkpt>
      <trkpt lat="48.23836" lon="-4.43241">
        <ele>8</ele>
        <time>2026-06-23T16:05:49+00:00</time>
      </trkpt>
      <trkpt lat="48.23803" lon="-4.43222">
        <ele>6</ele>
        <time>2026-06-23T16:05:52+00:00</time>
      </trkpt>
      <trkpt lat="48.23791" lon="-4.4321">
        <ele>4</ele>
        <time>2026-06-23T16:05:55+00:00</time>
      </trkpt>
      <trkpt lat="48.23769" lon="-4.43182">
        <ele>4</ele>
        <time>2026-06-23T16:05:58+00:00</time>
      </trkpt>
      <trkpt lat="48.23746" lon="-4.43154">
        <ele>3</ele>
        <time>2026-06-23T16:06:01+00:00</time>
      </trkpt>
      <trkpt lat="48.23708" lon="-4.43106">
        <ele>3</ele>
        <time>2026-06-23T16:06:04+00:00</time>
      </trkpt>
      <trkpt lat="48.23681" lon="-4.43071">
        <ele>3</ele>
        <time>2026-06-23T16:06:07+00:00</time>
      </trkpt>
      <trkpt lat="48.23654" lon="-4.43037">
        <ele>3</ele>
        <time>2026-06-23T16:06:10+00:00</time>
      </trkpt>
      <trkpt lat="48.23626" lon="-4.43003">
        <ele>3</ele>
        <time>2026-06-23T16:06:13+00:00</time>
      </trkpt>
      <trkpt lat="48.23599" lon="-4.42968">
        <ele>4</ele>
        <time>2026-06-23T16:06:16+00:00</time>
      </trkpt>
      <trkpt lat="48.23548" lon="-4.42905">
        <ele>4</ele>
        <time>2026-06-23T16:06:19+00:00</time>
      </trkpt>
      <trkpt lat="48.23529" lon="-4.42875">
        <ele>4</ele>
        <time>2026-06-23T16:06:22+00:00</time>
      </trkpt>
      <trkpt lat="48.23497" lon="-4.42824">
        <ele>3</ele>
        <time>2026-06-23T16:06:25+00:00</time>
      </trkpt>
      <trkpt lat="48.23463" lon="-4.42855">
        <ele>3</ele>
        <time>2026-06-23T16:06:28+00:00</time>
      </trkpt>
      <trkpt lat="48.23431" lon="-4.42872">
        <ele>4</ele>
        <time>2026-06-23T16:06:31+00:00</time>
      </trkpt>
      <trkpt lat="48.23404" lon="-4.42895">
        <ele>5</ele>
        <time>2026-06-23T16:06:34+00:00</time>
      </trkpt>
      <trkpt lat="48.23378" lon="-4.42917">
        <ele>5</ele>
        <time>2026-06-23T16:06:37+00:00</time>
      </trkpt>
      <trkpt lat="48.23347" lon="-4.42943">
        <ele>4</ele>
        <time>2026-06-23T16:06:40+00:00</time>
      </trkpt>
      <trkpt lat="48.23317" lon="-4.42983">
        <ele>3</ele>
        <time>2026-06-23T16:06:43+00:00</time>
      </trkpt>
      <trkpt lat="48.23307" lon="-4.43004">
        <ele>3</ele>
        <time>2026-06-23T16:06:46+00:00</time>
      </trkpt>
      <trkpt lat="48.23282" lon="-4.43022">
        <ele>3</ele>
        <time>2026-06-23T16:06:49+00:00</time>
      </trkpt>
      <trkpt lat="48.23257" lon="-4.4304">
        <ele>3</ele>
        <time>2026-06-23T16:06:52+00:00</time>
      </trkpt>
      <trkpt lat="48.23217" lon="-4.43069">
        <ele>4</ele>
        <time>2026-06-23T16:06:55+00:00</time>
      </trkpt>
      <trkpt lat="48.23198" lon="-4.43079">
        <ele>4</ele>
        <time>2026-06-23T16:06:58+00:00</time>
      </trkpt>
      <trkpt lat="48.23173" lon="-4.43089">
        <ele>3</ele>
        <time>2026-06-23T16:07:01+00:00</time>
      </trkpt>
      <trkpt lat="48.23141" lon="-4.43102">
        <ele>2</ele>
        <time>2026-06-23T16:07:04+00:00</time>
      </trkpt>
      <trkpt lat="48.23118" lon="-4.43096">
        <ele>2</ele>
        <time>2026-06-23T16:07:07+00:00</time>
      </trkpt>
      <trkpt lat="48.23093" lon="-4.4309">
        <ele>2</ele>
        <time>2026-06-23T16:07:10+00:00</time>
      </trkpt>
      <trkpt lat="48.23084" lon="-4.4309">
        <ele>2</ele>
        <time>2026-06-23T16:07:13+00:00</time>
      </trkpt>
      <trkpt lat="48.23059" lon="-4.43098">
        <ele>10</ele>
        <time>2026-06-23T16:07:16+00:00</time>
      </trkpt>
      <trkpt lat="48.2306" lon="-4.43093">
        <ele>10</ele>
        <time>2026-06-23T16:07:19+00:00</time>
      </trkpt>
      <trkpt lat="48.23055" lon="-4.43088">
        <ele>13</ele>
        <time>2026-06-23T16:07:22+00:00</time>
      </trkpt>
      <trkpt lat="48.23041" lon="-4.43111">
        <ele>11</ele>
        <time>2026-06-23T16:07:25+00:00</time>
      </trkpt>
      <trkpt lat="48.23024" lon="-4.4314">
        <ele>11</ele>
        <time>2026-06-23T16:07:28+00:00</time>
      </trkpt>
      <trkpt lat="48.23017" lon="-4.43156">
        <ele>12</ele>
        <time>2026-06-23T16:07:31+00:00</time>
      </trkpt>
      <trkpt lat="48.23011" lon="-4.43166">
        <ele>10</ele>
        <time>2026-06-23T16:07:34+00:00</time>
      </trkpt>
      <trkpt lat="48.23003" lon="-4.4317">
        <ele>9</ele>
        <time>2026-06-23T16:07:37+00:00</time>
      </trkpt>
      <trkpt lat="48.22998" lon="-4.43177">
        <ele>12</ele>
        <time>2026-06-23T16:07:40+00:00</time>
      </trkpt>
      <trkpt lat="48.22993" lon="-4.43201">
        <ele>10</ele>
        <time>2026-06-23T16:07:43+00:00</time>
      </trkpt>
      <trkpt lat="48.22969" lon="-4.43229">
        <ele>9</ele>
        <time>2026-06-23T16:07:46+00:00</time>
      </trkpt>
      <trkpt lat="48.22962" lon="-4.43234">
        <ele>8</ele>
        <time>2026-06-23T16:07:49+00:00</time>
      </trkpt>
      <trkpt lat="48.22952" lon="-4.43234">
        <ele>9</ele>
        <time>2026-06-23T16:07:52+00:00</time>
      </trkpt>
      <trkpt lat="48.22948" lon="-4.43236">
        <ele>8</ele>
        <time>2026-06-23T16:07:55+00:00</time>
      </trkpt>
      <trkpt lat="48.2292" lon="-4.43262">
        <ele>8</ele>
        <time>2026-06-23T16:07:58+00:00</time>
      </trkpt>
      <trkpt lat="48.22913" lon="-4.43266">
        <ele>8</ele>
        <time>2026-06-23T16:08:01+00:00</time>
      </trkpt>
      <trkpt lat="48.22896" lon="-4.43264">
        <ele>8</ele>
        <time>2026-06-23T16:08:04+00:00</time>
      </trkpt>
      <trkpt lat="48.22882" lon="-4.43275">
        <ele>9</ele>
        <time>2026-06-23T16:08:07+00:00</time>
      </trkpt>
      <trkpt lat="48.22889" lon="-4.43248">
        <ele>10</ele>
        <time>2026-06-23T16:08:10+00:00</time>
      </trkpt>
      <trkpt lat="48.22895" lon="-4.43234">
        <ele>9</ele>
        <time>2026-06-23T16:08:13+00:00</time>
      </trkpt>
      <trkpt lat="48.22903" lon="-4.43193">
        <ele>12</ele>
        <time>2026-06-23T16:08:16+00:00</time>
      </trkpt>
      <trkpt lat="48.2291" lon="-4.43152">
        <ele>14</ele>
        <time>2026-06-23T16:08:19+00:00</time>
      </trkpt>
      <trkpt lat="48.22921" lon="-4.43093">
        <ele>19</ele>
        <time>2026-06-23T16:08:22+00:00</time>
      </trkpt>
      <trkpt lat="48.22927" lon="-4.43076">
        <ele>20</ele>
        <time>2026-06-23T16:08:25+00:00</time>
      </trkpt>
      <trkpt lat="48.2294" lon="-4.43049">
        <ele>20</ele>
        <time>2026-06-23T16:08:28+00:00</time>
      </trkpt>
      <trkpt lat="48.22959" lon="-4.43009">
        <ele>20</ele>
        <time>2026-06-23T16:08:31+00:00</time>
      </trkpt>
      <trkpt lat="48.22986" lon="-4.42959">
        <ele>20</ele>
        <time>2026-06-23T16:08:34+00:00</time>
      </trkpt>
      <trkpt lat="48.22954" lon="-4.42931">
        <ele>20</ele>
        <time>2026-06-23T16:08:37+00:00</time>
      </trkpt>
      <trkpt lat="48.22949" lon="-4.42929">
        <ele>20</ele>
        <time>2026-06-23T16:08:40+00:00</time>
      </trkpt>
      <trkpt lat="48.22924" lon="-4.42903">
        <ele>20</ele>
        <time>2026-06-23T16:08:43+00:00</time>
      </trkpt>
      <trkpt lat="48.22923" lon="-4.42896">
        <ele>21</ele>
        <time>2026-06-23T16:08:46+00:00</time>
      </trkpt>
      <trkpt lat="48.2293" lon="-4.42857">
        <ele>20</ele>
        <time>2026-06-23T16:08:49+00:00</time>
      </trkpt>
      <trkpt lat="48.22943" lon="-4.42788">
        <ele>20</ele>
        <time>2026-06-23T16:08:52+00:00</time>
      </trkpt>
      <trkpt lat="48.22972" lon="-4.42767">
        <ele>21</ele>
        <time>2026-06-23T16:08:55+00:00</time>
      </trkpt>
      <trkpt lat="48.22986" lon="-4.42748">
        <ele>21</ele>
        <time>2026-06-23T16:08:58+00:00</time>
      </trkpt>
      <trkpt lat="48.22992" lon="-4.42736">
        <ele>24</ele>
        <time>2026-06-23T16:09:01+00:00</time>
      </trkpt>
      <trkpt lat="48.23" lon="-4.42732">
        <ele>24</ele>
        <time>2026-06-23T16:09:04+00:00</time>
      </trkpt>
      <trkpt lat="48.23001" lon="-4.42717">
        <ele>25</ele>
        <time>2026-06-23T16:09:07+00:00</time>
      </trkpt>
      <trkpt lat="48.22993" lon="-4.42703">
        <ele>25</ele>
        <time>2026-06-23T16:09:10+00:00</time>
      </trkpt>
      <trkpt lat="48.22998" lon="-4.42652">
        <ele>26</ele>
        <time>2026-06-23T16:09:13+00:00</time>
      </trkpt>
      <trkpt lat="48.23003" lon="-4.42645">
        <ele>29</ele>
        <time>2026-06-23T16:09:16+00:00</time>
      </trkpt>
      <trkpt lat="48.23006" lon="-4.42626">
        <ele>28</ele>
        <time>2026-06-23T16:09:19+00:00</time>
      </trkpt>
      <trkpt lat="48.23009" lon="-4.42571">
        <ele>30</ele>
        <time>2026-06-23T16:09:22+00:00</time>
      </trkpt>
      <trkpt lat="48.23007" lon="-4.42537">
        <ele>33</ele>
        <time>2026-06-23T16:09:25+00:00</time>
      </trkpt>
      <trkpt lat="48.23005" lon="-4.42501">
        <ele>35</ele>
        <time>2026-06-23T16:09:28+00:00</time>
      </trkpt>
      <trkpt lat="48.22987" lon="-4.42462">
        <ele>37</ele>
        <time>2026-06-23T16:09:31+00:00</time>
      </trkpt>
      <trkpt lat="48.22983" lon="-4.42411">
        <ele>37</ele>
        <time>2026-06-23T16:09:34+00:00</time>
      </trkpt>
      <trkpt lat="48.22973" lon="-4.42371">
        <ele>37</ele>
        <time>2026-06-23T16:09:37+00:00</time>
      </trkpt>
      <trkpt lat="48.22971" lon="-4.42337">
        <ele>35</ele>
        <time>2026-06-23T16:09:40+00:00</time>
      </trkpt>
      <trkpt lat="48.22969" lon="-4.42303">
        <ele>33</ele>
        <time>2026-06-23T16:09:43+00:00</time>
      </trkpt>
      <trkpt lat="48.2296" lon="-4.42248">
        <ele>33</ele>
        <time>2026-06-23T16:09:46+00:00</time>
      </trkpt>
      <trkpt lat="48.22951" lon="-4.42194">
        <ele>34</ele>
        <time>2026-06-23T16:09:49+00:00</time>
      </trkpt>
      <trkpt lat="48.22941" lon="-4.42139">
        <ele>34</ele>
        <time>2026-06-23T16:09:52+00:00</time>
      </trkpt>
      <trkpt lat="48.22932" lon="-4.42085">
        <ele>35</ele>
        <time>2026-06-23T16:09:55+00:00</time>
      </trkpt>
      <trkpt lat="48.22922" lon="-4.42031">
        <ele>35</ele>
        <time>2026-06-23T16:09:58+00:00</time>
      </trkpt>
      <trkpt lat="48.22913" lon="-4.41975">
        <ele>36</ele>
        <time>2026-06-23T16:10:01+00:00</time>
      </trkpt>
      <trkpt lat="48.22907" lon="-4.41925">
        <ele>37</ele>
        <time>2026-06-23T16:10:04+00:00</time>
      </trkpt>
      <trkpt lat="48.229" lon="-4.4189">
        <ele>38</ele>
        <time>2026-06-23T16:10:07+00:00</time>
      </trkpt>
      <trkpt lat="48.22892" lon="-4.41849">
        <ele>40</ele>
        <time>2026-06-23T16:10:10+00:00</time>
      </trkpt>
      <trkpt lat="48.22892" lon="-4.41813">
        <ele>42</ele>
        <time>2026-06-23T16:10:13+00:00</time>
      </trkpt>
      <trkpt lat="48.22893" lon="-4.41772">
        <ele>44</ele>
        <time>2026-06-23T16:10:16+00:00</time>
      </trkpt>
      <trkpt lat="48.22866" lon="-4.41774">
        <ele>44</ele>
        <time>2026-06-23T16:10:19+00:00</time>
      </trkpt>
      <trkpt lat="48.22842" lon="-4.41774">
        <ele>43</ele>
        <time>2026-06-23T16:10:22+00:00</time>
      </trkpt>
      <trkpt lat="48.22813" lon="-4.41774">
        <ele>41</ele>
        <time>2026-06-23T16:10:25+00:00</time>
      </trkpt>
      <trkpt lat="48.22779" lon="-4.41785">
        <ele>26</ele>
        <time>2026-06-23T16:10:28+00:00</time>
      </trkpt>
      <trkpt lat="48.2277" lon="-4.41788">
        <ele>18</ele>
        <time>2026-06-23T16:10:31+00:00</time>
      </trkpt>
      <trkpt lat="48.22761" lon="-4.4177">
        <ele>25</ele>
        <time>2026-06-23T16:10:34+00:00</time>
      </trkpt>
      <trkpt lat="48.22756" lon="-4.41751">
        <ele>24</ele>
        <time>2026-06-23T16:10:37+00:00</time>
      </trkpt>
      <trkpt lat="48.22759" lon="-4.41746">
        <ele>25</ele>
        <time>2026-06-23T16:10:40+00:00</time>
      </trkpt>
      <trkpt lat="48.22751" lon="-4.41744">
        <ele>25</ele>
        <time>2026-06-23T16:10:43+00:00</time>
      </trkpt>
      <trkpt lat="48.22747" lon="-4.41733">
        <ele>12</ele>
        <time>2026-06-23T16:10:46+00:00</time>
      </trkpt>
      <trkpt lat="48.22743" lon="-4.41709">
        <ele>24</ele>
        <time>2026-06-23T16:10:49+00:00</time>
      </trkpt>
      <trkpt lat="48.22741" lon="-4.41688">
        <ele>28</ele>
        <time>2026-06-23T16:10:52+00:00</time>
      </trkpt>
      <trkpt lat="48.22735" lon="-4.41688">
        <ele>24</ele>
        <time>2026-06-23T16:10:55+00:00</time>
      </trkpt>
      <trkpt lat="48.22729" lon="-4.41659">
        <ele>25</ele>
        <time>2026-06-23T16:10:58+00:00</time>
      </trkpt>
      <trkpt lat="48.22721" lon="-4.4165">
        <ele>23</ele>
        <time>2026-06-23T16:11:01+00:00</time>
      </trkpt>
      <trkpt lat="48.22714" lon="-4.4162">
        <ele>27</ele>
        <time>2026-06-23T16:11:04+00:00</time>
      </trkpt>
      <trkpt lat="48.22704" lon="-4.4158">
        <ele>29</ele>
        <time>2026-06-23T16:11:07+00:00</time>
      </trkpt>
      <trkpt lat="48.22693" lon="-4.41547">
        <ele>36</ele>
        <time>2026-06-23T16:11:10+00:00</time>
      </trkpt>
      <trkpt lat="48.22694" lon="-4.41532">
        <ele>38</ele>
        <time>2026-06-23T16:11:13+00:00</time>
      </trkpt>
      <trkpt lat="48.2269" lon="-4.415">
        <ele>46</ele>
        <time>2026-06-23T16:11:16+00:00</time>
      </trkpt>
      <trkpt lat="48.22685" lon="-4.41455">
        <ele>45</ele>
        <time>2026-06-23T16:11:19+00:00</time>
      </trkpt>
      <trkpt lat="48.22682" lon="-4.41448">
        <ele>49</ele>
        <time>2026-06-23T16:11:22+00:00</time>
      </trkpt>
      <trkpt lat="48.22666" lon="-4.41422">
        <ele>45</ele>
        <time>2026-06-23T16:11:25+00:00</time>
      </trkpt>
      <trkpt lat="48.22643" lon="-4.41384">
        <ele>44</ele>
        <time>2026-06-23T16:11:28+00:00</time>
      </trkpt>
      <trkpt lat="48.22629" lon="-4.41364">
        <ele>36</ele>
        <time>2026-06-23T16:11:31+00:00</time>
      </trkpt>
      <trkpt lat="48.22624" lon="-4.41351">
        <ele>38</ele>
        <time>2026-06-23T16:11:34+00:00</time>
      </trkpt>
      <trkpt lat="48.22619" lon="-4.41347">
        <ele>34</ele>
        <time>2026-06-23T16:11:37+00:00</time>
      </trkpt>
      <trkpt lat="48.22611" lon="-4.4132">
        <ele>36</ele>
        <time>2026-06-23T16:11:40+00:00</time>
      </trkpt>
      <trkpt lat="48.22599" lon="-4.41282">
        <ele>38</ele>
        <time>2026-06-23T16:11:43+00:00</time>
      </trkpt>
      <trkpt lat="48.22586" lon="-4.4123">
        <ele>40</ele>
        <time>2026-06-23T16:11:46+00:00</time>
      </trkpt>
      <trkpt lat="48.22573" lon="-4.41223">
        <ele>41</ele>
        <time>2026-06-23T16:11:49+00:00</time>
      </trkpt>
      <trkpt lat="48.22558" lon="-4.41225">
        <ele>38</ele>
        <time>2026-06-23T16:11:52+00:00</time>
      </trkpt>
      <trkpt lat="48.22549" lon="-4.4123">
        <ele>41</ele>
        <time>2026-06-23T16:11:55+00:00</time>
      </trkpt>
      <trkpt lat="48.22537" lon="-4.4126">
        <ele>36</ele>
        <time>2026-06-23T16:11:58+00:00</time>
      </trkpt>
      <trkpt lat="48.22518" lon="-4.41304">
        <ele>34</ele>
        <time>2026-06-23T16:12:01+00:00</time>
      </trkpt>
      <trkpt lat="48.22516" lon="-4.41317">
        <ele>30</ele>
        <time>2026-06-23T16:12:04+00:00</time>
      </trkpt>
      <trkpt lat="48.22511" lon="-4.41322">
        <ele>30</ele>
        <time>2026-06-23T16:12:07+00:00</time>
      </trkpt>
      <trkpt lat="48.22502" lon="-4.41326">
        <ele>39</ele>
        <time>2026-06-23T16:12:10+00:00</time>
      </trkpt>
      <trkpt lat="48.22494" lon="-4.41322">
        <ele>34</ele>
        <time>2026-06-23T16:12:13+00:00</time>
      </trkpt>
      <trkpt lat="48.22488" lon="-4.41314">
        <ele>37</ele>
        <time>2026-06-23T16:12:16+00:00</time>
      </trkpt>
      <trkpt lat="48.22466" lon="-4.41296">
        <ele>44</ele>
        <time>2026-06-23T16:12:19+00:00</time>
      </trkpt>
      <trkpt lat="48.22446" lon="-4.41298">
        <ele>54</ele>
        <time>2026-06-23T16:12:22+00:00</time>
      </trkpt>
      <trkpt lat="48.22439" lon="-4.41293">
        <ele>59</ele>
        <time>2026-06-23T16:12:25+00:00</time>
      </trkpt>
      <trkpt lat="48.22431" lon="-4.41275">
        <ele>61</ele>
        <time>2026-06-23T16:12:28+00:00</time>
      </trkpt>
      <trkpt lat="48.22422" lon="-4.41265">
        <ele>66</ele>
        <time>2026-06-23T16:12:31+00:00</time>
      </trkpt>
      <trkpt lat="48.22421" lon="-4.41256">
        <ele>67</ele>
        <time>2026-06-23T16:12:34+00:00</time>
      </trkpt>
      <trkpt lat="48.22425" lon="-4.41249">
        <ele>68</ele>
        <time>2026-06-23T16:12:37+00:00</time>
      </trkpt>
      <trkpt lat="48.22423" lon="-4.41244">
        <ele>68</ele>
        <time>2026-06-23T16:12:40+00:00</time>
      </trkpt>
      <trkpt lat="48.22403" lon="-4.4123">
        <ele>66</ele>
        <time>2026-06-23T16:12:43+00:00</time>
      </trkpt>
      <trkpt lat="48.22399" lon="-4.41216">
        <ele>70</ele>
        <time>2026-06-23T16:12:46+00:00</time>
      </trkpt>
      <trkpt lat="48.22393" lon="-4.41209">
        <ele>70</ele>
        <time>2026-06-23T16:12:49+00:00</time>
      </trkpt>
      <trkpt lat="48.22389" lon="-4.41195">
        <ele>65</ele>
        <time>2026-06-23T16:12:52+00:00</time>
      </trkpt>
      <trkpt lat="48.22387" lon="-4.41192">
        <ele>65</ele>
        <time>2026-06-23T16:12:55+00:00</time>
      </trkpt>
      <trkpt lat="48.22385" lon="-4.41183">
        <ele>64</ele>
        <time>2026-06-23T16:12:58+00:00</time>
      </trkpt>
      <trkpt lat="48.22386" lon="-4.41176">
        <ele>63</ele>
        <time>2026-06-23T16:13:01+00:00</time>
      </trkpt>
      <trkpt lat="48.22379" lon="-4.41136">
        <ele>63</ele>
        <time>2026-06-23T16:13:04+00:00</time>
      </trkpt>
      <trkpt lat="48.2238" lon="-4.41127">
        <ele>60</ele>
        <time>2026-06-23T16:13:07+00:00</time>
      </trkpt>
      <trkpt lat="48.22377" lon="-4.41108">
        <ele>64</ele>
        <time>2026-06-23T16:13:10+00:00</time>
      </trkpt>
      <trkpt lat="48.22376" lon="-4.4108">
        <ele>65</ele>
        <time>2026-06-23T16:13:13+00:00</time>
      </trkpt>
      <trkpt lat="48.2237" lon="-4.41056">
        <ele>67</ele>
        <time>2026-06-23T16:13:16+00:00</time>
      </trkpt>
      <trkpt lat="48.22373" lon="-4.41045">
        <ele>73</ele>
        <time>2026-06-23T16:13:19+00:00</time>
      </trkpt>
      <trkpt lat="48.22378" lon="-4.41038">
        <ele>75</ele>
        <time>2026-06-23T16:13:22+00:00</time>
      </trkpt>
      <trkpt lat="48.22389" lon="-4.41017">
        <ele>74</ele>
        <time>2026-06-23T16:13:25+00:00</time>
      </trkpt>
      <trkpt lat="48.22389" lon="-4.41005">
        <ele>72</ele>
        <time>2026-06-23T16:13:28+00:00</time>
      </trkpt>
      <trkpt lat="48.22392" lon="-4.40993">
        <ele>81</ele>
        <time>2026-06-23T16:13:31+00:00</time>
      </trkpt>
      <trkpt lat="48.22393" lon="-4.40971">
        <ele>82</ele>
        <time>2026-06-23T16:13:34+00:00</time>
      </trkpt>
      <trkpt lat="48.22395" lon="-4.40948">
        <ele>83</ele>
        <time>2026-06-23T16:13:37+00:00</time>
      </trkpt>
      <trkpt lat="48.22394" lon="-4.40911">
        <ele>86</ele>
        <time>2026-06-23T16:13:40+00:00</time>
      </trkpt>
      <trkpt lat="48.2239" lon="-4.40887">
        <ele>80</ele>
        <time>2026-06-23T16:13:43+00:00</time>
      </trkpt>
      <trkpt lat="48.22392" lon="-4.40866">
        <ele>86</ele>
        <time>2026-06-23T16:13:46+00:00</time>
      </trkpt>
      <trkpt lat="48.22389" lon="-4.40848">
        <ele>80</ele>
        <time>2026-06-23T16:13:49+00:00</time>
      </trkpt>
      <trkpt lat="48.22399" lon="-4.40829">
        <ele>83</ele>
        <time>2026-06-23T16:13:52+00:00</time>
      </trkpt>
      <trkpt lat="48.22412" lon="-4.40794">
        <ele>83</ele>
        <time>2026-06-23T16:13:55+00:00</time>
      </trkpt>
      <trkpt lat="48.22415" lon="-4.40765">
        <ele>80</ele>
        <time>2026-06-23T16:13:58+00:00</time>
      </trkpt>
      <trkpt lat="48.22417" lon="-4.40716">
        <ele>80</ele>
        <time>2026-06-23T16:14:01+00:00</time>
      </trkpt>
      <trkpt lat="48.2242" lon="-4.40702">
        <ele>79</ele>
        <time>2026-06-23T16:14:04+00:00</time>
      </trkpt>
      <trkpt lat="48.22414" lon="-4.4066">
        <ele>82</ele>
        <time>2026-06-23T16:14:07+00:00</time>
      </trkpt>
      <trkpt lat="48.22404" lon="-4.40625">
        <ele>83</ele>
        <time>2026-06-23T16:14:10+00:00</time>
      </trkpt>
      <trkpt lat="48.22397" lon="-4.40586">
        <ele>85</ele>
        <time>2026-06-23T16:14:13+00:00</time>
      </trkpt>
      <trkpt lat="48.22387" lon="-4.40529">
        <ele>87</ele>
        <time>2026-06-23T16:14:16+00:00</time>
      </trkpt>
      <trkpt lat="48.22382" lon="-4.40512">
        <ele>88</ele>
        <time>2026-06-23T16:14:19+00:00</time>
      </trkpt>
      <trkpt lat="48.22376" lon="-4.40503">
        <ele>87</ele>
        <time>2026-06-23T16:14:22+00:00</time>
      </trkpt>
      <trkpt lat="48.22359" lon="-4.40453">
        <ele>87</ele>
        <time>2026-06-23T16:14:25+00:00</time>
      </trkpt>
      <trkpt lat="48.2235" lon="-4.40435">
        <ele>87</ele>
        <time>2026-06-23T16:14:28+00:00</time>
      </trkpt>
      <trkpt lat="48.22342" lon="-4.40415">
        <ele>87</ele>
        <time>2026-06-23T16:14:31+00:00</time>
      </trkpt>
      <trkpt lat="48.22335" lon="-4.40395">
        <ele>89</ele>
        <time>2026-06-23T16:14:34+00:00</time>
      </trkpt>
      <trkpt lat="48.2233" lon="-4.4037">
        <ele>88</ele>
        <time>2026-06-23T16:14:37+00:00</time>
      </trkpt>
      <trkpt lat="48.22324" lon="-4.4034">
        <ele>88</ele>
        <time>2026-06-23T16:14:40+00:00</time>
      </trkpt>
      <trkpt lat="48.22318" lon="-4.4032">
        <ele>83</ele>
        <time>2026-06-23T16:14:43+00:00</time>
      </trkpt>
      <trkpt lat="48.22313" lon="-4.40287">
        <ele>88</ele>
        <time>2026-06-23T16:14:46+00:00</time>
      </trkpt>
      <trkpt lat="48.22301" lon="-4.40259">
        <ele>88</ele>
        <time>2026-06-23T16:14:49+00:00</time>
      </trkpt>
      <trkpt lat="48.22276" lon="-4.40228">
        <ele>87</ele>
        <time>2026-06-23T16:14:52+00:00</time>
      </trkpt>
      <trkpt lat="48.22271" lon="-4.40217">
        <ele>89</ele>
        <time>2026-06-23T16:14:55+00:00</time>
      </trkpt>
      <trkpt lat="48.2226" lon="-4.40209">
        <ele>86</ele>
        <time>2026-06-23T16:14:58+00:00</time>
      </trkpt>
      <trkpt lat="48.22253" lon="-4.40193">
        <ele>83</ele>
        <time>2026-06-23T16:15:01+00:00</time>
      </trkpt>
      <trkpt lat="48.22243" lon="-4.40184">
        <ele>86</ele>
        <time>2026-06-23T16:15:04+00:00</time>
      </trkpt>
      <trkpt lat="48.22239" lon="-4.40174">
        <ele>85</ele>
        <time>2026-06-23T16:15:07+00:00</time>
      </trkpt>
      <trkpt lat="48.22227" lon="-4.40158">
        <ele>87</ele>
        <time>2026-06-23T16:15:10+00:00</time>
      </trkpt>
      <trkpt lat="48.22222" lon="-4.40148">
        <ele>88</ele>
        <time>2026-06-23T16:15:13+00:00</time>
      </trkpt>
      <trkpt lat="48.22197" lon="-4.40123">
        <ele>85</ele>
        <time>2026-06-23T16:15:16+00:00</time>
      </trkpt>
      <trkpt lat="48.22182" lon="-4.40111">
        <ele>88</ele>
        <time>2026-06-23T16:15:19+00:00</time>
      </trkpt>
      <trkpt lat="48.2217" lon="-4.40097">
        <ele>84</ele>
        <time>2026-06-23T16:15:22+00:00</time>
      </trkpt>
      <trkpt lat="48.2216" lon="-4.40065">
        <ele>83</ele>
        <time>2026-06-23T16:15:25+00:00</time>
      </trkpt>
      <trkpt lat="48.2215" lon="-4.40029">
        <ele>83</ele>
        <time>2026-06-23T16:15:28+00:00</time>
      </trkpt>
      <trkpt lat="48.22136" lon="-4.39996">
        <ele>79</ele>
        <time>2026-06-23T16:15:31+00:00</time>
      </trkpt>
      <trkpt lat="48.22135" lon="-4.39987">
        <ele>79</ele>
        <time>2026-06-23T16:15:34+00:00</time>
      </trkpt>
      <trkpt lat="48.22129" lon="-4.39968">
        <ele>79</ele>
        <time>2026-06-23T16:15:37+00:00</time>
      </trkpt>
      <trkpt lat="48.22125" lon="-4.39912">
        <ele>79</ele>
        <time>2026-06-23T16:15:40+00:00</time>
      </trkpt>
      <trkpt lat="48.22126" lon="-4.39893">
        <ele>78</ele>
        <time>2026-06-23T16:15:43+00:00</time>
      </trkpt>
      <trkpt lat="48.22134" lon="-4.39879">
        <ele>83</ele>
        <time>2026-06-23T16:15:46+00:00</time>
      </trkpt>
      <trkpt lat="48.22142" lon="-4.39874">
        <ele>85</ele>
        <time>2026-06-23T16:15:49+00:00</time>
      </trkpt>
      <trkpt lat="48.22152" lon="-4.3986">
        <ele>87</ele>
        <time>2026-06-23T16:15:52+00:00</time>
      </trkpt>
      <trkpt lat="48.22175" lon="-4.39839">
        <ele>90</ele>
        <time>2026-06-23T16:15:55+00:00</time>
      </trkpt>
      <trkpt lat="48.22183" lon="-4.39821">
        <ele>92</ele>
        <time>2026-06-23T16:15:58+00:00</time>
      </trkpt>
      <trkpt lat="48.22186" lon="-4.3979">
        <ele>91</ele>
        <time>2026-06-23T16:16:01+00:00</time>
      </trkpt>
      <trkpt lat="48.22184" lon="-4.39757">
        <ele>91</ele>
        <time>2026-06-23T16:16:04+00:00</time>
      </trkpt>
      <trkpt lat="48.22172" lon="-4.39736">
        <ele>89</ele>
        <time>2026-06-23T16:16:07+00:00</time>
      </trkpt>
      <trkpt lat="48.2216" lon="-4.39729">
        <ele>82</ele>
        <time>2026-06-23T16:16:10+00:00</time>
      </trkpt>
      <trkpt lat="48.22159" lon="-4.39689">
        <ele>85</ele>
        <time>2026-06-23T16:16:13+00:00</time>
      </trkpt>
      <trkpt lat="48.22154" lon="-4.39653">
        <ele>81</ele>
        <time>2026-06-23T16:16:16+00:00</time>
      </trkpt>
      <trkpt lat="48.22147" lon="-4.39607">
        <ele>76</ele>
        <time>2026-06-23T16:16:19+00:00</time>
      </trkpt>
      <trkpt lat="48.22139" lon="-4.39576">
        <ele>63</ele>
        <time>2026-06-23T16:16:22+00:00</time>
      </trkpt>
      <trkpt lat="48.22133" lon="-4.39567">
        <ele>63</ele>
        <time>2026-06-23T16:16:25+00:00</time>
      </trkpt>
      <trkpt lat="48.22129" lon="-4.39567">
        <ele>57</ele>
        <time>2026-06-23T16:16:28+00:00</time>
      </trkpt>
      <trkpt lat="48.22117" lon="-4.39527">
        <ele>52</ele>
        <time>2026-06-23T16:16:31+00:00</time>
      </trkpt>
      <trkpt lat="48.221" lon="-4.39529">
        <ele>42</ele>
        <time>2026-06-23T16:16:34+00:00</time>
      </trkpt>
      <trkpt lat="48.22095" lon="-4.39519">
        <ele>43</ele>
        <time>2026-06-23T16:16:37+00:00</time>
      </trkpt>
      <trkpt lat="48.22087" lon="-4.39538">
        <ele>38</ele>
        <time>2026-06-23T16:16:40+00:00</time>
      </trkpt>
      <trkpt lat="48.22079" lon="-4.39526">
        <ele>28</ele>
        <time>2026-06-23T16:16:43+00:00</time>
      </trkpt>
      <trkpt lat="48.22072" lon="-4.39477">
        <ele>28</ele>
        <time>2026-06-23T16:16:46+00:00</time>
      </trkpt>
      <trkpt lat="48.22073" lon="-4.39417">
        <ele>29</ele>
        <time>2026-06-23T16:16:49+00:00</time>
      </trkpt>
      <trkpt lat="48.22073" lon="-4.39379">
        <ele>30</ele>
        <time>2026-06-23T16:16:52+00:00</time>
      </trkpt>
      <trkpt lat="48.22073" lon="-4.3933">
        <ele>32</ele>
        <time>2026-06-23T16:16:55+00:00</time>
      </trkpt>
      <trkpt lat="48.22069" lon="-4.39318">
        <ele>30</ele>
        <time>2026-06-23T16:16:58+00:00</time>
      </trkpt>
      <trkpt lat="48.22072" lon="-4.39288">
        <ele>31</ele>
        <time>2026-06-23T16:17:01+00:00</time>
      </trkpt>
      <trkpt lat="48.22076" lon="-4.39252">
        <ele>31</ele>
        <time>2026-06-23T16:17:04+00:00</time>
      </trkpt>
      <trkpt lat="48.22072" lon="-4.39239">
        <ele>32</ele>
        <time>2026-06-23T16:17:07+00:00</time>
      </trkpt>
      <trkpt lat="48.22063" lon="-4.39216">
        <ele>31</ele>
        <time>2026-06-23T16:17:10+00:00</time>
      </trkpt>
      <trkpt lat="48.22054" lon="-4.39198">
        <ele>35</ele>
        <time>2026-06-23T16:17:13+00:00</time>
      </trkpt>
      <trkpt lat="48.22045" lon="-4.39194">
        <ele>26</ele>
        <time>2026-06-23T16:17:16+00:00</time>
      </trkpt>
      <trkpt lat="48.22014" lon="-4.39168">
        <ele>28</ele>
        <time>2026-06-23T16:17:19+00:00</time>
      </trkpt>
      <trkpt lat="48.22005" lon="-4.39149">
        <ele>31</ele>
        <time>2026-06-23T16:17:22+00:00</time>
      </trkpt>
      <trkpt lat="48.21994" lon="-4.39144">
        <ele>28</ele>
        <time>2026-06-23T16:17:25+00:00</time>
      </trkpt>
      <trkpt lat="48.21991" lon="-4.3914">
        <ele>30</ele>
        <time>2026-06-23T16:17:28+00:00</time>
      </trkpt>
      <trkpt lat="48.21975" lon="-4.39137">
        <ele>25</ele>
        <time>2026-06-23T16:17:31+00:00</time>
      </trkpt>
      <trkpt lat="48.21954" lon="-4.3914">
        <ele>25</ele>
        <time>2026-06-23T16:17:34+00:00</time>
      </trkpt>
      <trkpt lat="48.21926" lon="-4.39128">
        <ele>24</ele>
        <time>2026-06-23T16:17:37+00:00</time>
      </trkpt>
      <trkpt lat="48.21912" lon="-4.39128">
        <ele>26</ele>
        <time>2026-06-23T16:17:40+00:00</time>
      </trkpt>
      <trkpt lat="48.21902" lon="-4.39141">
        <ele>24</ele>
        <time>2026-06-23T16:17:43+00:00</time>
      </trkpt>
      <trkpt lat="48.21896" lon="-4.39147">
        <ele>25</ele>
        <time>2026-06-23T16:17:46+00:00</time>
      </trkpt>
      <trkpt lat="48.21884" lon="-4.39154">
        <ele>24</ele>
        <time>2026-06-23T16:17:49+00:00</time>
      </trkpt>
      <trkpt lat="48.21877" lon="-4.39165">
        <ele>22</ele>
        <time>2026-06-23T16:17:52+00:00</time>
      </trkpt>
      <trkpt lat="48.21867" lon="-4.39175">
        <ele>21</ele>
        <time>2026-06-23T16:17:55+00:00</time>
      </trkpt>
      <trkpt lat="48.21863" lon="-4.39201">
        <ele>18</ele>
        <time>2026-06-23T16:17:58+00:00</time>
      </trkpt>
      <trkpt lat="48.21865" lon="-4.3921">
        <ele>18</ele>
        <time>2026-06-23T16:18:01+00:00</time>
      </trkpt>
      <trkpt lat="48.21861" lon="-4.39217">
        <ele>18</ele>
        <time>2026-06-23T16:18:04+00:00</time>
      </trkpt>
      <trkpt lat="48.21854" lon="-4.39217">
        <ele>17</ele>
        <time>2026-06-23T16:18:07+00:00</time>
      </trkpt>
      <trkpt lat="48.21842" lon="-4.39208">
        <ele>18</ele>
        <time>2026-06-23T16:18:10+00:00</time>
      </trkpt>
      <trkpt lat="48.21835" lon="-4.39191">
        <ele>12</ele>
        <time>2026-06-23T16:18:13+00:00</time>
      </trkpt>
      <trkpt lat="48.21835" lon="-4.39184">
        <ele>15</ele>
        <time>2026-06-23T16:18:16+00:00</time>
      </trkpt>
      <trkpt lat="48.21828" lon="-4.39175">
        <ele>5</ele>
        <time>2026-06-23T16:18:19+00:00</time>
      </trkpt>
      <trkpt lat="48.21827" lon="-4.39161">
        <ele>18</ele>
        <time>2026-06-23T16:18:22+00:00</time>
      </trkpt>
      <trkpt lat="48.21822" lon="-4.39144">
        <ele>21</ele>
        <time>2026-06-23T16:18:25+00:00</time>
      </trkpt>
      <trkpt lat="48.2182" lon="-4.39142">
        <ele>21</ele>
        <time>2026-06-23T16:18:28+00:00</time>
      </trkpt>
      <trkpt lat="48.21814" lon="-4.39147">
        <ele>21</ele>
        <time>2026-06-23T16:18:31+00:00</time>
      </trkpt>
      <trkpt lat="48.21802" lon="-4.3915">
        <ele>20</ele>
        <time>2026-06-23T16:18:34+00:00</time>
      </trkpt>
      <trkpt lat="48.21795" lon="-4.39135">
        <ele>21</ele>
        <time>2026-06-23T16:18:37+00:00</time>
      </trkpt>
      <trkpt lat="48.21783" lon="-4.39128">
        <ele>19</ele>
        <time>2026-06-23T16:18:40+00:00</time>
      </trkpt>
      <trkpt lat="48.21777" lon="-4.39112">
        <ele>14</ele>
        <time>2026-06-23T16:18:43+00:00</time>
      </trkpt>
      <trkpt lat="48.21786" lon="-4.39079">
        <ele>14</ele>
        <time>2026-06-23T16:18:46+00:00</time>
      </trkpt>
      <trkpt lat="48.21793" lon="-4.39067">
        <ele>16</ele>
        <time>2026-06-23T16:18:49+00:00</time>
      </trkpt>
      <trkpt lat="48.21799" lon="-4.39048">
        <ele>14</ele>
        <time>2026-06-23T16:18:52+00:00</time>
      </trkpt>
      <trkpt lat="48.21798" lon="-4.39027">
        <ele>13</ele>
        <time>2026-06-23T16:18:55+00:00</time>
      </trkpt>
      <trkpt lat="48.21803" lon="-4.38997">
        <ele>14</ele>
        <time>2026-06-23T16:18:58+00:00</time>
      </trkpt>
      <trkpt lat="48.21812" lon="-4.38987">
        <ele>15</ele>
        <time>2026-06-23T16:19:01+00:00</time>
      </trkpt>
      <trkpt lat="48.21832" lon="-4.38973">
        <ele>16</ele>
        <time>2026-06-23T16:19:04+00:00</time>
      </trkpt>
      <trkpt lat="48.21846" lon="-4.38954">
        <ele>17</ele>
        <time>2026-06-23T16:19:07+00:00</time>
      </trkpt>
      <trkpt lat="48.21873" lon="-4.38945">
        <ele>20</ele>
        <time>2026-06-23T16:19:10+00:00</time>
      </trkpt>
      <trkpt lat="48.21889" lon="-4.38931">
        <ele>20</ele>
        <time>2026-06-23T16:19:13+00:00</time>
      </trkpt>
      <trkpt lat="48.21904" lon="-4.38914">
        <ele>21</ele>
        <time>2026-06-23T16:19:16+00:00</time>
      </trkpt>
      <trkpt lat="48.21913" lon="-4.38884">
        <ele>21</ele>
        <time>2026-06-23T16:19:19+00:00</time>
      </trkpt>
      <trkpt lat="48.2192" lon="-4.38877">
        <ele>20</ele>
        <time>2026-06-23T16:19:22+00:00</time>
      </trkpt>
      <trkpt lat="48.21937" lon="-4.38837">
        <ele>13</ele>
        <time>2026-06-23T16:19:25+00:00</time>
      </trkpt>
      <trkpt lat="48.21941" lon="-4.38816">
        <ele>21</ele>
        <time>2026-06-23T16:19:28+00:00</time>
      </trkpt>
      <trkpt lat="48.21948" lon="-4.38799">
        <ele>16</ele>
        <time>2026-06-23T16:19:31+00:00</time>
      </trkpt>
      <trkpt lat="48.21956" lon="-4.38753">
        <ele>19</ele>
        <time>2026-06-23T16:19:34+00:00</time>
      </trkpt>
      <trkpt lat="48.21957" lon="-4.38734">
        <ele>10</ele>
        <time>2026-06-23T16:19:37+00:00</time>
      </trkpt>
      <trkpt lat="48.21963" lon="-4.38702">
        <ele>24</ele>
        <time>2026-06-23T16:19:40+00:00</time>
      </trkpt>
      <trkpt lat="48.21971" lon="-4.38654">
        <ele>25</ele>
        <time>2026-06-23T16:19:43+00:00</time>
      </trkpt>
      <trkpt lat="48.21969" lon="-4.38642">
        <ele>13</ele>
        <time>2026-06-23T16:19:46+00:00</time>
      </trkpt>
      <trkpt lat="48.21972" lon="-4.38635">
        <ele>27</ele>
        <time>2026-06-23T16:19:49+00:00</time>
      </trkpt>
      <trkpt lat="48.21971" lon="-4.38626">
        <ele>28</ele>
        <time>2026-06-23T16:19:52+00:00</time>
      </trkpt>
      <trkpt lat="48.21976" lon="-4.38624">
        <ele>28</ele>
        <time>2026-06-23T16:19:55+00:00</time>
      </trkpt>
      <trkpt lat="48.21978" lon="-4.38608">
        <ele>30</ele>
        <time>2026-06-23T16:19:58+00:00</time>
      </trkpt>
      <trkpt lat="48.21979" lon="-4.38583">
        <ele>32</ele>
        <time>2026-06-23T16:20:01+00:00</time>
      </trkpt>
      <trkpt lat="48.2198" lon="-4.38553">
        <ele>34</ele>
        <time>2026-06-23T16:20:04+00:00</time>
      </trkpt>
      <trkpt lat="48.21978" lon="-4.38503">
        <ele>31</ele>
        <time>2026-06-23T16:20:07+00:00</time>
      </trkpt>
      <trkpt lat="48.21967" lon="-4.38509">
        <ele>34</ele>
        <time>2026-06-23T16:20:10+00:00</time>
      </trkpt>
      <trkpt lat="48.21956" lon="-4.38523">
        <ele>29</ele>
        <time>2026-06-23T16:20:13+00:00</time>
      </trkpt>
      <trkpt lat="48.21941" lon="-4.38532">
        <ele>27</ele>
        <time>2026-06-23T16:20:16+00:00</time>
      </trkpt>
      <trkpt lat="48.21937" lon="-4.38504">
        <ele>28</ele>
        <time>2026-06-23T16:20:19+00:00</time>
      </trkpt>
      <trkpt lat="48.2194" lon="-4.38491">
        <ele>25</ele>
        <time>2026-06-23T16:20:22+00:00</time>
      </trkpt>
      <trkpt lat="48.21936" lon="-4.38487">
        <ele>26</ele>
        <time>2026-06-23T16:20:25+00:00</time>
      </trkpt>
      <trkpt lat="48.21931" lon="-4.38464">
        <ele>27</ele>
        <time>2026-06-23T16:20:28+00:00</time>
      </trkpt>
      <trkpt lat="48.21928" lon="-4.38464">
        <ele>21</ele>
        <time>2026-06-23T16:20:31+00:00</time>
      </trkpt>
      <trkpt lat="48.21924" lon="-4.38448">
        <ele>25</ele>
        <time>2026-06-23T16:20:34+00:00</time>
      </trkpt>
      <trkpt lat="48.21925" lon="-4.38438">
        <ele>28</ele>
        <time>2026-06-23T16:20:37+00:00</time>
      </trkpt>
      <trkpt lat="48.21927" lon="-4.38433">
        <ele>24</ele>
        <time>2026-06-23T16:20:40+00:00</time>
      </trkpt>
      <trkpt lat="48.21926" lon="-4.38419">
        <ele>21</ele>
        <time>2026-06-23T16:20:43+00:00</time>
      </trkpt>
      <trkpt lat="48.21924" lon="-4.38415">
        <ele>21</ele>
        <time>2026-06-23T16:20:46+00:00</time>
      </trkpt>
      <trkpt lat="48.21921" lon="-4.38398">
        <ele>29</ele>
        <time>2026-06-23T16:20:49+00:00</time>
      </trkpt>
      <trkpt lat="48.21917" lon="-4.38394">
        <ele>25</ele>
        <time>2026-06-23T16:20:52+00:00</time>
      </trkpt>
      <trkpt lat="48.21914" lon="-4.38375">
        <ele>27</ele>
        <time>2026-06-23T16:20:55+00:00</time>
      </trkpt>
      <trkpt lat="48.21914" lon="-4.38358">
        <ele>29</ele>
        <time>2026-06-23T16:20:58+00:00</time>
      </trkpt>
      <trkpt lat="48.21925" lon="-4.38321">
        <ele>29</ele>
        <time>2026-06-23T16:21:01+00:00</time>
      </trkpt>
      <trkpt lat="48.21925" lon="-4.38307">
        <ele>32</ele>
        <time>2026-06-23T16:21:04+00:00</time>
      </trkpt>
      <trkpt lat="48.21915" lon="-4.38288">
        <ele>29</ele>
        <time>2026-06-23T16:21:07+00:00</time>
      </trkpt>
      <trkpt lat="48.21907" lon="-4.38236">
        <ele>32</ele>
        <time>2026-06-23T16:21:10+00:00</time>
      </trkpt>
      <trkpt lat="48.21906" lon="-4.38201">
        <ele>32</ele>
        <time>2026-06-23T16:21:13+00:00</time>
      </trkpt>
      <trkpt lat="48.21904" lon="-4.38161">
        <ele>32</ele>
        <time>2026-06-23T16:21:16+00:00</time>
      </trkpt>
      <trkpt lat="48.21894" lon="-4.38157">
        <ele>22</ele>
        <time>2026-06-23T16:21:19+00:00</time>
      </trkpt>
      <trkpt lat="48.21894" lon="-4.38131">
        <ele>24</ele>
        <time>2026-06-23T16:21:22+00:00</time>
      </trkpt>
      <trkpt lat="48.21885" lon="-4.38107">
        <ele>20</ele>
        <time>2026-06-23T16:21:25+00:00</time>
      </trkpt>
      <trkpt lat="48.21885" lon="-4.38098">
        <ele>17</ele>
        <time>2026-06-23T16:21:28+00:00</time>
      </trkpt>
      <trkpt lat="48.21887" lon="-4.38091">
        <ele>17</ele>
        <time>2026-06-23T16:21:31+00:00</time>
      </trkpt>
      <trkpt lat="48.21887" lon="-4.38077">
        <ele>17</ele>
        <time>2026-06-23T16:21:34+00:00</time>
      </trkpt>
      <trkpt lat="48.21884" lon="-4.38051">
        <ele>7</ele>
        <time>2026-06-23T16:21:37+00:00</time>
      </trkpt>
      <trkpt lat="48.21885" lon="-4.3803">
        <ele>16</ele>
        <time>2026-06-23T16:21:40+00:00</time>
      </trkpt>
      <trkpt lat="48.21889" lon="-4.37995">
        <ele>19</ele>
        <time>2026-06-23T16:21:43+00:00</time>
      </trkpt>
      <trkpt lat="48.21896" lon="-4.37981">
        <ele>23</ele>
        <time>2026-06-23T16:21:46+00:00</time>
      </trkpt>
      <trkpt lat="48.21897" lon="-4.37971">
        <ele>16</ele>
        <time>2026-06-23T16:21:49+00:00</time>
      </trkpt>
      <trkpt lat="48.21895" lon="-4.37943">
        <ele>20</ele>
        <time>2026-06-23T16:21:52+00:00</time>
      </trkpt>
      <trkpt lat="48.21896" lon="-4.3792">
        <ele>13</ele>
        <time>2026-06-23T16:21:55+00:00</time>
      </trkpt>
      <trkpt lat="48.21902" lon="-4.37892">
        <ele>13</ele>
        <time>2026-06-23T16:21:58+00:00</time>
      </trkpt>
      <trkpt lat="48.219" lon="-4.37861">
        <ele>17</ele>
        <time>2026-06-23T16:22:01+00:00</time>
      </trkpt>
      <trkpt lat="48.21901" lon="-4.37821">
        <ele>14</ele>
        <time>2026-06-23T16:22:04+00:00</time>
      </trkpt>
      <trkpt lat="48.21899" lon="-4.37802">
        <ele>6</ele>
        <time>2026-06-23T16:22:07+00:00</time>
      </trkpt>
      <trkpt lat="48.21895" lon="-4.37784">
        <ele>11</ele>
        <time>2026-06-23T16:22:10+00:00</time>
      </trkpt>
      <trkpt lat="48.2187" lon="-4.37751">
        <ele>10</ele>
        <time>2026-06-23T16:22:13+00:00</time>
      </trkpt>
      <trkpt lat="48.21865" lon="-4.37741">
        <ele>14</ele>
        <time>2026-06-23T16:22:16+00:00</time>
      </trkpt>
      <trkpt lat="48.21857" lon="-4.37734">
        <ele>13</ele>
        <time>2026-06-23T16:22:19+00:00</time>
      </trkpt>
      <trkpt lat="48.21849" lon="-4.37732">
        <ele>9</ele>
        <time>2026-06-23T16:22:22+00:00</time>
      </trkpt>
      <trkpt lat="48.21832" lon="-4.3772">
        <ele>4</ele>
        <time>2026-06-23T16:22:25+00:00</time>
      </trkpt>
      <trkpt lat="48.21798" lon="-4.37683">
        <ele>4</ele>
        <time>2026-06-23T16:22:28+00:00</time>
      </trkpt>
      <trkpt lat="48.21791" lon="-4.37658">
        <ele>6</ele>
        <time>2026-06-23T16:22:31+00:00</time>
      </trkpt>
      <trkpt lat="48.21777" lon="-4.37648">
        <ele>10</ele>
        <time>2026-06-23T16:22:34+00:00</time>
      </trkpt>
      <trkpt lat="48.21763" lon="-4.37631">
        <ele>8</ele>
        <time>2026-06-23T16:22:37+00:00</time>
      </trkpt>
      <trkpt lat="48.21735" lon="-4.37589">
        <ele>8</ele>
        <time>2026-06-23T16:22:40+00:00</time>
      </trkpt>
      <trkpt lat="48.21729" lon="-4.37582">
        <ele>8</ele>
        <time>2026-06-23T16:22:43+00:00</time>
      </trkpt>
      <trkpt lat="48.21721" lon="-4.37554">
        <ele>8</ele>
        <time>2026-06-23T16:22:46+00:00</time>
      </trkpt>
      <trkpt lat="48.21709" lon="-4.37531">
        <ele>6</ele>
        <time>2026-06-23T16:22:49+00:00</time>
      </trkpt>
      <trkpt lat="48.21702" lon="-4.37523">
        <ele>6</ele>
        <time>2026-06-23T16:22:52+00:00</time>
      </trkpt>
      <trkpt lat="48.21694" lon="-4.37518">
        <ele>6</ele>
        <time>2026-06-23T16:22:55+00:00</time>
      </trkpt>
      <trkpt lat="48.21682" lon="-4.3752">
        <ele>5</ele>
        <time>2026-06-23T16:22:58+00:00</time>
      </trkpt>
      <trkpt lat="48.21664" lon="-4.37538">
        <ele>3</ele>
        <time>2026-06-23T16:23:01+00:00</time>
      </trkpt>
      <trkpt lat="48.21633" lon="-4.37496">
        <ele>3</ele>
        <time>2026-06-23T16:23:04+00:00</time>
      </trkpt>
      <trkpt lat="48.21601" lon="-4.3745">
        <ele>3</ele>
        <time>2026-06-23T16:23:07+00:00</time>
      </trkpt>
      <trkpt lat="48.21583" lon="-4.37429">
        <ele>3</ele>
        <time>2026-06-23T16:23:10+00:00</time>
      </trkpt>
      <trkpt lat="48.21564" lon="-4.37406">
        <ele>2</ele>
        <time>2026-06-23T16:23:13+00:00</time>
      </trkpt>
      <trkpt lat="48.21528" lon="-4.37375">
        <ele>2</ele>
        <time>2026-06-23T16:23:16+00:00</time>
      </trkpt>
      <trkpt lat="48.21507" lon="-4.37354">
        <ele>2</ele>
        <time>2026-06-23T16:23:19+00:00</time>
      </trkpt>
      <trkpt lat="48.2148" lon="-4.37328">
        <ele>2</ele>
        <time>2026-06-23T16:23:22+00:00</time>
      </trkpt>
      <trkpt lat="48.21461" lon="-4.37308">
        <ele>3</ele>
        <time>2026-06-23T16:23:25+00:00</time>
      </trkpt>
      <trkpt lat="48.2144" lon="-4.37287">
        <ele>3</ele>
        <time>2026-06-23T16:23:28+00:00</time>
      </trkpt>
      <trkpt lat="48.21418" lon="-4.37265">
        <ele>3</ele>
        <time>2026-06-23T16:23:31+00:00</time>
      </trkpt>
      <trkpt lat="48.21388" lon="-4.37235">
        <ele>3</ele>
        <time>2026-06-23T16:23:34+00:00</time>
      </trkpt>
      <trkpt lat="48.2136" lon="-4.37208">
        <ele>3</ele>
        <time>2026-06-23T16:23:37+00:00</time>
      </trkpt>
      <trkpt lat="48.21331" lon="-4.37182">
        <ele>3</ele>
        <time>2026-06-23T16:23:40+00:00</time>
      </trkpt>
      <trkpt lat="48.21276" lon="-4.3713">
        <ele>3</ele>
        <time>2026-06-23T16:23:43+00:00</time>
      </trkpt>
      <trkpt lat="48.21255" lon="-4.37108">
        <ele>3</ele>
        <time>2026-06-23T16:23:46+00:00</time>
      </trkpt>
      <trkpt lat="48.21228" lon="-4.37078">
        <ele>3</ele>
        <time>2026-06-23T16:23:49+00:00</time>
      </trkpt>
      <trkpt lat="48.21206" lon="-4.37057">
        <ele>3</ele>
        <time>2026-06-23T16:23:52+00:00</time>
      </trkpt>
      <trkpt lat="48.21177" lon="-4.37027">
        <ele>3</ele>
        <time>2026-06-23T16:23:55+00:00</time>
      </trkpt>
      <trkpt lat="48.21157" lon="-4.37008">
        <ele>3</ele>
        <time>2026-06-23T16:23:58+00:00</time>
      </trkpt>
      <trkpt lat="48.21133" lon="-4.36986">
        <ele>3</ele>
        <time>2026-06-23T16:24:01+00:00</time>
      </trkpt>
      <trkpt lat="48.21107" lon="-4.36969">
        <ele>3</ele>
        <time>2026-06-23T16:24:04+00:00</time>
      </trkpt>
      <trkpt lat="48.21064" lon="-4.3694">
        <ele>5</ele>
        <time>2026-06-23T16:24:07+00:00</time>
      </trkpt>
      <trkpt lat="48.21052" lon="-4.36926">
        <ele>4</ele>
        <time>2026-06-23T16:24:10+00:00</time>
      </trkpt>
      <trkpt lat="48.21051" lon="-4.36915">
        <ele>7</ele>
        <time>2026-06-23T16:24:13+00:00</time>
      </trkpt>
      <trkpt lat="48.21023" lon="-4.36901">
        <ele>9</ele>
        <time>2026-06-23T16:24:16+00:00</time>
      </trkpt>
      <trkpt lat="48.21" lon="-4.36889">
        <ele>12</ele>
        <time>2026-06-23T16:24:19+00:00</time>
      </trkpt>
      <trkpt lat="48.20972" lon="-4.36874">
        <ele>14</ele>
        <time>2026-06-23T16:24:22+00:00</time>
      </trkpt>
      <trkpt lat="48.20986" lon="-4.36845">
        <ele>14</ele>
        <time>2026-06-23T16:24:25+00:00</time>
      </trkpt>
      <trkpt lat="48.21003" lon="-4.3681">
        <ele>15</ele>
        <time>2026-06-23T16:24:28+00:00</time>
      </trkpt>
    </trkseg>
  </trk>
</gpx>
