<?xml version='1.0' encoding='UTF-8'?>
<gpx version="1.1" creator="https://www.komoot.de" xmlns="http://www.topografix.com/GPX/1/1" xmlns:xsi="http://www.w3.org/2001/XMLSchema-instance" xsi:schemaLocation="http://www.topografix.com/GPX/1/1 http://www.topografix.com/GPX/1/1/gpx.xsd">
  <metadata>
    <name>Marathon des étoiles de la Baie</name>
    <author>
      <link href="https://www.komoot.de">
        <text>komoot</text>
        <type>text/html</type>
      </link>
    </author>
  </metadata>
  <wpt lat="47.837307" lon="-4.345192">
    <name>Départ réel</name>
    <sym>Flag, Blue</sym>
  </wpt>
  <wpt lat="47.837393" lon="-4.342528">
    <name>Signaleur (avec permis)</name>
    <sym>Flag, Blue</sym>
  </wpt>
  <wpt lat="47.837482" lon="-4.335002">
    <name>Signaleur (avec permis)</name>
    <sym>Flag, Blue</sym>
  </wpt>
  <wpt lat="47.837536" lon="-4.331693">
    <name>Signaleur (avec permis)</name>
    <sym>Flag, Blue</sym>
  </wpt>
  <wpt lat="47.837427" lon="-4.330066">
    <name>Signaleur (avec permis)</name>
    <sym>Flag, Blue</sym>
  </wpt>
  <wpt lat="47.837540" lon="-4.329706">
    <name>Signaleur (avec permis)</name>
    <sym>Flag, Blue</sym>
  </wpt>
  <wpt lat="47.840753" lon="-4.326179">
    <name>Signaleur (avec permis)</name>
    <sym>Flag, Blue</sym>
  </wpt>
  <wpt lat="47.840832" lon="-4.326150">
    <name>Signaleur (avec permis)</name>
    <sym>Flag, Blue</sym>
  </wpt>
  <wpt lat="47.851599" lon="-4.327427">
    <name>Signaleur (avec permis)</name>
    <sym>Flag, Blue</sym>
  </wpt>
  <wpt lat="47.856388" lon="-4.328037">
    <name>Signaleur (avec permis)</name>
    <sym>Flag, Blue</sym>
  </wpt>
  <wpt lat="47.857392" lon="-4.327508">
    <name>Signaleur (avec permis)</name>
    <sym>Flag, Blue</sym>
  </wpt>
  <wpt lat="47.866705" lon="-4.322620">
    <name>Signaleur (avec permis)</name>
    <sym>Flag, Blue</sym>
  </wpt>
  <wpt lat="47.867928" lon="-4.323324">
    <name>Signaleur (avec permis)</name>
    <sym>Flag, Blue</sym>
  </wpt>
  <wpt lat="47.868235" lon="-4.326854">
    <name>Ravitaillement</name>
    <sym>Flag, Blue</sym>
  </wpt>
  <wpt lat="47.866768" lon="-4.329402">
    <name>Signaleur (avec permis)</name>
    <sym>Flag, Blue</sym>
  </wpt>
  <wpt lat="47.878000" lon="-4.338229">
    <name>Signaleur (avec permis)</name>
    <sym>Flag, Blue</sym>
  </wpt>
  <wpt lat="47.883564" lon="-4.339511">
    <name>Signaleur (avec permis)</name>
    <sym>Flag, Blue</sym>
  </wpt>
  <wpt lat="47.886362" lon="-4.337660">
    <name>Signaleur (avec permis)</name>
    <sym>Flag, Blue</sym>
  </wpt>
  <wpt lat="47.886619" lon="-4.337351">
    <name>Signaleur (avec permis)</name>
    <sym>Flag, Blue</sym>
  </wpt>
  <wpt lat="47.890685" lon="-4.333060">
    <name>Signaleur (avec permis)</name>
    <sym>Flag, Blue</sym>
  </wpt>
  <wpt lat="47.888542" lon="-4.328637">
    <name>Signaleur (avec permis)</name>
    <sym>Flag, Blue</sym>
  </wpt>
  <wpt lat="47.891141" lon="-4.323381">
    <name>Ravitaillement</name>
    <sym>Flag, Blue</sym>
  </wpt>
  <wpt lat="47.890642" lon="-4.321457">
    <name>Signaleur (avec permis)</name>
    <sym>Flag, Blue</sym>
  </wpt>
  <wpt lat="47.892204" lon="-4.315099">
    <name>Signaleur (avec permis)</name>
    <sym>Flag, Blue</sym>
  </wpt>
  <wpt lat="47.891792" lon="-4.314944">
    <name>Signaleur (avec permis)</name>
    <sym>Flag, Blue</sym>
  </wpt>
  <wpt lat="47.889782" lon="-4.312013">
    <name>Signaleur (avec permis)</name>
    <sym>Flag, Blue</sym>
  </wpt>
  <wpt lat="47.889516" lon="-4.310398">
    <name>Signaleur (avec permis)</name>
    <sym>Flag, Blue</sym>
  </wpt>
  <wpt lat="47.888773" lon="-4.310089">
    <name>Signaleur (avec permis)</name>
    <sym>Flag, Blue</sym>
  </wpt>
  <wpt lat="47.886377" lon="-4.313711">
    <name>Signaleur (avec permis)</name>
    <sym>Flag, Blue</sym>
  </wpt>
  <wpt lat="47.879407" lon="-4.316544">
    <name>Signaleur (avec permis)</name>
    <sym>Flag, Blue</sym>
  </wpt>
  <wpt lat="47.879356" lon="-4.316645">
    <name>Signaleur (avec permis)</name>
    <sym>Flag, Blue</sym>
  </wpt>
  <wpt lat="47.878655" lon="-4.316314">
    <name>Signaleur (avec permis)</name>
    <sym>Flag, Blue</sym>
  </wpt>
  <wpt lat="47.878275" lon="-4.316823">
    <name>Signaleur (avec permis)</name>
    <sym>Flag, Blue</sym>
  </wpt>
  <wpt lat="47.876446" lon="-4.320034">
    <name>Signaleur (avec permis)</name>
    <sym>Flag, Blue</sym>
  </wpt>
  <wpt lat="47.874644" lon="-4.317637">
    <name>Départ réel</name>
    <sym>Flag, Blue</sym>
  </wpt>
  <wpt lat="47.874634" lon="-4.317094">
    <name>Ravitaillement</name>
    <sym>Flag, Blue</sym>
  </wpt>
  <wpt lat="47.874839" lon="-4.316391">
    <name>Secours</name>
    <sym>Flag, Blue</sym>
  </wpt>
  <wpt lat="47.875611" lon="-4.315035">
    <name>Signaleur (avec permis)</name>
    <sym>Flag, Blue</sym>
  </wpt>
  <wpt lat="47.875772" lon="-4.314615">
    <name>Signaleur (avec permis)</name>
    <sym>Flag, Blue</sym>
  </wpt>
  <wpt lat="47.873483" lon="-4.310058">
    <name>Signaleur (avec permis)</name>
    <sym>Flag, Blue</sym>
  </wpt>
  <wpt lat="47.873351" lon="-4.309498">
    <name>Signaleur (avec permis)</name>
    <sym>Flag, Blue</sym>
  </wpt>
  <wpt lat="47.873685" lon="-4.307600">
    <name>Signaleur (avec permis)</name>
    <sym>Flag, Blue</sym>
  </wpt>
  <wpt lat="47.870434" lon="-4.301456">
    <name>Bouteille d'eau</name>
    <sym>Flag, Blue</sym>
  </wpt>
  <wpt lat="47.870149" lon="-4.297516">
    <name>Signaleur (avec permis)</name>
    <sym>Flag, Blue</sym>
  </wpt>
  <wpt lat="47.868768" lon="-4.290488">
    <name>Signaleur (avec permis)</name>
    <sym>Flag, Blue</sym>
  </wpt>
  <wpt lat="47.868688" lon="-4.290249">
    <name>Signaleur (avec permis)</name>
    <sym>Flag, Blue</sym>
  </wpt>
  <wpt lat="47.867536" lon="-4.288890">
    <name>Signaleur (avec permis)</name>
    <sym>Flag, Blue</sym>
  </wpt>
  <wpt lat="47.865912" lon="-4.285935">
    <name>Signaleur (avec permis)</name>
    <sym>Flag, Blue</sym>
  </wpt>
  <wpt lat="47.865815" lon="-4.285768">
    <name>Signaleur (avec permis)</name>
    <sym>Flag, Blue</sym>
  </wpt>
  <wpt lat="47.865147" lon="-4.281929">
    <name>Signaleur (avec permis)</name>
    <sym>Flag, Blue</sym>
  </wpt>
  <wpt lat="47.861879" lon="-4.282599">
    <name>Signaleur (avec permis)</name>
    <sym>Flag, Blue</sym>
  </wpt>
  <wpt lat="47.861859" lon="-4.283123">
    <name>Signaleur (avec permis)</name>
    <sym>Flag, Blue</sym>
  </wpt>
  <wpt lat="47.861245" lon="-4.289345">
    <name>Bouteille d'eau</name>
    <sym>Flag, Blue</sym>
  </wpt>
  <wpt lat="47.860299" lon="-4.295699">
    <name>Signaleur (avec permis)</name>
    <sym>Flag, Blue</sym>
  </wpt>
  <wpt lat="47.853506" lon="-4.296424">
    <name>Signaleur (avec permis)</name>
    <sym>Flag, Blue</sym>
  </wpt>
  <wpt lat="47.852308" lon="-4.294808">
    <name>Signaleur (avec permis)</name>
    <sym>Flag, Blue</sym>
  </wpt>
  <wpt lat="47.851912" lon="-4.294383">
    <name>Signaleur (avec permis)</name>
    <sym>Flag, Blue</sym>
  </wpt>
  <wpt lat="47.849379" lon="-4.287913">
    <name>Signaleur (avec permis)</name>
    <sym>Flag, Blue</sym>
  </wpt>
  <wpt lat="47.846887" lon="-4.287068">
    <name>Signaleur (avec permis)</name>
    <sym>Flag, Blue</sym>
  </wpt>
  <wpt lat="47.846683" lon="-4.283751">
    <name>Signaleur (avec permis)</name>
    <sym>Flag, Blue</sym>
  </wpt>
  <wpt lat="47.845251" lon="-4.284808">
    <name>Signaleur (avec permis)</name>
    <sym>Flag, Blue</sym>
  </wpt>
  <wpt lat="47.843175" lon="-4.284352">
    <name>Signaleur (avec permis)</name>
    <sym>Flag, Blue</sym>
  </wpt>
  <wpt lat="47.841875" lon="-4.283118">
    <name>Gendarmerie</name>
    <sym>Flag, Blue</sym>
  </wpt>
  <wpt lat="47.841583" lon="-4.283653">
    <name>Gendarmerie</name>
    <sym>Flag, Blue</sym>
  </wpt>
  <wpt lat="47.841363" lon="-4.283321">
    <name>Signaleur (avec permis)</name>
    <sym>Flag, Blue</sym>
  </wpt>
  <wpt lat="47.841570" lon="-4.281958">
    <name>Signaleur (avec permis)</name>
    <sym>Flag, Blue</sym>
  </wpt>
  <wpt lat="47.840722" lon="-4.281718">
    <name>Signaleur (avec permis)</name>
    <sym>Flag, Blue</sym>
  </wpt>
  <wpt lat="47.840543" lon="-4.281556">
    <name>Ravitaillement</name>
    <sym>Flag, Blue</sym>
  </wpt>
  <wpt lat="47.840325" lon="-4.280374">
    <name>Départ réel</name>
    <sym>Flag, Blue</sym>
  </wpt>
  <wpt lat="47.840242" lon="-4.280212">
    <name>Signaleur (avec permis)</name>
    <sym>Flag, Blue</sym>
  </wpt>
  <wpt lat="47.839013" lon="-4.280375">
    <name>Signaleur (avec permis)</name>
    <sym>Flag, Blue</sym>
  </wpt>
  <wpt lat="47.837074" lon="-4.280717">
    <name>Signaleur (avec permis)</name>
    <sym>Flag, Blue</sym>
  </wpt>
  <wpt lat="47.835197" lon="-4.280203">
    <name>Signaleur (avec permis)</name>
    <sym>Flag, Blue</sym>
  </wpt>
  <wpt lat="47.833649" lon="-4.284474">
    <name>Signaleur (avec permis)</name>
    <sym>Flag, Blue</sym>
  </wpt>
  <wpt lat="47.828236" lon="-4.282978">
    <name>Signaleur (avec permis)</name>
    <sym>Flag, Blue</sym>
  </wpt>
  <wpt lat="47.825644" lon="-4.282667">
    <name>Signaleur (avec permis)</name>
    <sym>Flag, Blue</sym>
  </wpt>
  <wpt lat="47.823650" lon="-4.281570">
    <name>Signaleur (avec permis)</name>
    <sym>Flag, Blue</sym>
  </wpt>
  <wpt lat="47.822420" lon="-4.281198">
    <name>Signaleur (avec permis)</name>
    <sym>Flag, Blue</sym>
  </wpt>
  <wpt lat="47.821300" lon="-4.280411">
    <name>Gendarmerie</name>
    <sym>Flag, Blue</sym>
  </wpt>
  <wpt lat="47.821023" lon="-4.279992">
    <name>Signaleur (avec permis)</name>
    <sym>Flag, Blue</sym>
  </wpt>
  <wpt lat="47.817016" lon="-4.282271">
    <name>Signaleur (avec permis)</name>
    <sym>Flag, Blue</sym>
  </wpt>
  <wpt lat="47.816483" lon="-4.283529">
    <name>Signaleur (avec permis)</name>
    <sym>Flag, Blue</sym>
  </wpt>
  <wpt lat="47.815147" lon="-4.284500">
    <name>Signaleur (avec permis)</name>
    <sym>Flag, Blue</sym>
  </wpt>
  <wpt lat="47.815032" lon="-4.284650">
    <name>Signaleur (avec permis)</name>
    <sym>Flag, Blue</sym>
  </wpt>
  <wpt lat="47.813938" lon="-4.283376">
    <name>Signaleur (avec permis)</name>
    <sym>Flag, Blue</sym>
  </wpt>
  <wpt lat="47.812396" lon="-4.281968">
    <name>Signaleur (avec permis)</name>
    <sym>Flag, Blue</sym>
  </wpt>
  <wpt lat="47.811150" lon="-4.281616">
    <name>Signaleur (avec permis)</name>
    <sym>Flag, Blue</sym>
  </wpt>
  <wpt lat="47.809583" lon="-4.281093">
    <name>Signaleur (avec permis)</name>
    <sym>Flag, Blue</sym>
  </wpt>
  <wpt lat="47.809473" lon="-4.281069">
    <name>Signaleur (avec permis)</name>
    <sym>Flag, Blue</sym>
  </wpt>
  <wpt lat="47.808445" lon="-4.279081">
    <name>Signaleur (avec permis)</name>
    <sym>Flag, Blue</sym>
  </wpt>
  <wpt lat="47.807649" lon="-4.278493">
    <name>Signaleur (avec permis)</name>
    <sym>Flag, Blue</sym>
  </wpt>
  <wpt lat="47.806520" lon="-4.277317">
    <name>Signaleur (avec permis)</name>
    <sym>Flag, Blue</sym>
  </wpt>
  <wpt lat="47.804605" lon="-4.276188">
    <name>Signaleur (avec permis)</name>
    <sym>Flag, Blue</sym>
  </wpt>
  <wpt lat="47.805168" lon="-4.274411">
    <name>Signaleur (avec permis)</name>
    <sym>Flag, Blue</sym>
  </wpt>
  <wpt lat="47.805013" lon="-4.274644">
    <name>Signaleur (avec permis)</name>
    <sym>Flag, Blue</sym>
  </wpt>
  <wpt lat="47.801191" lon="-4.273354">
    <name>Signaleur (avec permis)</name>
    <sym>Flag, Blue</sym>
  </wpt>
  <wpt lat="47.801051" lon="-4.273092">
    <name>Signaleur (avec permis)</name>
    <sym>Flag, Blue</sym>
  </wpt>
  <wpt lat="47.800832" lon="-4.272414">
    <name>Signaleur (avec permis)</name>
    <sym>Flag, Blue</sym>
  </wpt>
  <wpt lat="47.799476" lon="-4.271156">
    <name>Signaleur (avec permis)</name>
    <sym>Flag, Blue</sym>
  </wpt>
  <wpt lat="47.797860" lon="-4.271163">
    <name>Signaleur (avec permis)</name>
    <sym>Flag, Blue</sym>
  </wpt>
  <wpt lat="47.797703" lon="-4.271172">
    <name>Signaleur (avec permis)</name>
    <sym>Flag, Blue</sym>
  </wpt>
  <wpt lat="47.796333" lon="-4.273381">
    <name>Signaleur (avec permis)</name>
    <sym>Flag, Blue</sym>
  </wpt>
  <wpt lat="47.796367" lon="-4.273646">
    <name>Signaleur (avec permis)</name>
    <sym>Flag, Blue</sym>
  </wpt>
  <wpt lat="47.796972" lon="-4.275719">
    <name>Signaleur (avec permis)</name>
    <sym>Flag, Blue</sym>
  </wpt>
  <wpt lat="47.796828" lon="-4.275861">
    <name>Signaleur (avec permis)</name>
    <sym>Flag, Blue</sym>
  </wpt>
  <wpt lat="47.794609" lon="-4.280541">
    <name>Ravitaillement</name>
    <sym>Flag, Blue</sym>
  </wpt>
  <wpt lat="47.794206" lon="-4.281159">
    <name>Départ réel</name>
    <sym>Flag, Blue</sym>
  </wpt>
  <wpt lat="47.792893" lon="-4.283518">
    <name>Signaleur (avec permis)</name>
    <sym>Flag, Blue</sym>
  </wpt>
  <wpt lat="47.792643" lon="-4.285401">
    <name>Signaleur (avec permis)</name>
    <sym>Flag, Blue</sym>
  </wpt>
  <wpt lat="47.793145" lon="-4.285876">
    <name>Signaleur (avec permis)</name>
    <sym>Flag, Blue</sym>
  </wpt>
  <wpt lat="47.793508" lon="-4.286536">
    <name>Signaleur (avec permis)</name>
    <sym>Flag, Blue</sym>
  </wpt>
  <wpt lat="47.793430" lon="-4.287239">
    <name>Signaleur (avec permis)</name>
    <sym>Flag, Blue</sym>
  </wpt>
  <wpt lat="47.793230" lon="-4.289970">
    <name>Signaleur (avec permis)</name>
    <sym>Flag, Blue</sym>
  </wpt>
  <wpt lat="47.793003" lon="-4.290980">
    <name>Signaleur (avec permis)</name>
    <sym>Flag, Blue</sym>
  </wpt>
  <wpt lat="47.793411" lon="-4.293140">
    <name>Signaleur (avec permis)</name>
    <sym>Flag, Blue</sym>
  </wpt>
  <wpt lat="47.794292" lon="-4.293210">
    <name>Signaleur (avec permis)</name>
    <sym>Flag, Blue</sym>
  </wpt>
  <wpt lat="47.795670" lon="-4.292937">
    <name>Signaleur (avec permis)</name>
    <sym>Flag, Blue</sym>
  </wpt>
  <wpt lat="47.797089" lon="-4.293504">
    <name>Ravitaillement</name>
    <sym>Flag, Blue</sym>
  </wpt>
  <wpt lat="47.799454" lon="-4.295975">
    <name>Signaleur (avec permis)</name>
    <sym>Flag, Blue</sym>
  </wpt>
  <wpt lat="47.800631" lon="-4.299599">
    <name>Signaleur (avec permis)</name>
    <sym>Flag, Blue</sym>
  </wpt>
  <wpt lat="47.801254" lon="-4.302570">
    <name>Signaleur (avec permis)</name>
    <sym>Flag, Blue</sym>
  </wpt>
  <wpt lat="47.801465" lon="-4.310621">
    <name>Signaleur (avec permis)</name>
    <sym>Flag, Blue</sym>
  </wpt>
  <wpt lat="47.800261" lon="-4.318141">
    <name>Signaleur (avec permis)</name>
    <sym>Flag, Blue</sym>
  </wpt>
  <wpt lat="47.798453" lon="-4.326700">
    <name>Signaleur (avec permis)</name>
    <sym>Flag, Blue</sym>
  </wpt>
  <wpt lat="47.799284" lon="-4.334589">
    <name>Signaleur (avec permis)</name>
    <sym>Flag, Blue</sym>
  </wpt>
  <wpt lat="47.799288" lon="-4.334810">
    <name>Signaleur (avec permis)</name>
    <sym>Flag, Blue</sym>
  </wpt>
  <wpt lat="47.799538" lon="-4.340120">
    <name>Signaleur (avec permis)</name>
    <sym>Flag, Blue</sym>
  </wpt>
  <wpt lat="47.798089" lon="-4.350506">
    <name>Signaleur (avec permis)</name>
    <sym>Flag, Blue</sym>
  </wpt>
  <wpt lat="47.797708" lon="-4.352269">
    <name>Signaleur (avec permis)</name>
    <sym>Flag, Blue</sym>
  </wpt>
  <wpt lat="47.797219" lon="-4.355106">
    <name>Ravitaillement</name>
    <sym>Flag, Blue</sym>
  </wpt>
  <wpt lat="47.796801" lon="-4.359947">
    <name>Signaleur (avec permis)</name>
    <sym>Flag, Blue</sym>
  </wpt>
  <wpt lat="47.796924" lon="-4.360417">
    <name>Signaleur (avec permis)</name>
    <sym>Flag, Blue</sym>
  </wpt>
  <wpt lat="47.797139" lon="-4.361327">
    <name>Signaleur (avec permis)</name>
    <sym>Flag, Blue</sym>
  </wpt>
  <wpt lat="47.797267" lon="-4.362544">
    <name>Signaleur (avec permis)</name>
    <sym>Flag, Blue</sym>
  </wpt>
  <wpt lat="47.797127" lon="-4.362742">
    <name>Signaleur (avec permis)</name>
    <sym>Flag, Blue</sym>
  </wpt>
  <wpt lat="47.796409" lon="-4.363810">
    <name>Signaleur (avec permis)</name>
    <sym>Flag, Blue</sym>
  </wpt>
  <wpt lat="47.797166" lon="-4.369922">
    <name>Signaleur (avec permis)</name>
    <sym>Flag, Blue</sym>
  </wpt>
  <wpt lat="47.797899" lon="-4.374041">
    <name>Signaleur (avec permis)</name>
    <sym>Flag, Blue</sym>
  </wpt>
  <wpt lat="47.798471" lon="-4.373706">
    <name>Signaleur (avec permis)</name>
    <sym>Flag, Blue</sym>
  </wpt>
  <wpt lat="47.805286" lon="-4.373043">
    <name>Bouteille d'eau</name>
    <sym>Flag, Blue</sym>
  </wpt>
  <wpt lat="47.809739" lon="-4.371516">
    <name>Signaleur (avec permis)</name>
    <sym>Flag, Blue</sym>
  </wpt>
  <wpt lat="47.811633" lon="-4.372810">
    <name>Signaleur (avec permis)</name>
    <sym>Flag, Blue</sym>
  </wpt>
  <wpt lat="47.812320" lon="-4.373749">
    <name>Signaleur (avec permis)</name>
    <sym>Flag, Blue</sym>
  </wpt>
  <wpt lat="47.813145" lon="-4.374957">
    <name>Signaleur (avec permis)</name>
    <sym>Flag, Blue</sym>
  </wpt>
  <wpt lat="47.815119" lon="-4.375861">
    <name>Signaleur (avec permis)</name>
    <sym>Flag, Blue</sym>
  </wpt>
  <wpt lat="47.815209" lon="-4.375915">
    <name>Signaleur (avec permis)</name>
    <sym>Flag, Blue</sym>
  </wpt>
  <wpt lat="47.817084" lon="-4.376635">
    <name>Signaleur (avec permis)</name>
    <sym>Flag, Blue</sym>
  </wpt>
  <wpt lat="47.817671" lon="-4.377830">
    <name>Signaleur (avec permis)</name>
    <sym>Flag, Blue</sym>
  </wpt>
  <wpt lat="47.818016" lon="-4.378745">
    <name>Signaleur (avec permis)</name>
    <sym>Flag, Blue</sym>
  </wpt>
  <wpt lat="47.818088" lon="-4.378785">
    <name>Signaleur (avec permis)</name>
    <sym>Flag, Blue</sym>
  </wpt>
  <wpt lat="47.817617" lon="-4.380032">
    <name>Signaleur (avec permis)</name>
    <sym>Flag, Blue</sym>
  </wpt>
  <wpt lat="47.819294" lon="-4.380237">
    <name>Signaleur (avec permis)</name>
    <sym>Flag, Blue</sym>
  </wpt>
  <wpt lat="47.819727" lon="-4.379568">
    <name>Signaleur (avec permis)</name>
    <sym>Flag, Blue</sym>
  </wpt>
  <wpt lat="47.819849" lon="-4.379414">
    <name>Signaleur (avec permis)</name>
    <sym>Flag, Blue</sym>
  </wpt>
  <wpt lat="47.820960" lon="-4.377968">
    <name>Signaleur (avec permis)</name>
    <sym>Flag, Blue</sym>
  </wpt>
  <wpt lat="47.821665" lon="-4.377109">
    <name>Ravitaillement</name>
    <sym>Flag, Blue</sym>
  </wpt>
  <wpt lat="47.821995" lon="-4.376820">
    <name>Signaleur (avec permis)</name>
    <sym>Flag, Blue</sym>
  </wpt>
  <wpt lat="47.824198" lon="-4.373718">
    <name>Signaleur (avec permis)</name>
    <sym>Flag, Blue</sym>
  </wpt>
  <wpt lat="47.824418" lon="-4.370992">
    <name>Signaleur (avec permis)</name>
    <sym>Flag, Blue</sym>
  </wpt>
  <wpt lat="47.824090" lon="-4.370789">
    <name>Signaleur (avec permis)</name>
    <sym>Flag, Blue</sym>
  </wpt>
  <wpt lat="47.824292" lon="-4.370019">
    <name>Signaleur (avec permis)</name>
    <sym>Flag, Blue</sym>
  </wpt>
  <wpt lat="47.825028" lon="-4.367370">
    <name>Signaleur (avec permis)</name>
    <sym>Flag, Blue</sym>
  </wpt>
  <wpt lat="47.825218" lon="-4.367365">
    <name>Signaleur (avec permis)</name>
    <sym>Flag, Blue</sym>
  </wpt>
  <wpt lat="47.827434" lon="-4.363124">
    <name>Signaleur (avec permis)</name>
    <sym>Flag, Blue</sym>
  </wpt>
  <wpt lat="47.827183" lon="-4.363196">
    <name>Signaleur (avec permis)</name>
    <sym>Flag, Blue</sym>
  </wpt>
  <wpt lat="47.826380" lon="-4.362330">
    <name>Signaleur (avec permis)</name>
    <sym>Flag, Blue</sym>
  </wpt>
  <wpt lat="47.826980" lon="-4.360180">
    <name>Signaleur (avec permis)</name>
    <sym>Flag, Blue</sym>
  </wpt>
  <wpt lat="47.827350" lon="-4.358240">
    <name>Signaleur (avec permis)</name>
    <sym>Flag, Blue</sym>
  </wpt>
  <trk>
    <name>Marathon des étoiles de la Baie</name>
    <type>jogging</type>
    <trkseg>
      <trkpt lat="47.837307" lon="-4.345192">
        <ele>6.299757</ele>
        <time>2026-07-03T10:49:08.328Z</time>
      </trkpt>
      <trkpt lat="47.837328" lon="-4.344717">
        <ele>6.299757</ele>
        <time>2026-07-03T10:49:22.014Z</time>
      </trkpt>
      <trkpt lat="47.837333" lon="-4.344624">
        <ele>6.299757</ele>
        <time>2026-07-03T10:49:24.740Z</time>
      </trkpt>
      <trkpt lat="47.837361" lon="-4.343943">
        <ele>6.299757</ele>
        <time>2026-07-03T10:49:44.695Z</time>
      </trkpt>
      <trkpt lat="47.837393" lon="-4.342528">
        <ele>7.868981</ele>
        <time>2026-07-03T10:50:26.632Z</time>
      </trkpt>
      <trkpt lat="47.837393" lon="-4.342390">
        <ele>8.032095</ele>
        <time>2026-07-03T10:50:30.707Z</time>
      </trkpt>
      <trkpt lat="47.837393" lon="-4.342080">
        <ele>8.398512</ele>
        <time>2026-07-03T10:50:39.907Z</time>
      </trkpt>
      <trkpt lat="47.837393" lon="-4.342009">
        <ele>8.482434</ele>
        <time>2026-07-03T10:50:41.986Z</time>
      </trkpt>
      <trkpt lat="47.837393" lon="-4.341812">
        <ele>8.715286</ele>
        <time>2026-07-03T10:50:47.803Z</time>
      </trkpt>
      <trkpt lat="47.837393" lon="-4.341661">
        <ele>8.893767</ele>
        <time>2026-07-03T10:50:52.262Z</time>
      </trkpt>
      <trkpt lat="47.837393" lon="-4.341514">
        <ele>9.067519</ele>
        <time>2026-07-03T10:50:56.571Z</time>
      </trkpt>
      <trkpt lat="47.837403" lon="-4.340173">
        <ele>10.265920</ele>
        <time>2026-07-03T10:51:35.628Z</time>
      </trkpt>
      <trkpt lat="47.837417" lon="-4.339171">
        <ele>11.064124</ele>
        <time>2026-07-03T10:52:04.441Z</time>
      </trkpt>
      <trkpt lat="47.837445" lon="-4.337027">
        <ele>12.622396</ele>
        <time>2026-07-03T10:53:05.541Z</time>
      </trkpt>
      <trkpt lat="47.837482" lon="-4.335002">
        <ele>14.158749</ele>
        <time>2026-07-03T10:54:03.918Z</time>
      </trkpt>
      <trkpt lat="47.837505" lon="-4.333374">
        <ele>15.547513</ele>
        <time>2026-07-03T10:54:51.176Z</time>
      </trkpt>
      <trkpt lat="47.837536" lon="-4.331693">
        <ele>16.649267</ele>
        <time>2026-07-03T10:55:39.575Z</time>
      </trkpt>
      <trkpt lat="47.837498" lon="-4.330787">
        <ele>17.214861</ele>
        <time>2026-07-03T10:56:05.383Z</time>
      </trkpt>
      <trkpt lat="47.837427" lon="-4.330066">
        <ele>17.495395</ele>
        <time>2026-07-03T10:56:25.778Z</time>
      </trkpt>
      <trkpt lat="47.837445" lon="-4.329854">
        <ele>17.536665</ele>
        <time>2026-07-03T10:56:31.744Z</time>
      </trkpt>
      <trkpt lat="47.837498" lon="-4.329843">
        <ele>17.552062</ele>
        <time>2026-07-03T10:56:33.960Z</time>
      </trkpt>
      <trkpt lat="47.837536" lon="-4.329785">
        <ele>17.567714</ele>
        <time>2026-07-03T10:56:36.183Z</time>
      </trkpt>
      <trkpt lat="47.837540" lon="-4.329706">
        <ele>17.583015</ele>
        <time>2026-07-03T10:56:38.413Z</time>
      </trkpt>
      <trkpt lat="47.838115" lon="-4.329120">
        <ele>17.783461</ele>
        <time>2026-07-03T10:57:07.197Z</time>
      </trkpt>
      <trkpt lat="47.839749" lon="-4.327373">
        <ele>18.423494</ele>
        <time>2026-07-03T10:58:30.515Z</time>
      </trkpt>
      <trkpt lat="47.840425" lon="-4.326609">
        <ele>18.978904</ele>
        <time>2026-07-03T10:59:06.073Z</time>
      </trkpt>
      <trkpt lat="47.840688" lon="-4.326251">
        <ele>19.280220</ele>
        <time>2026-07-03T10:59:21.195Z</time>
      </trkpt>
      <trkpt lat="47.840753" lon="-4.326179">
        <ele>19.348728</ele>
        <time>2026-07-03T10:59:24.660Z</time>
      </trkpt>
      <trkpt lat="47.840832" lon="-4.326150">
        <ele>19.417547</ele>
        <time>2026-07-03T10:59:28.114Z</time>
      </trkpt>
      <trkpt lat="47.841651" lon="-4.326384">
        <ele>20.131785</ele>
        <time>2026-07-03T11:00:03.821Z</time>
      </trkpt>
      <trkpt lat="47.843550" lon="-4.326763">
        <ele>21.856733</ele>
        <time>2026-07-03T11:01:25.379Z</time>
      </trkpt>
      <trkpt lat="47.843685" lon="-4.326789">
        <ele>21.927118</ele>
        <time>2026-07-03T11:01:31.142Z</time>
      </trkpt>
      <trkpt lat="47.845918" lon="-4.327253">
        <ele>22.806035</ele>
        <time>2026-07-03T11:03:05.045Z</time>
      </trkpt>
      <trkpt lat="47.846631" lon="-4.327440">
        <ele>22.920049</ele>
        <time>2026-07-03T11:03:34.775Z</time>
      </trkpt>
      <trkpt lat="47.847709" lon="-4.327527">
        <ele>22.654463</ele>
        <time>2026-07-03T11:04:19.004Z</time>
      </trkpt>
      <trkpt lat="47.848250" lon="-4.327502">
        <ele>22.445969</ele>
        <time>2026-07-03T11:04:41.024Z</time>
      </trkpt>
      <trkpt lat="47.849201" lon="-4.327382">
        <ele>21.694978</ele>
        <time>2026-07-03T11:05:19.425Z</time>
      </trkpt>
      <trkpt lat="47.850021" lon="-4.327329">
        <ele>20.749149</ele>
        <time>2026-07-03T11:05:52.020Z</time>
      </trkpt>
      <trkpt lat="47.851599" lon="-4.327427">
        <ele>19.013276</ele>
        <time>2026-07-03T11:06:54.925Z</time>
      </trkpt>
      <trkpt lat="47.852199" lon="-4.327474">
        <ele>18.366809</ele>
        <time>2026-07-03T11:07:19.104Z</time>
      </trkpt>
      <trkpt lat="47.852405" lon="-4.327494">
        <ele>18.193863</ele>
        <time>2026-07-03T11:07:27.439Z</time>
      </trkpt>
      <trkpt lat="47.853872" lon="-4.327623">
        <ele>17.270674</ele>
        <time>2026-07-03T11:08:26.665Z</time>
      </trkpt>
      <trkpt lat="47.854226" lon="-4.327642">
        <ele>17.308580</ele>
        <time>2026-07-03T11:08:41.072Z</time>
      </trkpt>
      <trkpt lat="47.854417" lon="-4.327685">
        <ele>17.559996</ele>
        <time>2026-07-03T11:08:49.007Z</time>
      </trkpt>
      <trkpt lat="47.855086" lon="-4.327847">
        <ele>18.442149</ele>
        <time>2026-07-03T11:09:17.692Z</time>
      </trkpt>
      <trkpt lat="47.855781" lon="-4.327873">
        <ele>19.347008</ele>
        <time>2026-07-03T11:09:48.816Z</time>
      </trkpt>
      <trkpt lat="47.856388" lon="-4.328037">
        <ele>20.724324</ele>
        <time>2026-07-03T11:10:17.346Z</time>
      </trkpt>
      <trkpt lat="47.856794" lon="-4.328069">
        <ele>21.703135</ele>
        <time>2026-07-03T11:10:36.196Z</time>
      </trkpt>
      <trkpt lat="47.856951" lon="-4.328021">
        <ele>22.088984</ele>
        <time>2026-07-03T11:10:43.534Z</time>
      </trkpt>
      <trkpt lat="47.857084" lon="-4.327878">
        <ele>22.483811</ele>
        <time>2026-07-03T11:10:50.979Z</time>
      </trkpt>
      <trkpt lat="47.857218" lon="-4.327642">
        <ele>22.983222</ele>
        <time>2026-07-03T11:11:00.283Z</time>
      </trkpt>
      <trkpt lat="47.857392" lon="-4.327508">
        <ele>23.454748</ele>
        <time>2026-07-03T11:11:08.938Z</time>
      </trkpt>
      <trkpt lat="47.857714" lon="-4.327329">
        <ele>23.793484</ele>
        <time>2026-07-03T11:11:23.776Z</time>
      </trkpt>
      <trkpt lat="47.858443" lon="-4.327036">
        <ele>23.752821</ele>
        <time>2026-07-03T11:11:55.029Z</time>
      </trkpt>
      <trkpt lat="47.858570" lon="-4.326985">
        <ele>23.745737</ele>
        <time>2026-07-03T11:12:00.397Z</time>
      </trkpt>
      <trkpt lat="47.859811" lon="-4.326521">
        <ele>22.894806</ele>
        <time>2026-07-03T11:12:51.626Z</time>
      </trkpt>
      <trkpt lat="47.860564" lon="-4.326104">
        <ele>21.741479</ele>
        <time>2026-07-03T11:13:23.422Z</time>
      </trkpt>
      <trkpt lat="47.861622" lon="-4.325565">
        <ele>20.033771</ele>
        <time>2026-07-03T11:14:07.378Z</time>
      </trkpt>
      <trkpt lat="47.862746" lon="-4.324946">
        <ele>18.194568</ele>
        <time>2026-07-03T11:14:54.718Z</time>
      </trkpt>
      <trkpt lat="47.863174" lon="-4.324753">
        <ele>17.786890</ele>
        <time>2026-07-03T11:15:12.562Z</time>
      </trkpt>
      <trkpt lat="47.863861" lon="-4.324484">
        <ele>17.139294</ele>
        <time>2026-07-03T11:15:41.078Z</time>
      </trkpt>
      <trkpt lat="47.864421" lon="-4.324146">
        <ele>16.613178</ele>
        <time>2026-07-03T11:16:05.550Z</time>
      </trkpt>
      <trkpt lat="47.864885" lon="-4.323759">
        <ele>16.384633</ele>
        <time>2026-07-03T11:16:27.333Z</time>
      </trkpt>
      <trkpt lat="47.865243" lon="-4.323288">
        <ele>16.179384</ele>
        <time>2026-07-03T11:16:46.919Z</time>
      </trkpt>
      <trkpt lat="47.865505" lon="-4.323022">
        <ele>16.043125</ele>
        <time>2026-07-03T11:16:59.906Z</time>
      </trkpt>
      <trkpt lat="47.865563" lon="-4.322963">
        <ele>16.012943</ele>
        <time>2026-07-03T11:17:02.761Z</time>
      </trkpt>
      <trkpt lat="47.865745" lon="-4.322861">
        <ele>15.929365</ele>
        <time>2026-07-03T11:17:10.620Z</time>
      </trkpt>
      <trkpt lat="47.866159" lon="-4.322729">
        <ele>15.413578</ele>
        <time>2026-07-03T11:17:27.462Z</time>
      </trkpt>
      <trkpt lat="47.866401" lon="-4.322647">
        <ele>14.996477</ele>
        <time>2026-07-03T11:17:37.234Z</time>
      </trkpt>
      <trkpt lat="47.866705" lon="-4.322620">
        <ele>14.484643</ele>
        <time>2026-07-03T11:17:49.151Z</time>
      </trkpt>
      <trkpt lat="47.866911" lon="-4.322719">
        <ele>14.120873</ele>
        <time>2026-07-03T11:17:57.641Z</time>
      </trkpt>
      <trkpt lat="47.867401" lon="-4.323226">
        <ele>13.118387</ele>
        <time>2026-07-03T11:18:20.949Z</time>
      </trkpt>
      <trkpt lat="47.867516" lon="-4.323279">
        <ele>12.916082</ele>
        <time>2026-07-03T11:18:25.670Z</time>
      </trkpt>
      <trkpt lat="47.867632" lon="-4.323289">
        <ele>12.755084</ele>
        <time>2026-07-03T11:18:30.207Z</time>
      </trkpt>
      <trkpt lat="47.867835" lon="-4.323230">
        <ele>12.508183</ele>
        <time>2026-07-03T11:18:38.374Z</time>
      </trkpt>
      <trkpt lat="47.867924" lon="-4.323176">
        <ele>12.393473</ele>
        <time>2026-07-03T11:18:42.192Z</time>
      </trkpt>
      <trkpt lat="47.867928" lon="-4.323324">
        <ele>12.274853</ele>
        <time>2026-07-03T11:18:46.149Z</time>
      </trkpt>
      <trkpt lat="47.867812" lon="-4.323692">
        <ele>11.949232</ele>
        <time>2026-07-03T11:18:57.035Z</time>
      </trkpt>
      <trkpt lat="47.867750" lon="-4.323992">
        <ele>11.697838</ele>
        <time>2026-07-03T11:19:05.476Z</time>
      </trkpt>
      <trkpt lat="47.867727" lon="-4.324467">
        <ele>11.316450</ele>
        <time>2026-07-03T11:19:18.317Z</time>
      </trkpt>
      <trkpt lat="47.867726" lon="-4.324598">
        <ele>11.211533</ele>
        <time>2026-07-03T11:19:21.825Z</time>
      </trkpt>
      <trkpt lat="47.867793" lon="-4.324776">
        <ele>11.048078</ele>
        <time>2026-07-03T11:19:27.327Z</time>
      </trkpt>
      <trkpt lat="47.867798" lon="-4.324970">
        <ele>10.892601</ele>
        <time>2026-07-03T11:19:32.544Z</time>
      </trkpt>
      <trkpt lat="47.867721" lon="-4.325335">
        <ele>10.609127</ele>
        <time>2026-07-03T11:19:42.873Z</time>
      </trkpt>
      <trkpt lat="47.867742" lon="-4.325508">
        <ele>10.498872</ele>
        <time>2026-07-03T11:19:47.608Z</time>
      </trkpt>
      <trkpt lat="47.867824" lon="-4.325761">
        <ele>10.322660</ele>
        <time>2026-07-03T11:19:55.164Z</time>
      </trkpt>
      <trkpt lat="47.868174" lon="-4.326498">
        <ele>9.756374</ele>
        <time>2026-07-03T11:20:19.377Z</time>
      </trkpt>
      <trkpt lat="47.868235" lon="-4.326854">
        <ele>9.525949</ele>
        <time>2026-07-03T11:20:29.280Z</time>
      </trkpt>
      <trkpt lat="47.868216" lon="-4.327102">
        <ele>9.369411</ele>
        <time>2026-07-03T11:20:36.001Z</time>
      </trkpt>
      <trkpt lat="47.868154" lon="-4.327320">
        <ele>9.220919</ele>
        <time>2026-07-03T11:20:42.397Z</time>
      </trkpt>
      <trkpt lat="47.868146" lon="-4.327347">
        <ele>9.202408</ele>
        <time>2026-07-03T11:20:43.192Z</time>
      </trkpt>
      <trkpt lat="47.867821" lon="-4.328168">
        <ele>8.780799</ele>
        <time>2026-07-03T11:21:08.911Z</time>
      </trkpt>
      <trkpt lat="47.867746" lon="-4.328303">
        <ele>8.718592</ele>
        <time>2026-07-03T11:21:13.660Z</time>
      </trkpt>
      <trkpt lat="47.867378" lon="-4.328763">
        <ele>8.464522</ele>
        <time>2026-07-03T11:21:33.108Z</time>
      </trkpt>
      <trkpt lat="47.866768" lon="-4.329402">
        <ele>8.070102</ele>
        <time>2026-07-03T11:22:03.446Z</time>
      </trkpt>
      <trkpt lat="47.867178" lon="-4.330511">
        <ele>8.091487</ele>
        <time>2026-07-03T11:22:38.187Z</time>
      </trkpt>
      <trkpt lat="47.867179" lon="-4.330516">
        <ele>8.091624</ele>
        <time>2026-07-03T11:22:38.324Z</time>
      </trkpt>
      <trkpt lat="47.867374" lon="-4.331473">
        <ele>8.117937</ele>
        <time>2026-07-03T11:23:06.037Z</time>
      </trkpt>
      <trkpt lat="47.867366" lon="-4.331742">
        <ele>8.125020</ele>
        <time>2026-07-03T11:23:13.571Z</time>
      </trkpt>
      <trkpt lat="47.867137" lon="-4.333175">
        <ele>8.309379</ele>
        <time>2026-07-03T11:23:54.817Z</time>
      </trkpt>
      <trkpt lat="47.866702" lon="-4.335968">
        <ele>8.099424</ele>
        <time>2026-07-03T11:25:13.811Z</time>
      </trkpt>
      <trkpt lat="47.866702" lon="-4.336132">
        <ele>8.055266</ele>
        <time>2026-07-03T11:25:18.242Z</time>
      </trkpt>
      <trkpt lat="47.866751" lon="-4.336432">
        <ele>7.972130</ele>
        <time>2026-07-03T11:25:26.599Z</time>
      </trkpt>
      <trkpt lat="47.866853" lon="-4.336687">
        <ele>7.892192</ele>
        <time>2026-07-03T11:25:34.607Z</time>
      </trkpt>
      <trkpt lat="47.867013" lon="-4.336915">
        <ele>7.803352</ele>
        <time>2026-07-03T11:25:43.498Z</time>
      </trkpt>
      <trkpt lat="47.867014" lon="-4.336917">
        <ele>7.802681</ele>
        <time>2026-07-03T11:25:43.562Z</time>
      </trkpt>
      <trkpt lat="47.867055" lon="-4.337046">
        <ele>7.744494</ele>
        <time>2026-07-03T11:25:47.401Z</time>
      </trkpt>
      <trkpt lat="47.867055" lon="-4.337167">
        <ele>7.665467</ele>
        <time>2026-07-03T11:25:50.644Z</time>
      </trkpt>
      <trkpt lat="47.866992" lon="-4.337411">
        <ele>7.494710</ele>
        <time>2026-07-03T11:25:57.659Z</time>
      </trkpt>
      <trkpt lat="47.866724" lon="-4.337993">
        <ele>7.033661</ele>
        <time>2026-07-03T11:26:16.545Z</time>
      </trkpt>
      <trkpt lat="47.866709" lon="-4.338162">
        <ele>6.922321</ele>
        <time>2026-07-03T11:26:21.120Z</time>
      </trkpt>
      <trkpt lat="47.866738" lon="-4.338267">
        <ele>6.848158</ele>
        <time>2026-07-03T11:26:24.154Z</time>
      </trkpt>
      <trkpt lat="47.867246" lon="-4.339090">
        <ele>6.117729</ele>
        <time>2026-07-03T11:26:54.233Z</time>
      </trkpt>
      <trkpt lat="47.867314" lon="-4.339240">
        <ele>6.020521</ele>
        <time>2026-07-03T11:26:59.133Z</time>
      </trkpt>
      <trkpt lat="47.867379" lon="-4.339469">
        <ele>5.982261</ele>
        <time>2026-07-03T11:27:05.847Z</time>
      </trkpt>
      <trkpt lat="47.867496" lon="-4.340021">
        <ele>5.893188</ele>
        <time>2026-07-03T11:27:21.555Z</time>
      </trkpt>
      <trkpt lat="47.867575" lon="-4.340281">
        <ele>5.849270</ele>
        <time>2026-07-03T11:27:29.346Z</time>
      </trkpt>
      <trkpt lat="47.867611" lon="-4.340373">
        <ele>5.832882</ele>
        <time>2026-07-03T11:27:32.258Z</time>
      </trkpt>
      <trkpt lat="47.867893" lon="-4.341070">
        <ele>5.707643</ele>
        <time>2026-07-03T11:27:54.584Z</time>
      </trkpt>
      <trkpt lat="47.867975" lon="-4.341204">
        <ele>5.679735</ele>
        <time>2026-07-03T11:27:59.595Z</time>
      </trkpt>
      <trkpt lat="47.868046" lon="-4.341200">
        <ele>5.663439</ele>
        <time>2026-07-03T11:28:02.506Z</time>
      </trkpt>
      <trkpt lat="47.868092" lon="-4.341140">
        <ele>5.649419</ele>
        <time>2026-07-03T11:28:04.989Z</time>
      </trkpt>
      <trkpt lat="47.868142" lon="-4.340859">
        <ele>5.671630</ele>
        <time>2026-07-03T11:28:13.104Z</time>
      </trkpt>
      <trkpt lat="47.868208" lon="-4.340151">
        <ele>6.314955</ele>
        <time>2026-07-03T11:28:33.413Z</time>
      </trkpt>
      <trkpt lat="47.868278" lon="-4.339897">
        <ele>6.562094</ele>
        <time>2026-07-03T11:28:41.358Z</time>
      </trkpt>
      <trkpt lat="47.868393" lon="-4.339692">
        <ele>6.802602</ele>
        <time>2026-07-03T11:28:49.163Z</time>
      </trkpt>
      <trkpt lat="47.869313" lon="-4.338608">
        <ele>8.356465</ele>
        <time>2026-07-03T11:29:40.862Z</time>
      </trkpt>
      <trkpt lat="47.869454" lon="-4.338443">
        <ele>8.583548</ele>
        <time>2026-07-03T11:29:48.756Z</time>
      </trkpt>
      <trkpt lat="47.869738" lon="-4.338205">
        <ele>8.996275</ele>
        <time>2026-07-03T11:30:02.883Z</time>
      </trkpt>
      <trkpt lat="47.869916" lon="-4.338083">
        <ele>9.244459</ele>
        <time>2026-07-03T11:30:11.305Z</time>
      </trkpt>
      <trkpt lat="47.870086" lon="-4.338051">
        <ele>9.461527</ele>
        <time>2026-07-03T11:30:18.651Z</time>
      </trkpt>
      <trkpt lat="47.870490" lon="-4.338071">
        <ele>9.973601</ele>
        <time>2026-07-03T11:30:35.745Z</time>
      </trkpt>
      <trkpt lat="47.872386" lon="-4.338199">
        <ele>11.807024</ele>
        <time>2026-07-03T11:31:56.069Z</time>
      </trkpt>
      <trkpt lat="47.872423" lon="-4.338201">
        <ele>11.841003</ele>
        <time>2026-07-03T11:31:57.654Z</time>
      </trkpt>
      <trkpt lat="47.872460" lon="-4.338202">
        <ele>11.874965</ele>
        <time>2026-07-03T11:31:59.223Z</time>
      </trkpt>
      <trkpt lat="47.872751" lon="-4.338172">
        <ele>12.279860</ele>
        <time>2026-07-03T11:32:11.783Z</time>
      </trkpt>
      <trkpt lat="47.875129" lon="-4.337672">
        <ele>16.362200</ele>
        <time>2026-07-03T11:33:57.017Z</time>
      </trkpt>
      <trkpt lat="47.875626" lon="-4.337743">
        <ele>17.314678</ele>
        <time>2026-07-03T11:34:19.269Z</time>
      </trkpt>
      <trkpt lat="47.878000" lon="-4.338229">
        <ele>21.907455</ele>
        <time>2026-07-03T11:36:06.066Z</time>
      </trkpt>
      <trkpt lat="47.878070" lon="-4.338238">
        <ele>21.942143</ele>
        <time>2026-07-03T11:36:09.104Z</time>
      </trkpt>
      <trkpt lat="47.878868" lon="-4.338377">
        <ele>22.338797</ele>
        <time>2026-07-03T11:36:43.043Z</time>
      </trkpt>
      <trkpt lat="47.881101" lon="-4.338929">
        <ele>22.296164</ele>
        <time>2026-07-03T11:38:15.232Z</time>
      </trkpt>
      <trkpt lat="47.881110" lon="-4.338932">
        <ele>22.293299</ele>
        <time>2026-07-03T11:38:15.586Z</time>
      </trkpt>
      <trkpt lat="47.882337" lon="-4.339139">
        <ele>22.160089</ele>
        <time>2026-07-03T11:39:05.906Z</time>
      </trkpt>
      <trkpt lat="47.882969" lon="-4.339337">
        <ele>22.141644</ele>
        <time>2026-07-03T11:39:32.472Z</time>
      </trkpt>
      <trkpt lat="47.883032" lon="-4.339355">
        <ele>22.139811</ele>
        <time>2026-07-03T11:39:35.125Z</time>
      </trkpt>
      <trkpt lat="47.883564" lon="-4.339511">
        <ele>22.318073</ele>
        <time>2026-07-03T11:39:57.911Z</time>
      </trkpt>
      <trkpt lat="47.883777" lon="-4.339484">
        <ele>22.433371</ele>
        <time>2026-07-03T11:40:06.915Z</time>
      </trkpt>
      <trkpt lat="47.884824" lon="-4.339127">
        <ele>23.012653</ele>
        <time>2026-07-03T11:40:52.160Z</time>
      </trkpt>
      <trkpt lat="47.884959" lon="-4.338950">
        <ele>23.101816</ele>
        <time>2026-07-03T11:40:59.680Z</time>
      </trkpt>
      <trkpt lat="47.885293" lon="-4.338129">
        <ele>22.950607</ele>
        <time>2026-07-03T11:41:26.067Z</time>
      </trkpt>
      <trkpt lat="47.885405" lon="-4.337909">
        <ele>22.907113</ele>
        <time>2026-07-03T11:41:33.555Z</time>
      </trkpt>
      <trkpt lat="47.885471" lon="-4.337837">
        <ele>22.887911</ele>
        <time>2026-07-03T11:41:36.902Z</time>
      </trkpt>
      <trkpt lat="47.885755" lon="-4.337738">
        <ele>22.819427</ele>
        <time>2026-07-03T11:41:48.792Z</time>
      </trkpt>
      <trkpt lat="47.886362" lon="-4.337660">
        <ele>22.666650</ele>
        <time>2026-07-03T11:42:13.500Z</time>
      </trkpt>
      <trkpt lat="47.886505" lon="-4.337536">
        <ele>22.558816</ele>
        <time>2026-07-03T11:42:20.221Z</time>
      </trkpt>
      <trkpt lat="47.886619" lon="-4.337351">
        <ele>22.448984</ele>
        <time>2026-07-03T11:42:27.016Z</time>
      </trkpt>
      <trkpt lat="47.887117" lon="-4.336434">
        <ele>21.933152</ele>
        <time>2026-07-03T11:42:59.001Z</time>
      </trkpt>
      <trkpt lat="47.887597" lon="-4.335865">
        <ele>21.533430</ele>
        <time>2026-07-03T11:43:23.550Z</time>
      </trkpt>
      <trkpt lat="47.887833" lon="-4.335629">
        <ele>21.748543</ele>
        <time>2026-07-03T11:43:35.045Z</time>
      </trkpt>
      <trkpt lat="47.887899" lon="-4.335597">
        <ele>21.815700</ele>
        <time>2026-07-03T11:43:37.888Z</time>
      </trkpt>
      <trkpt lat="47.888333" lon="-4.335561">
        <ele>22.236316</ele>
        <time>2026-07-03T11:43:55.909Z</time>
      </trkpt>
      <trkpt lat="47.888528" lon="-4.335472">
        <ele>22.433650</ele>
        <time>2026-07-03T11:44:04.637Z</time>
      </trkpt>
      <trkpt lat="47.889209" lon="-4.334855">
        <ele>23.204718</ele>
        <time>2026-07-03T11:44:39.837Z</time>
      </trkpt>
      <trkpt lat="47.889585" lon="-4.334406">
        <ele>23.762938</ele>
        <time>2026-07-03T11:45:01.706Z</time>
      </trkpt>
      <trkpt lat="47.889932" lon="-4.333870">
        <ele>24.352136</ele>
        <time>2026-07-03T11:45:23.891Z</time>
      </trkpt>
      <trkpt lat="47.890182" lon="-4.333556">
        <ele>24.737614</ele>
        <time>2026-07-03T11:45:37.780Z</time>
      </trkpt>
      <trkpt lat="47.890655" lon="-4.333086">
        <ele>25.388227</ele>
        <time>2026-07-03T11:46:00.991Z</time>
      </trkpt>
      <trkpt lat="47.890685" lon="-4.333060">
        <ele>25.407270</ele>
        <time>2026-07-03T11:46:02.406Z</time>
      </trkpt>
      <trkpt lat="47.890113" lon="-4.331567">
        <ele>26.040084</ele>
        <time>2026-07-03T11:46:49.183Z</time>
      </trkpt>
      <trkpt lat="47.890071" lon="-4.331459">
        <ele>26.086031</ele>
        <time>2026-07-03T11:46:52.667Z</time>
      </trkpt>
      <trkpt lat="47.888542" lon="-4.328637">
        <ele>30.839736</ele>
        <time>2026-07-03T11:48:43.568Z</time>
      </trkpt>
      <trkpt lat="47.889636" lon="-4.326552">
        <ele>32.442950</ele>
        <time>2026-07-03T11:49:58.326Z</time>
      </trkpt>
      <trkpt lat="47.890149" lon="-4.325716">
        <ele>32.682216</ele>
        <time>2026-07-03T11:50:29.499Z</time>
      </trkpt>
      <trkpt lat="47.890968" lon="-4.323969">
        <ele>33.690579</ele>
        <time>2026-07-03T11:51:28.987Z</time>
      </trkpt>
      <trkpt lat="47.891087" lon="-4.323630">
        <ele>34.054752</ele>
        <time>2026-07-03T11:51:40.037Z</time>
      </trkpt>
      <trkpt lat="47.891141" lon="-4.323381">
        <ele>34.303818</ele>
        <time>2026-07-03T11:51:47.656Z</time>
      </trkpt>
      <trkpt lat="47.891160" lon="-4.323169">
        <ele>34.507379</ele>
        <time>2026-07-03T11:51:53.951Z</time>
      </trkpt>
      <trkpt lat="47.891131" lon="-4.322830">
        <ele>34.832629</ele>
        <time>2026-07-03T11:52:04.107Z</time>
      </trkpt>
      <trkpt lat="47.891131" lon="-4.322822">
        <ele>34.840243</ele>
        <time>2026-07-03T11:52:04.342Z</time>
      </trkpt>
      <trkpt lat="47.891054" lon="-4.322535">
        <ele>35.134442</ele>
        <time>2026-07-03T11:52:13.574Z</time>
      </trkpt>
      <trkpt lat="47.890642" lon="-4.321457">
        <ele>36.486414</ele>
        <time>2026-07-03T11:52:50.939Z</time>
      </trkpt>
      <trkpt lat="47.891791" lon="-4.320225">
        <ele>38.716785</ele>
        <time>2026-07-03T11:54:03.674Z</time>
      </trkpt>
      <trkpt lat="47.891712" lon="-4.319954">
        <ele>38.813959</ele>
        <time>2026-07-03T11:54:13.495Z</time>
      </trkpt>
      <trkpt lat="47.891913" lon="-4.317145">
        <ele>39.589649</ele>
        <time>2026-07-03T11:55:45.596Z</time>
      </trkpt>
      <trkpt lat="47.892322" lon="-4.316373">
        <ele>39.696366</ele>
        <time>2026-07-03T11:56:18.046Z</time>
      </trkpt>
      <trkpt lat="47.891858" lon="-4.315554">
        <ele>39.796850</ele>
        <time>2026-07-03T11:56:53.081Z</time>
      </trkpt>
      <trkpt lat="47.892204" lon="-4.315099">
        <ele>39.714269</ele>
        <time>2026-07-03T11:57:11.507Z</time>
      </trkpt>
      <trkpt lat="47.891792" lon="-4.314944">
        <ele>39.638203</ele>
        <time>2026-07-03T11:57:28.488Z</time>
      </trkpt>
      <trkpt lat="47.891582" lon="-4.314811">
        <ele>39.597359</ele>
        <time>2026-07-03T11:57:37.699Z</time>
      </trkpt>
      <trkpt lat="47.891218" lon="-4.314404">
        <ele>39.515915</ele>
        <time>2026-07-03T11:57:56.185Z</time>
      </trkpt>
      <trkpt lat="47.889782" lon="-4.312013">
        <ele>42.775485</ele>
        <time>2026-07-03T11:59:31.267Z</time>
      </trkpt>
      <trkpt lat="47.889905" lon="-4.311715">
        <ele>43.047776</ele>
        <time>2026-07-03T11:59:41.765Z</time>
      </trkpt>
      <trkpt lat="47.889916" lon="-4.311567">
        <ele>43.163644</ele>
        <time>2026-07-03T11:59:46.184Z</time>
      </trkpt>
      <trkpt lat="47.889848" lon="-4.311397">
        <ele>43.317674</ele>
        <time>2026-07-03T11:59:52.070Z</time>
      </trkpt>
      <trkpt lat="47.889512" lon="-4.310896">
        <ele>43.869038</ele>
        <time>2026-07-03T12:00:12.666Z</time>
      </trkpt>
      <trkpt lat="47.889483" lon="-4.310773">
        <ele>43.970492</ele>
        <time>2026-07-03T12:00:16.411Z</time>
      </trkpt>
      <trkpt lat="47.889524" lon="-4.310503">
        <ele>44.185909</ele>
        <time>2026-07-03T12:00:24.231Z</time>
      </trkpt>
      <trkpt lat="47.889516" lon="-4.310398">
        <ele>44.268139</ele>
        <time>2026-07-03T12:00:27.183Z</time>
      </trkpt>
      <trkpt lat="47.889436" lon="-4.310217">
        <ele>44.436824</ele>
        <time>2026-07-03T12:00:33.277Z</time>
      </trkpt>
      <trkpt lat="47.888773" lon="-4.310089">
        <ele>44.241257</ele>
        <time>2026-07-03T12:01:00.578Z</time>
      </trkpt>
      <trkpt lat="47.888611" lon="-4.310156">
        <ele>44.090606</ele>
        <time>2026-07-03T12:01:07.335Z</time>
      </trkpt>
      <trkpt lat="47.888481" lon="-4.310365">
        <ele>43.919304</ele>
        <time>2026-07-03T12:01:15.008Z</time>
      </trkpt>
      <trkpt lat="47.888008" lon="-4.311634">
        <ele>43.042901</ele>
        <time>2026-07-03T12:01:53.652Z</time>
      </trkpt>
      <trkpt lat="47.887779" lon="-4.312057">
        <ele>42.495838</ele>
        <time>2026-07-03T12:02:08.059Z</time>
      </trkpt>
      <trkpt lat="47.887188" lon="-4.312728">
        <ele>41.381179</ele>
        <time>2026-07-03T12:02:37.479Z</time>
      </trkpt>
      <trkpt lat="47.886775" lon="-4.313264">
        <ele>40.559576</ele>
        <time>2026-07-03T12:02:59.194Z</time>
      </trkpt>
      <trkpt lat="47.886377" lon="-4.313711">
        <ele>39.880323</ele>
        <time>2026-07-03T12:03:18.854Z</time>
      </trkpt>
      <trkpt lat="47.886141" lon="-4.313439">
        <ele>39.489273</ele>
        <time>2026-07-03T12:03:30.632Z</time>
      </trkpt>
      <trkpt lat="47.885729" lon="-4.313117">
        <ele>38.879429</ele>
        <time>2026-07-03T12:03:49.099Z</time>
      </trkpt>
      <trkpt lat="47.885569" lon="-4.313047">
        <ele>38.660820</ele>
        <time>2026-07-03T12:03:55.691Z</time>
      </trkpt>
      <trkpt lat="47.885411" lon="-4.313023">
        <ele>38.452603</ele>
        <time>2026-07-03T12:04:02.015Z</time>
      </trkpt>
      <trkpt lat="47.885121" lon="-4.313074">
        <ele>38.069766</ele>
        <time>2026-07-03T12:04:13.672Z</time>
      </trkpt>
      <trkpt lat="47.883837" lon="-4.313840">
        <ele>36.974592</ele>
        <time>2026-07-03T12:05:09.769Z</time>
      </trkpt>
      <trkpt lat="47.883678" lon="-4.313966">
        <ele>36.835992</ele>
        <time>2026-07-03T12:05:17.074Z</time>
      </trkpt>
      <trkpt lat="47.883501" lon="-4.314213">
        <ele>36.649388</ele>
        <time>2026-07-03T12:05:26.729Z</time>
      </trkpt>
      <trkpt lat="47.883498" lon="-4.314218">
        <ele>36.645925</ele>
        <time>2026-07-03T12:05:26.908Z</time>
      </trkpt>
      <trkpt lat="47.883213" lon="-4.314712">
        <ele>36.182502</ele>
        <time>2026-07-03T12:05:44.200Z</time>
      </trkpt>
      <trkpt lat="47.883062" lon="-4.314900">
        <ele>35.967279</ele>
        <time>2026-07-03T12:05:52.011Z</time>
      </trkpt>
      <trkpt lat="47.882796" lon="-4.315082">
        <ele>35.647080</ele>
        <time>2026-07-03T12:06:03.658Z</time>
      </trkpt>
      <trkpt lat="47.882519" lon="-4.315232">
        <ele>35.324655</ele>
        <time>2026-07-03T12:06:15.377Z</time>
      </trkpt>
      <trkpt lat="47.881807" lon="-4.315511">
        <ele>34.619418</ele>
        <time>2026-07-03T12:06:44.865Z</time>
      </trkpt>
      <trkpt lat="47.881193" lon="-4.315619">
        <ele>34.489769</ele>
        <time>2026-07-03T12:07:10.378Z</time>
      </trkpt>
      <trkpt lat="47.880522" lon="-4.315758">
        <ele>34.347708</ele>
        <time>2026-07-03T12:07:38.337Z</time>
      </trkpt>
      <trkpt lat="47.879966" lon="-4.315953">
        <ele>33.973908</ele>
        <time>2026-07-03T12:08:01.689Z</time>
      </trkpt>
      <trkpt lat="47.879407" lon="-4.316544">
        <ele>32.871263</ele>
        <time>2026-07-03T12:08:28.993Z</time>
      </trkpt>
      <trkpt lat="47.879356" lon="-4.316645">
        <ele>32.734827</ele>
        <time>2026-07-03T12:08:32.329Z</time>
      </trkpt>
      <trkpt lat="47.878655" lon="-4.316314">
        <ele>31.551661</ele>
        <time>2026-07-03T12:09:00.936Z</time>
      </trkpt>
      <trkpt lat="47.878454" lon="-4.316381">
        <ele>31.152856</ele>
        <time>2026-07-03T12:09:08.828Z</time>
      </trkpt>
      <trkpt lat="47.878424" lon="-4.316534">
        <ele>30.904350</ele>
        <time>2026-07-03T12:09:12.947Z</time>
      </trkpt>
      <trkpt lat="47.878275" lon="-4.316823">
        <ele>30.336077</ele>
        <time>2026-07-03T12:09:22.298Z</time>
      </trkpt>
      <trkpt lat="47.877999" lon="-4.317110">
        <ele>29.553935</ele>
        <time>2026-07-03T12:09:35.260Z</time>
      </trkpt>
      <trkpt lat="47.877545" lon="-4.317990">
        <ele>27.823121</ele>
        <time>2026-07-03T12:10:04.283Z</time>
      </trkpt>
      <trkpt lat="47.876979" lon="-4.318753">
        <ele>25.681028</ele>
        <time>2026-07-03T12:10:34.221Z</time>
      </trkpt>
      <trkpt lat="47.876527" lon="-4.319905">
        <ele>22.928766</ele>
        <time>2026-07-03T12:11:08.629Z</time>
      </trkpt>
      <trkpt lat="47.876446" lon="-4.320034">
        <ele>22.564364</ele>
        <time>2026-07-03T12:11:13.064Z</time>
      </trkpt>
      <trkpt lat="47.876227" lon="-4.319892">
        <ele>21.830114</ele>
        <time>2026-07-03T12:11:21.931Z</time>
      </trkpt>
      <trkpt lat="47.875564" lon="-4.319067">
        <ele>17.843182</ele>
        <time>2026-07-03T12:11:53.213Z</time>
      </trkpt>
      <trkpt lat="47.875537" lon="-4.319029">
        <ele>17.667870</ele>
        <time>2026-07-03T12:11:54.550Z</time>
      </trkpt>
      <trkpt lat="47.875048" lon="-4.318367">
        <ele>14.549183</ele>
        <time>2026-07-03T12:12:18.345Z</time>
      </trkpt>
      <trkpt lat="47.874747" lon="-4.317891">
        <ele>13.131529</ele>
        <time>2026-07-03T12:12:34.970Z</time>
      </trkpt>
      <trkpt lat="47.874644" lon="-4.317637">
        <ele>13.080957</ele>
        <time>2026-07-03T12:12:42.728Z</time>
      </trkpt>
      <trkpt lat="47.874609" lon="-4.317456">
        <ele>13.048861</ele>
        <time>2026-07-03T12:12:47.756Z</time>
      </trkpt>
      <trkpt lat="47.874634" lon="-4.317094">
        <ele>12.986855</ele>
        <time>2026-07-03T12:12:57.637Z</time>
      </trkpt>
      <trkpt lat="47.874839" lon="-4.316391">
        <ele>12.856244</ele>
        <time>2026-07-03T12:13:19.381Z</time>
      </trkpt>
      <trkpt lat="47.874997" lon="-4.316013">
        <ele>12.780357</ele>
        <time>2026-07-03T12:13:32.626Z</time>
      </trkpt>
      <trkpt lat="47.875176" lon="-4.315728">
        <ele>12.713832</ele>
        <time>2026-07-03T12:13:44.280Z</time>
      </trkpt>
      <trkpt lat="47.875242" lon="-4.315500">
        <ele>12.669976</ele>
        <time>2026-07-03T12:13:51.551Z</time>
      </trkpt>
      <trkpt lat="47.875338" lon="-4.315283">
        <ele>12.623987</ele>
        <time>2026-07-03T12:13:58.987Z</time>
      </trkpt>
      <trkpt lat="47.875611" lon="-4.315035">
        <ele>12.539666</ele>
        <time>2026-07-03T12:14:12.221Z</time>
      </trkpt>
      <trkpt lat="47.875701" lon="-4.314859">
        <ele>12.500512</ele>
        <time>2026-07-03T12:14:18.238Z</time>
      </trkpt>
      <trkpt lat="47.875772" lon="-4.314615">
        <ele>12.453458</ele>
        <time>2026-07-03T12:14:25.399Z</time>
      </trkpt>
      <trkpt lat="47.875729" lon="-4.314583">
        <ele>12.440781</ele>
        <time>2026-07-03T12:14:27.310Z</time>
      </trkpt>
      <trkpt lat="47.874498" lon="-4.313850">
        <ele>12.756474</ele>
        <time>2026-07-03T12:15:20.116Z</time>
      </trkpt>
      <trkpt lat="47.874151" lon="-4.313609">
        <ele>13.114786</ele>
        <time>2026-07-03T12:15:36.312Z</time>
      </trkpt>
      <trkpt lat="47.874088" lon="-4.313537">
        <ele>13.189088</ele>
        <time>2026-07-03T12:15:39.744Z</time>
      </trkpt>
      <trkpt lat="47.873973" lon="-4.313346">
        <ele>13.350231</ele>
        <time>2026-07-03T12:15:47.291Z</time>
      </trkpt>
      <trkpt lat="47.873874" lon="-4.313078">
        <ele>13.542322</ele>
        <time>2026-07-03T12:15:56.473Z</time>
      </trkpt>
      <trkpt lat="47.873814" lon="-4.312724">
        <ele>13.771565</ele>
        <time>2026-07-03T12:16:07.692Z</time>
      </trkpt>
      <trkpt lat="47.873549" lon="-4.310457">
        <ele>17.509458</ele>
        <time>2026-07-03T12:17:18.761Z</time>
      </trkpt>
      <trkpt lat="47.873483" lon="-4.310058">
        <ele>18.224223</ele>
        <time>2026-07-03T12:17:31.131Z</time>
      </trkpt>
      <trkpt lat="47.873351" lon="-4.309498">
        <ele>18.756804</ele>
        <time>2026-07-03T12:17:48.690Z</time>
      </trkpt>
      <trkpt lat="47.873261" lon="-4.309207">
        <ele>18.899495</ele>
        <time>2026-07-03T12:17:58.009Z</time>
      </trkpt>
      <trkpt lat="47.873179" lon="-4.309083">
        <ele>18.977032</ele>
        <time>2026-07-03T12:18:03.029Z</time>
      </trkpt>
      <trkpt lat="47.873425" lon="-4.308503">
        <ele>19.282602</ele>
        <time>2026-07-03T12:18:22.441Z</time>
      </trkpt>
      <trkpt lat="47.873566" lon="-4.308077">
        <ele>19.494133</ele>
        <time>2026-07-03T12:18:35.605Z</time>
      </trkpt>
      <trkpt lat="47.873685" lon="-4.307600">
        <ele>19.720752</ele>
        <time>2026-07-03T12:18:49.463Z</time>
      </trkpt>
      <trkpt lat="47.873497" lon="-4.307294">
        <ele>19.828736</ele>
        <time>2026-07-03T12:19:00.677Z</time>
      </trkpt>
      <trkpt lat="47.873236" lon="-4.306961">
        <ele>19.918555</ele>
        <time>2026-07-03T12:19:14.546Z</time>
      </trkpt>
      <trkpt lat="47.872937" lon="-4.306491">
        <ele>20.032159</ele>
        <time>2026-07-03T12:19:32.221Z</time>
      </trkpt>
      <trkpt lat="47.872679" lon="-4.305924">
        <ele>20.152321</ele>
        <time>2026-07-03T12:19:51.372Z</time>
      </trkpt>
      <trkpt lat="47.872598" lon="-4.305666">
        <ele>20.202280</ele>
        <time>2026-07-03T12:19:59.564Z</time>
      </trkpt>
      <trkpt lat="47.872523" lon="-4.305085">
        <ele>20.724129</ele>
        <time>2026-07-03T12:20:16.905Z</time>
      </trkpt>
      <trkpt lat="47.872454" lon="-4.304911">
        <ele>21.019887</ele>
        <time>2026-07-03T12:20:22.947Z</time>
      </trkpt>
      <trkpt lat="47.871755" lon="-4.304106">
        <ele>22.946606</ele>
        <time>2026-07-03T12:21:02.976Z</time>
      </trkpt>
      <trkpt lat="47.871663" lon="-4.303953">
        <ele>23.247258</ele>
        <time>2026-07-03T12:21:09.209Z</time>
      </trkpt>
      <trkpt lat="47.871611" lon="-4.303794">
        <ele>23.506088</ele>
        <time>2026-07-03T12:21:14.552Z</time>
      </trkpt>
      <trkpt lat="47.871558" lon="-4.303122">
        <ele>24.421679</ele>
        <time>2026-07-03T12:21:34.950Z</time>
      </trkpt>
      <trkpt lat="47.871207" lon="-4.302392">
        <ele>25.433489</ele>
        <time>2026-07-03T12:22:01.599Z</time>
      </trkpt>
      <trkpt lat="47.871085" lon="-4.302191">
        <ele>25.738858</ele>
        <time>2026-07-03T12:22:09.559Z</time>
      </trkpt>
      <trkpt lat="47.870919" lon="-4.302038">
        <ele>26.066617</ele>
        <time>2026-07-03T12:22:18.031Z</time>
      </trkpt>
      <trkpt lat="47.870525" lon="-4.301824">
        <ele>26.770848</ele>
        <time>2026-07-03T12:22:36.212Z</time>
      </trkpt>
      <trkpt lat="47.870434" lon="-4.301456">
        <ele>27.205893</ele>
        <time>2026-07-03T12:22:47.551Z</time>
      </trkpt>
      <trkpt lat="47.870223" lon="-4.298173">
        <ele>29.578603</ele>
        <time>2026-07-03T12:24:22.058Z</time>
      </trkpt>
      <trkpt lat="47.870149" lon="-4.297516">
        <ele>30.015536</ele>
        <time>2026-07-03T12:24:41.159Z</time>
      </trkpt>
      <trkpt lat="47.869795" lon="-4.296352">
        <ele>30.853755</ele>
        <time>2026-07-03T12:25:17.856Z</time>
      </trkpt>
      <trkpt lat="47.869358" lon="-4.294905">
        <ele>30.938778</ele>
        <time>2026-07-03T12:26:02.345Z</time>
      </trkpt>
      <trkpt lat="47.869290" lon="-4.294619">
        <ele>30.942354</ele>
        <time>2026-07-03T12:26:10.709Z</time>
      </trkpt>
      <trkpt lat="47.869218" lon="-4.292862">
        <ele>29.959463</ele>
        <time>2026-07-03T12:26:58.204Z</time>
      </trkpt>
      <trkpt lat="47.869166" lon="-4.292146">
        <ele>29.133653</ele>
        <time>2026-07-03T12:27:17.329Z</time>
      </trkpt>
      <trkpt lat="47.869104" lon="-4.291821">
        <ele>28.746210</ele>
        <time>2026-07-03T12:27:26.222Z</time>
      </trkpt>
      <trkpt lat="47.868768" lon="-4.290488">
        <ele>26.465201</ele>
        <time>2026-07-03T12:28:02.932Z</time>
      </trkpt>
      <trkpt lat="47.868688" lon="-4.290249">
        <ele>25.899441</ele>
        <time>2026-07-03T12:28:09.699Z</time>
      </trkpt>
      <trkpt lat="47.868622" lon="-4.290140">
        <ele>25.588422</ele>
        <time>2026-07-03T12:28:13.398Z</time>
      </trkpt>
      <trkpt lat="47.867536" lon="-4.288890">
        <ele>21.818505</ele>
        <time>2026-07-03T12:29:05.300Z</time>
      </trkpt>
      <trkpt lat="47.867320" lon="-4.288514">
        <ele>21.395235</ele>
        <time>2026-07-03T12:29:18.325Z</time>
      </trkpt>
      <trkpt lat="47.867140" lon="-4.287763">
        <ele>20.713336</ele>
        <time>2026-07-03T12:29:39.793Z</time>
      </trkpt>
      <trkpt lat="47.867013" lon="-4.287359">
        <ele>20.331848</ele>
        <time>2026-07-03T12:29:52.062Z</time>
      </trkpt>
      <trkpt lat="47.866861" lon="-4.287090">
        <ele>20.031118</ele>
        <time>2026-07-03T12:30:01.904Z</time>
      </trkpt>
      <trkpt lat="47.865912" lon="-4.285935">
        <ele>19.550530</ele>
        <time>2026-07-03T12:30:52.375Z</time>
      </trkpt>
      <trkpt lat="47.865815" lon="-4.285768">
        <ele>19.503722</ele>
        <time>2026-07-03T12:30:58.373Z</time>
      </trkpt>
      <trkpt lat="47.865523" lon="-4.284961">
        <ele>19.238820</ele>
        <time>2026-07-03T12:31:23.048Z</time>
      </trkpt>
      <trkpt lat="47.865486" lon="-4.284876">
        <ele>19.165279</ele>
        <time>2026-07-03T12:31:25.746Z</time>
      </trkpt>
      <trkpt lat="47.865346" lon="-4.284457">
        <ele>18.825540</ele>
        <time>2026-07-03T12:31:38.163Z</time>
      </trkpt>
      <trkpt lat="47.865252" lon="-4.283301">
        <ele>17.980378</ele>
        <time>2026-07-03T12:32:08.989Z</time>
      </trkpt>
      <trkpt lat="47.865147" lon="-4.281929">
        <ele>18.120480</ele>
        <time>2026-07-03T12:32:46.550Z</time>
      </trkpt>
      <trkpt lat="47.865038" lon="-4.281947">
        <ele>18.328796</ele>
        <time>2026-07-03T12:32:51.239Z</time>
      </trkpt>
      <trkpt lat="47.864924" lon="-4.282039">
        <ele>18.575042</ele>
        <time>2026-07-03T12:32:56.837Z</time>
      </trkpt>
      <trkpt lat="47.864779" lon="-4.282142">
        <ele>18.880151</ele>
        <time>2026-07-03T12:33:03.918Z</time>
      </trkpt>
      <trkpt lat="47.864397" lon="-4.282146">
        <ele>19.605788</ele>
        <time>2026-07-03T12:33:21.192Z</time>
      </trkpt>
      <trkpt lat="47.864133" lon="-4.282165">
        <ele>20.107847</ele>
        <time>2026-07-03T12:33:33.557Z</time>
      </trkpt>
      <trkpt lat="47.864011" lon="-4.282245">
        <ele>20.361024</ele>
        <time>2026-07-03T12:33:39.792Z</time>
      </trkpt>
      <trkpt lat="47.863862" lon="-4.282472">
        <ele>20.765735</ele>
        <time>2026-07-03T12:33:49.883Z</time>
      </trkpt>
      <trkpt lat="47.863787" lon="-4.282604">
        <ele>21.097684</ele>
        <time>2026-07-03T12:33:55.406Z</time>
      </trkpt>
      <trkpt lat="47.863652" lon="-4.282858">
        <ele>21.770885</ele>
        <time>2026-07-03T12:34:05.759Z</time>
      </trkpt>
      <trkpt lat="47.863543" lon="-4.283132">
        <ele>22.432660</ele>
        <time>2026-07-03T12:34:15.950Z</time>
      </trkpt>
      <trkpt lat="47.863444" lon="-4.283230">
        <ele>22.800667</ele>
        <time>2026-07-03T12:34:21.629Z</time>
      </trkpt>
      <trkpt lat="47.863346" lon="-4.283212">
        <ele>23.106426</ele>
        <time>2026-07-03T12:34:26.333Z</time>
      </trkpt>
      <trkpt lat="47.863266" lon="-4.283137">
        <ele>23.399078</ele>
        <time>2026-07-03T12:34:30.808Z</time>
      </trkpt>
      <trkpt lat="47.862965" lon="-4.282866">
        <ele>24.487985</ele>
        <time>2026-07-03T12:34:47.314Z</time>
      </trkpt>
      <trkpt lat="47.862748" lon="-4.282781">
        <ele>25.182756</ele>
        <time>2026-07-03T12:34:57.690Z</time>
      </trkpt>
      <trkpt lat="47.862558" lon="-4.282788">
        <ele>25.771284</ele>
        <time>2026-07-03T12:35:06.280Z</time>
      </trkpt>
      <trkpt lat="47.862321" lon="-4.282836">
        <ele>26.408697</ele>
        <time>2026-07-03T12:35:16.980Z</time>
      </trkpt>
      <trkpt lat="47.861879" lon="-4.282599">
        <ele>26.735022</ele>
        <time>2026-07-03T12:35:37.591Z</time>
      </trkpt>
      <trkpt lat="47.861859" lon="-4.283123">
        <ele>26.979650</ele>
        <time>2026-07-03T12:35:52.532Z</time>
      </trkpt>
      <trkpt lat="47.861942" lon="-4.283518">
        <ele>27.172574</ele>
        <time>2026-07-03T12:36:04.079Z</time>
      </trkpt>
      <trkpt lat="47.862101" lon="-4.283868">
        <ele>27.369585</ele>
        <time>2026-07-03T12:36:15.729Z</time>
      </trkpt>
      <trkpt lat="47.862505" lon="-4.284468">
        <ele>27.482112</ele>
        <time>2026-07-03T12:36:38.804Z</time>
      </trkpt>
      <trkpt lat="47.862606" lon="-4.284675">
        <ele>27.355138</ele>
        <time>2026-07-03T12:36:45.714Z</time>
      </trkpt>
      <trkpt lat="47.862609" lon="-4.284735">
        <ele>27.325291</ele>
        <time>2026-07-03T12:36:47.358Z</time>
      </trkpt>
      <trkpt lat="47.862543" lon="-4.284933">
        <ele>27.215611</ele>
        <time>2026-07-03T12:36:53.343Z</time>
      </trkpt>
      <trkpt lat="47.862426" lon="-4.285205">
        <ele>27.055324</ele>
        <time>2026-07-03T12:37:02.113Z</time>
      </trkpt>
      <trkpt lat="47.862078" lon="-4.285752">
        <ele>26.681362</ele>
        <time>2026-07-03T12:37:22.541Z</time>
      </trkpt>
      <trkpt lat="47.861737" lon="-4.286351">
        <ele>26.287306</ele>
        <time>2026-07-03T12:37:43.688Z</time>
      </trkpt>
      <trkpt lat="47.861184" lon="-4.288457">
        <ele>24.446883</ele>
        <time>2026-07-03T12:38:54.544Z</time>
      </trkpt>
      <trkpt lat="47.861134" lon="-4.288731">
        <ele>24.215803</ele>
        <time>2026-07-03T12:39:03.495Z</time>
      </trkpt>
      <trkpt lat="47.861137" lon="-4.288908">
        <ele>24.109803</ele>
        <time>2026-07-03T12:39:09.098Z</time>
      </trkpt>
      <trkpt lat="47.861245" lon="-4.289345">
        <ele>24.051092</ele>
        <time>2026-07-03T12:39:23.922Z</time>
      </trkpt>
      <trkpt lat="47.861257" lon="-4.289561">
        <ele>24.023768</ele>
        <time>2026-07-03T12:39:30.851Z</time>
      </trkpt>
      <trkpt lat="47.861013" lon="-4.290402">
        <ele>23.908254</ele>
        <time>2026-07-03T12:40:00.385Z</time>
      </trkpt>
      <trkpt lat="47.860957" lon="-4.291001">
        <ele>23.832009</ele>
        <time>2026-07-03T12:40:20.157Z</time>
      </trkpt>
      <trkpt lat="47.861004" lon="-4.291762">
        <ele>23.931828</ele>
        <time>2026-07-03T12:40:45.383Z</time>
      </trkpt>
      <trkpt lat="47.860828" lon="-4.294050">
        <ele>24.961377</ele>
        <time>2026-07-03T12:42:02.172Z</time>
      </trkpt>
      <trkpt lat="47.860623" lon="-4.295048">
        <ele>25.635412</ele>
        <time>2026-07-03T12:42:36.729Z</time>
      </trkpt>
      <trkpt lat="47.860487" lon="-4.295397">
        <ele>25.898881</ele>
        <time>2026-07-03T12:42:50.316Z</time>
      </trkpt>
      <trkpt lat="47.860299" lon="-4.295699">
        <ele>26.167818</ele>
        <time>2026-07-03T12:43:04.245Z</time>
      </trkpt>
      <trkpt lat="47.860166" lon="-4.295469">
        <ele>26.366035</ele>
        <time>2026-07-03T12:43:12.996Z</time>
      </trkpt>
      <trkpt lat="47.860064" lon="-4.295312">
        <ele>26.508702</ele>
        <time>2026-07-03T12:43:19.302Z</time>
      </trkpt>
      <trkpt lat="47.859701" lon="-4.294878">
        <ele>26.901564</ele>
        <time>2026-07-03T12:43:39.372Z</time>
      </trkpt>
      <trkpt lat="47.859457" lon="-4.294699">
        <ele>27.098462</ele>
        <time>2026-07-03T12:43:51.073Z</time>
      </trkpt>
      <trkpt lat="47.858912" lon="-4.294395">
        <ele>27.519774</ele>
        <time>2026-07-03T12:44:16.083Z</time>
      </trkpt>
      <trkpt lat="47.857736" lon="-4.293726">
        <ele>27.954718</ele>
        <time>2026-07-03T12:45:07.714Z</time>
      </trkpt>
      <trkpt lat="47.857567" lon="-4.293672">
        <ele>27.931404</ele>
        <time>2026-07-03T12:45:14.750Z</time>
      </trkpt>
      <trkpt lat="47.857337" lon="-4.293659">
        <ele>27.900358</ele>
        <time>2026-07-03T12:45:24.100Z</time>
      </trkpt>
      <trkpt lat="47.856864" lon="-4.293844">
        <ele>27.834397</ele>
        <time>2026-07-03T12:45:44.001Z</time>
      </trkpt>
      <trkpt lat="47.856193" lon="-4.294201">
        <ele>27.951388</ele>
        <time>2026-07-03T12:46:13.314Z</time>
      </trkpt>
      <trkpt lat="47.855979" lon="-4.294426">
        <ele>28.070858</ele>
        <time>2026-07-03T12:46:24.234Z</time>
      </trkpt>
      <trkpt lat="47.855818" lon="-4.294776">
        <ele>28.200748</ele>
        <time>2026-07-03T12:46:36.204Z</time>
      </trkpt>
      <trkpt lat="47.855526" lon="-4.296286">
        <ele>28.724684</ele>
        <time>2026-07-03T12:47:20.490Z</time>
      </trkpt>
      <trkpt lat="47.855444" lon="-4.296620">
        <ele>28.896403</ele>
        <time>2026-07-03T12:47:30.554Z</time>
      </trkpt>
      <trkpt lat="47.855359" lon="-4.296835">
        <ele>29.016890</ele>
        <time>2026-07-03T12:47:37.637Z</time>
      </trkpt>
      <trkpt lat="47.855097" lon="-4.297242">
        <ele>29.289210</ele>
        <time>2026-07-03T12:47:53.623Z</time>
      </trkpt>
      <trkpt lat="47.854940" lon="-4.297376">
        <ele>29.419396</ele>
        <time>2026-07-03T12:48:01.274Z</time>
      </trkpt>
      <trkpt lat="47.854813" lon="-4.297419">
        <ele>29.513108</ele>
        <time>2026-07-03T12:48:06.753Z</time>
      </trkpt>
      <trkpt lat="47.854662" lon="-4.297422">
        <ele>29.621772</ele>
        <time>2026-07-03T12:48:13.119Z</time>
      </trkpt>
      <trkpt lat="47.854554" lon="-4.297377">
        <ele>29.702464</ele>
        <time>2026-07-03T12:48:17.874Z</time>
      </trkpt>
      <trkpt lat="47.853506" lon="-4.296424">
        <ele>30.484279</ele>
        <time>2026-07-03T12:49:09.734Z</time>
      </trkpt>
      <trkpt lat="47.853076" lon="-4.296109">
        <ele>30.777862</ele>
        <time>2026-07-03T12:49:29.841Z</time>
      </trkpt>
      <trkpt lat="47.853107" lon="-4.295904">
        <ele>30.864264</ele>
        <time>2026-07-03T12:49:35.754Z</time>
      </trkpt>
      <trkpt lat="47.853099" lon="-4.295719">
        <ele>30.940486</ele>
        <time>2026-07-03T12:49:40.948Z</time>
      </trkpt>
      <trkpt lat="47.853053" lon="-4.295519">
        <ele>31.008415</ele>
        <time>2026-07-03T12:49:46.850Z</time>
      </trkpt>
      <trkpt lat="47.852989" lon="-4.295370">
        <ele>31.022814</ele>
        <time>2026-07-03T12:49:51.780Z</time>
      </trkpt>
      <trkpt lat="47.852804" lon="-4.295132">
        <ele>31.052457</ele>
        <time>2026-07-03T12:50:01.868Z</time>
      </trkpt>
      <trkpt lat="47.852476" lon="-4.294939">
        <ele>31.095230</ele>
        <time>2026-07-03T12:50:16.361Z</time>
      </trkpt>
      <trkpt lat="47.852308" lon="-4.294808">
        <ele>31.118228</ele>
        <time>2026-07-03T12:50:24.163Z</time>
      </trkpt>
      <trkpt lat="47.852133" lon="-4.294608">
        <ele>31.144978</ele>
        <time>2026-07-03T12:50:33.251Z</time>
      </trkpt>
      <trkpt lat="47.851919" lon="-4.294388">
        <ele>31.176511</ele>
        <time>2026-07-03T12:50:43.932Z</time>
      </trkpt>
      <trkpt lat="47.851912" lon="-4.294383">
        <ele>31.177453</ele>
        <time>2026-07-03T12:50:44.236Z</time>
      </trkpt>
      <trkpt lat="47.851718" lon="-4.294248">
        <ele>31.203423</ele>
        <time>2026-07-03T12:50:53.033Z</time>
      </trkpt>
      <trkpt lat="47.851655" lon="-4.293820">
        <ele>31.290910</ele>
        <time>2026-07-03T12:51:05.094Z</time>
      </trkpt>
      <trkpt lat="47.851573" lon="-4.293577">
        <ele>31.379749</ele>
        <time>2026-07-03T12:51:12.597Z</time>
      </trkpt>
      <trkpt lat="47.851321" lon="-4.293031">
        <ele>31.596191</ele>
        <time>2026-07-03T12:51:30.995Z</time>
      </trkpt>
      <trkpt lat="47.851046" lon="-4.292570">
        <ele>31.797655</ele>
        <time>2026-07-03T12:51:48.373Z</time>
      </trkpt>
      <trkpt lat="47.850705" lon="-4.291899">
        <ele>32.072573</ele>
        <time>2026-07-03T12:52:12.283Z</time>
      </trkpt>
      <trkpt lat="47.850321" lon="-4.290915">
        <ele>32.818909</ele>
        <time>2026-07-03T12:52:44.930Z</time>
      </trkpt>
      <trkpt lat="47.850073" lon="-4.290091">
        <ele>33.432230</ele>
        <time>2026-07-03T12:53:11.050Z</time>
      </trkpt>
      <trkpt lat="47.849978" lon="-4.289693">
        <ele>33.719120</ele>
        <time>2026-07-03T12:53:23.189Z</time>
      </trkpt>
      <trkpt lat="47.849961" lon="-4.289610">
        <ele>33.778057</ele>
        <time>2026-07-03T12:53:25.688Z</time>
      </trkpt>
      <trkpt lat="47.849860" lon="-4.289078">
        <ele>33.861486</ele>
        <time>2026-07-03T12:53:41.315Z</time>
      </trkpt>
      <trkpt lat="47.849697" lon="-4.288470">
        <ele>33.755700</ele>
        <time>2026-07-03T12:53:59.493Z</time>
      </trkpt>
      <trkpt lat="47.849379" lon="-4.287913">
        <ele>33.637542</ele>
        <time>2026-07-03T12:54:19.518Z</time>
      </trkpt>
      <trkpt lat="47.849198" lon="-4.287955">
        <ele>33.593437</ele>
        <time>2026-07-03T12:54:26.903Z</time>
      </trkpt>
      <trkpt lat="47.848585" lon="-4.288209">
        <ele>33.328780</ele>
        <time>2026-07-03T12:54:52.322Z</time>
      </trkpt>
      <trkpt lat="47.848378" lon="-4.288237">
        <ele>33.152854</ele>
        <time>2026-07-03T12:55:00.603Z</time>
      </trkpt>
      <trkpt lat="47.848182" lon="-4.288101">
        <ele>32.969853</ele>
        <time>2026-07-03T12:55:09.246Z</time>
      </trkpt>
      <trkpt lat="47.847756" lon="-4.287626">
        <ele>32.519511</ele>
        <time>2026-07-03T12:55:30.581Z</time>
      </trkpt>
      <trkpt lat="47.847394" lon="-4.287363">
        <ele>32.178632</ele>
        <time>2026-07-03T12:55:46.813Z</time>
      </trkpt>
      <trkpt lat="47.846887" lon="-4.287068">
        <ele>31.918817</ele>
        <time>2026-07-03T12:56:08.915Z</time>
      </trkpt>
      <trkpt lat="47.846774" lon="-4.286916">
        <ele>31.895941</ele>
        <time>2026-07-03T12:56:15.135Z</time>
      </trkpt>
      <trkpt lat="47.846719" lon="-4.286558">
        <ele>31.858904</ele>
        <time>2026-07-03T12:56:25.223Z</time>
      </trkpt>
      <trkpt lat="47.846663" lon="-4.284961">
        <ele>31.697631</ele>
        <time>2026-07-03T12:57:09.368Z</time>
      </trkpt>
      <trkpt lat="47.846683" lon="-4.283751">
        <ele>31.414868</ele>
        <time>2026-07-03T12:57:42.476Z</time>
      </trkpt>
      <trkpt lat="47.846598" lon="-4.283779">
        <ele>31.383717</ele>
        <time>2026-07-03T12:57:46.027Z</time>
      </trkpt>
      <trkpt lat="47.846201" lon="-4.284081">
        <ele>31.224206</ele>
        <time>2026-07-03T12:58:04.080Z</time>
      </trkpt>
      <trkpt lat="47.845827" lon="-4.284376">
        <ele>31.072774</ele>
        <time>2026-07-03T12:58:21.287Z</time>
      </trkpt>
      <trkpt lat="47.845251" lon="-4.284808">
        <ele>30.774134</ele>
        <time>2026-07-03T12:58:47.503Z</time>
      </trkpt>
      <trkpt lat="47.845161" lon="-4.284376">
        <ele>30.629744</ele>
        <time>2026-07-03T12:58:59.850Z</time>
      </trkpt>
      <trkpt lat="47.845103" lon="-4.284229">
        <ele>30.575311</ele>
        <time>2026-07-03T12:59:04.496Z</time>
      </trkpt>
      <trkpt lat="47.845060" lon="-4.284197">
        <ele>30.552450</ele>
        <time>2026-07-03T12:59:06.451Z</time>
      </trkpt>
      <trkpt lat="47.844189" lon="-4.283942">
        <ele>30.176305</ele>
        <time>2026-07-03T12:59:42.445Z</time>
      </trkpt>
      <trkpt lat="47.843765" lon="-4.283848">
        <ele>30.122626</ele>
        <time>2026-07-03T12:59:59.807Z</time>
      </trkpt>
      <trkpt lat="47.843705" lon="-4.283778">
        <ele>30.113083</ele>
        <time>2026-07-03T13:00:02.913Z</time>
      </trkpt>
      <trkpt lat="47.843586" lon="-4.283853">
        <ele>30.096903</ele>
        <time>2026-07-03T13:00:08.168Z</time>
      </trkpt>
      <trkpt lat="47.843418" lon="-4.284248">
        <ele>30.057601</ele>
        <time>2026-07-03T13:00:20.971Z</time>
      </trkpt>
      <trkpt lat="47.843317" lon="-4.284414">
        <ele>30.038770</ele>
        <time>2026-07-03T13:00:27.146Z</time>
      </trkpt>
      <trkpt lat="47.843256" lon="-4.284408">
        <ele>30.031115</ele>
        <time>2026-07-03T13:00:29.668Z</time>
      </trkpt>
      <trkpt lat="47.843175" lon="-4.284352">
        <ele>30.019933</ele>
        <time>2026-07-03T13:00:33.357Z</time>
      </trkpt>
      <trkpt lat="47.842910" lon="-4.284108">
        <ele>29.980924</ele>
        <time>2026-07-03T13:00:46.300Z</time>
      </trkpt>
      <trkpt lat="47.842883" lon="-4.284086">
        <ele>29.977070</ele>
        <time>2026-07-03T13:00:47.559Z</time>
      </trkpt>
      <trkpt lat="47.842683" lon="-4.283893">
        <ele>29.997088</ele>
        <time>2026-07-03T13:00:57.500Z</time>
      </trkpt>
      <trkpt lat="47.841994" lon="-4.283232">
        <ele>30.146522</ele>
        <time>2026-07-03T13:01:31.633Z</time>
      </trkpt>
      <trkpt lat="47.841875" lon="-4.283118">
        <ele>30.172320</ele>
        <time>2026-07-03T13:01:37.452Z</time>
      </trkpt>
      <trkpt lat="47.841583" lon="-4.283653">
        <ele>30.256717</ele>
        <time>2026-07-03T13:01:56.504Z</time>
      </trkpt>
      <trkpt lat="47.841380" lon="-4.283375">
        <ele>30.281404</ele>
        <time>2026-07-03T13:02:07.836Z</time>
      </trkpt>
      <trkpt lat="47.841363" lon="-4.283321">
        <ele>30.272429</ele>
        <time>2026-07-03T13:02:09.458Z</time>
      </trkpt>
      <trkpt lat="47.841390" lon="-4.283260">
        <ele>30.261435</ele>
        <time>2026-07-03T13:02:11.487Z</time>
      </trkpt>
      <trkpt lat="47.841484" lon="-4.283169">
        <ele>30.236304</ele>
        <time>2026-07-03T13:02:16.064Z</time>
      </trkpt>
      <trkpt lat="47.841470" lon="-4.282452">
        <ele>30.128375</ele>
        <time>2026-07-03T13:02:35.733Z</time>
      </trkpt>
      <trkpt lat="47.841570" lon="-4.281958">
        <ele>30.050739</ele>
        <time>2026-07-03T13:02:49.866Z</time>
      </trkpt>
      <trkpt lat="47.841457" lon="-4.281915">
        <ele>30.024593</ele>
        <time>2026-07-03T13:02:54.614Z</time>
      </trkpt>
      <trkpt lat="47.840863" lon="-4.281732">
        <ele>29.885108</ele>
        <time>2026-07-03T13:03:19.353Z</time>
      </trkpt>
      <trkpt lat="47.840722" lon="-4.281718">
        <ele>29.823286</ele>
        <time>2026-07-03T13:03:25.098Z</time>
      </trkpt>
      <trkpt lat="47.840629" lon="-4.281776">
        <ele>29.779179</ele>
        <time>2026-07-03T13:03:29.221Z</time>
      </trkpt>
      <trkpt lat="47.840592" lon="-4.281668">
        <ele>29.743574</ele>
        <time>2026-07-03T13:03:32.529Z</time>
      </trkpt>
      <trkpt lat="47.840543" lon="-4.281556">
        <ele>29.704317</ele>
        <time>2026-07-03T13:03:36.169Z</time>
      </trkpt>
      <trkpt lat="47.840461" lon="-4.281210">
        <ele>29.596572</ele>
        <time>2026-07-03T13:03:46.162Z</time>
      </trkpt>
      <trkpt lat="47.840325" lon="-4.280374">
        <ele>29.343983</ele>
        <time>2026-07-03T13:04:09.562Z</time>
      </trkpt>
      <trkpt lat="47.840242" lon="-4.280212">
        <ele>29.284139</ele>
        <time>2026-07-03T13:04:15.131Z</time>
      </trkpt>
      <trkpt lat="47.840144" lon="-4.280252">
        <ele>29.239686</ele>
        <time>2026-07-03T13:04:19.272Z</time>
      </trkpt>
      <trkpt lat="47.839862" lon="-4.280261">
        <ele>29.116287</ele>
        <time>2026-07-03T13:04:30.727Z</time>
      </trkpt>
      <trkpt lat="47.839013" lon="-4.280375">
        <ele>28.621396</ele>
        <time>2026-07-03T13:05:05.234Z</time>
      </trkpt>
      <trkpt lat="47.837074" lon="-4.280717">
        <ele>27.661328</ele>
        <time>2026-07-03T13:06:24.136Z</time>
      </trkpt>
      <trkpt lat="47.836828" lon="-4.280767">
        <ele>27.562129</ele>
        <time>2026-07-03T13:06:34.286Z</time>
      </trkpt>
      <trkpt lat="47.836571" lon="-4.280800">
        <ele>27.459065</ele>
        <time>2026-07-03T13:06:44.850Z</time>
      </trkpt>
      <trkpt lat="47.836341" lon="-4.280755">
        <ele>27.366380</ele>
        <time>2026-07-03T13:06:54.368Z</time>
      </trkpt>
      <trkpt lat="47.835197" lon="-4.280203">
        <ele>27.166924</ele>
        <time>2026-07-03T13:07:43.824Z</time>
      </trkpt>
      <trkpt lat="47.834965" lon="-4.281493">
        <ele>26.914134</ele>
        <time>2026-07-03T13:08:20.291Z</time>
      </trkpt>
      <trkpt lat="47.834873" lon="-4.281749">
        <ele>26.780407</ele>
        <time>2026-07-03T13:08:28.153Z</time>
      </trkpt>
      <trkpt lat="47.833649" lon="-4.284474">
        <ele>25.193577</ele>
        <time>2026-07-03T13:09:56.805Z</time>
      </trkpt>
      <trkpt lat="47.833320" lon="-4.284462">
        <ele>24.936905</ele>
        <time>2026-07-03T13:10:10.074Z</time>
      </trkpt>
      <trkpt lat="47.832209" lon="-4.284309">
        <ele>24.062925</ele>
        <time>2026-07-03T13:10:54.974Z</time>
      </trkpt>
      <trkpt lat="47.830699" lon="-4.284113">
        <ele>22.939641</ele>
        <time>2026-07-03T13:11:56.001Z</time>
      </trkpt>
      <trkpt lat="47.830337" lon="-4.283955">
        <ele>22.790028</ele>
        <time>2026-07-03T13:12:11.323Z</time>
      </trkpt>
      <trkpt lat="47.829246" lon="-4.283268">
        <ele>22.320242</ele>
        <time>2026-07-03T13:12:59.630Z</time>
      </trkpt>
      <trkpt lat="47.828988" lon="-4.283171">
        <ele>22.263281</ele>
        <time>2026-07-03T13:13:10.462Z</time>
      </trkpt>
      <trkpt lat="47.828236" lon="-4.282978">
        <ele>22.136236</ele>
        <time>2026-07-03T13:13:41.605Z</time>
      </trkpt>
      <trkpt lat="47.827288" lon="-4.282787">
        <ele>21.959753</ele>
        <time>2026-07-03T13:14:20.814Z</time>
      </trkpt>
      <trkpt lat="47.826629" lon="-4.282798">
        <ele>21.764184</ele>
        <time>2026-07-03T13:14:47.833Z</time>
      </trkpt>
      <trkpt lat="47.825644" lon="-4.282667">
        <ele>21.470724</ele>
        <time>2026-07-03T13:15:27.958Z</time>
      </trkpt>
      <trkpt lat="47.825113" lon="-4.282377">
        <ele>21.306811</ele>
        <time>2026-07-03T13:15:50.855Z</time>
      </trkpt>
      <trkpt lat="47.825007" lon="-4.282317">
        <ele>21.273973</ele>
        <time>2026-07-03T13:15:55.447Z</time>
      </trkpt>
      <trkpt lat="47.823858" lon="-4.281666">
        <ele>20.929606</ele>
        <time>2026-07-03T13:16:45.768Z</time>
      </trkpt>
      <trkpt lat="47.823650" lon="-4.281570">
        <ele>20.894333</ele>
        <time>2026-07-03T13:16:54.708Z</time>
      </trkpt>
      <trkpt lat="47.823023" lon="-4.281398">
        <ele>20.791063</ele>
        <time>2026-07-03T13:17:20.806Z</time>
      </trkpt>
      <trkpt lat="47.822420" lon="-4.281198">
        <ele>20.690996</ele>
        <time>2026-07-03T13:17:45.996Z</time>
      </trkpt>
      <trkpt lat="47.821300" lon="-4.280411">
        <ele>20.204420</ele>
        <time>2026-07-03T13:18:36.520Z</time>
      </trkpt>
      <trkpt lat="47.821299" lon="-4.280314">
        <ele>20.175314</ele>
        <time>2026-07-03T13:18:39.155Z</time>
      </trkpt>
      <trkpt lat="47.821088" lon="-4.280260">
        <ele>20.079650</ele>
        <time>2026-07-03T13:18:49.285Z</time>
      </trkpt>
      <trkpt lat="47.821023" lon="-4.279992">
        <ele>19.994158</ele>
        <time>2026-07-03T13:18:58.380Z</time>
      </trkpt>
      <trkpt lat="47.820948" lon="-4.279946">
        <ele>19.957914</ele>
        <time>2026-07-03T13:19:02.276Z</time>
      </trkpt>
      <trkpt lat="47.820852" lon="-4.279964">
        <ele>19.914680</ele>
        <time>2026-07-03T13:19:06.893Z</time>
      </trkpt>
      <trkpt lat="47.820731" lon="-4.280095">
        <ele>19.847431</ele>
        <time>2026-07-03T13:19:14.034Z</time>
      </trkpt>
      <trkpt lat="47.820395" lon="-4.280612">
        <ele>19.572732</ele>
        <time>2026-07-03T13:19:37.004Z</time>
      </trkpt>
      <trkpt lat="47.820146" lon="-4.280861">
        <ele>19.402196</ele>
        <time>2026-07-03T13:19:51.186Z</time>
      </trkpt>
      <trkpt lat="47.820089" lon="-4.281041">
        <ele>19.326215</ele>
        <time>2026-07-03T13:19:57.487Z</time>
      </trkpt>
      <trkpt lat="47.820036" lon="-4.281541">
        <ele>19.132955</ele>
        <time>2026-07-03T13:20:13.609Z</time>
      </trkpt>
      <trkpt lat="47.819967" lon="-4.281702">
        <ele>19.060033</ele>
        <time>2026-07-03T13:20:19.740Z</time>
      </trkpt>
      <trkpt lat="47.819800" lon="-4.281874">
        <ele>18.944583</ele>
        <time>2026-07-03T13:20:29.478Z</time>
      </trkpt>
      <trkpt lat="47.819618" lon="-4.281926">
        <ele>18.839211</ele>
        <time>2026-07-03T13:20:38.412Z</time>
      </trkpt>
      <trkpt lat="47.819447" lon="-4.281934">
        <ele>18.793995</ele>
        <time>2026-07-03T13:20:46.658Z</time>
      </trkpt>
      <trkpt lat="47.819318" lon="-4.281902">
        <ele>18.765348</ele>
        <time>2026-07-03T13:20:52.934Z</time>
      </trkpt>
      <trkpt lat="47.819015" lon="-4.282013">
        <ele>18.696997</ele>
        <time>2026-07-03T13:21:07.948Z</time>
      </trkpt>
      <trkpt lat="47.818720" lon="-4.282153">
        <ele>18.629175</ele>
        <time>2026-07-03T13:21:22.943Z</time>
      </trkpt>
      <trkpt lat="47.818061" lon="-4.282611">
        <ele>18.469875</ele>
        <time>2026-07-03T13:21:58.078Z</time>
      </trkpt>
      <trkpt lat="47.817893" lon="-4.282632">
        <ele>18.432945</ele>
        <time>2026-07-03T13:22:06.148Z</time>
      </trkpt>
      <trkpt lat="47.817804" lon="-4.282610">
        <ele>18.293653</ele>
        <time>2026-07-03T13:22:10.466Z</time>
      </trkpt>
      <trkpt lat="47.817664" lon="-4.282512">
        <ele>18.051449</ele>
        <time>2026-07-03T13:22:17.830Z</time>
      </trkpt>
      <trkpt lat="47.817016" lon="-4.282271">
        <ele>17.005720</ele>
        <time>2026-07-03T13:22:48.828Z</time>
      </trkpt>
      <trkpt lat="47.816935" lon="-4.282531">
        <ele>16.704379</ele>
        <time>2026-07-03T13:22:56.285Z</time>
      </trkpt>
      <trkpt lat="47.816483" lon="-4.283529">
        <ele>15.588510</ele>
        <time>2026-07-03T13:23:27.658Z</time>
      </trkpt>
      <trkpt lat="47.816140" lon="-4.283495">
        <ele>15.503740</ele>
        <time>2026-07-03T13:23:41.359Z</time>
      </trkpt>
      <trkpt lat="47.816058" lon="-4.283518">
        <ele>15.483163</ele>
        <time>2026-07-03T13:23:44.717Z</time>
      </trkpt>
      <trkpt lat="47.815910" lon="-4.283643">
        <ele>15.441206</ele>
        <time>2026-07-03T13:23:51.684Z</time>
      </trkpt>
      <trkpt lat="47.815585" lon="-4.284122">
        <ele>15.328447</ele>
        <time>2026-07-03T13:24:10.627Z</time>
      </trkpt>
      <trkpt lat="47.815147" lon="-4.284500">
        <ele>15.203611</ele>
        <time>2026-07-03T13:24:32.126Z</time>
      </trkpt>
      <trkpt lat="47.815032" lon="-4.284650">
        <ele>15.159869</ele>
        <time>2026-07-03T13:24:38.647Z</time>
      </trkpt>
      <trkpt lat="47.814339" lon="-4.283781">
        <ele>14.745075</ele>
        <time>2026-07-03T13:25:16.253Z</time>
      </trkpt>
      <trkpt lat="47.813938" lon="-4.283376">
        <ele>14.523237</ele>
        <time>2026-07-03T13:25:35.565Z</time>
      </trkpt>
      <trkpt lat="47.812699" lon="-4.282202">
        <ele>12.988695</ele>
        <time>2026-07-03T13:26:33.521Z</time>
      </trkpt>
      <trkpt lat="47.812396" lon="-4.281968">
        <ele>12.562200</ele>
        <time>2026-07-03T13:26:47.136Z</time>
      </trkpt>
      <trkpt lat="47.812104" lon="-4.281779">
        <ele>12.164361</ele>
        <time>2026-07-03T13:26:59.940Z</time>
      </trkpt>
      <trkpt lat="47.811868" lon="-4.281679">
        <ele>12.099393</ele>
        <time>2026-07-03T13:27:09.938Z</time>
      </trkpt>
      <trkpt lat="47.811555" lon="-4.281631">
        <ele>12.095159</ele>
        <time>2026-07-03T13:27:22.854Z</time>
      </trkpt>
      <trkpt lat="47.811150" lon="-4.281616">
        <ele>12.089709</ele>
        <time>2026-07-03T13:27:39.738Z</time>
      </trkpt>
      <trkpt lat="47.810571" lon="-4.281508">
        <ele>12.081859</ele>
        <time>2026-07-03T13:28:03.988Z</time>
      </trkpt>
      <trkpt lat="47.810316" lon="-4.281441">
        <ele>12.078375</ele>
        <time>2026-07-03T13:28:14.671Z</time>
      </trkpt>
      <trkpt lat="47.810003" lon="-4.281301">
        <ele>12.016275</ele>
        <time>2026-07-03T13:28:27.989Z</time>
      </trkpt>
      <trkpt lat="47.809583" lon="-4.281093">
        <ele>11.920985</ele>
        <time>2026-07-03T13:28:45.931Z</time>
      </trkpt>
      <trkpt lat="47.809473" lon="-4.281069">
        <ele>11.897051</ele>
        <time>2026-07-03T13:28:50.459Z</time>
      </trkpt>
      <trkpt lat="47.809482" lon="-4.280940">
        <ele>11.878299</ele>
        <time>2026-07-03T13:28:54.594Z</time>
      </trkpt>
      <trkpt lat="47.809389" lon="-4.280382">
        <ele>11.795174</ele>
        <time>2026-07-03T13:29:12.942Z</time>
      </trkpt>
      <trkpt lat="47.809315" lon="-4.279797">
        <ele>11.709104</ele>
        <time>2026-07-03T13:29:32.139Z</time>
      </trkpt>
      <trkpt lat="47.809226" lon="-4.279552">
        <ele>11.735666</ele>
        <time>2026-07-03T13:29:41.270Z</time>
      </trkpt>
      <trkpt lat="47.809179" lon="-4.279503">
        <ele>11.761229</ele>
        <time>2026-07-03T13:29:44.048Z</time>
      </trkpt>
      <trkpt lat="47.808843" lon="-4.279344">
        <ele>11.918312</ele>
        <time>2026-07-03T13:30:01.551Z</time>
      </trkpt>
      <trkpt lat="47.808741" lon="-4.279259">
        <ele>11.970392</ele>
        <time>2026-07-03T13:30:07.403Z</time>
      </trkpt>
      <trkpt lat="47.808445" lon="-4.279081">
        <ele>12.112624</ele>
        <time>2026-07-03T13:30:21.069Z</time>
      </trkpt>
      <trkpt lat="47.807874" lon="-4.278672">
        <ele>12.394940</ele>
        <time>2026-07-03T13:30:47.615Z</time>
      </trkpt>
      <trkpt lat="47.807649" lon="-4.278493">
        <ele>12.476976</ele>
        <time>2026-07-03T13:30:58.172Z</time>
      </trkpt>
      <trkpt lat="47.807276" lon="-4.278274">
        <ele>12.315558</ele>
        <time>2026-07-03T13:31:14.581Z</time>
      </trkpt>
      <trkpt lat="47.807257" lon="-4.278114">
        <ele>12.271625</ele>
        <time>2026-07-03T13:31:19.037Z</time>
      </trkpt>
      <trkpt lat="47.807204" lon="-4.277967">
        <ele>12.226513</ele>
        <time>2026-07-03T13:31:23.586Z</time>
      </trkpt>
      <trkpt lat="47.806520" lon="-4.277317">
        <ele>11.899837</ele>
        <time>2026-07-03T13:31:56.367Z</time>
      </trkpt>
      <trkpt lat="47.806312" lon="-4.277142">
        <ele>11.803654</ele>
        <time>2026-07-03T13:32:06.031Z</time>
      </trkpt>
      <trkpt lat="47.805721" lon="-4.276777">
        <ele>10.965883</ele>
        <time>2026-07-03T13:32:32.008Z</time>
      </trkpt>
      <trkpt lat="47.804710" lon="-4.276242">
        <ele>9.404056</ele>
        <time>2026-07-03T13:33:14.347Z</time>
      </trkpt>
      <trkpt lat="47.804605" lon="-4.276188">
        <ele>9.242354</ele>
        <time>2026-07-03T13:33:18.606Z</time>
      </trkpt>
      <trkpt lat="47.804956" lon="-4.275316">
        <ele>7.768964</ele>
        <time>2026-07-03T13:33:44.863Z</time>
      </trkpt>
      <trkpt lat="47.805036" lon="-4.275047">
        <ele>7.328329</ele>
        <time>2026-07-03T13:33:52.496Z</time>
      </trkpt>
      <trkpt lat="47.805168" lon="-4.274411">
        <ele>6.331292</ele>
        <time>2026-07-03T13:34:09.771Z</time>
      </trkpt>
      <trkpt lat="47.805013" lon="-4.274644">
        <ele>5.840106</ele>
        <time>2026-07-03T13:34:18.362Z</time>
      </trkpt>
      <trkpt lat="47.804953" lon="-4.274774">
        <ele>5.603853</ele>
        <time>2026-07-03T13:34:23.215Z</time>
      </trkpt>
      <trkpt lat="47.804906" lon="-4.274819">
        <ele>5.479241</ele>
        <time>2026-07-03T13:34:25.796Z</time>
      </trkpt>
      <trkpt lat="47.804693" lon="-4.274862">
        <ele>5.109513</ele>
        <time>2026-07-03T13:34:35.753Z</time>
      </trkpt>
      <trkpt lat="47.804548" lon="-4.275028">
        <ele>5.023598</ele>
        <time>2026-07-03T13:34:44.319Z</time>
      </trkpt>
      <trkpt lat="47.804465" lon="-4.275082">
        <ele>4.981052</ele>
        <time>2026-07-03T13:34:48.549Z</time>
      </trkpt>
      <trkpt lat="47.804423" lon="-4.275032">
        <ele>4.955793</ele>
        <time>2026-07-03T13:34:51.093Z</time>
      </trkpt>
      <trkpt lat="47.804429" lon="-4.274994">
        <ele>4.943478</ele>
        <time>2026-07-03T13:34:52.322Z</time>
      </trkpt>
      <trkpt lat="47.804351" lon="-4.275004">
        <ele>4.906705</ele>
        <time>2026-07-03T13:34:56.054Z</time>
      </trkpt>
      <trkpt lat="47.804221" lon="-4.274950">
        <ele>4.843311</ele>
        <time>2026-07-03T13:35:02.489Z</time>
      </trkpt>
      <trkpt lat="47.804185" lon="-4.275004">
        <ele>4.819308</ele>
        <time>2026-07-03T13:35:04.947Z</time>
      </trkpt>
      <trkpt lat="47.804075" lon="-4.274916">
        <ele>4.760653</ele>
        <time>2026-07-03T13:35:10.918Z</time>
      </trkpt>
      <trkpt lat="47.803959" lon="-4.274911">
        <ele>4.706144</ele>
        <time>2026-07-03T13:35:16.499Z</time>
      </trkpt>
      <trkpt lat="47.803845" lon="-4.274830">
        <ele>4.646812</ele>
        <time>2026-07-03T13:35:22.564Z</time>
      </trkpt>
      <trkpt lat="47.803643" lon="-4.274747">
        <ele>4.548384</ele>
        <time>2026-07-03T13:35:32.646Z</time>
      </trkpt>
      <trkpt lat="47.803585" lon="-4.274741">
        <ele>4.521075</ele>
        <time>2026-07-03T13:35:35.450Z</time>
      </trkpt>
      <trkpt lat="47.803510" lon="-4.274798">
        <ele>4.481523</ele>
        <time>2026-07-03T13:35:39.529Z</time>
      </trkpt>
      <trkpt lat="47.803428" lon="-4.274808">
        <ele>4.442877</ele>
        <time>2026-07-03T13:35:43.509Z</time>
      </trkpt>
      <trkpt lat="47.803294" lon="-4.274871">
        <ele>4.376873</ele>
        <time>2026-07-03T13:35:50.387Z</time>
      </trkpt>
      <trkpt lat="47.803080" lon="-4.274893">
        <ele>4.287508</ele>
        <time>2026-07-03T13:36:00.904Z</time>
      </trkpt>
      <trkpt lat="47.802938" lon="-4.274820">
        <ele>4.262092</ele>
        <time>2026-07-03T13:36:08.302Z</time>
      </trkpt>
      <trkpt lat="47.802804" lon="-4.274814">
        <ele>4.239410</ele>
        <time>2026-07-03T13:36:14.956Z</time>
      </trkpt>
      <trkpt lat="47.802505" lon="-4.274614">
        <ele>4.183952</ele>
        <time>2026-07-03T13:36:31.056Z</time>
      </trkpt>
      <trkpt lat="47.802474" lon="-4.274575">
        <ele>4.177086</ele>
        <time>2026-07-03T13:36:33.042Z</time>
      </trkpt>
      <trkpt lat="47.802444" lon="-4.274442">
        <ele>4.161142</ele>
        <time>2026-07-03T13:36:37.649Z</time>
      </trkpt>
      <trkpt lat="47.802360" lon="-4.274317">
        <ele>4.141048</ele>
        <time>2026-07-03T13:36:43.388Z</time>
      </trkpt>
      <trkpt lat="47.801922" lon="-4.273969">
        <ele>4.057052</ele>
        <time>2026-07-03T13:37:07.280Z</time>
      </trkpt>
      <trkpt lat="47.801906" lon="-4.273924">
        <ele>4.051266</ele>
        <time>2026-07-03T13:37:08.881Z</time>
      </trkpt>
      <trkpt lat="47.801852" lon="-4.273890">
        <ele>4.041346</ele>
        <time>2026-07-03T13:37:11.718Z</time>
      </trkpt>
      <trkpt lat="47.801801" lon="-4.273790">
        <ele>4.027078</ele>
        <time>2026-07-03T13:37:15.722Z</time>
      </trkpt>
      <trkpt lat="47.801760" lon="-4.273627">
        <ele>4.007298</ele>
        <time>2026-07-03T13:37:21.265Z</time>
      </trkpt>
      <trkpt lat="47.801694" lon="-4.273556">
        <ele>3.993521</ele>
        <time>2026-07-03T13:37:25.059Z</time>
      </trkpt>
      <trkpt lat="47.801577" lon="-4.273313">
        <ele>3.782578</ele>
        <time>2026-07-03T13:37:34.377Z</time>
      </trkpt>
      <trkpt lat="47.801509" lon="-4.273420">
        <ele>3.667325</ele>
        <time>2026-07-03T13:37:38.280Z</time>
      </trkpt>
      <trkpt lat="47.801265" lon="-4.273397">
        <ele>3.382532</ele>
        <time>2026-07-03T13:37:47.999Z</time>
      </trkpt>
      <trkpt lat="47.801191" lon="-4.273354">
        <ele>3.290000</ele>
        <time>2026-07-03T13:37:51.114Z</time>
      </trkpt>
      <trkpt lat="47.801051" lon="-4.273092">
        <ele>3.028047</ele>
        <time>2026-07-03T13:38:00.082Z</time>
      </trkpt>
      <trkpt lat="47.800806" lon="-4.272816">
        <ele>2.670161</ele>
        <time>2026-07-03T13:38:12.267Z</time>
      </trkpt>
      <trkpt lat="47.800769" lon="-4.272780">
        <ele>2.618673</ele>
        <time>2026-07-03T13:38:13.994Z</time>
      </trkpt>
      <trkpt lat="47.800729" lon="-4.272742">
        <ele>2.563400</ele>
        <time>2026-07-03T13:38:15.880Z</time>
      </trkpt>
      <trkpt lat="47.800819" lon="-4.272508">
        <ele>2.352419</ele>
        <time>2026-07-03T13:38:23.125Z</time>
      </trkpt>
      <trkpt lat="47.800832" lon="-4.272414">
        <ele>2.277326</ele>
        <time>2026-07-03T13:38:25.699Z</time>
      </trkpt>
      <trkpt lat="47.800804" lon="-4.272254">
        <ele>2.147957</ele>
        <time>2026-07-03T13:38:30.135Z</time>
      </trkpt>
      <trkpt lat="47.800838" lon="-4.272195">
        <ele>2.087132</ele>
        <time>2026-07-03T13:38:32.201Z</time>
      </trkpt>
      <trkpt lat="47.800622" lon="-4.271926">
        <ele>1.884846</ele>
        <time>2026-07-03T13:38:43.408Z</time>
      </trkpt>
      <trkpt lat="47.800078" lon="-4.271473">
        <ele>1.833257</ele>
        <time>2026-07-03T13:39:08.816Z</time>
      </trkpt>
      <trkpt lat="47.799875" lon="-4.271344">
        <ele>1.814990</ele>
        <time>2026-07-03T13:39:17.912Z</time>
      </trkpt>
      <trkpt lat="47.799476" lon="-4.271156">
        <ele>1.780353</ele>
        <time>2026-07-03T13:39:35.212Z</time>
      </trkpt>
      <trkpt lat="47.799045" lon="-4.271078">
        <ele>1.754110</ele>
        <time>2026-07-03T13:39:53.285Z</time>
      </trkpt>
      <trkpt lat="47.798750" lon="-4.271089">
        <ele>1.929855</ele>
        <time>2026-07-03T13:40:05.678Z</time>
      </trkpt>
      <trkpt lat="47.798601" lon="-4.271095">
        <ele>2.018625</ele>
        <time>2026-07-03T13:40:11.982Z</time>
      </trkpt>
      <trkpt lat="47.798195" lon="-4.271143">
        <ele>2.261182</ele>
        <time>2026-07-03T13:40:29.218Z</time>
      </trkpt>
      <trkpt lat="47.797860" lon="-4.271163">
        <ele>2.460854</ele>
        <time>2026-07-03T13:40:43.244Z</time>
      </trkpt>
      <trkpt lat="47.797703" lon="-4.271172">
        <ele>2.554426</ele>
        <time>2026-07-03T13:40:49.834Z</time>
      </trkpt>
      <trkpt lat="47.797682" lon="-4.271289">
        <ele>2.602876</ele>
        <time>2026-07-03T13:40:53.255Z</time>
      </trkpt>
      <trkpt lat="47.797657" lon="-4.271332">
        <ele>2.625627</ele>
        <time>2026-07-03T13:40:54.851Z</time>
      </trkpt>
      <trkpt lat="47.797550" lon="-4.271366">
        <ele>2.690787</ele>
        <time>2026-07-03T13:40:59.481Z</time>
      </trkpt>
      <trkpt lat="47.797574" lon="-4.272136">
        <ele>2.819117</ele>
        <time>2026-07-03T13:41:21.308Z</time>
      </trkpt>
      <trkpt lat="47.797567" lon="-4.272434">
        <ele>2.820635</ele>
        <time>2026-07-03T13:41:29.669Z</time>
      </trkpt>
      <trkpt lat="47.797518" lon="-4.272704">
        <ele>2.822059</ele>
        <time>2026-07-03T13:41:37.527Z</time>
      </trkpt>
      <trkpt lat="47.797470" lon="-4.272828">
        <ele>2.822788</ele>
        <time>2026-07-03T13:41:41.559Z</time>
      </trkpt>
      <trkpt lat="47.797249" lon="-4.273155">
        <ele>2.825150</ele>
        <time>2026-07-03T13:41:54.395Z</time>
      </trkpt>
      <trkpt lat="47.797069" lon="-4.273400">
        <ele>2.826998</ele>
        <time>2026-07-03T13:42:04.360Z</time>
      </trkpt>
      <trkpt lat="47.797065" lon="-4.273439">
        <ele>2.827199</ele>
        <time>2026-07-03T13:42:05.426Z</time>
      </trkpt>
      <trkpt lat="47.797010" lon="-4.273495">
        <ele>2.827704</ele>
        <time>2026-07-03T13:42:08.136Z</time>
      </trkpt>
      <trkpt lat="47.796914" lon="-4.273509">
        <ele>2.828435</ele>
        <time>2026-07-03T13:42:12.084Z</time>
      </trkpt>
      <trkpt lat="47.796835" lon="-4.273489">
        <ele>2.829043</ele>
        <time>2026-07-03T13:42:15.326Z</time>
      </trkpt>
      <trkpt lat="47.796712" lon="-4.273459">
        <ele>2.829987</ele>
        <time>2026-07-03T13:42:20.331Z</time>
      </trkpt>
      <trkpt lat="47.796548" lon="-4.273417">
        <ele>2.701089</ele>
        <time>2026-07-03T13:42:27.027Z</time>
      </trkpt>
      <trkpt lat="47.796379" lon="-4.273389">
        <ele>2.497777</ele>
        <time>2026-07-03T13:42:33.787Z</time>
      </trkpt>
      <trkpt lat="47.796333" lon="-4.273381">
        <ele>2.442403</ele>
        <time>2026-07-03T13:42:35.658Z</time>
      </trkpt>
      <trkpt lat="47.796262" lon="-4.273515">
        <ele>2.305325</ele>
        <time>2026-07-03T13:42:40.187Z</time>
      </trkpt>
      <trkpt lat="47.796289" lon="-4.273543">
        <ele>2.265982</ele>
        <time>2026-07-03T13:42:41.518Z</time>
      </trkpt>
      <trkpt lat="47.796336" lon="-4.273591">
        <ele>2.197833</ele>
        <time>2026-07-03T13:42:43.750Z</time>
      </trkpt>
      <trkpt lat="47.796367" lon="-4.273646">
        <ele>2.140167</ele>
        <time>2026-07-03T13:42:45.649Z</time>
      </trkpt>
      <trkpt lat="47.796456" lon="-4.273698">
        <ele>2.025852</ele>
        <time>2026-07-03T13:42:49.426Z</time>
      </trkpt>
      <trkpt lat="47.796546" lon="-4.273811">
        <ele>1.885078</ele>
        <time>2026-07-03T13:42:54.117Z</time>
      </trkpt>
      <trkpt lat="47.796719" lon="-4.274084">
        <ele>1.583639</ele>
        <time>2026-07-03T13:43:04.087Z</time>
      </trkpt>
      <trkpt lat="47.796826" lon="-4.274308">
        <ele>1.362876</ele>
        <time>2026-07-03T13:43:11.426Z</time>
      </trkpt>
      <trkpt lat="47.796905" lon="-4.274550">
        <ele>1.146769</ele>
        <time>2026-07-03T13:43:18.582Z</time>
      </trkpt>
      <trkpt lat="47.796908" lon="-4.274561">
        <ele>1.137233</ele>
        <time>2026-07-03T13:43:18.917Z</time>
      </trkpt>
      <trkpt lat="47.796996" lon="-4.275028">
        <ele>0.747667</ele>
        <time>2026-07-03T13:43:31.928Z</time>
      </trkpt>
      <trkpt lat="47.796999" lon="-4.275067">
        <ele>0.716138</ele>
        <time>2026-07-03T13:43:32.976Z</time>
      </trkpt>
      <trkpt lat="47.797022" lon="-4.275573">
        <ele>0.564872</ele>
        <time>2026-07-03T13:43:46.654Z</time>
      </trkpt>
      <trkpt lat="47.796986" lon="-4.275567">
        <ele>0.551447</ele>
        <time>2026-07-03T13:43:48.143Z</time>
      </trkpt>
      <trkpt lat="47.796972" lon="-4.275719">
        <ele>0.513254</ele>
        <time>2026-07-03T13:43:52.330Z</time>
      </trkpt>
      <trkpt lat="47.796956" lon="-4.275718">
        <ele>0.507320</ele>
        <time>2026-07-03T13:43:52.958Z</time>
      </trkpt>
      <trkpt lat="47.796828" lon="-4.275861">
        <ele>0.448014</ele>
        <time>2026-07-03T13:43:59.481Z</time>
      </trkpt>
      <trkpt lat="47.796168" lon="-4.276875">
        <ele>0.096531</ele>
        <time>2026-07-03T13:44:38.320Z</time>
      </trkpt>
      <trkpt lat="47.795963" lon="-4.277148">
        <ele>0.013664</ele>
        <time>2026-07-03T13:44:49.589Z</time>
      </trkpt>
      <trkpt lat="47.795916" lon="-4.277112">
        <ele>0.013993</ele>
        <time>2026-07-03T13:44:51.753Z</time>
      </trkpt>
      <trkpt lat="47.795132" lon="-4.279288">
        <ele>0.024336</ele>
        <time>2026-07-03T13:45:59.903Z</time>
      </trkpt>
      <trkpt lat="47.794609" lon="-4.280541">
        <ele>0.064553</ele>
        <time>2026-07-03T13:46:40.669Z</time>
      </trkpt>
      <trkpt lat="47.794206" lon="-4.281159">
        <ele>0.088792</ele>
        <time>2026-07-03T13:47:04.425Z</time>
      </trkpt>
      <trkpt lat="47.793782" lon="-4.281823">
        <ele>0.098337</ele>
        <time>2026-07-03T13:47:29.692Z</time>
      </trkpt>
      <trkpt lat="47.793549" lon="-4.282177">
        <ele>0.096836</ele>
        <time>2026-07-03T13:47:43.347Z</time>
      </trkpt>
      <trkpt lat="47.793363" lon="-4.282459">
        <ele>0.095639</ele>
        <time>2026-07-03T13:47:54.235Z</time>
      </trkpt>
      <trkpt lat="47.793172" lon="-4.282750">
        <ele>0.094407</ele>
        <time>2026-07-03T13:48:05.440Z</time>
      </trkpt>
      <trkpt lat="47.793165" lon="-4.282814">
        <ele>0.094211</ele>
        <time>2026-07-03T13:48:07.233Z</time>
      </trkpt>
      <trkpt lat="47.793213" lon="-4.282867">
        <ele>0.093941</ele>
        <time>2026-07-03T13:48:09.719Z</time>
      </trkpt>
      <trkpt lat="47.793201" lon="-4.282896">
        <ele>0.093838</ele>
        <time>2026-07-03T13:48:10.654Z</time>
      </trkpt>
      <trkpt lat="47.793158" lon="-4.282858">
        <ele>0.093613</ele>
        <time>2026-07-03T13:48:12.711Z</time>
      </trkpt>
      <trkpt lat="47.793148" lon="-4.282885">
        <ele>0.093520</ele>
        <time>2026-07-03T13:48:13.559Z</time>
      </trkpt>
      <trkpt lat="47.793189" lon="-4.282919">
        <ele>0.093308</ele>
        <time>2026-07-03T13:48:15.501Z</time>
      </trkpt>
      <trkpt lat="47.793173" lon="-4.282963">
        <ele>0.093156</ele>
        <time>2026-07-03T13:48:16.870Z</time>
      </trkpt>
      <trkpt lat="47.793140" lon="-4.282934">
        <ele>0.092984</ele>
        <time>2026-07-03T13:48:18.452Z</time>
      </trkpt>
      <trkpt lat="47.792893" lon="-4.283518">
        <ele>0.175885</ele>
        <time>2026-07-03T13:48:37.540Z</time>
      </trkpt>
      <trkpt lat="47.792829" lon="-4.283674">
        <ele>0.226883</ele>
        <time>2026-07-03T13:48:42.626Z</time>
      </trkpt>
      <trkpt lat="47.792649" lon="-4.284070">
        <ele>0.360279</ele>
        <time>2026-07-03T13:48:56.020Z</time>
      </trkpt>
      <trkpt lat="47.792621" lon="-4.284145">
        <ele>0.384218</ele>
        <time>2026-07-03T13:48:58.409Z</time>
      </trkpt>
      <trkpt lat="47.792519" lon="-4.284819">
        <ele>0.576976</ele>
        <time>2026-07-03T13:49:17.661Z</time>
      </trkpt>
      <trkpt lat="47.792467" lon="-4.285224">
        <ele>0.692016</ele>
        <time>2026-07-03T13:49:29.207Z</time>
      </trkpt>
      <trkpt lat="47.792606" lon="-4.285269">
        <ele>0.751092</ele>
        <time>2026-07-03T13:49:35.074Z</time>
      </trkpt>
      <trkpt lat="47.792603" lon="-4.285319">
        <ele>0.765097</ele>
        <time>2026-07-03T13:49:36.450Z</time>
      </trkpt>
      <trkpt lat="47.792603" lon="-4.285331">
        <ele>0.768445</ele>
        <time>2026-07-03T13:49:36.781Z</time>
      </trkpt>
      <trkpt lat="47.792602" lon="-4.285342">
        <ele>0.771542</ele>
        <time>2026-07-03T13:49:37.098Z</time>
      </trkpt>
      <trkpt lat="47.792599" lon="-4.285391">
        <ele>0.785270</ele>
        <time>2026-07-03T13:49:38.441Z</time>
      </trkpt>
      <trkpt lat="47.792604" lon="-4.285392">
        <ele>0.787365</ele>
        <time>2026-07-03T13:49:38.655Z</time>
      </trkpt>
      <trkpt lat="47.792643" lon="-4.285401">
        <ele>0.803755</ele>
        <time>2026-07-03T13:49:40.314Z</time>
      </trkpt>
      <trkpt lat="47.792644" lon="-4.285489">
        <ele>0.828310</ele>
        <time>2026-07-03T13:49:42.767Z</time>
      </trkpt>
      <trkpt lat="47.792624" lon="-4.285640">
        <ele>0.891145</ele>
        <time>2026-07-03T13:49:47.184Z</time>
      </trkpt>
      <trkpt lat="47.793077" lon="-4.285895">
        <ele>1.215466</ele>
        <time>2026-07-03T13:50:08.305Z</time>
      </trkpt>
      <trkpt lat="47.793145" lon="-4.285876">
        <ele>1.261798</ele>
        <time>2026-07-03T13:50:11.240Z</time>
      </trkpt>
      <trkpt lat="47.793144" lon="-4.286094">
        <ele>1.359874</ele>
        <time>2026-07-03T13:50:17.480Z</time>
      </trkpt>
      <trkpt lat="47.793186" lon="-4.286385">
        <ele>1.493777</ele>
        <time>2026-07-03T13:50:25.909Z</time>
      </trkpt>
      <trkpt lat="47.793273" lon="-4.286476">
        <ele>1.564982</ele>
        <time>2026-07-03T13:50:30.383Z</time>
      </trkpt>
      <trkpt lat="47.793508" lon="-4.286536">
        <ele>1.724650</ele>
        <time>2026-07-03T13:50:40.338Z</time>
      </trkpt>
      <trkpt lat="47.793475" lon="-4.286902">
        <ele>1.890781</ele>
        <time>2026-07-03T13:50:50.649Z</time>
      </trkpt>
      <trkpt lat="47.793430" lon="-4.287239">
        <ele>2.042141</ele>
        <time>2026-07-03T13:51:00.175Z</time>
      </trkpt>
      <trkpt lat="47.793384" lon="-4.287894">
        <ele>1.888143</ele>
        <time>2026-07-03T13:51:18.543Z</time>
      </trkpt>
      <trkpt lat="47.793309" lon="-4.288767">
        <ele>1.682341</ele>
        <time>2026-07-03T13:51:42.393Z</time>
      </trkpt>
      <trkpt lat="47.793254" lon="-4.289544">
        <ele>1.499643</ele>
        <time>2026-07-03T13:52:03.609Z</time>
      </trkpt>
      <trkpt lat="47.793230" lon="-4.289873">
        <ele>1.422258</ele>
        <time>2026-07-03T13:52:12.637Z</time>
      </trkpt>
      <trkpt lat="47.793230" lon="-4.289970">
        <ele>1.422220</ele>
        <time>2026-07-03T13:52:15.288Z</time>
      </trkpt>
      <trkpt lat="47.793095" lon="-4.290674">
        <ele>1.471206</ele>
        <time>2026-07-03T13:52:35.276Z</time>
      </trkpt>
      <trkpt lat="47.793003" lon="-4.290980">
        <ele>1.493637</ele>
        <time>2026-07-03T13:52:44.436Z</time>
      </trkpt>
      <trkpt lat="47.792563" lon="-4.291515">
        <ele>1.550221</ele>
        <time>2026-07-03T13:53:07.761Z</time>
      </trkpt>
      <trkpt lat="47.792237" lon="-4.291838">
        <ele>1.589224</ele>
        <time>2026-07-03T13:53:24.226Z</time>
      </trkpt>
      <trkpt lat="47.792202" lon="-4.291906">
        <ele>1.594956</ele>
        <time>2026-07-03T13:53:26.637Z</time>
      </trkpt>
      <trkpt lat="47.792195" lon="-4.291993">
        <ele>1.651174</ele>
        <time>2026-07-03T13:53:29.150Z</time>
      </trkpt>
      <trkpt lat="47.792328" lon="-4.292365">
        <ele>1.994917</ele>
        <time>2026-07-03T13:53:41.363Z</time>
      </trkpt>
      <trkpt lat="47.792479" lon="-4.292674">
        <ele>2.306601</ele>
        <time>2026-07-03T13:53:52.651Z</time>
      </trkpt>
      <trkpt lat="47.792738" lon="-4.292991">
        <ele>2.713737</ele>
        <time>2026-07-03T13:54:07.477Z</time>
      </trkpt>
      <trkpt lat="47.792779" lon="-4.293036">
        <ele>2.775589</ele>
        <time>2026-07-03T13:54:09.730Z</time>
      </trkpt>
      <trkpt lat="47.792949" lon="-4.293124">
        <ele>2.994128</ele>
        <time>2026-07-03T13:54:17.631Z</time>
      </trkpt>
      <trkpt lat="47.793109" lon="-4.293172">
        <ele>3.192305</ele>
        <time>2026-07-03T13:54:24.799Z</time>
      </trkpt>
      <trkpt lat="47.793296" lon="-4.293181">
        <ele>3.419478</ele>
        <time>2026-07-03T13:54:32.795Z</time>
      </trkpt>
      <trkpt lat="47.793411" lon="-4.293140">
        <ele>3.563059</ele>
        <time>2026-07-03T13:54:37.782Z</time>
      </trkpt>
      <trkpt lat="47.793484" lon="-4.293181">
        <ele>3.657795</ele>
        <time>2026-07-03T13:54:41.066Z</time>
      </trkpt>
      <trkpt lat="47.793949" lon="-4.293194">
        <ele>3.613808</ele>
        <time>2026-07-03T13:55:00.405Z</time>
      </trkpt>
      <trkpt lat="47.793963" lon="-4.293195">
        <ele>3.607404</ele>
        <time>2026-07-03T13:55:00.987Z</time>
      </trkpt>
      <trkpt lat="47.794051" lon="-4.293199">
        <ele>3.567182</ele>
        <time>2026-07-03T13:55:04.618Z</time>
      </trkpt>
      <trkpt lat="47.794292" lon="-4.293210">
        <ele>3.457027</ele>
        <time>2026-07-03T13:55:14.418Z</time>
      </trkpt>
      <trkpt lat="47.794626" lon="-4.293096">
        <ele>3.300476</ele>
        <time>2026-07-03T13:55:28.189Z</time>
      </trkpt>
      <trkpt lat="47.794682" lon="-4.293075">
        <ele>3.274092</ele>
        <time>2026-07-03T13:55:30.504Z</time>
      </trkpt>
      <trkpt lat="47.795015" lon="-4.292951">
        <ele>3.117270</ele>
        <time>2026-07-03T13:55:44.200Z</time>
      </trkpt>
      <trkpt lat="47.795040" lon="-4.293134">
        <ele>3.059956</ele>
        <time>2026-07-03T13:55:49.189Z</time>
      </trkpt>
      <trkpt lat="47.795341" lon="-4.293079">
        <ele>2.901954</ele>
        <time>2026-07-03T13:56:01.375Z</time>
      </trkpt>
      <trkpt lat="47.795590" lon="-4.293026">
        <ele>2.726752</ele>
        <time>2026-07-03T13:56:11.567Z</time>
      </trkpt>
      <trkpt lat="47.795634" lon="-4.292939">
        <ele>2.675796</ele>
        <time>2026-07-03T13:56:14.521Z</time>
      </trkpt>
      <trkpt lat="47.795670" lon="-4.292937">
        <ele>2.650703</ele>
        <time>2026-07-03T13:56:16.005Z</time>
      </trkpt>
      <trkpt lat="47.795727" lon="-4.292972">
        <ele>2.607755</ele>
        <time>2026-07-03T13:56:18.464Z</time>
      </trkpt>
      <trkpt lat="47.795727" lon="-4.292972">
        <ele>2.607755</ele>
        <time>2026-07-03T13:56:18.464Z</time>
      </trkpt>
      <trkpt lat="47.795896" lon="-4.293041">
        <ele>2.485692</ele>
        <time>2026-07-03T13:56:25.503Z</time>
      </trkpt>
      <trkpt lat="47.796464" lon="-4.293176">
        <ele>2.085047</ele>
        <time>2026-07-03T13:56:48.678Z</time>
      </trkpt>
      <trkpt lat="47.796929" lon="-4.293408">
        <ele>1.743449</ele>
        <time>2026-07-03T13:57:08.561Z</time>
      </trkpt>
      <trkpt lat="47.797089" lon="-4.293504">
        <ele>1.691522</ele>
        <time>2026-07-03T13:57:15.563Z</time>
      </trkpt>
      <trkpt lat="47.798062" lon="-4.294491">
        <ele>1.550694</ele>
        <time>2026-07-03T13:58:03.608Z</time>
      </trkpt>
      <trkpt lat="47.798140" lon="-4.294550">
        <ele>1.540229</ele>
        <time>2026-07-03T13:58:07.189Z</time>
      </trkpt>
      <trkpt lat="47.798504" lon="-4.294989">
        <ele>1.512151</ele>
        <time>2026-07-03T13:58:26.603Z</time>
      </trkpt>
      <trkpt lat="47.799073" lon="-4.295539">
        <ele>1.788824</ele>
        <time>2026-07-03T13:58:55.074Z</time>
      </trkpt>
      <trkpt lat="47.799278" lon="-4.295722">
        <ele>1.886305</ele>
        <time>2026-07-03T13:59:05.218Z</time>
      </trkpt>
      <trkpt lat="47.799454" lon="-4.295975">
        <ele>1.986081</ele>
        <time>2026-07-03T13:59:15.539Z</time>
      </trkpt>
      <trkpt lat="47.799748" lon="-4.296500">
        <ele>2.173323</ele>
        <time>2026-07-03T13:59:34.611Z</time>
      </trkpt>
      <trkpt lat="47.799987" lon="-4.296995">
        <ele>2.109353</ele>
        <time>2026-07-03T13:59:51.354Z</time>
      </trkpt>
      <trkpt lat="47.800140" lon="-4.297363">
        <ele>1.992390</ele>
        <time>2026-07-03T14:00:03.167Z</time>
      </trkpt>
      <trkpt lat="47.800189" lon="-4.297541">
        <ele>1.940402</ele>
        <time>2026-07-03T14:00:08.409Z</time>
      </trkpt>
      <trkpt lat="47.800280" lon="-4.298236">
        <ele>1.749040</ele>
        <time>2026-07-03T14:00:27.667Z</time>
      </trkpt>
      <trkpt lat="47.800457" lon="-4.299108">
        <ele>1.502854</ele>
        <time>2026-07-03T14:00:52.381Z</time>
      </trkpt>
      <trkpt lat="47.800556" lon="-4.299409">
        <ele>1.540674</ele>
        <time>2026-07-03T14:01:01.532Z</time>
      </trkpt>
      <trkpt lat="47.800556" lon="-4.299409">
        <ele>1.540674</ele>
        <time>2026-07-03T14:01:01.532Z</time>
      </trkpt>
      <trkpt lat="47.800575" lon="-4.299455">
        <ele>1.547344</ele>
        <time>2026-07-03T14:01:02.997Z</time>
      </trkpt>
      <trkpt lat="47.800631" lon="-4.299599">
        <ele>1.567896</ele>
        <time>2026-07-03T14:01:07.546Z</time>
      </trkpt>
      <trkpt lat="47.800940" lon="-4.300571">
        <ele>1.700720</ele>
        <time>2026-07-03T14:01:37.309Z</time>
      </trkpt>
      <trkpt lat="47.800996" lon="-4.300782">
        <ele>1.728742</ele>
        <time>2026-07-03T14:01:43.701Z</time>
      </trkpt>
      <trkpt lat="47.800998" lon="-4.300885">
        <ele>1.741470</ele>
        <time>2026-07-03T14:01:46.651Z</time>
      </trkpt>
      <trkpt lat="47.800990" lon="-4.300910">
        <ele>1.744890</ele>
        <time>2026-07-03T14:01:47.417Z</time>
      </trkpt>
      <trkpt lat="47.800943" lon="-4.301024">
        <ele>1.761411</ele>
        <time>2026-07-03T14:01:51.191Z</time>
      </trkpt>
      <trkpt lat="47.800953" lon="-4.301554">
        <ele>1.826900</ele>
        <time>2026-07-03T14:02:06.133Z</time>
      </trkpt>
      <trkpt lat="47.801234" lon="-4.302468">
        <ele>2.249902</ele>
        <time>2026-07-03T14:02:34.611Z</time>
      </trkpt>
      <trkpt lat="47.801254" lon="-4.302570">
        <ele>2.295733</ele>
        <time>2026-07-03T14:02:37.649Z</time>
      </trkpt>
      <trkpt lat="47.801275" lon="-4.303178">
        <ele>2.558325</ele>
        <time>2026-07-03T14:02:55.062Z</time>
      </trkpt>
      <trkpt lat="47.801263" lon="-4.303361">
        <ele>2.637632</ele>
        <time>2026-07-03T14:03:00.313Z</time>
      </trkpt>
      <trkpt lat="47.801273" lon="-4.303555">
        <ele>2.721555</ele>
        <time>2026-07-03T14:03:05.819Z</time>
      </trkpt>
      <trkpt lat="47.801365" lon="-4.304599">
        <ele>2.972810</ele>
        <time>2026-07-03T14:03:35.195Z</time>
      </trkpt>
      <trkpt lat="47.801401" lon="-4.305400">
        <ele>2.948527</ele>
        <time>2026-07-03T14:03:57.268Z</time>
      </trkpt>
      <trkpt lat="47.801365" lon="-4.305833">
        <ele>2.935329</ele>
        <time>2026-07-03T14:04:09.258Z</time>
      </trkpt>
      <trkpt lat="47.801354" lon="-4.306552">
        <ele>2.913575</ele>
        <time>2026-07-03T14:04:29.004Z</time>
      </trkpt>
      <trkpt lat="47.801288" lon="-4.307486">
        <ele>2.785548</ele>
        <time>2026-07-03T14:04:54.777Z</time>
      </trkpt>
      <trkpt lat="47.801299" lon="-4.307617">
        <ele>2.761607</ele>
        <time>2026-07-03T14:04:58.382Z</time>
      </trkpt>
      <trkpt lat="47.801379" lon="-4.307941">
        <ele>2.699006</ele>
        <time>2026-07-03T14:05:07.855Z</time>
      </trkpt>
      <trkpt lat="47.801394" lon="-4.308145">
        <ele>2.661790</ele>
        <time>2026-07-03T14:05:13.471Z</time>
      </trkpt>
      <trkpt lat="47.801401" lon="-4.308642">
        <ele>2.571641</ele>
        <time>2026-07-03T14:05:27.063Z</time>
      </trkpt>
      <trkpt lat="47.801402" lon="-4.308650">
        <ele>2.570165</ele>
        <time>2026-07-03T14:05:27.283Z</time>
      </trkpt>
      <trkpt lat="47.801527" lon="-4.309983">
        <ele>2.273567</ele>
        <time>2026-07-03T14:06:04.113Z</time>
      </trkpt>
      <trkpt lat="47.801465" lon="-4.310621">
        <ele>2.090947</ele>
        <time>2026-07-03T14:06:21.740Z</time>
      </trkpt>
      <trkpt lat="47.801370" lon="-4.310719">
        <ele>2.042202</ele>
        <time>2026-07-03T14:06:26.439Z</time>
      </trkpt>
      <trkpt lat="47.801359" lon="-4.311004">
        <ele>1.961331</ele>
        <time>2026-07-03T14:06:34.246Z</time>
      </trkpt>
      <trkpt lat="47.801259" lon="-4.311848">
        <ele>1.718543</ele>
        <time>2026-07-03T14:06:57.559Z</time>
      </trkpt>
      <trkpt lat="47.801036" lon="-4.313242">
        <ele>1.518107</ele>
        <time>2026-07-03T14:07:36.709Z</time>
      </trkpt>
      <trkpt lat="47.800894" lon="-4.314092">
        <ele>1.416369</ele>
        <time>2026-07-03T14:08:00.835Z</time>
      </trkpt>
      <trkpt lat="47.800866" lon="-4.314412">
        <ele>1.378886</ele>
        <time>2026-07-03T14:08:09.751Z</time>
      </trkpt>
      <trkpt lat="47.800883" lon="-4.315131">
        <ele>1.373597</ele>
        <time>2026-07-03T14:08:29.714Z</time>
      </trkpt>
      <trkpt lat="47.800907" lon="-4.315277">
        <ele>1.381174</ele>
        <time>2026-07-03T14:08:33.847Z</time>
      </trkpt>
      <trkpt lat="47.800899" lon="-4.315440">
        <ele>1.389413</ele>
        <time>2026-07-03T14:08:38.392Z</time>
      </trkpt>
      <trkpt lat="47.800847" lon="-4.315608">
        <ele>1.398738</ele>
        <time>2026-07-03T14:08:43.531Z</time>
      </trkpt>
      <trkpt lat="47.800543" lon="-4.316055">
        <ele>1.430804</ele>
        <time>2026-07-03T14:09:01.163Z</time>
      </trkpt>
      <trkpt lat="47.800390" lon="-4.316604">
        <ele>1.460767</ele>
        <time>2026-07-03T14:09:17.556Z</time>
      </trkpt>
      <trkpt lat="47.800339" lon="-4.316839">
        <ele>1.473217</ele>
        <time>2026-07-03T14:09:24.372Z</time>
      </trkpt>
      <trkpt lat="47.800325" lon="-4.317119">
        <ele>1.481637</ele>
        <time>2026-07-03T14:09:32.071Z</time>
      </trkpt>
      <trkpt lat="47.800341" lon="-4.317420">
        <ele>1.461665</ele>
        <time>2026-07-03T14:09:40.373Z</time>
      </trkpt>
      <trkpt lat="47.800343" lon="-4.317816">
        <ele>1.435470</ele>
        <time>2026-07-03T14:09:51.328Z</time>
      </trkpt>
      <trkpt lat="47.800312" lon="-4.317997">
        <ele>1.423115</ele>
        <time>2026-07-03T14:09:56.476Z</time>
      </trkpt>
      <trkpt lat="47.800261" lon="-4.318141">
        <ele>1.412347</ele>
        <time>2026-07-03T14:10:00.981Z</time>
      </trkpt>
      <trkpt lat="47.800072" lon="-4.318662">
        <ele>1.373180</ele>
        <time>2026-07-03T14:10:17.344Z</time>
      </trkpt>
      <trkpt lat="47.799915" lon="-4.319268">
        <ele>1.330217</ele>
        <time>2026-07-03T14:10:35.160Z</time>
      </trkpt>
      <trkpt lat="47.799743" lon="-4.319839">
        <ele>1.297554</ele>
        <time>2026-07-03T14:10:52.230Z</time>
      </trkpt>
      <trkpt lat="47.799611" lon="-4.320177">
        <ele>1.283609</ele>
        <time>2026-07-03T14:11:02.962Z</time>
      </trkpt>
      <trkpt lat="47.799483" lon="-4.320634">
        <ele>1.265949</ele>
        <time>2026-07-03T14:11:16.593Z</time>
      </trkpt>
      <trkpt lat="47.799394" lon="-4.321067">
        <ele>1.249798</ele>
        <time>2026-07-03T14:11:29.061Z</time>
      </trkpt>
      <trkpt lat="47.799361" lon="-4.321239">
        <ele>1.243418</ele>
        <time>2026-07-03T14:11:34.017Z</time>
      </trkpt>
      <trkpt lat="47.799222" lon="-4.321775">
        <ele>1.222924</ele>
        <time>2026-07-03T14:11:49.930Z</time>
      </trkpt>
      <trkpt lat="47.799036" lon="-4.322166">
        <ele>1.237580</ele>
        <time>2026-07-03T14:12:03.249Z</time>
      </trkpt>
      <trkpt lat="47.798930" lon="-4.322329">
        <ele>1.269429</ele>
        <time>2026-07-03T14:12:09.511Z</time>
      </trkpt>
      <trkpt lat="47.798884" lon="-4.322534">
        <ele>1.299771</ele>
        <time>2026-07-03T14:12:15.514Z</time>
      </trkpt>
      <trkpt lat="47.798653" lon="-4.322882">
        <ele>1.368453</ele>
        <time>2026-07-03T14:12:29.105Z</time>
      </trkpt>
      <trkpt lat="47.798453" lon="-4.323525">
        <ele>1.467929</ele>
        <time>2026-07-03T14:12:48.831Z</time>
      </trkpt>
      <trkpt lat="47.798431" lon="-4.323595">
        <ele>1.478778</ele>
        <time>2026-07-03T14:12:50.947Z</time>
      </trkpt>
      <trkpt lat="47.798313" lon="-4.324085">
        <ele>1.551854</ele>
        <time>2026-07-03T14:13:05.407Z</time>
      </trkpt>
      <trkpt lat="47.798245" lon="-4.324446">
        <ele>1.605053</ele>
        <time>2026-07-03T14:13:15.853Z</time>
      </trkpt>
      <trkpt lat="47.798236" lon="-4.324887">
        <ele>1.669134</ele>
        <time>2026-07-03T14:13:28.176Z</time>
      </trkpt>
      <trkpt lat="47.798260" lon="-4.325323">
        <ele>1.732671</ele>
        <time>2026-07-03T14:13:40.399Z</time>
      </trkpt>
      <trkpt lat="47.798271" lon="-4.325386">
        <ele>1.742125</ele>
        <time>2026-07-03T14:13:42.195Z</time>
      </trkpt>
      <trkpt lat="47.798370" lon="-4.325910">
        <ele>1.821184</ele>
        <time>2026-07-03T14:13:57.375Z</time>
      </trkpt>
      <trkpt lat="47.798417" lon="-4.326055">
        <ele>1.844568</ele>
        <time>2026-07-03T14:14:01.852Z</time>
      </trkpt>
      <trkpt lat="47.798456" lon="-4.326294">
        <ele>1.880290</ele>
        <time>2026-07-03T14:14:08.680Z</time>
      </trkpt>
      <trkpt lat="47.798453" lon="-4.326700">
        <ele>1.939261</ele>
        <time>2026-07-03T14:14:19.917Z</time>
      </trkpt>
      <trkpt lat="47.798421" lon="-4.327049">
        <ele>1.965213</ele>
        <time>2026-07-03T14:14:29.686Z</time>
      </trkpt>
      <trkpt lat="47.798390" lon="-4.327882">
        <ele>1.857845</ele>
        <time>2026-07-03T14:14:52.708Z</time>
      </trkpt>
      <trkpt lat="47.798464" lon="-4.328316">
        <ele>1.800220</ele>
        <time>2026-07-03T14:15:04.976Z</time>
      </trkpt>
      <trkpt lat="47.798650" lon="-4.329041">
        <ele>1.700343</ele>
        <time>2026-07-03T14:15:26.241Z</time>
      </trkpt>
      <trkpt lat="47.798819" lon="-4.329879">
        <ele>1.574947</ele>
        <time>2026-07-03T14:15:50.096Z</time>
      </trkpt>
      <trkpt lat="47.799048" lon="-4.331246">
        <ele>1.341759</ele>
        <time>2026-07-03T14:16:28.594Z</time>
      </trkpt>
      <trkpt lat="47.799073" lon="-4.331337">
        <ele>1.325486</ele>
        <time>2026-07-03T14:16:31.290Z</time>
      </trkpt>
      <trkpt lat="47.799153" lon="-4.331868">
        <ele>1.235415</ele>
        <time>2026-07-03T14:16:48.916Z</time>
      </trkpt>
      <trkpt lat="47.799170" lon="-4.332154">
        <ele>1.189910</ele>
        <time>2026-07-03T14:16:58.223Z</time>
      </trkpt>
      <trkpt lat="47.799176" lon="-4.333403">
        <ele>1.283896</ele>
        <time>2026-07-03T14:17:39.091Z</time>
      </trkpt>
      <trkpt lat="47.799260" lon="-4.334038">
        <ele>1.332596</ele>
        <time>2026-07-03T14:18:00.141Z</time>
      </trkpt>
      <trkpt lat="47.799285" lon="-4.334402">
        <ele>1.360129</ele>
        <time>2026-07-03T14:18:12.027Z</time>
      </trkpt>
      <trkpt lat="47.799284" lon="-4.334589">
        <ele>1.374200</ele>
        <time>2026-07-03T14:18:17.202Z</time>
      </trkpt>
      <trkpt lat="47.799288" lon="-4.334810">
        <ele>1.390778</ele>
        <time>2026-07-03T14:18:23.300Z</time>
      </trkpt>
      <trkpt lat="47.799285" lon="-4.336226">
        <ele>1.412067</ele>
        <time>2026-07-03T14:19:02.348Z</time>
      </trkpt>
      <trkpt lat="47.799297" lon="-4.336369">
        <ele>1.414234</ele>
        <time>2026-07-03T14:19:06.314Z</time>
      </trkpt>
      <trkpt lat="47.799474" lon="-4.336762">
        <ele>1.421348</ele>
        <time>2026-07-03T14:19:19.392Z</time>
      </trkpt>
      <trkpt lat="47.799492" lon="-4.336904">
        <ele>1.423520</ele>
        <time>2026-07-03T14:19:23.413Z</time>
      </trkpt>
      <trkpt lat="47.799479" lon="-4.337708">
        <ele>1.413210</ele>
        <time>2026-07-03T14:19:45.668Z</time>
      </trkpt>
      <trkpt lat="47.799475" lon="-4.338565">
        <ele>1.363220</ele>
        <time>2026-07-03T14:20:09.261Z</time>
      </trkpt>
      <trkpt lat="47.799483" lon="-4.339136">
        <ele>1.329907</ele>
        <time>2026-07-03T14:20:24.961Z</time>
      </trkpt>
      <trkpt lat="47.799538" lon="-4.340120">
        <ele>1.267086</ele>
        <time>2026-07-03T14:20:52.145Z</time>
      </trkpt>
      <trkpt lat="47.799816" lon="-4.341126">
        <ele>1.072192</ele>
        <time>2026-07-03T14:21:21.908Z</time>
      </trkpt>
      <trkpt lat="47.799941" lon="-4.341442">
        <ele>1.006489</ele>
        <time>2026-07-03T14:21:31.953Z</time>
      </trkpt>
      <trkpt lat="47.799950" lon="-4.341459">
        <ele>1.002611</ele>
        <time>2026-07-03T14:21:32.544Z</time>
      </trkpt>
      <trkpt lat="47.800010" lon="-4.341765">
        <ele>0.945499</ele>
        <time>2026-07-03T14:21:41.265Z</time>
      </trkpt>
      <trkpt lat="47.800022" lon="-4.342424">
        <ele>0.827388</ele>
        <time>2026-07-03T14:21:59.315Z</time>
      </trkpt>
      <trkpt lat="47.800072" lon="-4.343141">
        <ele>0.742286</ele>
        <time>2026-07-03T14:22:19.033Z</time>
      </trkpt>
      <trkpt lat="47.800078" lon="-4.344099">
        <ele>0.648697</ele>
        <time>2026-07-03T14:22:45.313Z</time>
      </trkpt>
      <trkpt lat="47.800112" lon="-4.344951">
        <ele>0.565321</ele>
        <time>2026-07-03T14:23:08.860Z</time>
      </trkpt>
      <trkpt lat="47.800090" lon="-4.345374">
        <ele>0.544738</ele>
        <time>2026-07-03T14:23:20.607Z</time>
      </trkpt>
      <trkpt lat="47.799975" lon="-4.346092">
        <ele>0.628539</ele>
        <time>2026-07-03T14:23:40.986Z</time>
      </trkpt>
      <trkpt lat="47.799916" lon="-4.346619">
        <ele>0.689196</ele>
        <time>2026-07-03T14:23:55.723Z</time>
      </trkpt>
      <trkpt lat="47.799714" lon="-4.347356">
        <ele>0.779567</ele>
        <time>2026-07-03T14:24:17.889Z</time>
      </trkpt>
      <trkpt lat="47.799571" lon="-4.347566">
        <ele>0.813517</ele>
        <time>2026-07-03T14:24:26.255Z</time>
      </trkpt>
      <trkpt lat="47.799545" lon="-4.347642">
        <ele>0.823200</ele>
        <time>2026-07-03T14:24:28.610Z</time>
      </trkpt>
      <trkpt lat="47.799461" lon="-4.348202">
        <ele>0.861312</ele>
        <time>2026-07-03T14:24:44.621Z</time>
      </trkpt>
      <trkpt lat="47.799324" lon="-4.348825">
        <ele>0.896149</ele>
        <time>2026-07-03T14:25:03.064Z</time>
      </trkpt>
      <trkpt lat="47.799311" lon="-4.348861">
        <ele>0.898321</ele>
        <time>2026-07-03T14:25:04.198Z</time>
      </trkpt>
      <trkpt lat="47.799228" lon="-4.348983">
        <ele>0.907549</ele>
        <time>2026-07-03T14:25:09.029Z</time>
      </trkpt>
      <trkpt lat="47.799104" lon="-4.349168">
        <ele>0.921438</ele>
        <time>2026-07-03T14:25:16.317Z</time>
      </trkpt>
      <trkpt lat="47.798884" lon="-4.349632">
        <ele>0.951620</ele>
        <time>2026-07-03T14:25:31.982Z</time>
      </trkpt>
      <trkpt lat="47.798728" lon="-4.349806">
        <ele>0.967041</ele>
        <time>2026-07-03T14:25:39.897Z</time>
      </trkpt>
      <trkpt lat="47.798618" lon="-4.349756">
        <ele>0.976140</ele>
        <time>2026-07-03T14:25:45.353Z</time>
      </trkpt>
      <trkpt lat="47.798396" lon="-4.350387">
        <ele>0.791460</ele>
        <time>2026-07-03T14:26:08.137Z</time>
      </trkpt>
      <trkpt lat="47.798217" lon="-4.350243">
        <ele>0.702736</ele>
        <time>2026-07-03T14:26:17.852Z</time>
      </trkpt>
      <trkpt lat="47.798089" lon="-4.350506">
        <ele>0.607602</ele>
        <time>2026-07-03T14:26:28.173Z</time>
      </trkpt>
      <trkpt lat="47.797866" lon="-4.351360">
        <ele>0.339207</ele>
        <time>2026-07-03T14:26:57.453Z</time>
      </trkpt>
      <trkpt lat="47.797708" lon="-4.352269">
        <ele>0.235216</ele>
        <time>2026-07-03T14:27:27.854Z</time>
      </trkpt>
      <trkpt lat="47.797505" lon="-4.353436">
        <ele>0.342027</ele>
        <time>2026-07-03T14:28:01.615Z</time>
      </trkpt>
      <trkpt lat="47.797446" lon="-4.353575">
        <ele>0.356595</ele>
        <time>2026-07-03T14:28:06.205Z</time>
      </trkpt>
      <trkpt lat="47.797471" lon="-4.353708">
        <ele>0.368832</ele>
        <time>2026-07-03T14:28:10.018Z</time>
      </trkpt>
      <trkpt lat="47.797368" lon="-4.354396">
        <ele>0.431287</ele>
        <time>2026-07-03T14:28:29.446Z</time>
      </trkpt>
      <trkpt lat="47.797285" lon="-4.354949">
        <ele>0.381231</ele>
        <time>2026-07-03T14:28:45.079Z</time>
      </trkpt>
      <trkpt lat="47.797253" lon="-4.354929">
        <ele>0.376396</ele>
        <time>2026-07-03T14:28:46.485Z</time>
      </trkpt>
      <trkpt lat="47.797219" lon="-4.355106">
        <ele>0.359168</ele>
        <time>2026-07-03T14:28:51.580Z</time>
      </trkpt>
      <trkpt lat="47.797073" lon="-4.355029">
        <ele>0.337590</ele>
        <time>2026-07-03T14:28:57.950Z</time>
      </trkpt>
      <trkpt lat="47.797045" lon="-4.355085">
        <ele>0.331057</ele>
        <time>2026-07-03T14:28:59.878Z</time>
      </trkpt>
      <trkpt lat="47.796983" lon="-4.355556">
        <ele>0.286140</ele>
        <time>2026-07-03T14:29:13.044Z</time>
      </trkpt>
      <trkpt lat="47.796900" lon="-4.356166">
        <ele>0.227895</ele>
        <time>2026-07-03T14:29:30.029Z</time>
      </trkpt>
      <trkpt lat="47.796994" lon="-4.356214">
        <ele>0.214051</ele>
        <time>2026-07-03T14:29:34.060Z</time>
      </trkpt>
      <trkpt lat="47.796964" lon="-4.356347">
        <ele>0.200921</ele>
        <time>2026-07-03T14:29:37.906Z</time>
      </trkpt>
      <trkpt lat="47.796866" lon="-4.356599">
        <ele>0.181971</ele>
        <time>2026-07-03T14:29:45.891Z</time>
      </trkpt>
      <trkpt lat="47.796809" lon="-4.357019">
        <ele>0.181076</ele>
        <time>2026-07-03T14:29:57.704Z</time>
      </trkpt>
      <trkpt lat="47.796796" lon="-4.357712">
        <ele>0.179628</ele>
        <time>2026-07-03T14:30:16.829Z</time>
      </trkpt>
      <trkpt lat="47.796798" lon="-4.358925">
        <ele>0.177095</ele>
        <time>2026-07-03T14:30:50.292Z</time>
      </trkpt>
      <trkpt lat="47.796801" lon="-4.359947">
        <ele>0.616082</ele>
        <time>2026-07-03T14:31:18.717Z</time>
      </trkpt>
      <trkpt lat="47.796878" lon="-4.360261">
        <ele>0.806886</ele>
        <time>2026-07-03T14:31:28.146Z</time>
      </trkpt>
      <trkpt lat="47.796924" lon="-4.360417">
        <ele>0.904133</ele>
        <time>2026-07-03T14:31:33.026Z</time>
      </trkpt>
      <trkpt lat="47.797103" lon="-4.361059">
        <ele>1.300904</ele>
        <time>2026-07-03T14:31:53.087Z</time>
      </trkpt>
      <trkpt lat="47.797139" lon="-4.361327">
        <ele>1.456910</ele>
        <time>2026-07-03T14:32:01.023Z</time>
      </trkpt>
      <trkpt lat="47.797195" lon="-4.361790">
        <ele>1.710161</ele>
        <time>2026-07-03T14:32:14.748Z</time>
      </trkpt>
      <trkpt lat="47.797244" lon="-4.362312">
        <ele>1.787017</ele>
        <time>2026-07-03T14:32:30.019Z</time>
      </trkpt>
      <trkpt lat="47.797263" lon="-4.362492">
        <ele>1.813587</ele>
        <time>2026-07-03T14:32:35.275Z</time>
      </trkpt>
      <trkpt lat="47.797267" lon="-4.362544">
        <ele>1.821219</ele>
        <time>2026-07-03T14:32:36.765Z</time>
      </trkpt>
      <trkpt lat="47.797127" lon="-4.362742">
        <ele>1.863137</ele>
        <time>2026-07-03T14:32:44.979Z</time>
      </trkpt>
      <trkpt lat="47.796987" lon="-4.363064">
        <ele>1.919066</ele>
        <time>2026-07-03T14:32:55.732Z</time>
      </trkpt>
      <trkpt lat="47.796972" lon="-4.363093">
        <ele>1.924403</ele>
        <time>2026-07-03T14:32:56.748Z</time>
      </trkpt>
      <trkpt lat="47.796904" lon="-4.363240">
        <ele>1.950429</ele>
        <time>2026-07-03T14:33:01.637Z</time>
      </trkpt>
      <trkpt lat="47.796798" lon="-4.363381">
        <ele>1.981286</ele>
        <time>2026-07-03T14:33:07.419Z</time>
      </trkpt>
      <trkpt lat="47.796790" lon="-4.363390">
        <ele>1.983463</ele>
        <time>2026-07-03T14:33:07.832Z</time>
      </trkpt>
      <trkpt lat="47.796409" lon="-4.363810">
        <ele>2.086374</ele>
        <time>2026-07-03T14:33:26.903Z</time>
      </trkpt>
      <trkpt lat="47.796180" lon="-4.364260">
        <ele>1.855182</ele>
        <time>2026-07-03T14:33:42.080Z</time>
      </trkpt>
      <trkpt lat="47.796140" lon="-4.364389">
        <ele>1.787345</ele>
        <time>2026-07-03T14:33:45.895Z</time>
      </trkpt>
      <trkpt lat="47.796129" lon="-4.364519">
        <ele>1.724784</ele>
        <time>2026-07-03T14:33:49.404Z</time>
      </trkpt>
      <trkpt lat="47.796158" lon="-4.365262">
        <ele>1.369432</ele>
        <time>2026-07-03T14:34:09.414Z</time>
      </trkpt>
      <trkpt lat="47.796175" lon="-4.365659">
        <ele>1.179496</ele>
        <time>2026-07-03T14:34:20.161Z</time>
      </trkpt>
      <trkpt lat="47.796162" lon="-4.365937">
        <ele>1.046440</ele>
        <time>2026-07-03T14:34:27.793Z</time>
      </trkpt>
      <trkpt lat="47.796097" lon="-4.366273">
        <ele>0.879494</ele>
        <time>2026-07-03T14:34:37.412Z</time>
      </trkpt>
      <trkpt lat="47.796133" lon="-4.366587">
        <ele>0.795611</ele>
        <time>2026-07-03T14:34:46.175Z</time>
      </trkpt>
      <trkpt lat="47.796276" lon="-4.367039">
        <ele>0.738743</ele>
        <time>2026-07-03T14:34:59.889Z</time>
      </trkpt>
      <trkpt lat="47.796311" lon="-4.367940">
        <ele>0.636017</ele>
        <time>2026-07-03T14:35:24.662Z</time>
      </trkpt>
      <trkpt lat="47.796341" lon="-4.368150">
        <ele>0.611580</ele>
        <time>2026-07-03T14:35:30.582Z</time>
      </trkpt>
      <trkpt lat="47.797090" lon="-4.369856">
        <ele>0.520923</ele>
        <time>2026-07-03T14:36:26.616Z</time>
      </trkpt>
      <trkpt lat="47.797166" lon="-4.369922">
        <ele>0.521903</ele>
        <time>2026-07-03T14:36:30.203Z</time>
      </trkpt>
      <trkpt lat="47.797288" lon="-4.370320">
        <ele>0.525178</ele>
        <time>2026-07-03T14:36:42.269Z</time>
      </trkpt>
      <trkpt lat="47.797433" lon="-4.371569">
        <ele>0.580147</ele>
        <time>2026-07-03T14:37:17.542Z</time>
      </trkpt>
      <trkpt lat="47.797501" lon="-4.371823">
        <ele>0.620646</ele>
        <time>2026-07-03T14:37:25.129Z</time>
      </trkpt>
      <trkpt lat="47.797853" lon="-4.372829">
        <ele>0.788654</ele>
        <time>2026-07-03T14:37:56.537Z</time>
      </trkpt>
      <trkpt lat="47.797764" lon="-4.373142">
        <ele>0.838996</ele>
        <time>2026-07-03T14:38:06.030Z</time>
      </trkpt>
      <trkpt lat="47.797763" lon="-4.373229">
        <ele>0.851885</ele>
        <time>2026-07-03T14:38:08.496Z</time>
      </trkpt>
      <trkpt lat="47.797934" lon="-4.373357">
        <ele>0.894087</ele>
        <time>2026-07-03T14:38:16.504Z</time>
      </trkpt>
      <trkpt lat="47.797968" lon="-4.373452">
        <ele>0.910031</ele>
        <time>2026-07-03T14:38:19.511Z</time>
      </trkpt>
      <trkpt lat="47.797864" lon="-4.373998">
        <ele>0.971114</ele>
        <time>2026-07-03T14:38:35.343Z</time>
      </trkpt>
      <trkpt lat="47.797899" lon="-4.374041">
        <ele>0.977597</ele>
        <time>2026-07-03T14:38:37.187Z</time>
      </trkpt>
      <trkpt lat="47.798148" lon="-4.374156">
        <ele>1.014842</ele>
        <time>2026-07-03T14:38:47.886Z</time>
      </trkpt>
      <trkpt lat="47.798471" lon="-4.373706">
        <ele>1.078041</ele>
        <time>2026-07-03T14:39:06.147Z</time>
      </trkpt>
      <trkpt lat="47.798974" lon="-4.373529">
        <ele>1.151880</ele>
        <time>2026-07-03T14:39:27.606Z</time>
      </trkpt>
      <trkpt lat="47.799588" lon="-4.373657">
        <ele>1.179084</ele>
        <time>2026-07-03T14:39:52.948Z</time>
      </trkpt>
      <trkpt lat="47.799775" lon="-4.373724">
        <ele>1.175714</ele>
        <time>2026-07-03T14:40:00.814Z</time>
      </trkpt>
      <trkpt lat="47.800145" lon="-4.373951">
        <ele>1.168703</ele>
        <time>2026-07-03T14:40:17.198Z</time>
      </trkpt>
      <trkpt lat="47.800288" lon="-4.373982">
        <ele>1.166171</ele>
        <time>2026-07-03T14:40:23.145Z</time>
      </trkpt>
      <trkpt lat="47.800581" lon="-4.373996">
        <ele>1.161035</ele>
        <time>2026-07-03T14:40:35.218Z</time>
      </trkpt>
      <trkpt lat="47.801197" lon="-4.373925">
        <ele>1.151225</ele>
        <time>2026-07-03T14:41:00.693Z</time>
      </trkpt>
      <trkpt lat="47.801624" lon="-4.373944">
        <ele>1.145608</ele>
        <time>2026-07-03T14:41:18.271Z</time>
      </trkpt>
      <trkpt lat="47.801840" lon="-4.373980">
        <ele>1.142750</ele>
        <time>2026-07-03T14:41:27.209Z</time>
      </trkpt>
      <trkpt lat="47.802035" lon="-4.374076">
        <ele>1.140049</ele>
        <time>2026-07-03T14:41:35.629Z</time>
      </trkpt>
      <trkpt lat="47.802722" lon="-4.374471">
        <ele>1.130770</ele>
        <time>2026-07-03T14:42:05.776Z</time>
      </trkpt>
      <trkpt lat="47.802872" lon="-4.374522">
        <ele>1.131892</ele>
        <time>2026-07-03T14:42:12.093Z</time>
      </trkpt>
      <trkpt lat="47.803452" lon="-4.374639">
        <ele>1.136159</ele>
        <time>2026-07-03T14:42:36.078Z</time>
      </trkpt>
      <trkpt lat="47.803561" lon="-4.374698">
        <ele>1.137004</ele>
        <time>2026-07-03T14:42:40.866Z</time>
      </trkpt>
      <trkpt lat="47.803923" lon="-4.374703">
        <ele>1.139643</ele>
        <time>2026-07-03T14:42:55.757Z</time>
      </trkpt>
      <trkpt lat="47.804164" lon="-4.374602">
        <ele>1.141469</ele>
        <time>2026-07-03T14:43:06.038Z</time>
      </trkpt>
      <trkpt lat="47.804307" lon="-4.374506">
        <ele>1.142612</ele>
        <time>2026-07-03T14:43:12.517Z</time>
      </trkpt>
      <trkpt lat="47.804692" lon="-4.374171">
        <ele>1.144273</ele>
        <time>2026-07-03T14:43:30.870Z</time>
      </trkpt>
      <trkpt lat="47.804956" lon="-4.373763">
        <ele>1.144970</ele>
        <time>2026-07-03T14:43:46.468Z</time>
      </trkpt>
      <trkpt lat="47.805286" lon="-4.373043">
        <ele>1.146044</ele>
        <time>2026-07-03T14:44:10.491Z</time>
      </trkpt>
      <trkpt lat="47.805823" lon="-4.372777">
        <ele>1.146865</ele>
        <time>2026-07-03T14:44:33.732Z</time>
      </trkpt>
      <trkpt lat="47.806029" lon="-4.373051">
        <ele>1.144950</ele>
        <time>2026-07-03T14:44:45.070Z</time>
      </trkpt>
      <trkpt lat="47.806138" lon="-4.372973">
        <ele>1.144112</ele>
        <time>2026-07-03T14:44:50.039Z</time>
      </trkpt>
      <trkpt lat="47.806233" lon="-4.372596">
        <ele>1.142237</ele>
        <time>2026-07-03T14:45:01.159Z</time>
      </trkpt>
      <trkpt lat="47.806581" lon="-4.372426">
        <ele>1.139698</ele>
        <time>2026-07-03T14:45:16.272Z</time>
      </trkpt>
      <trkpt lat="47.806904" lon="-4.372268">
        <ele>1.137341</ele>
        <time>2026-07-03T14:45:30.269Z</time>
      </trkpt>
      <trkpt lat="47.807570" lon="-4.371672">
        <ele>1.084852</ele>
        <time>2026-07-03T14:46:02.075Z</time>
      </trkpt>
      <trkpt lat="47.807735" lon="-4.371572">
        <ele>1.061357</ele>
        <time>2026-07-03T14:46:09.351Z</time>
      </trkpt>
      <trkpt lat="47.807934" lon="-4.371529">
        <ele>1.034836</ele>
        <time>2026-07-03T14:46:17.560Z</time>
      </trkpt>
      <trkpt lat="47.808848" lon="-4.371396">
        <ele>0.913715</ele>
        <time>2026-07-03T14:46:54.979Z</time>
      </trkpt>
      <trkpt lat="47.809274" lon="-4.371367">
        <ele>0.942126</ele>
        <time>2026-07-03T14:47:12.603Z</time>
      </trkpt>
      <trkpt lat="47.809466" lon="-4.371398">
        <ele>0.970731</ele>
        <time>2026-07-03T14:47:20.634Z</time>
      </trkpt>
      <trkpt lat="47.809739" lon="-4.371516">
        <ele>1.012835</ele>
        <time>2026-07-03T14:47:32.461Z</time>
      </trkpt>
      <trkpt lat="47.810580" lon="-4.371863">
        <ele>1.142094</ele>
        <time>2026-07-03T14:48:08.693Z</time>
      </trkpt>
      <trkpt lat="47.810916" lon="-4.372035">
        <ele>1.104805</ele>
        <time>2026-07-03T14:48:23.211Z</time>
      </trkpt>
      <trkpt lat="47.811293" lon="-4.372377">
        <ele>0.980340</ele>
        <time>2026-07-03T14:48:41.202Z</time>
      </trkpt>
      <trkpt lat="47.811633" lon="-4.372810">
        <ele>0.854201</ele>
        <time>2026-07-03T14:48:59.412Z</time>
      </trkpt>
      <trkpt lat="47.812320" lon="-4.373749">
        <ele>0.707130</ele>
        <time>2026-07-03T14:49:37.269Z</time>
      </trkpt>
      <trkpt lat="47.812773" lon="-4.374278">
        <ele>0.832522</ele>
        <time>2026-07-03T14:50:00.936Z</time>
      </trkpt>
      <trkpt lat="47.812756" lon="-4.374350">
        <ele>0.843686</ele>
        <time>2026-07-03T14:50:03.077Z</time>
      </trkpt>
      <trkpt lat="47.813056" lon="-4.374882">
        <ele>0.945300</ele>
        <time>2026-07-03T14:50:26.090Z</time>
      </trkpt>
      <trkpt lat="47.813073" lon="-4.374911">
        <ele>0.950930</ele>
        <time>2026-07-03T14:50:27.340Z</time>
      </trkpt>
      <trkpt lat="47.813145" lon="-4.374957">
        <ele>0.967995</ele>
        <time>2026-07-03T14:50:31.209Z</time>
      </trkpt>
      <trkpt lat="47.813167" lon="-4.374882">
        <ele>0.979967</ele>
        <time>2026-07-03T14:50:33.523Z</time>
      </trkpt>
      <trkpt lat="47.813210" lon="-4.374903">
        <ele>0.989824</ele>
        <time>2026-07-03T14:50:35.391Z</time>
      </trkpt>
      <trkpt lat="47.813738" lon="-4.374750">
        <ele>1.062022</ele>
        <time>2026-07-03T14:50:57.943Z</time>
      </trkpt>
      <trkpt lat="47.814142" lon="-4.374650">
        <ele>1.082756</ele>
        <time>2026-07-03T14:51:15.064Z</time>
      </trkpt>
      <trkpt lat="47.814211" lon="-4.374711">
        <ele>1.086818</ele>
        <time>2026-07-03T14:51:18.396Z</time>
      </trkpt>
      <trkpt lat="47.814301" lon="-4.374693">
        <ele>1.091416</ele>
        <time>2026-07-03T14:51:22.154Z</time>
      </trkpt>
      <trkpt lat="47.814352" lon="-4.374683">
        <ele>1.094020</ele>
        <time>2026-07-03T14:51:24.225Z</time>
      </trkpt>
      <trkpt lat="47.814470" lon="-4.374677">
        <ele>1.099998</ele>
        <time>2026-07-03T14:51:29.086Z</time>
      </trkpt>
      <trkpt lat="47.815009" lon="-4.374850">
        <ele>1.127912</ele>
        <time>2026-07-03T14:51:51.405Z</time>
      </trkpt>
      <trkpt lat="47.815080" lon="-4.375031">
        <ele>1.135039</ele>
        <time>2026-07-03T14:51:57.097Z</time>
      </trkpt>
      <trkpt lat="47.815132" lon="-4.375528">
        <ele>1.237174</ele>
        <time>2026-07-03T14:52:10.897Z</time>
      </trkpt>
      <trkpt lat="47.815119" lon="-4.375861">
        <ele>1.324605</ele>
        <time>2026-07-03T14:52:20.198Z</time>
      </trkpt>
      <trkpt lat="47.815209" lon="-4.375915">
        <ele>1.362478</ele>
        <time>2026-07-03T14:52:24.941Z</time>
      </trkpt>
      <trkpt lat="47.815413" lon="-4.376188">
        <ele>1.469533</ele>
        <time>2026-07-03T14:52:38.471Z</time>
      </trkpt>
      <trkpt lat="47.815675" lon="-4.376467">
        <ele>1.595254</ele>
        <time>2026-07-03T14:52:54.419Z</time>
      </trkpt>
      <trkpt lat="47.815786" lon="-4.376538">
        <ele>1.642408</ele>
        <time>2026-07-03T14:53:00.487Z</time>
      </trkpt>
      <trkpt lat="47.816011" lon="-4.376389">
        <ele>1.738523</ele>
        <time>2026-07-03T14:53:10.981Z</time>
      </trkpt>
      <trkpt lat="47.816431" lon="-4.376224">
        <ele>1.857663</ele>
        <time>2026-07-03T14:53:29.323Z</time>
      </trkpt>
      <trkpt lat="47.816997" lon="-4.376709">
        <ele>1.919492</ele>
        <time>2026-07-03T14:53:56.056Z</time>
      </trkpt>
      <trkpt lat="47.817084" lon="-4.376635">
        <ele>1.928978</ele>
        <time>2026-07-03T14:54:00.121Z</time>
      </trkpt>
      <trkpt lat="47.817259" lon="-4.377099">
        <ele>1.962814</ele>
        <time>2026-07-03T14:54:14.585Z</time>
      </trkpt>
      <trkpt lat="47.817209" lon="-4.377175">
        <ele>1.969578</ele>
        <time>2026-07-03T14:54:17.511Z</time>
      </trkpt>
      <trkpt lat="47.817489" lon="-4.377944">
        <ele>2.128956</ele>
        <time>2026-07-03T14:54:41.860Z</time>
      </trkpt>
      <trkpt lat="47.817586" lon="-4.377720">
        <ele>2.277364</ele>
        <time>2026-07-03T14:54:49.385Z</time>
      </trkpt>
      <trkpt lat="47.817671" lon="-4.377830">
        <ele>2.370740</ele>
        <time>2026-07-03T14:54:54.176Z</time>
      </trkpt>
      <trkpt lat="47.817896" lon="-4.378246">
        <ele>2.668161</ele>
        <time>2026-07-03T14:55:09.633Z</time>
      </trkpt>
      <trkpt lat="47.817899" lon="-4.378260">
        <ele>2.676343</ele>
        <time>2026-07-03T14:55:10.058Z</time>
      </trkpt>
      <trkpt lat="47.817969" lon="-4.378639">
        <ele>2.895206</ele>
        <time>2026-07-03T14:55:21.446Z</time>
      </trkpt>
      <trkpt lat="47.818016" lon="-4.378745">
        <ele>2.965932</ele>
        <time>2026-07-03T14:55:25.128Z</time>
      </trkpt>
      <trkpt lat="47.818088" lon="-4.378785">
        <ele>3.029653</ele>
        <time>2026-07-03T14:55:28.434Z</time>
      </trkpt>
      <trkpt lat="47.818058" lon="-4.378905">
        <ele>3.100949</ele>
        <time>2026-07-03T14:55:32.158Z</time>
      </trkpt>
      <trkpt lat="47.817889" lon="-4.379463">
        <ele>3.441781</ele>
        <time>2026-07-03T14:55:49.650Z</time>
      </trkpt>
      <trkpt lat="47.817941" lon="-4.379497">
        <ele>3.488872</ele>
        <time>2026-07-03T14:55:52.034Z</time>
      </trkpt>
      <trkpt lat="47.817901" lon="-4.379574">
        <ele>3.528226</ele>
        <time>2026-07-03T14:55:54.781Z</time>
      </trkpt>
      <trkpt lat="47.817865" lon="-4.379527">
        <ele>3.553121</ele>
        <time>2026-07-03T14:55:56.744Z</time>
      </trkpt>
      <trkpt lat="47.817664" lon="-4.379779">
        <ele>3.689750</ele>
        <time>2026-07-03T14:56:07.611Z</time>
      </trkpt>
      <trkpt lat="47.817631" lon="-4.379803">
        <ele>3.708848</ele>
        <time>2026-07-03T14:56:09.094Z</time>
      </trkpt>
      <trkpt lat="47.817617" lon="-4.380032">
        <ele>3.789141</ele>
        <time>2026-07-03T14:56:15.418Z</time>
      </trkpt>
      <trkpt lat="47.817745" lon="-4.380194">
        <ele>3.876492</ele>
        <time>2026-07-03T14:56:22.314Z</time>
      </trkpt>
      <trkpt lat="47.817843" lon="-4.380248">
        <ele>3.930829</ele>
        <time>2026-07-03T14:56:26.604Z</time>
      </trkpt>
      <trkpt lat="47.818690" lon="-4.380236">
        <ele>4.371294</ele>
        <time>2026-07-03T14:57:01.811Z</time>
      </trkpt>
      <trkpt lat="47.819294" lon="-4.380237">
        <ele>5.163129</ele>
        <time>2026-07-03T14:57:28.130Z</time>
      </trkpt>
      <trkpt lat="47.819501" lon="-4.380107">
        <ele>5.506066</ele>
        <time>2026-07-03T14:57:38.100Z</time>
      </trkpt>
      <trkpt lat="47.819727" lon="-4.379568">
        <ele>6.157416</ele>
        <time>2026-07-03T14:57:57.095Z</time>
      </trkpt>
      <trkpt lat="47.819849" lon="-4.379414">
        <ele>6.401548</ele>
        <time>2026-07-03T14:58:04.209Z</time>
      </trkpt>
      <trkpt lat="47.820137" lon="-4.379049">
        <ele>6.978829</ele>
        <time>2026-07-03T14:58:20.870Z</time>
      </trkpt>
      <trkpt lat="47.820960" lon="-4.377968">
        <ele>7.364172</ele>
        <time>2026-07-03T14:59:06.976Z</time>
      </trkpt>
      <trkpt lat="47.821124" lon="-4.377718">
        <ele>7.408033</ele>
        <time>2026-07-03T14:59:16.436Z</time>
      </trkpt>
      <trkpt lat="47.821222" lon="-4.377484">
        <ele>7.442643</ele>
        <time>2026-07-03T14:59:23.884Z</time>
      </trkpt>
      <trkpt lat="47.821308" lon="-4.377121">
        <ele>7.490949</ele>
        <time>2026-07-03T14:59:34.352Z</time>
      </trkpt>
      <trkpt lat="47.821465" lon="-4.377154">
        <ele>7.520165</ele>
        <time>2026-07-03T14:59:40.786Z</time>
      </trkpt>
      <trkpt lat="47.821665" lon="-4.377109">
        <ele>7.475499</ele>
        <time>2026-07-03T14:59:48.995Z</time>
      </trkpt>
      <trkpt lat="47.821995" lon="-4.376820">
        <ele>7.390964</ele>
        <time>2026-07-03T15:00:04.544Z</time>
      </trkpt>
      <trkpt lat="47.822458" lon="-4.376144">
        <ele>7.247791</ele>
        <time>2026-07-03T15:00:31.085Z</time>
      </trkpt>
      <trkpt lat="47.823002" lon="-4.375229">
        <ele>6.980450</ele>
        <time>2026-07-03T15:01:04.874Z</time>
      </trkpt>
      <trkpt lat="47.823386" lon="-4.374810">
        <ele>6.715434</ele>
        <time>2026-07-03T15:01:27.453Z</time>
      </trkpt>
      <trkpt lat="47.823626" lon="-4.374463">
        <ele>6.529218</ele>
        <time>2026-07-03T15:01:43.176Z</time>
      </trkpt>
      <trkpt lat="47.824167" lon="-4.373877">
        <ele>6.156801</ele>
        <time>2026-07-03T15:02:14.741Z</time>
      </trkpt>
      <trkpt lat="47.824204" lon="-4.373803">
        <ele>6.122314</ele>
        <time>2026-07-03T15:02:17.711Z</time>
      </trkpt>
      <trkpt lat="47.824198" lon="-4.373718">
        <ele>6.166279</ele>
        <time>2026-07-03T15:02:20.479Z</time>
      </trkpt>
      <trkpt lat="47.824288" lon="-4.373755">
        <ele>6.239576</ele>
        <time>2026-07-03T15:02:24.956Z</time>
      </trkpt>
      <trkpt lat="47.824369" lon="-4.373712">
        <ele>6.307083</ele>
        <time>2026-07-03T15:02:29.166Z</time>
      </trkpt>
      <trkpt lat="47.824432" lon="-4.373405">
        <ele>6.476287</ele>
        <time>2026-07-03T15:02:38.168Z</time>
      </trkpt>
      <trkpt lat="47.824534" lon="-4.372919">
        <ele>6.744673</ele>
        <time>2026-07-03T15:02:52.653Z</time>
      </trkpt>
      <trkpt lat="47.824557" lon="-4.372480">
        <ele>6.976766</ele>
        <time>2026-07-03T15:03:07.616Z</time>
      </trkpt>
      <trkpt lat="47.824539" lon="-4.372122">
        <ele>7.165990</ele>
        <time>2026-07-03T15:03:19.921Z</time>
      </trkpt>
      <trkpt lat="47.824477" lon="-4.371885">
        <ele>7.300056</ele>
        <time>2026-07-03T15:03:28.712Z</time>
      </trkpt>
      <trkpt lat="47.824501" lon="-4.371257">
        <ele>7.496979</ele>
        <time>2026-07-03T15:03:50.374Z</time>
      </trkpt>
      <trkpt lat="47.824418" lon="-4.370992">
        <ele>7.438773</ele>
        <time>2026-07-03T15:04:00.262Z</time>
      </trkpt>
      <trkpt lat="47.824090" lon="-4.370789">
        <ele>7.333470</ele>
        <time>2026-07-03T15:04:15.013Z</time>
      </trkpt>
      <trkpt lat="47.824292" lon="-4.370019">
        <ele>7.168916</ele>
        <time>2026-07-03T15:04:37.509Z</time>
      </trkpt>
      <trkpt lat="47.824509" lon="-4.369054">
        <ele>6.859040</ele>
        <time>2026-07-03T15:05:04.522Z</time>
      </trkpt>
      <trkpt lat="47.824651" lon="-4.368109">
        <ele>6.063170</ele>
        <time>2026-07-03T15:05:30.156Z</time>
      </trkpt>
      <trkpt lat="47.824724" lon="-4.367829">
        <ele>5.816310</ele>
        <time>2026-07-03T15:05:38.080Z</time>
      </trkpt>
      <trkpt lat="47.824884" lon="-4.367524">
        <ele>5.498203</ele>
        <time>2026-07-03T15:05:48.349Z</time>
      </trkpt>
      <trkpt lat="47.825028" lon="-4.367370">
        <ele>5.281201</ele>
        <time>2026-07-03T15:05:55.370Z</time>
      </trkpt>
      <trkpt lat="47.825128" lon="-4.367295">
        <ele>5.144149</ele>
        <time>2026-07-03T15:05:59.905Z</time>
      </trkpt>
      <trkpt lat="47.825218" lon="-4.367365">
        <ele>5.019864</ele>
        <time>2026-07-03T15:06:03.962Z</time>
      </trkpt>
      <trkpt lat="47.825484" lon="-4.367405">
        <ele>4.796826</ele>
        <time>2026-07-03T15:06:14.892Z</time>
      </trkpt>
      <trkpt lat="47.825738" lon="-4.367083">
        <ele>4.788725</ele>
        <time>2026-07-03T15:06:28.788Z</time>
      </trkpt>
      <trkpt lat="47.826017" lon="-4.366907">
        <ele>4.781365</ele>
        <time>2026-07-03T15:06:41.367Z</time>
      </trkpt>
      <trkpt lat="47.826128" lon="-4.366784">
        <ele>4.778005</ele>
        <time>2026-07-03T15:06:47.119Z</time>
      </trkpt>
      <trkpt lat="47.826450" lon="-4.366170">
        <ele>4.765300</ele>
        <time>2026-07-03T15:07:08.980Z</time>
      </trkpt>
      <trkpt lat="47.827372" lon="-4.364592">
        <ele>3.909641</ele>
        <time>2026-07-03T15:08:05.760Z</time>
      </trkpt>
      <trkpt lat="47.827375" lon="-4.364587">
        <ele>3.905798</ele>
        <time>2026-07-03T15:08:05.955Z</time>
      </trkpt>
      <trkpt lat="47.827434" lon="-4.363124">
        <ele>3.012557</ele>
        <time>2026-07-03T15:08:45.207Z</time>
      </trkpt>
      <trkpt lat="47.827183" lon="-4.363196">
        <ele>2.718853</ele>
        <time>2026-07-03T15:08:55.386Z</time>
      </trkpt>
      <trkpt lat="47.826903" lon="-4.362972">
        <ele>2.353658</ele>
        <time>2026-07-03T15:09:10.227Z</time>
      </trkpt>
      <trkpt lat="47.826612" lon="-4.362793">
        <ele>1.991901</ele>
        <time>2026-07-03T15:09:25.024Z</time>
      </trkpt>
      <trkpt lat="47.826610" lon="-4.362800">
        <ele>1.986032</ele>
        <time>2026-07-03T15:09:25.245Z</time>
      </trkpt>
      <trkpt lat="47.826600" lon="-4.362780">
        <ele>1.966795</ele>
        <time>2026-07-03T15:09:25.933Z</time>
      </trkpt>
      <trkpt lat="47.826580" lon="-4.362630">
        <ele>1.848821</ele>
        <time>2026-07-03T15:09:30.148Z</time>
      </trkpt>
      <trkpt lat="47.826450" lon="-4.362490">
        <ele>1.664495</ele>
        <time>2026-07-03T15:09:36.735Z</time>
      </trkpt>
      <trkpt lat="47.826380" lon="-4.362330">
        <ele>1.517172</ele>
        <time>2026-07-03T15:09:41.999Z</time>
      </trkpt>
      <trkpt lat="47.826470" lon="-4.361910">
        <ele>1.177068</ele>
        <time>2026-07-03T15:09:54.152Z</time>
      </trkpt>
      <trkpt lat="47.826725" lon="-4.361045">
        <ele>0.767129</ele>
        <time>2026-07-03T15:10:20.195Z</time>
      </trkpt>
      <trkpt lat="47.826980" lon="-4.360180">
        <ele>0.367966</ele>
        <time>2026-07-03T15:10:46.235Z</time>
      </trkpt>
      <trkpt lat="47.827165" lon="-4.359210">
        <ele>0.021288</ele>
        <time>2026-07-03T15:11:14.031Z</time>
      </trkpt>
      <trkpt lat="47.827350" lon="-4.358240">
        <ele>0.021288</ele>
        <time>2026-07-03T15:11:41.826Z</time>
      </trkpt>
      <trkpt lat="47.827750" lon="-4.357125">
        <ele>0.021288</ele>
        <time>2026-07-03T15:12:16.672Z</time>
      </trkpt>
      <trkpt lat="47.828150" lon="-4.356010">
        <ele>0.021288</ele>
        <time>2026-07-03T15:12:51.518Z</time>
      </trkpt>
    </trkseg>
  </trk>
</gpx>
